ISO-10303-21;
HEADER;
FILE_DESCRIPTION (( 'STEP AP203' ),
    '1' );
FILE_NAME ('CSWA_10_5B.STEP',
    '2026-08-15T07:20:23',
    ( '' ),
    ( '' ),
    'SwSTEP 2.0',
    'SolidWorks 2026',
    '' );
FILE_SCHEMA (( 'CONFIG_CONTROL_DESIGN' ));
ENDSEC;

DATA;
#1 = VERTEX_POINT ( 'NONE', #2588 ) ;
#2 = CARTESIAN_POINT ( 'NONE',  ( 0.000000000000000000, 4.500000000000000000, 0.000000000000000000 ) ) ;
#3 = EDGE_LOOP ( 'NONE', ( #1143, #1987, #1606, #2276 ) ) ;
#4 = CARTESIAN_POINT ( 'NONE',  ( -75.13143039328872419, -1.658920513220665471, 9.717013696157527747 ) ) ;
#5 = DIRECTION ( 'NONE',  ( 0.8660254037844354880, 0.000000000000000000, -0.5000000000000053291 ) ) ;
#6 = DIRECTION ( 'NONE',  ( 0.000000000000000000, 0.000000000000000000, -1.000000000000000000 ) ) ;
#7 = DIRECTION ( 'NONE',  ( 0.8660254037844371533, 0.000000000000000000, -0.5000000000000026645 ) ) ;
#8 = ORIENTED_EDGE ( 'NONE', *, *, #796, .F. ) ;
#9 = AXIS2_PLACEMENT_3D ( 'NONE', #2480, #3047, #543 ) ;
#10 = DIRECTION ( 'NONE',  ( 0.000000000000000000, -1.000000000000000000, 0.000000000000000000 ) ) ;
#11 = VERTEX_POINT ( 'NONE', #2875 ) ;
#12 = CARTESIAN_POINT ( 'NONE',  ( -50.73723508353738509, 1.250000000000000000, 48.22293691396256321 ) ) ;
#13 = CARTESIAN_POINT ( 'NONE',  ( -69.94744111674229714, 4.000000000000000000, 0.9498840405847073232 ) ) ;
#14 = DIRECTION ( 'NONE',  ( -0.000000000000000000, -1.000000000000000000, -0.000000000000000000 ) ) ;
#15 = EDGE_LOOP ( 'NONE', ( #185, #3349, #955, #2978 ) ) ;
#16 = CARTESIAN_POINT ( 'NONE',  ( -92.31603954421422031, -3.668947399587596969, -13.82103372495176252 ) ) ;
#17 = AXIS2_PLACEMENT_3D ( 'NONE', #2492, #494, #781 ) ;
#18 = ORIENTED_EDGE ( 'NONE', *, *, #1240, .T. ) ;
#19 = PLANE ( 'NONE',  #3242 ) ;
#20 = CARTESIAN_POINT ( 'NONE',  ( -20.07637536435735015, 4.500000000000000000, 34.77330216289283271 ) ) ;
#21 = AXIS2_PLACEMENT_3D ( 'NONE', #119, #708, #2130 ) ;
#22 = EDGE_CURVE ( 'NONE', #2765, #647, #1784, .T. ) ;
#23 = DIRECTION ( 'NONE',  ( 0.5000000000000039968, 0.000000000000000000, 0.8660254037844363761 ) ) ;
#24 = ORIENTED_EDGE ( 'NONE', *, *, #2303, .F. ) ;
#25 = ADVANCED_FACE ( 'NONE', ( #625 ), #1523, .T. ) ;
#26 = AXIS2_PLACEMENT_3D ( 'NONE', #1592, #509, #1294 ) ;
#27 = AXIS2_PLACEMENT_3D ( 'NONE', #139, #1837, #178 ) ;
#28 = AXIS2_PLACEMENT_3D ( 'NONE', #2769, #1381, #3613 ) ;
#29 = CARTESIAN_POINT ( 'NONE',  ( -59.45454284396947742, -3.499999999999999556, 41.00996488079906754 ) ) ;
#30 = EDGE_LOOP ( 'NONE', ( #722, #1499, #2626, #470 ) ) ;
#31 = CARTESIAN_POINT ( 'NONE',  ( -80.87661476330221433, -4.500000000000000000, 9.000000000000024869 ) ) ;
#32 = EDGE_CURVE ( 'NONE', #1354, #2905, #3621, .T. ) ;
#33 = CARTESIAN_POINT ( 'NONE',  ( -72.56762294697972493, 3.499999999999999556, 6.411595985545693210 ) ) ;
#34 = EDGE_CURVE ( 'NONE', #355, #1607, #2046, .T. ) ;
#35 = DIRECTION ( 'NONE',  ( 0.000000000000000000, 1.000000000000000000, -0.000000000000000000 ) ) ;
#36 = EDGE_LOOP ( 'NONE', ( #2355, #2529 ) ) ;
#37 = CARTESIAN_POINT ( 'NONE',  ( -77.40656116838717082, -1.367639462612624257, 10.96443423095240632 ) ) ;
#38 = EDGE_CURVE ( 'NONE', #1665, #1827, #2372, .T. ) ;
#39 = AXIS2_PLACEMENT_3D ( 'NONE', #3586, #1927, #2211 ) ;
#40 = DIRECTION ( 'NONE',  ( 0.000000000000000000, -1.000000000000000000, 0.000000000000000000 ) ) ;
#41 = CIRCLE ( 'NONE', #2452, 0.5000000000000004441 ) ;
#42 = CARTESIAN_POINT ( 'NONE',  ( -26.57554842428787722, -1.249999999999989786, -46.03020010987334842 ) ) ;
#43 = ORIENTED_EDGE ( 'NONE', *, *, #1391, .T. ) ;
#44 = ADVANCED_FACE ( 'NONE', ( #352 ), #111, .T. ) ;
#45 = PLANE ( 'NONE',  #3593 ) ;
#46 = ORIENTED_EDGE ( 'NONE', *, *, #1213, .T. ) ;
#47 = CIRCLE ( 'NONE', #160, 23.50000000000000355 ) ;
#48 = DIRECTION ( 'NONE',  ( 0.000000000000000000, 1.000000000000000000, -0.000000000000000000 ) ) ;
#49 = DIRECTION ( 'NONE',  ( 0.5000000000000032196, -5.238529448733282615E-32, 0.8660254037844368202 ) ) ;
#50 = DIRECTION ( 'NONE',  ( 0.000000000000000000, -1.000000000000000000, 0.000000000000000000 ) ) ;
#51 = ADVANCED_FACE ( 'NONE', ( #1731 ), #1453, .F. ) ;
#52 = AXIS2_PLACEMENT_3D ( 'NONE', #1463, #1721, #1742 ) ;
#53 = CARTESIAN_POINT ( 'NONE',  ( -73.46058083755714563, -4.000000000000000000, 5.864947550046090363 ) ) ;
#54 = ORIENTED_EDGE ( 'NONE', *, *, #220, .F. ) ;
#55 = CARTESIAN_POINT ( 'NONE',  ( -59.45454284396947742, -4.500000000000000000, 41.00996488079906754 ) ) ;
#56 = EDGE_CURVE ( 'NONE', #681, #1019, #1400, .T. ) ;
#57 = CIRCLE ( 'NONE', #3270, 24.99999999999998934 ) ;
#58 = FACE_OUTER_BOUND ( 'NONE', #3461, .T. ) ;
#59 = ORIENTED_EDGE ( 'NONE', *, *, #488, .T. ) ;
#60 = ORIENTED_EDGE ( 'NONE', *, *, #2324, .T. ) ;
#61 = ORIENTED_EDGE ( 'NONE', *, *, #3596, .F. ) ;
#62 = DIRECTION ( 'NONE',  ( 0.000000000000000000, 0.000000000000000000, 1.000000000000000000 ) ) ;
#63 = CYLINDRICAL_SURFACE ( 'NONE', #3311, 10.50000000000000178 ) ;
#64 = CARTESIAN_POINT ( 'NONE',  ( -84.21190147734922959, -3.499999999999999556, -13.75688604653766234 ) ) ;
#65 = DIRECTION ( 'NONE',  ( 0.000000000000000000, 1.000000000000000000, 0.000000000000000000 ) ) ;
#66 = CYLINDRICAL_SURFACE ( 'NONE', #3423, 11.99999999999999645 ) ;
#67 = CARTESIAN_POINT ( 'NONE',  ( -70.77029558851521074, -4.500000000000000000, -12.21585050704618247 ) ) ;
#68 = ORIENTED_EDGE ( 'NONE', *, *, #164, .T. ) ;
#69 = PLANE ( 'NONE',  #724 ) ;
#70 = EDGE_CURVE ( 'NONE', #716, #2122, #2467, .T. ) ;
#71 = DIRECTION ( 'NONE',  ( 0.000000000000000000, 0.000000000000000000, 1.000000000000000000 ) ) ;
#72 = FACE_OUTER_BOUND ( 'NONE', #1333, .T. ) ;
#73 = VERTEX_POINT ( 'NONE', #2952 ) ;
#74 = ORIENTED_EDGE ( 'NONE', *, *, #585, .F. ) ;
#75 = EDGE_CURVE ( 'NONE', #1827, #465, #1267, .T. ) ;
#76 = DIRECTION ( 'NONE',  ( -0.9945218953682740670, 0.000000000000000000, 0.1045284632676468928 ) ) ;
#77 = VERTEX_POINT ( 'NONE', #427 ) ;
#78 = EDGE_CURVE ( 'NONE', #3282, #1961, #2395, .T. ) ;
#79 = CC_DESIGN_APPROVAL ( #2181, ( #2774 ) ) ;
#80 = CARTESIAN_POINT ( 'NONE',  ( -75.86814486621989317, 1.999681189759609179, 10.09585517486893202 ) ) ;
#81 = AXIS2_PLACEMENT_3D ( 'NONE', #1203, #1514, #928 ) ;
#82 = ORIENTED_EDGE ( 'NONE', *, *, #1819, .T. ) ;
#83 = FACE_OUTER_BOUND ( 'NONE', #878, .T. ) ;
#84 = CARTESIAN_POINT ( 'NONE',  ( -81.50961894323341994, 4.500000000000000000, -5.076395401044049294 ) ) ;
#85 = CARTESIAN_POINT ( 'NONE',  ( -73.77756813566436733, -7.844010068295858714E-15, 4.315909444369110837 ) ) ;
#86 = ADVANCED_FACE ( 'NONE', ( #2410 ), #1347, .F. ) ;
#87 = VERTEX_POINT ( 'NONE', #502 ) ;
#88 = DIRECTION ( 'NONE',  ( -0.000000000000000000, -1.000000000000000000, -0.000000000000000000 ) ) ;
#89 = DIRECTION ( 'NONE',  ( 0.000000000000000000, 0.000000000000000000, 1.000000000000000000 ) ) ;
#90 = DIRECTION ( 'NONE',  ( -0.1045284632676467956, 0.000000000000000000, -0.9945218953682740670 ) ) ;
#91 = DIRECTION ( 'NONE',  ( 4.230679891226269850E-17, -1.000000000000000000, -2.442584174054638095E-17 ) ) ;
#92 = ORIENTED_EDGE ( 'NONE', *, *, #314, .F. ) ;
#93 = CIRCLE ( 'NONE', #1332, 1.999999999999997558 ) ;
#94 = VERTEX_POINT ( 'NONE', #770 ) ;
#95 = APPROVAL_DATE_TIME ( #1488, #2061 ) ;
#96 = AXIS2_PLACEMENT_3D ( 'NONE', #3222, #1835, #2599 ) ;
#97 = ORIENTED_EDGE ( 'NONE', *, *, #1088, .T. ) ;
#98 = EDGE_CURVE ( 'NONE', #1273, #1989, #2101, .T. ) ;
#99 = EDGE_CURVE ( 'NONE', #2189, #1865, #2136, .T. ) ;
#100 = ORIENTED_EDGE ( 'NONE', *, *, #2234, .F. ) ;
#101 = CC_DESIGN_PERSON_AND_ORGANIZATION_ASSIGNMENT ( #3195, #394, ( #2718 ) ) ;
#102 = CARTESIAN_POINT ( 'NONE',  ( -80.87661476330221433, -4.000000000000000000, 9.000000000000024869 ) ) ;
#103 = ORIENTED_EDGE ( 'NONE', *, *, #3346, .F. ) ;
#104 = CYLINDRICAL_SURFACE ( 'NONE', #898, 23.50000000000000711 ) ;
#105 = DIRECTION ( 'NONE',  ( 0.9945218953682727347, -0.000000000000000000, 0.1045284632676605069 ) ) ;
#106 = DIRECTION ( 'NONE',  ( -0.1045284632676601738, 0.000000000000000000, 0.9945218953682727347 ) ) ;
#107 = VERTEX_POINT ( 'NONE', #145 ) ;
#108 = DIRECTION ( 'NONE',  ( 0.000000000000000000, 0.000000000000000000, -1.000000000000000000 ) ) ;
#109 = CIRCLE ( 'NONE', #1810, 0.5000000000000053291 ) ;
#110 = DIRECTION ( 'NONE',  ( 0.000000000000000000, 0.000000000000000000, -1.000000000000000000 ) ) ;
#111 = CYLINDRICAL_SURFACE ( 'NONE', #2512, 24.99999999999999289 ) ;
#112 = ORIENTED_EDGE ( 'NONE', *, *, #3025, .F. ) ;
#113 = VECTOR ( 'NONE', #3226, 1000.000000000000000 ) ;
#114 = DATE_AND_TIME ( #2623, #1373 ) ;
#115 = ORIENTED_EDGE ( 'NONE', *, *, #349, .F. ) ;
#116 = CARTESIAN_POINT ( 'NONE',  ( 0.000000000000000000, 3.499999999999999556, 0.000000000000000000 ) ) ;
#117 = VERTEX_POINT ( 'NONE', #993 ) ;
#118 = LINE ( 'NONE', #2055, #2777 ) ;
#119 = CARTESIAN_POINT ( 'NONE',  ( -44.32184328003001639, 4.500000000000000000, -67.73818268506069273 ) ) ;
#120 = DIRECTION ( 'NONE',  ( -0.5000000000000037748, 0.000000000000000000, -0.8660254037844364872 ) ) ;
#121 = EDGE_CURVE ( 'NONE', #1322, #492, #47, .T. ) ;
#122 = VERTEX_POINT ( 'NONE', #3228 ) ;
#123 = CYLINDRICAL_SURFACE ( 'NONE', #2208, 36.49999999999999289 ) ;
#124 = LINE ( 'NONE', #697, #850 ) ;
#125 = DIRECTION ( 'NONE',  ( -0.000000000000000000, -1.000000000000000000, -0.000000000000000000 ) ) ;
#126 = ORIENTED_EDGE ( 'NONE', *, *, #2892, .F. ) ;
#127 = EDGE_CURVE ( 'NONE', #2927, #3402, #227, .T. ) ;
#128 = ORIENTED_EDGE ( 'NONE', *, *, #1730, .F. ) ;
#129 = ORIENTED_EDGE ( 'NONE', *, *, #484, .F. ) ;
#130 = CARTESIAN_POINT ( 'NONE',  ( 0.000000000000000000, 4.000000000000000000, 10.00000000000000178 ) ) ;
#131 = ORIENTED_EDGE ( 'NONE', *, *, #150, .T. ) ;
#132 = CARTESIAN_POINT ( 'NONE',  ( -76.19744111674236819, 4.000000000000000000, -9.875433506720737498 ) ) ;
#133 = CARTESIAN_POINT ( 'NONE',  ( 0.000000000000000000, 4.000000000000000000, 0.000000000000000000 ) ) ;
#134 = CIRCLE ( 'NONE', #2139, 10.50000000000000178 ) ;
#135 = AXIS2_PLACEMENT_3D ( 'NONE', #3435, #971, #2601 ) ;
#136 = CARTESIAN_POINT ( 'NONE',  ( -85.00707065584340683, 3.499999999999999556, -14.13415946430237113 ) ) ;
#137 = CIRCLE ( 'NONE', #3014, 7.000000000000000888 ) ;
#138 = ORIENTED_EDGE ( 'NONE', *, *, #2391, .T. ) ;
#139 = CARTESIAN_POINT ( 'NONE',  ( -44.32184328003001639, 4.000000000000000000, -67.73818268506069273 ) ) ;
#140 = ADVANCED_FACE ( 'NONE', ( #1841 ), #1035, .T. ) ;
#141 = EDGE_CURVE ( 'NONE', #302, #2682, #984, .T. ) ;
#142 = EDGE_CURVE ( 'NONE', #2138, #2374, #2103, .T. ) ;
#143 = DIRECTION ( 'NONE',  ( 0.9945218953682741780, 0.000000000000000000, -0.1045284632676468789 ) ) ;
#144 = CARTESIAN_POINT ( 'NONE',  ( 0.000000000000000000, 4.000000000000000000, 10.50000000000000178 ) ) ;
#145 = CARTESIAN_POINT ( 'NONE',  ( -70.31346652052663160, -7.599080708466386840E-15, 2.315909444369081083 ) ) ;
#146 = VERTEX_POINT ( 'NONE', #734 ) ;
#147 = DIRECTION ( 'NONE',  ( 0.9945218953682740670, 0.000000000000000000, -0.1045284632676467956 ) ) ;
#148 = ORIENTED_EDGE ( 'NONE', *, *, #731, .F. ) ;
#149 = VECTOR ( 'NONE', #1133, 999.9999999999998863 ) ;
#150 = EDGE_CURVE ( 'NONE', #1296, #2401, #2975, .T. ) ;
#151 = VECTOR ( 'NONE', #273, 1000.000000000000000 ) ;
#152 = LINE ( 'NONE', #2188, #450 ) ;
#153 = VERTEX_POINT ( 'NONE', #2694 ) ;
#154 = CARTESIAN_POINT ( 'NONE',  ( -73.42846845368596576, 4.500000000000000000, 8.920567830463129511 ) ) ;
#155 = LINE ( 'NONE', #84, #3353 ) ;
#156 = AXIS2_PLACEMENT_3D ( 'NONE', #1355, #217, #2474 ) ;
#157 = CARTESIAN_POINT ( 'NONE',  ( -68.69744111674229714, 3.499999999999999556, 3.114947550045790603 ) ) ;
#158 = EDGE_LOOP ( 'NONE', ( #3252, #3229, #1478, #793 ) ) ;
#159 = FACE_OUTER_BOUND ( 'NONE', #2896, .T. ) ;
#160 = AXIS2_PLACEMENT_3D ( 'NONE', #1822, #2451, #2121 ) ;
#161 = AXIS2_PLACEMENT_3D ( 'NONE', #2604, #125, #409 ) ;
#162 = PLANE ( 'NONE',  #700 ) ;
#163 = CARTESIAN_POINT ( 'NONE',  ( -72.78677780790880547, -3.922914115036743699, 7.032008631690831457 ) ) ;
#164 = EDGE_CURVE ( 'NONE', #465, #1418, #182, .T. ) ;
#165 = VECTOR ( 'NONE', #821, 1000.000000000000000 ) ;
#166 = CARTESIAN_POINT ( 'NONE',  ( -44.32184328003001639, -3.499999999999999556, -67.73818268506069273 ) ) ;
#167 = VERTEX_POINT ( 'NONE', #1602 ) ;
#168 = VERTEX_POINT ( 'NONE', #1879 ) ;
#169 = LINE ( 'NONE', #2700, #334 ) ;
#170 = EDGE_LOOP ( 'NONE', ( #2065, #2050 ) ) ;
#171 = ORIENTED_EDGE ( 'NONE', *, *, #2031, .F. ) ;
#172 = DIRECTION ( 'NONE',  ( -0.000000000000000000, 1.000000000000000000, -0.000000000000000000 ) ) ;
#173 = EDGE_LOOP ( 'NONE', ( #1394, #2316, #807, #938 ) ) ;
#174 = CARTESIAN_POINT ( 'NONE',  ( 0.000000000000000000, -3.500000000000000444, 0.000000000000000000 ) ) ;
#175 = FACE_OUTER_BOUND ( 'NONE', #1504, .T. ) ;
#176 = CARTESIAN_POINT ( 'NONE',  ( -55.93338750624344868, -1.250000000000000222, 51.22293691396233584 ) ) ;
#177 = VERTEX_POINT ( 'NONE', #1897 ) ;
#178 = DIRECTION ( 'NONE',  ( 0.000000000000000000, 0.000000000000000000, 1.000000000000000000 ) ) ;
#179 = CIRCLE ( 'NONE', #2248, 10.50000000000000178 ) ;
#180 = CARTESIAN_POINT ( 'NONE',  ( -73.46058083755714563, -3.499999999999999556, 5.864947550046090363 ) ) ;
#181 = CARTESIAN_POINT ( 'NONE',  ( -71.55370078993098559, -7.844010068295858714E-15, 8.167760676472648029 ) ) ;
#182 = LINE ( 'NONE', #1303, #2677 ) ;
#183 = ORIENTED_EDGE ( 'NONE', *, *, #3506, .T. ) ;
#184 = ADVANCED_FACE ( 'NONE', ( #209 ), #1326, .T. ) ;
#185 = ORIENTED_EDGE ( 'NONE', *, *, #2118, .T. ) ;
#186 = APPROVAL_ROLE ( '' ) ;
#187 = DIRECTION ( 'NONE',  ( -0.9945218953682740670, 0.000000000000000000, 0.1045284632676468928 ) ) ;
#188 = ORIENTED_EDGE ( 'NONE', *, *, #2972, .F. ) ;
#189 = ORIENTED_EDGE ( 'NONE', *, *, #952, .F. ) ;
#190 = ADVANCED_FACE ( 'NONE', ( #2255 ), #2563, .F. ) ;
#191 = DIRECTION ( 'NONE',  ( 0.000000000000000000, 0.000000000000000000, 1.000000000000000000 ) ) ;
#192 = CIRCLE ( 'NONE', #1775, 1.000000000000000000 ) ;
#193 = EDGE_CURVE ( 'NONE', #355, #1179, #522, .T. ) ;
#194 = ORIENTED_EDGE ( 'NONE', *, *, #1343, .T. ) ;
#195 = FACE_OUTER_BOUND ( 'NONE', #779, .T. ) ;
#196 = FACE_OUTER_BOUND ( 'NONE', #1438, .T. ) ;
#197 = B_SPLINE_CURVE_WITH_KNOTS ( 'NONE', 3,
 ( #2527, #3363, #858, #1984, #2495, #584, #1704, #33 ),
 .UNSPECIFIED., .F., .F.,
 ( 4, 2, 2, 4 ),
 ( 0.000000000000000000, 0.0002274532901270484900, 0.0004549065802540969801, 0.0009098131605081967790 ),
 .UNSPECIFIED. ) ;
#198 = CARTESIAN_POINT ( 'NONE',  ( -78.04551732809552789, -7.844010068295858714E-15, -7.076395401044162092 ) ) ;
#199 = AXIS2_PLACEMENT_3D ( 'NONE', #986, #968, #436 ) ;
#200 = ORIENTED_EDGE ( 'NONE', *, *, #373, .T. ) ;
#201 = DIRECTION ( 'NONE',  ( 0.000000000000000000, -1.000000000000000000, 0.000000000000000000 ) ) ;
#202 = APPROVAL_PERSON_ORGANIZATION ( #3462, #2061, #940 ) ;
#203 = AXIS2_PLACEMENT_3D ( 'NONE', #2176, #1581, #711 ) ;
#204 = ADVANCED_FACE ( 'NONE', ( #3592 ), #3315, .F. ) ;
#205 = AXIS2_PLACEMENT_3D ( 'NONE', #1681, #2274, #851 ) ;
#206 = LOCAL_TIME ( 12, 50, 23.00000000000000000, #1588 ) ;
#207 = CARTESIAN_POINT ( 'NONE',  ( -74.94744111674233977, 4.500000000000000000, -7.710369997259655328 ) ) ;
#208 = CARTESIAN_POINT ( 'NONE',  ( -68.63019417990969373, -1.737562169192254036, 7.233941216647280292 ) ) ;
#209 = FACE_OUTER_BOUND ( 'NONE', #3156, .T. ) ;
#210 = ORIENTED_EDGE ( 'NONE', *, *, #3236, .F. ) ;
#211 = PERSON_AND_ORGANIZATION ( #808, #1547 ) ;
#212 = CARTESIAN_POINT ( 'NONE',  ( -97.61397403711166021, 4.000000000000000000, -36.96995664677073279 ) ) ;
#213 = ORIENTED_EDGE ( 'NONE', *, *, #750, .F. ) ;
#214 = ORIENTED_EDGE ( 'NONE', *, *, #3283, .F. ) ;
#215 = CARTESIAN_POINT ( 'NONE',  ( -70.89122554004337928, 1.518705905946735824, 7.931099143565540466 ) ) ;
#216 = VERTEX_POINT ( 'NONE', #3081 ) ;
#217 = DIRECTION ( 'NONE',  ( 0.000000000000000000, 1.000000000000000000, 0.000000000000000000 ) ) ;
#218 = ADVANCED_FACE ( 'NONE', ( #299 ), #2239, .F. ) ;
#219 = LINE ( 'NONE', #3055, #2823 ) ;
#220 = EDGE_CURVE ( 'NONE', #1, #3419, #179, .T. ) ;
#221 = CIRCLE ( 'NONE', #1097, 1.999999999999998224 ) ;
#222 = DIRECTION ( 'NONE',  ( -0.000000000000000000, -1.000000000000000000, -0.000000000000000000 ) ) ;
#223 = AXIS2_PLACEMENT_3D ( 'NONE', #157, #3291, #1047 ) ;
#224 = DIRECTION ( 'NONE',  ( -0.8660254037844355990, -0.000000000000000000, 0.5000000000000052180 ) ) ;
#225 = DIRECTION ( 'NONE',  ( -0.5000000000000018874, 0.000000000000000000, -0.8660254037844375974 ) ) ;
#226 = CARTESIAN_POINT ( 'NONE',  ( -68.12742167180576303, -1.328889553402642365, 7.101403495045492953 ) ) ;
#227 = LINE ( 'NONE', #1052, #2231 ) ;
#228 = ORIENTED_EDGE ( 'NONE', *, *, #248, .T. ) ;
#229 = PLANE ( 'NONE',  #3612 ) ;
#230 = ORIENTED_EDGE ( 'NONE', *, *, #1730, .T. ) ;
#231 = AXIS2_PLACEMENT_3D ( 'NONE', #2370, #225, #991 ) ;
#232 = CARTESIAN_POINT ( 'NONE',  ( -67.67752388646299266, 0.5310453524516181023, 6.989474494187764009 ) ) ;
#233 = EDGE_LOOP ( 'NONE', ( #2991, #2054, #1564, #2771 ) ) ;
#234 = CARTESIAN_POINT ( 'NONE',  ( -85.00707065584336419, 3.906318150227776176, -14.13415946430236758 ) ) ;
#235 = CARTESIAN_POINT ( 'NONE',  ( 0.000000000000000000, -4.500000000000000000, 0.000000000000000000 ) ) ;
#236 = ADVANCED_FACE ( 'NONE', ( #2311 ), #1956, .F. ) ;
#237 = AXIS2_PLACEMENT_3D ( 'NONE', #2602, #1729, #89 ) ;
#238 = CARTESIAN_POINT ( 'NONE',  ( 0.000000000000000000, -4.000000000000000000, 0.000000000000000000 ) ) ;
#239 = DIRECTION ( 'NONE',  ( 0.000000000000000000, 0.000000000000000000, -1.000000000000000000 ) ) ;
#240 = ADVANCED_FACE ( 'NONE', ( #1398 ), #2217, .T. ) ;
#241 = ORIENTED_EDGE ( 'NONE', *, *, #728, .F. ) ;
#242 = CARTESIAN_POINT ( 'NONE',  ( -68.69744111674229714, 4.500000000000000000, 3.114947550045790603 ) ) ;
#243 = CARTESIAN_POINT ( 'NONE',  ( 0.000000000000000000, 4.500000000000000000, -11.99999999999999645 ) ) ;
#244 = LINE ( 'NONE', #575, #2123 ) ;
#245 = FACE_OUTER_BOUND ( 'NONE', #3544, .T. ) ;
#246 = CARTESIAN_POINT ( 'NONE',  ( -68.44744111674229714, -4.000000000000000000, 3.547960251938008014 ) ) ;
#247 = ORIENTED_EDGE ( 'NONE', *, *, #2808, .F. ) ;
#248 = EDGE_CURVE ( 'NONE', #771, #1529, #2867, .T. ) ;
#249 = DIRECTION ( 'NONE',  ( 0.000000000000000000, -1.000000000000000000, 0.000000000000000000 ) ) ;
#250 = ORIENTED_EDGE ( 'NONE', *, *, #307, .F. ) ;
#251 = DIRECTION ( 'NONE',  ( -1.305225087948757240E-16, -1.000000000000000000, 7.535720558802723919E-17 ) ) ;
#252 = CARTESIAN_POINT ( 'NONE',  ( -16.57554842428802644, 4.500000000000000000, -28.70969203418473370 ) ) ;
#253 = FACE_OUTER_BOUND ( 'NONE', #1647, .T. ) ;
#254 = CARTESIAN_POINT ( 'NONE',  ( -74.94744111674233977, 3.499999999999999556, -7.710369997259655328 ) ) ;
#255 = EDGE_LOOP ( 'NONE', ( #853, #927, #869, #1888 ) ) ;
#256 = CARTESIAN_POINT ( 'NONE',  ( -72.34936490538905218, -4.000000000000000000, -9.210369997259705954 ) ) ;
#257 = DIRECTION ( 'NONE',  ( 0.000000000000000000, 1.000000000000000000, 0.000000000000000000 ) ) ;
#258 = VECTOR ( 'NONE', #201, 1000.000000000000000 ) ;
#259 = LINE ( 'NONE', #2500, #2868 ) ;
#260 = EDGE_CURVE ( 'NONE', #117, #2438, #2034, .T. ) ;
#261 = EDGE_CURVE ( 'NONE', #77, #2608, #244, .T. ) ;
#262 = CIRCLE ( 'NONE', #2263, 10.50000000000000178 ) ;
#263 = EDGE_CURVE ( 'NONE', #1014, #2116, #827, .T. ) ;
#264 = VECTOR ( 'NONE', #3587, 1000.000000000000000 ) ;
#265 = CARTESIAN_POINT ( 'NONE',  ( -75.26733397805057280, 4.167851936842393634, 9.721336071868092787 ) ) ;
#266 = AXIS2_PLACEMENT_3D ( 'NONE', #2874, #3209, #1483 ) ;
#267 = FACE_OUTER_BOUND ( 'NONE', #3223, .T. ) ;
#268 = ORIENTED_EDGE ( 'NONE', *, *, #794, .F. ) ;
#269 = DIRECTION ( 'NONE',  ( 0.000000000000000000, 0.000000000000000000, 1.000000000000000000 ) ) ;
#270 = ORIENTED_EDGE ( 'NONE', *, *, #1873, .F. ) ;
#271 = DIRECTION ( 'NONE',  ( -0.000000000000000000, 1.000000000000000000, -0.000000000000000000 ) ) ;
#272 = CARTESIAN_POINT ( 'NONE',  ( -80.87661476330221433, 4.500000000000000000, -15.99999999999996980 ) ) ;
#273 = DIRECTION ( 'NONE',  ( -0.000000000000000000, 1.000000000000000000, -0.000000000000000000 ) ) ;
#274 = EDGE_CURVE ( 'NONE', #3187, #449, #259, .T. ) ;
#275 = CYLINDRICAL_SURFACE ( 'NONE', #2950, 0.4999999999999989453 ) ;
#276 =( BOUNDED_CURVE ( )  B_SPLINE_CURVE ( 3, ( #910, #877, #1157, #53 ),
 .UNSPECIFIED., .F., .F. ) 
 B_SPLINE_CURVE_WITH_KNOTS ( ( 4, 4 ),
 ( 1.570796326794896558, 3.141592653589793116 ),
 .UNSPECIFIED. ) 
 CURVE ( )  GEOMETRIC_REPRESENTATION_ITEM ( )  RATIONAL_B_SPLINE_CURVE ( ( 1.000000000000000000, 0.8047378541243649375, 0.8047378541243649375, 1.000000000000000000 ) ) 
 REPRESENTATION_ITEM ( '' )  );
#277 = VECTOR ( 'NONE', #1737, 1000.000000000000114 ) ;
#278 = AXIS2_PLACEMENT_3D ( 'NONE', #2333, #675, #3433 ) ;
#279 = VERTEX_POINT ( 'NONE', #3351 ) ;
#280 = CARTESIAN_POINT ( 'NONE',  ( -1.045284632676468428, -4.000000000000000000, -9.945218953682740448 ) ) ;
#281 = ORIENTED_EDGE ( 'NONE', *, *, #121, .F. ) ;
#282 = CARTESIAN_POINT ( 'NONE',  ( -69.94744111674229714, 4.500000000000000000, 0.9498840405847073232 ) ) ;
#283 = DIRECTION ( 'NONE',  ( 0.8660254037844349329, -0.000000000000000000, -0.5000000000000062172 ) ) ;
#284 = AXIS2_PLACEMENT_3D ( 'NONE', #1544, #2956, #1589 ) ;
#285 = DIRECTION ( 'NONE',  ( 0.000000000000000000, -1.000000000000000000, 0.000000000000000000 ) ) ;
#286 = CARTESIAN_POINT ( 'NONE',  ( -88.10769515458669332, -3.500000000000100364, -4.504598631319598923 ) ) ;
#287 = EDGE_LOOP ( 'NONE', ( #1484, #18, #741, #970 ) ) ;
#288 = DIRECTION ( 'NONE',  ( 0.000000000000000000, -1.000000000000000000, 0.000000000000000000 ) ) ;
#289 = EDGE_LOOP ( 'NONE', ( #46, #2349, #3373, #1436 ) ) ;
#290 = VECTOR ( 'NONE', #3045, 1000.000000000000114 ) ;
#291 = CARTESIAN_POINT ( 'NONE',  ( -21.11892542334731360, -9.945997372835710948, 34.17138560569134142 ) ) ;
#292 = DIRECTION ( 'NONE',  ( -0.000000000000000000, -1.000000000000000000, -0.000000000000000000 ) ) ;
#293 = FACE_OUTER_BOUND ( 'NONE', #757, .T. ) ;
#294 = AXIS2_PLACEMENT_3D ( 'NONE', #246, #1712, #2770 ) ;
#295 = EDGE_LOOP ( 'NONE', ( #2143, #1070, #183, #1995 ) ) ;
#296 = DIRECTION ( 'NONE',  ( 0.000000000000000000, 0.000000000000000000, -1.000000000000000000 ) ) ;
#297 = ORIENTED_EDGE ( 'NONE', *, *, #2745, .T. ) ;
#298 = CARTESIAN_POINT ( 'NONE',  ( -74.92257258970678890, -1.474184552308983820, 9.613250835164528496 ) ) ;
#299 = FACE_OUTER_BOUND ( 'NONE', #3382, .T. ) ;
#300 = DIRECTION ( 'NONE',  ( -0.5000000000000026645, 0.000000000000000000, -0.8660254037844371533 ) ) ;
#301 = CARTESIAN_POINT ( 'NONE',  ( -52.00586728866990427, -4.500000000000000000, 30.02560147855384187 ) ) ;
#302 = VERTEX_POINT ( 'NONE', #849 ) ;
#303 = CARTESIAN_POINT ( 'NONE',  ( -1.097548864310292194, -3.499999999999999556, -10.44247990136688031 ) ) ;
#304 = ORIENTED_EDGE ( 'NONE', *, *, #2083, .F. ) ;
#305 = DIRECTION ( 'NONE',  ( -0.8630339426737022590, 0.08304547985374262364, -0.4982728791224206311 ) ) ;
#306 = EDGE_CURVE ( 'NONE', #932, #761, #1695, .T. ) ;
#307 = EDGE_CURVE ( 'NONE', #891, #1489, #812, .T. ) ;
#308 = CARTESIAN_POINT ( 'NONE',  ( -74.08141571295792005, -4.500000000000000000, -8.210369997259665098 ) ) ;
#309 = CARTESIAN_POINT ( 'NONE',  ( -86.75561342628814998, 1.249999999999996225, -11.28522338111910095 ) ) ;
#310 = EDGE_LOOP ( 'NONE', ( #422, #3546, #370, #669 ) ) ;
#311 = CARTESIAN_POINT ( 'NONE',  ( -16.57554842428802644, -4.500000000000000000, -28.70969203418473370 ) ) ;
#312 = ORIENTED_EDGE ( 'NONE', *, *, #3551, .T. ) ;
#313 = CARTESIAN_POINT ( 'NONE',  ( -68.69744111674229714, 4.000000000000000000, 3.114947550045787938 ) ) ;
#314 = EDGE_CURVE ( 'NONE', #719, #845, #3296, .T. ) ;
#315 =( BOUNDED_CURVE ( )  B_SPLINE_CURVE ( 3, ( #1817, #2928, #657, #1536 ),
 .UNSPECIFIED., .F., .F. ) 
 B_SPLINE_CURVE_WITH_KNOTS ( ( 4, 4 ),
 ( 1.457901698669111568, 1.629603818039291108 ),
 .UNSPECIFIED. ) 
 CURVE ( )  GEOMETRIC_REPRESENTATION_ITEM ( )  RATIONAL_B_SPLINE_CURVE ( ( 1.000000000000000000, 0.9975447071146892331, 0.9975447071146892331, 1.000000000000000000 ) ) 
 REPRESENTATION_ITEM ( '' )  );
#316 = DIRECTION ( 'NONE',  ( 0.000000000000000000, 0.000000000000000000, 1.000000000000000000 ) ) ;
#317 = FACE_OUTER_BOUND ( 'NONE', #310, .T. ) ;
#318 = ORIENTED_EDGE ( 'NONE', *, *, #3565, .T. ) ;
#319 = CIRCLE ( 'NONE', #2948, 2.499999999999996891 ) ;
#320 = AXIS2_PLACEMENT_3D ( 'NONE', #3496, #1342, #2464 ) ;
#321 = TOROIDAL_SURFACE ( 'NONE', #1616, 23.00000000000000711, 0.5000000000000000000 ) ;
#322 = CARTESIAN_POINT ( 'NONE',  ( -71.15171273416977726, 1.234389693854408554, 8.022362114149631296 ) ) ;
#323 = EDGE_LOOP ( 'NONE', ( #1304, #2589, #2986, #510 ) ) ;
#324 = CARTESIAN_POINT ( 'NONE',  ( 0.000000000000000000, 4.500000000000000000, 0.000000000000000000 ) ) ;
#325 = EDGE_CURVE ( 'NONE', #2524, #3282, #1380, .T. ) ;
#326 = DIRECTION ( 'NONE',  ( 0.000000000000000000, -1.000000000000000000, 0.000000000000000000 ) ) ;
#327 = PLANE ( 'NONE',  #2462 ) ;
#328 = VECTOR ( 'NONE', #613, 1000.000000000000000 ) ;
#329 = ORIENTED_EDGE ( 'NONE', *, *, #1986, .F. ) ;
#330 = CARTESIAN_POINT ( 'NONE',  ( -80.88477449434684274, -3.500000000000000888, -7.408346631117326275 ) ) ;
#331 = AXIS2_PLACEMENT_3D ( 'NONE', #943, #3488, #2378 ) ;
#332 = CARTESIAN_POINT ( 'NONE',  ( -75.50961894323380363, -4.500000000000017764, 5.315909444369437686 ) ) ;
#333 = ORIENTED_EDGE ( 'NONE', *, *, #624, .F. ) ;
#334 = VECTOR ( 'NONE', #147, 1000.000000000000000 ) ;
#335 = ORIENTED_EDGE ( 'NONE', *, *, #751, .T. ) ;
#336 = DIRECTION ( 'NONE',  ( -0.5000000000000039968, 0.000000000000000000, -0.8660254037844363761 ) ) ;
#337 = EDGE_LOOP ( 'NONE', ( #820, #2489, #1772, #2308 ) ) ;
#338 = VECTOR ( 'NONE', #1285, 1000.000000000000000 ) ;
#339 = CARTESIAN_POINT ( 'NONE',  ( -74.74101551109085051, -1.249999999999990674, 9.524670640513644315 ) ) ;
#340 = FACE_OUTER_BOUND ( 'NONE', #287, .T. ) ;
#341 = AXIS2_PLACEMENT_3D ( 'NONE', #3440, #937, #1247 ) ;
#342 = AXIS2_PLACEMENT_3D ( 'NONE', #212, #2454, #2186 ) ;
#343 = CARTESIAN_POINT ( 'NONE',  ( -72.78677780790880547, 3.499999999999999556, 7.032008631690833234 ) ) ;
#344 = EDGE_CURVE ( 'NONE', #2271, #3562, #3164, .T. ) ;
#345 = VECTOR ( 'NONE', #1264, 1000.000000000000000 ) ;
#346 = CARTESIAN_POINT ( 'NONE',  ( -74.08141571295792005, 4.500000000000000000, -8.210369997259665098 ) ) ;
#347 = ORIENTED_EDGE ( 'NONE', *, *, #3432, .T. ) ;
#348 = CARTESIAN_POINT ( 'NONE',  ( -97.61397403711171705, 3.499999999999999556, -36.96995664677032067 ) ) ;
#349 = EDGE_CURVE ( 'NONE', #94, #3503, #1295, .T. ) ;
#350 = FACE_OUTER_BOUND ( 'NONE', #323, .T. ) ;
#351 = DIRECTION ( 'NONE',  ( -0.5000000000000022204, 0.000000000000000000, -0.8660254037844373753 ) ) ;
#352 = FACE_OUTER_BOUND ( 'NONE', #2663, .T. ) ;
#353 = VERTEX_POINT ( 'NONE', #1796 ) ;
#354 = CARTESIAN_POINT ( 'NONE',  ( -74.94744111674233977, -4.500000000000000000, -7.710369997259655328 ) ) ;
#355 = VERTEX_POINT ( 'NONE', #2404 ) ;
#356 = VECTOR ( 'NONE', #283, 1000.000000000000114 ) ;
#357 = DIRECTION ( 'NONE',  ( 0.8660254037844363761, 0.000000000000000000, -0.5000000000000038858 ) ) ;
#358 = ADVANCED_FACE ( 'NONE', ( #3514 ), #1854, .F. ) ;
#359 = CARTESIAN_POINT ( 'NONE',  ( -75.12944263726026861, 1.657413882679081185, 9.716018330631403188 ) ) ;
#360 = ORIENTED_EDGE ( 'NONE', *, *, #3277, .T. ) ;
#361 = CARTESIAN_POINT ( 'NONE',  ( -84.96361850342222510, -3.819794645251552101, -14.11397259603995735 ) ) ;
#362 = CARTESIAN_POINT ( 'NONE',  ( -45.54108266083017043, -7.599080708466386840E-15, 45.22293691396223636 ) ) ;
#363 = CARTESIAN_POINT ( 'NONE',  ( -59.45454284396947742, 4.500000000000000000, 41.00996488079906754 ) ) ;
#364 = DIRECTION ( 'NONE',  ( 0.000000000000000000, 0.000000000000000000, 1.000000000000000000 ) ) ;
#365 = ORIENTED_EDGE ( 'NONE', *, *, #98, .F. ) ;
#366 = DIRECTION ( 'NONE',  ( 0.000000000000000000, 0.000000000000000000, -1.000000000000000000 ) ) ;
#367 = DIRECTION ( 'NONE',  ( 0.9945218953682735119, 0.000000000000000000, -0.1045284632676527076 ) ) ;
#368 = DIRECTION ( 'NONE',  ( -1.000000000000000000, -1.301042606982605567E-16, 6.145877457746403517E-15 ) ) ;
#369 = EDGE_CURVE ( 'NONE', #167, #2954, #2963, .T. ) ;
#370 = ORIENTED_EDGE ( 'NONE', *, *, #1558, .T. ) ;
#371 = ORIENTED_EDGE ( 'NONE', *, *, #1902, .T. ) ;
#372 = EDGE_CURVE ( 'NONE', #167, #3580, #2908, .T. ) ;
#373 = EDGE_CURVE ( 'NONE', #3602, #1256, #2714, .T. ) ;
#374 = VECTOR ( 'NONE', #2613, 1000.000000000000114 ) ;
#375 = COORDINATED_UNIVERSAL_TIME_OFFSET ( 5, 30, .AHEAD. ) ;
#376 = ORIENTED_EDGE ( 'NONE', *, *, #1601, .T. ) ;
#377 = CIRCLE ( 'NONE', #785, 0.5000000000000002220 ) ;
#378 = AXIS2_PLACEMENT_3D ( 'NONE', #2951, #1562, #733 ) ;
#379 = AXIS2_PLACEMENT_3D ( 'NONE', #1764, #2082, #1210 ) ;
#380 = ORIENTED_EDGE ( 'NONE', *, *, #2969, .T. ) ;
#381 = CARTESIAN_POINT ( 'NONE',  ( -55.63925393469986602, 4.500000000000000000, 4.709915699857125659 ) ) ;
#382 = CIRCLE ( 'NONE', #3125, 2.999999999999987121 ) ;
#383 = ORIENTED_EDGE ( 'NONE', *, *, #141, .T. ) ;
#384 = DIRECTION ( 'NONE',  ( 1.332267629550187849E-14, 0.000000000000000000, -1.000000000000000000 ) ) ;
#385 = CARTESIAN_POINT ( 'NONE',  ( -90.86227374922169986, 4.500000000000000000, -21.27566871066797205 ) ) ;
#386 = FACE_OUTER_BOUND ( 'NONE', #1816, .T. ) ;
#387 = ORIENTED_EDGE ( 'NONE', *, *, #1260, .F. ) ;
#388 = DIRECTION ( 'NONE',  ( 0.000000000000000000, 1.000000000000000000, -0.000000000000000000 ) ) ;
#389 = CARTESIAN_POINT ( 'NONE',  ( -70.77029558851521074, 4.500000000000000000, -12.21585050704618247 ) ) ;
#390 = DIRECTION ( 'NONE',  ( -0.8660254037844372643, 0.000000000000000000, 0.5000000000000026645 ) ) ;
#391 = ORIENTED_EDGE ( 'NONE', *, *, #3389, .T. ) ;
#392 = VERTEX_POINT ( 'NONE', #419 ) ;
#393 = VECTOR ( 'NONE', #2310, 1000.000000000000000 ) ;
#394 = PERSON_AND_ORGANIZATION_ROLE ( 'design_owner' ) ;
#395 = AXIS2_PLACEMENT_3D ( 'NONE', #1237, #3468, #3410 ) ;
#396 = EDGE_LOOP ( 'NONE', ( #2624, #2164, #2089, #1000, #645, #2790, #129, #1570, #2858 ) ) ;
#397 = EDGE_CURVE ( 'NONE', #2339, #1675, #454, .T. ) ;
#398 = DIRECTION ( 'NONE',  ( -0.000000000000000000, 1.000000000000000000, -0.000000000000000000 ) ) ;
#399 = ORIENTED_EDGE ( 'NONE', *, *, #142, .F. ) ;
#400 = CARTESIAN_POINT ( 'NONE',  ( -38.05013548397128886, 4.500000000000000000, -8.066868962964262479 ) ) ;
#401 = LINE ( 'NONE', #385, #1426 ) ;
#402 = CARTESIAN_POINT ( 'NONE',  ( 0.000000000000000000, 4.500000000000000000, 0.000000000000000000 ) ) ;
#403 = ORIENTED_EDGE ( 'NONE', *, *, #1561, .T. ) ;
#404 = CARTESIAN_POINT ( 'NONE',  ( -69.94744111674229714, 4.500000000000000000, 0.9498840405847073232 ) ) ;
#405 = AXIS2_PLACEMENT_3D ( 'NONE', #2, #3589, #843 ) ;
#406 = EDGE_CURVE ( 'NONE', #924, #2536, #2347, .T. ) ;
#407 = CARTESIAN_POINT ( 'NONE',  ( -69.94744111674229714, -4.000000000000000000, 0.9498840405847073232 ) ) ;
#408 = CARTESIAN_POINT ( 'NONE',  ( -55.63925393469986602, -3.499999999999999556, 4.709915699857125659 ) ) ;
#409 = DIRECTION ( 'NONE',  ( 0.000000000000000000, 0.000000000000000000, -1.000000000000000000 ) ) ;
#410 = VERTEX_POINT ( 'NONE', #3450 ) ;
#411 = VECTOR ( 'NONE', #2789, 1000.000000000000114 ) ;
#412 = PERSON_AND_ORGANIZATION_ROLE ( 'creator' ) ;
#413 = EDGE_LOOP ( 'NONE', ( #432, #3159, #2882, #2878 ) ) ;
#414 = ORIENTED_EDGE ( 'NONE', *, *, #2674, .T. ) ;
#415 = CYLINDRICAL_SURFACE ( 'NONE', #802, 61.50000000000001421 ) ;
#416 = ORIENTED_EDGE ( 'NONE', *, *, #2796, .F. ) ;
#417 = DIRECTION ( 'NONE',  ( 0.000000000000000000, 0.000000000000000000, 1.000000000000000000 ) ) ;
#418 = ADVANCED_FACE ( 'NONE', ( #2925 ), #2647, .F. ) ;
#419 = CARTESIAN_POINT ( 'NONE',  ( -1.254341559211926693, -4.500000000000000000, 11.93426274441927148 ) ) ;
#420 = EDGE_CURVE ( 'NONE', #3102, #107, #673, .T. ) ;
#421 = DIRECTION ( 'NONE',  ( 0.8660254037844364872, 0.000000000000000000, -0.5000000000000037748 ) ) ;
#422 = ORIENTED_EDGE ( 'NONE', *, *, #2825, .T. ) ;
#423 = CARTESIAN_POINT ( 'NONE',  ( -80.87661476330221433, -3.499999999999999556, 9.000000000000024869 ) ) ;
#424 = DIRECTION ( 'NONE',  ( -0.5000000000000022204, 0.000000000000000000, -0.8660254037844372643 ) ) ;
#425 = FACE_OUTER_BOUND ( 'NONE', #3505, .T. ) ;
#426 = ADVANCED_FACE ( 'NONE', ( #1813 ), #1515, .F. ) ;
#427 = CARTESIAN_POINT ( 'NONE',  ( -93.30384757729341061, -3.000000000000084377, -7.504598631319490565 ) ) ;
#428 = ORIENTED_EDGE ( 'NONE', *, *, #3616, .F. ) ;
#429 = CALENDAR_DATE ( 2026, 15, 8 ) ;
#430 = CYLINDRICAL_SURFACE ( 'NONE', #284, 0.5000000000000006661 ) ;
#431 = ORIENTED_EDGE ( 'NONE', *, *, #2649, .F. ) ;
#432 = ORIENTED_EDGE ( 'NONE', *, *, #1028, .T. ) ;
#433 = CARTESIAN_POINT ( 'NONE',  ( -67.62270990891246925, 3.564531503987288854E-13, 6.976436606475519220 ) ) ;
#434 = ORIENTED_EDGE ( 'NONE', *, *, #687, .T. ) ;
#435 = VECTOR ( 'NONE', #3454, 1000.000000000000000 ) ;
#436 = DIRECTION ( 'NONE',  ( -0.9945218953682740670, 0.000000000000000000, 0.1045284632676468928 ) ) ;
#437 = AXIS2_PLACEMENT_3D ( 'NONE', #1009, #3553, #1048 ) ;
#438 = EDGE_CURVE ( 'NONE', #3171, #1665, #155, .T. ) ;
#439 = AXIS2_PLACEMENT_3D ( 'NONE', #1803, #90, #660 ) ;
#440 = ORIENTED_EDGE ( 'NONE', *, *, #3575, .T. ) ;
#441 = CYLINDRICAL_SURFACE ( 'NONE', #667, 2.000000000000004885 ) ;
#442 = FACE_OUTER_BOUND ( 'NONE', #2933, .T. ) ;
#443 = CARTESIAN_POINT ( 'NONE',  ( -71.54101181377443197, -0.2656846017408280858, 8.163078127962723585 ) ) ;
#444 = DIRECTION ( 'NONE',  ( -0.000000000000000000, 1.000000000000000000, -0.000000000000000000 ) ) ;
#445 = ORIENTED_EDGE ( 'NONE', *, *, #3039, .T. ) ;
#446 = CARTESIAN_POINT ( 'NONE',  ( -67.78237760728121941, -4.500000000000000000, -0.3001159594152921217 ) ) ;
#447 = ORIENTED_EDGE ( 'NONE', *, *, #488, .F. ) ;
#448 = CIRCLE ( 'NONE', #2501, 11.99999999999999645 ) ;
#449 = VERTEX_POINT ( 'NONE', #1532 ) ;
#450 = VECTOR ( 'NONE', #3566, 1000.000000000000114 ) ;
#451 = CARTESIAN_POINT ( 'NONE',  ( 0.000000000000000000, -4.500000000000000000, 0.000000000000000000 ) ) ;
#452 = ORIENTED_EDGE ( 'NONE', *, *, #693, .F. ) ;
#453 = CARTESIAN_POINT ( 'NONE',  ( -90.86227374922169986, -4.500000000000016875, -21.27566871066797205 ) ) ;
#454 = LINE ( 'NONE', #2596, #2429 ) ;
#455 = VECTOR ( 'NONE', #187, 1000.000000000000000 ) ;
#456 = DIRECTION ( 'NONE',  ( 0.4999999999999995559, -0.000000000000000000, 0.8660254037844390407 ) ) ;
#457 = VERTEX_POINT ( 'NONE', #3163 ) ;
#458 = DIRECTION ( 'NONE',  ( 0.8660254037844357100, 0.000000000000000000, -0.5000000000000053291 ) ) ;
#459 = AXIS2_PLACEMENT_3D ( 'NONE', #1447, #2582, #2016 ) ;
#460 = CARTESIAN_POINT ( 'NONE',  ( -78.31346652052674528, -7.599080708466386840E-15, -11.54049701618205148 ) ) ;
#461 = CARTESIAN_POINT ( 'NONE',  ( -71.15363706769753094, -1.231793480740915214, 8.023045202896824435 ) ) ;
#462 = EDGE_CURVE ( 'NONE', #2251, #1256, #3431, .T. ) ;
#463 = CARTESIAN_POINT ( 'NONE',  ( -50.73723508353739930, -1.250000000000000000, 48.22293691396256321 ) ) ;
#464 = VERTEX_POINT ( 'NONE', #1278 ) ;
#465 = VERTEX_POINT ( 'NONE', #1204 ) ;
#466 = EDGE_CURVE ( 'NONE', #759, #2456, #2884, .T. ) ;
#467 = FACE_OUTER_BOUND ( 'NONE', #3424, .T. ) ;
#468 = ORIENTED_EDGE ( 'NONE', *, *, #2699, .T. ) ;
#469 = TOROIDAL_SURFACE ( 'NONE', #3099, 10.00000000000000178, 0.5000000000000000000 ) ;
#470 = ORIENTED_EDGE ( 'NONE', *, *, #1762, .T. ) ;
#471 = CARTESIAN_POINT ( 'NONE',  ( -69.86339589608515155, 1.988634956577682411, 7.593313146081276166 ) ) ;
#472 = ORIENTED_EDGE ( 'NONE', *, *, #2179, .F. ) ;
#473 = DIRECTION ( 'NONE',  ( 0.000000000000000000, 0.000000000000000000, -1.000000000000000000 ) ) ;
#474 = DIRECTION ( 'NONE',  ( 0.000000000000000000, 1.000000000000000000, -0.000000000000000000 ) ) ;
#475 = ADVANCED_FACE ( 'NONE', ( #3182 ), #2541, .F. ) ;
#476 = LINE ( 'NONE', #1596, #1979 ) ;
#477 = ORIENTED_EDGE ( 'NONE', *, *, #261, .T. ) ;
#478 = CARTESIAN_POINT ( 'NONE',  ( -27.48543737858332037, 4.000000000000000000, -38.57667224690293750 ) ) ;
#479 = VECTOR ( 'NONE', #5, 1000.000000000000114 ) ;
#480 = DIRECTION ( 'NONE',  ( -0.000000000000000000, -1.000000000000000000, 0.000000000000000000 ) ) ;
#481 = CARTESIAN_POINT ( 'NONE',  ( -72.73333070749994533, -3.665885389011023676, 6.879582731727046152 ) ) ;
#482 = CARTESIAN_POINT ( 'NONE',  ( -1.254341559211923585, 4.500000000000000000, 11.93426274441927148 ) ) ;
#483 = ORIENTED_EDGE ( 'NONE', *, *, #22, .T. ) ;
#484 = EDGE_CURVE ( 'NONE', #3340, #1101, #401, .T. ) ;
#485 = FACE_OUTER_BOUND ( 'NONE', #965, .T. ) ;
#486 = ORIENTED_EDGE ( 'NONE', *, *, #2093, .F. ) ;
#487 = ADVANCED_FACE ( 'NONE', ( #2073, #2362 ), #2382, .F. ) ;
#488 = EDGE_CURVE ( 'NONE', #2661, #1824, #1945, .T. ) ;
#489 = ORIENTED_EDGE ( 'NONE', *, *, #1558, .F. ) ;
#490 = CARTESIAN_POINT ( 'NONE',  ( -44.32184328003001639, -4.500000000000000000, -67.73818268506069273 ) ) ;
#491 = VECTOR ( 'NONE', #887, 999.9999999999998863 ) ;
#492 = VERTEX_POINT ( 'NONE', #3327 ) ;
#493 = DIRECTION ( 'NONE',  ( 0.8660254037844373753, 0.000000000000000000, -0.5000000000000022204 ) ) ;
#494 = DIRECTION ( 'NONE',  ( -0.5000000000000026645, 0.000000000000000000, -0.8660254037844371533 ) ) ;
#495 = CARTESIAN_POINT ( 'NONE',  ( -72.78237760728127625, 4.500000000000000000, -8.960369997259689967 ) ) ;
#496 = LINE ( 'NONE', #3573, #258 ) ;
#497 = VECTOR ( 'NONE', #288, 1000.000000000000000 ) ;
#498 = AXIS2_PLACEMENT_3D ( 'NONE', #501, #1284, #1584 ) ;
#499 = AXIS2_PLACEMENT_3D ( 'NONE', #576, #525, #316 ) ;
#500 = CARTESIAN_POINT ( 'NONE',  ( -80.87661476330221433, -4.500000000000000000, -15.99999999999996980 ) ) ;
#501 = CARTESIAN_POINT ( 'NONE',  ( -44.32184328003001639, 3.499999999999999556, -67.73818268506069273 ) ) ;
#502 = CARTESIAN_POINT ( 'NONE',  ( -67.78237760728121941, 4.000000000000000000, -0.3001159594152921217 ) ) ;
#503 = ORIENTED_EDGE ( 'NONE', *, *, #2026, .T. ) ;
#504 = ORIENTED_EDGE ( 'NONE', *, *, #3554, .T. ) ;
#505 = DATE_TIME_ROLE ( 'classification_date' ) ;
#506 = DIRECTION ( 'NONE',  ( 0.9945218953682740670, -0.000000000000000000, -0.1045284632676468928 ) ) ;
#507 = EDGE_CURVE ( 'NONE', #2441, #1273, #1615, .T. ) ;
#508 = ORIENTED_EDGE ( 'NONE', *, *, #3003, .T. ) ;
#509 = DIRECTION ( 'NONE',  ( -0.5000000000000063283, 0.000000000000000000, -0.8660254037844350439 ) ) ;
#510 = ORIENTED_EDGE ( 'NONE', *, *, #1160, .F. ) ;
#511 = CARTESIAN_POINT ( 'NONE',  ( -52.00586728866990427, 4.500000000000000000, 30.02560147855384187 ) ) ;
#512 = DIRECTION ( 'NONE',  ( 0.5000000000000037748, 0.000000000000000000, 0.8660254037844364872 ) ) ;
#513 = EDGE_CURVE ( 'NONE', #2438, #1351, #2711, .T. ) ;
#514 = CIRCLE ( 'NONE', #2385, 2.999999999999995559 ) ;
#515 = DIRECTION ( 'NONE',  ( 0.5000000000000039968, 0.000000000000000000, 0.8660254037844363761 ) ) ;
#516 = AXIS2_PLACEMENT_3D ( 'NONE', #709, #1189, #930 ) ;
#517 = LINE ( 'NONE', #2947, #3012 ) ;
#518 = AXIS2_PLACEMENT_3D ( 'NONE', #1869, #2190, #3568 ) ;
#519 = LINE ( 'NONE', #2782, #2047 ) ;
#520 = CARTESIAN_POINT ( 'NONE',  ( -67.89622694656902979, -1.012367904817966791, 7.043161542458846291 ) ) ;
#521 = AXIS2_PLACEMENT_3D ( 'NONE', #3008, #1622, #831 ) ;
#522 = LINE ( 'NONE', #362, #1105 ) ;
#523 = EDGE_LOOP ( 'NONE', ( #1314, #2690, #1057, #312 ) ) ;
#524 = EDGE_CURVE ( 'NONE', #2116, #681, #3548, .T. ) ;
#525 = DIRECTION ( 'NONE',  ( 0.000000000000000000, 1.000000000000000000, -0.000000000000000000 ) ) ;
#526 = CARTESIAN_POINT ( 'NONE',  ( -80.88477449434685695, 3.500000000000001776, -7.408346631117320058 ) ) ;
#527 = ORIENTED_EDGE ( 'NONE', *, *, #3191, .T. ) ;
#528 = VECTOR ( 'NONE', #2134, 1000.000000000000000 ) ;
#529 = CARTESIAN_POINT ( 'NONE',  ( -76.19744111674236819, 3.499999999999999556, -9.875433506720737498 ) ) ;
#530 = ORIENTED_EDGE ( 'NONE', *, *, #261, .F. ) ;
#531 = DIRECTION ( 'NONE',  ( -0.5000000000000022204, 0.000000000000000000, -0.8660254037844373753 ) ) ;
#532 = DIRECTION ( 'NONE',  ( -0.5000000000000018874, -0.000000000000000000, -0.8660254037844375974 ) ) ;
#533 = AXIS2_PLACEMENT_3D ( 'NONE', #207, #2408, #2099 ) ;
#534 = CARTESIAN_POINT ( 'NONE',  ( -72.78237760728127625, 3.499999999999999556, -8.960369997259689967 ) ) ;
#535 = EDGE_CURVE ( 'NONE', #1196, #1603, #219, .T. ) ;
#536 = DIRECTION ( 'NONE',  ( -0.9945218953682727347, 0.000000000000000000, -0.1045284632676605069 ) ) ;
#537 = EDGE_CURVE ( 'NONE', #3171, #3340, #3604, .T. ) ;
#538 = EDGE_CURVE ( 'NONE', #3097, #1418, #192, .T. ) ;
#539 = ORIENTED_EDGE ( 'NONE', *, *, #3003, .F. ) ;
#540 = VECTOR ( 'NONE', #1476, 1000.000000000000114 ) ;
#541 = CARTESIAN_POINT ( 'NONE',  ( -72.78677780790880547, -4.000000000000000000, 7.032008631690833234 ) ) ;
#542 = DIRECTION ( 'NONE',  ( -0.000000000000000000, -1.000000000000000000, -0.000000000000000000 ) ) ;
#543 = DIRECTION ( 'NONE',  ( 1.224646799147353454E-16, 0.000000000000000000, -1.000000000000000000 ) ) ;
#544 = CYLINDRICAL_SURFACE ( 'NONE', #28, 10.50000000000000178 ) ;
#545 = ADVANCED_FACE ( 'NONE', ( #175, #1298 ), #1369, .F. ) ;
#546 = CYLINDRICAL_SURFACE ( 'NONE', #2180, 7.000000000000000888 ) ;
#547 = EDGE_LOOP ( 'NONE', ( #250, #1752, #2453, #1804, #649, #214, #1491, #194, #2125, #699, #1513, #2084, #3355, #565 ) ) ;
#548 = CARTESIAN_POINT ( 'NONE',  ( 0.000000000000000000, 4.500000000000000000, -7.000000000000000888 ) ) ;
#549 = EDGE_LOOP ( 'NONE', ( #2681, #2424, #1823, #103 ) ) ;
#550 = DIRECTION ( 'NONE',  ( 0.000000000000000000, 0.000000000000000000, 1.000000000000000000 ) ) ;
#551 = CYLINDRICAL_SURFACE ( 'NONE', #3024, 60.00000000000001421 ) ;
#552 = CARTESIAN_POINT ( 'NONE',  ( -72.78237760728127625, 4.500000000000000000, -8.960369997259695296 ) ) ;
#553 = CARTESIAN_POINT ( 'NONE',  ( -59.45454284396947742, 4.500000000000000000, 41.00996488079906754 ) ) ;
#554 = EDGE_LOOP ( 'NONE', ( #689, #2557, #3135, #763 ) ) ;
#555 =( GEOMETRIC_REPRESENTATION_CONTEXT ( 3 ) GLOBAL_UNCERTAINTY_ASSIGNED_CONTEXT ( ( #1516 ) ) GLOBAL_UNIT_ASSIGNED_CONTEXT ( ( #2572, #1182, #1751 ) ) REPRESENTATION_CONTEXT ( 'NONE', 'WORKASPACE' ) );
#556 = ORIENTED_EDGE ( 'NONE', *, *, #1450, .T. ) ;
#557 = DIRECTION ( 'NONE',  ( -1.000000000000000000, -4.230679891226269850E-17, 0.000000000000000000 ) ) ;
#558 = DIRECTION ( 'NONE',  ( -0.8660254037844350439, 0.000000000000000000, 0.5000000000000063283 ) ) ;
#559 = AXIS2_PLACEMENT_3D ( 'NONE', #2662, #2400, #1851 ) ;
#560 = AXIS2_PLACEMENT_3D ( 'NONE', #653, #2578, #2611 ) ;
#561 = CARTESIAN_POINT ( 'NONE',  ( -77.48729735552835507, 1.250000000000005773, 11.01296895244230001 ) ) ;
#562 = DIRECTION ( 'NONE',  ( -0.000000000000000000, -1.000000000000000000, -0.000000000000000000 ) ) ;
#563 = ORIENTED_EDGE ( 'NONE', *, *, #2937, .F. ) ;
#564 = CARTESIAN_POINT ( 'NONE',  ( -71.50172007273089037, 0.5338712164234720170, 8.148493301889816465 ) ) ;
#565 = ORIENTED_EDGE ( 'NONE', *, *, #1608, .F. ) ;
#566 = LINE ( 'NONE', #1981, #3485 ) ;
#567 = LINE ( 'NONE', #824, #2730 ) ;
#568 = CARTESIAN_POINT ( 'NONE',  ( -88.10769515458669332, 4.500000000000000000, -4.504598631319606028 ) ) ;
#569 = TOROIDAL_SURFACE ( 'NONE', #2964, 2.999999999999986677, 0.5000000000000000000 ) ;
#570 = VECTOR ( 'NONE', #2887, 1000.000000000000000 ) ;
#571 = VERTEX_POINT ( 'NONE', #2460 ) ;
#572 = DIRECTION ( 'NONE',  ( 0.5000000000000022204, -0.000000000000000000, 0.8660254037844372643 ) ) ;
#573 = ORIENTED_EDGE ( 'NONE', *, *, #2212, .F. ) ;
#574 = CARTESIAN_POINT ( 'NONE',  ( -77.11523675496677299, -1.657796332585123711, 10.79219774671391185 ) ) ;
#575 = CARTESIAN_POINT ( 'NONE',  ( -29.43229010870152607, -15.29208696601748052, -44.38085952937187528 ) ) ;
#576 = CARTESIAN_POINT ( 'NONE',  ( 0.000000000000000000, -4.500000000000000000, 0.000000000000000000 ) ) ;
#577 = EDGE_CURVE ( 'NONE', #1448, #2741, #2422, .T. ) ;
#578 = FACE_OUTER_BOUND ( 'NONE', #3567, .T. ) ;
#579 = ORIENTED_EDGE ( 'NONE', *, *, #1228, .F. ) ;
#580 = EDGE_CURVE ( 'NONE', #353, #3171, #1356, .T. ) ;
#581 = CARTESIAN_POINT ( 'NONE',  ( -72.34936490538905218, -3.499999999999999556, -9.210369997259709507 ) ) ;
#582 = ORIENTED_EDGE ( 'NONE', *, *, #2747, .T. ) ;
#583 = CARTESIAN_POINT ( 'NONE',  ( -72.34936490538905218, 4.000000000000000000, -9.210369997259697072 ) ) ;
#584 = CARTESIAN_POINT ( 'NONE',  ( -72.66974852583923905, 3.538858440653366522, 6.699061001296438889 ) ) ;
#585 = EDGE_CURVE ( 'NONE', #2105, #2342, #3289, .T. ) ;
#586 = CARTESIAN_POINT ( 'NONE',  ( -1.254341559211761270, 4.500000000000000000, -11.93426274441928570 ) ) ;
#587 = AXIS2_PLACEMENT_3D ( 'NONE', #1402, #2484, #7 ) ;
#588 = EDGE_CURVE ( 'NONE', #2954, #2608, #1026, .T. ) ;
#589 = DIRECTION ( 'NONE',  ( 0.8660254037844495878, 2.442584174054709277E-17, 0.4999999999999808487 ) ) ;
#590 = EDGE_LOOP ( 'NONE', ( #923, #403, #671, #579 ) ) ;
#591 = CARTESIAN_POINT ( 'NONE',  ( -70.98532365606385497, -3.499999999999999556, -11.76444943242818475 ) ) ;
#592 = CARTESIAN_POINT ( 'NONE',  ( -74.94744111674233977, -4.000000000000000000, -7.710369997259655328 ) ) ;
#593 = CYLINDRICAL_SURFACE ( 'NONE', #294, 0.4999999999999985567 ) ;
#594 = ORIENTED_EDGE ( 'NONE', *, *, #3281, .F. ) ;
#595 = EDGE_CURVE ( 'NONE', #1743, #216, #1595, .T. ) ;
#596 = LINE ( 'NONE', #1111, #3183 ) ;
#597 = ADVANCED_FACE ( 'NONE', ( #196 ), #1910, .T. ) ;
#598 = EDGE_LOOP ( 'NONE', ( #3062, #656, #1765, #1829 ) ) ;
#599 = DIRECTION ( 'NONE',  ( -0.000000000000000000, -1.000000000000000000, -0.000000000000000000 ) ) ;
#600 = DIRECTION ( 'NONE',  ( 0.8660254037844354880, 0.000000000000000000, -0.5000000000000053291 ) ) ;
#601 = CARTESIAN_POINT ( 'NONE',  ( -1.254341559211926693, 4.500000000000000000, 11.93426274441927148 ) ) ;
#602 = CARTESIAN_POINT ( 'NONE',  ( -74.74101551109083630, 1.250000000000000222, 9.524670640513640762 ) ) ;
#603 = ORIENTED_EDGE ( 'NONE', *, *, #369, .F. ) ;
#604 = DIRECTION ( 'NONE',  ( 0.000000000000000000, 0.000000000000000000, -1.000000000000000000 ) ) ;
#605 = DIRECTION ( 'NONE',  ( 0.000000000000000000, -1.000000000000000000, 0.000000000000000000 ) ) ;
#606 = CIRCLE ( 'NONE', #1482, 23.50000000000000355 ) ;
#607 = DIRECTION ( 'NONE',  ( 0.000000000000000000, 0.000000000000000000, -1.000000000000000000 ) ) ;
#608 = ORIENTED_EDGE ( 'NONE', *, *, #2972, .T. ) ;
#609 = AXIS2_PLACEMENT_3D ( 'NONE', #1137, #1705, #1670 ) ;
#610 = CIRCLE ( 'NONE', #1084, 36.99999999999999289 ) ;
#611 = ADVANCED_FACE ( 'NONE', ( #2209 ), #3274, .F. ) ;
#612 = ORIENTED_EDGE ( 'NONE', *, *, #3439, .F. ) ;
#613 = DIRECTION ( 'NONE',  ( -0.000000000000000000, -1.000000000000000000, -0.000000000000000000 ) ) ;
#614 = CARTESIAN_POINT ( 'NONE',  ( -74.92075421386539347, 1.472320009092674020, 9.612355416443968181 ) ) ;
#615 = ADVANCED_FACE ( 'NONE', ( #3021 ), #658, .F. ) ;
#616 = DIRECTION ( 'NONE',  ( -0.8660254037844349329, 0.000000000000000000, 0.5000000000000062172 ) ) ;
#617 = FACE_OUTER_BOUND ( 'NONE', #1309, .T. ) ;
#618 = CIRCLE ( 'NONE', #1917, 2.999999999999996447 ) ;
#619 = ORIENTED_EDGE ( 'NONE', *, *, #3328, .F. ) ;
#620 = FACE_OUTER_BOUND ( 'NONE', #944, .T. ) ;
#621 = CIRCLE ( 'NONE', #3421, 11.99999999999999645 ) ;
#622 = DIRECTION ( 'NONE',  ( -0.5000000000000048850, 0.000000000000000000, -0.8660254037844358210 ) ) ;
#623 = CARTESIAN_POINT ( 'NONE',  ( -67.78237760728121941, -4.000000000000000000, -0.3001159594152921217 ) ) ;
#624 = EDGE_CURVE ( 'NONE', #87, #1686, #1077, .T. ) ;
#625 = FACE_OUTER_BOUND ( 'NONE', #1268, .T. ) ;
#626 = AXIS2_PLACEMENT_3D ( 'NONE', #453, #780, #1925 ) ;
#627 = VERTEX_POINT ( 'NONE', #1703 ) ;
#628 = DIRECTION ( 'NONE',  ( 0.000000000000000000, 0.000000000000000000, 1.000000000000000000 ) ) ;
#629 = ORIENTED_EDGE ( 'NONE', *, *, #2788, .T. ) ;
#630 = DIRECTION ( 'NONE',  ( -0.5000000000000038858, 0.000000000000000000, -0.8660254037844363761 ) ) ;
#631 = PLANE ( 'NONE',  #331 ) ;
#632 = CIRCLE ( 'NONE', #920, 10.00000000000000178 ) ;
#633 = DIRECTION ( 'NONE',  ( -0.000000000000000000, -1.000000000000000000, -0.000000000000000000 ) ) ;
#634 = CARTESIAN_POINT ( 'NONE',  ( -59.45454284396947742, -4.000000000000000000, 41.00996488079906754 ) ) ;
#635 = CARTESIAN_POINT ( 'NONE',  ( -50.73723508353739930, -8.851435725805520955E-15, 48.22293691396256321 ) ) ;
#636 = EDGE_CURVE ( 'NONE', #1014, #1961, #2813, .T. ) ;
#637 = EDGE_CURVE ( 'NONE', #1124, #1103, #3348, .T. ) ;
#638 = DIRECTION ( 'NONE',  ( 0.000000000000000000, 0.000000000000000000, 1.000000000000000000 ) ) ;
#639 = CIRCLE ( 'NONE', #1582, 0.5000000000000004441 ) ;
#640 = ORIENTED_EDGE ( 'NONE', *, *, #636, .T. ) ;
#641 = DIRECTION ( 'NONE',  ( 0.000000000000000000, 0.000000000000000000, 1.000000000000000000 ) ) ;
#642 = ADVANCED_FACE ( 'NONE', ( #2540 ), #1152, .T. ) ;
#643 = DIRECTION ( 'NONE',  ( 0.000000000000000000, 1.000000000000000000, 0.000000000000000000 ) ) ;
#644 = CARTESIAN_POINT ( 'NONE',  ( -50.73723508353739930, -1.250000000000000000, 48.22293691396256321 ) ) ;
#645 = ORIENTED_EDGE ( 'NONE', *, *, #903, .T. ) ;
#646 =( BOUNDED_CURVE ( )  B_SPLINE_CURVE ( 3, ( #2532, #2287, #1990, #2767 ),
 .UNSPECIFIED., .F., .F. ) 
 B_SPLINE_CURVE_WITH_KNOTS ( ( 4, 4 ),
 ( 4.449781000898781258, 5.059731250043411954 ),
 .UNSPECIFIED. ) 
 CURVE ( )  GEOMETRIC_REPRESENTATION_ITEM ( )  RATIONAL_B_SPLINE_CURVE ( ( 1.000000000000000000, 0.9692362814625175016, 0.9692362814625175016, 1.000000000000000000 ) ) 
 REPRESENTATION_ITEM ( '' )  );
#647 = VERTEX_POINT ( 'NONE', #2843 ) ;
#648 = APPLICATION_PROTOCOL_DEFINITION ( 'international standard', 'config_control_design', 1994, #3394 ) ;
#649 = ORIENTED_EDGE ( 'NONE', *, *, #2493, .T. ) ;
#650 = EDGE_LOOP ( 'NONE', ( #1526, #1786, #652, #3525 ) ) ;
#651 = CARTESIAN_POINT ( 'NONE',  ( -77.00409100264457152, 1.738571582000357107, 10.72743222184243805 ) ) ;
#652 = ORIENTED_EDGE ( 'NONE', *, *, #588, .T. ) ;
#653 = CARTESIAN_POINT ( 'NONE',  ( -44.32184328003001639, 3.499999999999999556, -67.73818268506069273 ) ) ;
#654 = CARTESIAN_POINT ( 'NONE',  ( -51.92463865240919318, 4.000000000000000000, 4.597583358626755157 ) ) ;
#655 = CYLINDRICAL_SURFACE ( 'NONE', #1801, 0.5000000000000004441 ) ;
#656 = ORIENTED_EDGE ( 'NONE', *, *, #1840, .T. ) ;
#657 = CARTESIAN_POINT ( 'NONE',  ( -77.03076468767700646, -3.833698158113595600, 10.67682983191369672 ) ) ;
#658 = TOROIDAL_SURFACE ( 'NONE', #2074, 2.999999999999996447, 0.5000000000000000000 ) ;
#659 = DIRECTION ( 'NONE',  ( -0.000000000000000000, -1.000000000000000000, -0.000000000000000000 ) ) ;
#660 = DIRECTION ( 'NONE',  ( -0.9945218953682740670, 0.000000000000000000, 0.1045284632676467956 ) ) ;
#661 = DIRECTION ( 'NONE',  ( 0.9945218953682740670, -0.000000000000000000, -0.1045284632676468928 ) ) ;
#662 = VERTEX_POINT ( 'NONE', #1667 ) ;
#663 = VECTOR ( 'NONE', #1006, 1000.000000000000000 ) ;
#664 = DIRECTION ( 'NONE',  ( 0.5000000000000053291, 0.000000000000000000, 0.8660254037844357100 ) ) ;
#665 = ORIENTED_EDGE ( 'NONE', *, *, #1919, .T. ) ;
#666 = AXIS2_PLACEMENT_3D ( 'NONE', #490, #2740, #2472 ) ;
#667 = AXIS2_PLACEMENT_3D ( 'NONE', #2155, #1557, #1875 ) ;
#668 = AXIS2_PLACEMENT_3D ( 'NONE', #1918, #1992, #1089 ) ;
#669 = ORIENTED_EDGE ( 'NONE', *, *, #3452, .F. ) ;
#670 = FACE_BOUND ( 'NONE', #3398, .T. ) ;
#671 = ORIENTED_EDGE ( 'NONE', *, *, #3130, .T. ) ;
#672 = FACE_OUTER_BOUND ( 'NONE', #1420, .T. ) ;
#673 = LINE ( 'NONE', #3202, #2078 ) ;
#674 = ADVANCED_FACE ( 'NONE', ( #902 ), #551, .F. ) ;
#675 = DIRECTION ( 'NONE',  ( -0.000000000000000000, -1.000000000000000000, -0.000000000000000000 ) ) ;
#676 = ORIENTED_EDGE ( 'NONE', *, *, #1761, .F. ) ;
#677 = DIRECTION ( 'NONE',  ( 0.5000000000000062172, -0.000000000000000000, 0.8660254037844349329 ) ) ;
#678 = DIRECTION ( 'NONE',  ( 0.8660254037844349329, -0.000000000000000000, -0.5000000000000062172 ) ) ;
#679 = LINE ( 'NONE', #644, #3411 ) ;
#680 = VERTEX_POINT ( 'NONE', #2013 ) ;
#681 = VERTEX_POINT ( 'NONE', #1184 ) ;
#682 = VECTOR ( 'NONE', #3515, 1000.000000000000000 ) ;
#683 = FACE_OUTER_BOUND ( 'NONE', #2994, .T. ) ;
#684 = EDGE_CURVE ( 'NONE', #2411, #1183, #1736, .T. ) ;
#685 = CIRCLE ( 'NONE', #2668, 2.000000000000000888 ) ;
#686 = EDGE_LOOP ( 'NONE', ( #171, #706, #3495, #1110 ) ) ;
#687 = EDGE_CURVE ( 'NONE', #1305, #1665, #2247, .T. ) ;
#688 = FACE_OUTER_BOUND ( 'NONE', #1018, .T. ) ;
#689 = ORIENTED_EDGE ( 'NONE', *, *, #466, .F. ) ;
#690 = DIRECTION ( 'NONE',  ( -0.5000000000000000000, 0.000000000000000000, -0.8660254037844385966 ) ) ;
#691 = DIRECTION ( 'NONE',  ( -0.000000000000000000, 1.000000000000000000, -0.000000000000000000 ) ) ;
#692 = FACE_OUTER_BOUND ( 'NONE', #1427, .T. ) ;
#693 = EDGE_CURVE ( 'NONE', #2296, #2237, #2029, .T. ) ;
#694 = VERTEX_POINT ( 'NONE', #272 ) ;
#695 = VECTOR ( 'NONE', #753, 1000.000000000000000 ) ;
#696 = FACE_OUTER_BOUND ( 'NONE', #3428, .T. ) ;
#697 = CARTESIAN_POINT ( 'NONE',  ( -80.96058083755715984, -3.499999999999999556, -7.125433506720476373 ) ) ;
#698 = DIRECTION ( 'NONE',  ( -0.1045284632676601738, 0.000000000000000000, 0.9945218953682727347 ) ) ;
#699 = ORIENTED_EDGE ( 'NONE', *, *, #2118, .F. ) ;
#700 = AXIS2_PLACEMENT_3D ( 'NONE', #2182, #3499, #3536 ) ;
#701 = EDGE_CURVE ( 'NONE', #3234, #2927, #618, .T. ) ;
#702 = ORIENTED_EDGE ( 'NONE', *, *, #585, .T. ) ;
#703 = EDGE_CURVE ( 'NONE', #1686, #2927, #2839, .T. ) ;
#704 = ORIENTED_EDGE ( 'NONE', *, *, #3109, .T. ) ;
#705 = CARTESIAN_POINT ( 'NONE',  ( -72.78237760728127625, 3.499999999999999556, -8.960369997259695296 ) ) ;
#706 = ORIENTED_EDGE ( 'NONE', *, *, #1819, .F. ) ;
#707 = CARTESIAN_POINT ( 'NONE',  ( -72.78677780790880547, -3.499999999999999556, 7.032008631690833234 ) ) ;
#708 = DIRECTION ( 'NONE',  ( -0.000000000000000000, -1.000000000000000000, -0.000000000000000000 ) ) ;
#709 = CARTESIAN_POINT ( 'NONE',  ( -59.45454284396947742, -4.000000000000000000, 4.009964880799070208 ) ) ;
#710 = ORIENTED_EDGE ( 'NONE', *, *, #1571, .F. ) ;
#711 = DIRECTION ( 'NONE',  ( -0.8660254037844372643, 0.000000000000000000, 0.5000000000000026645 ) ) ;
#712 = FACE_OUTER_BOUND ( 'NONE', #15, .T. ) ;
#713 = FACE_BOUND ( 'NONE', #170, .T. ) ;
#714 = DIRECTION ( 'NONE',  ( 0.5000000000000039968, -0.000000000000000000, 0.8660254037844363761 ) ) ;
#715 = ORIENTED_EDGE ( 'NONE', *, *, #693, .T. ) ;
#716 = VERTEX_POINT ( 'NONE', #3392 ) ;
#717 = DIRECTION ( 'NONE',  ( 0.8660254037844349329, 0.000000000000000000, -0.5000000000000062172 ) ) ;
#718 = VERTEX_POINT ( 'NONE', #1409 ) ;
#719 = VERTEX_POINT ( 'NONE', #339 ) ;
#720 = EDGE_CURVE ( 'NONE', #2360, #2052, #448, .T. ) ;
#721 = CARTESIAN_POINT ( 'NONE',  ( -98.50000000000002842, 4.500000000000000000, -4.504598631319487900 ) ) ;
#722 = ORIENTED_EDGE ( 'NONE', *, *, #2590, .F. ) ;
#723 = DIRECTION ( 'NONE',  ( -0.000000000000000000, -1.000000000000000000, -0.000000000000000000 ) ) ;
#724 = AXIS2_PLACEMENT_3D ( 'NONE', #1225, #1175, #1760 ) ;
#725 = DIRECTION ( 'NONE',  ( 0.000000000000000000, 0.000000000000000000, 1.000000000000000000 ) ) ;
#726 = VECTOR ( 'NONE', #14, 1000.000000000000000 ) ;
#727 = LINE ( 'NONE', #1063, #3486 ) ;
#728 = EDGE_CURVE ( 'NONE', #168, #3602, #566, .T. ) ;
#729 = VERTEX_POINT ( 'NONE', #1168 ) ;
#730 = CARTESIAN_POINT ( 'NONE',  ( -37.84107855743599913, -3.499999999999999556, -6.077825172227698580 ) ) ;
#731 = EDGE_CURVE ( 'NONE', #2379, #177, #3118, .T. ) ;
#732 = CYLINDRICAL_SURFACE ( 'NONE', #231, 0.5000000000000018874 ) ;
#733 = DIRECTION ( 'NONE',  ( 0.5000000000000032196, 0.000000000000000000, 0.8660254037844368202 ) ) ;
#734 = CARTESIAN_POINT ( 'NONE',  ( -85.00707065584339261, 4.500000000000000000, -14.13415946430237113 ) ) ;
#735 = ORIENTED_EDGE ( 'NONE', *, *, #535, .F. ) ;
#736 = ORIENTED_EDGE ( 'NONE', *, *, #1624, .T. ) ;
#737 = CARTESIAN_POINT ( 'NONE',  ( -72.78237760728127625, 4.000000000000000000, -8.960369997259695296 ) ) ;
#738 = EDGE_CURVE ( 'NONE', #11, #1124, #1440, .T. ) ;
#739 = VERTEX_POINT ( 'NONE', #2575 ) ;
#740 = CIRCLE ( 'NONE', #2902, 36.49999999999999289 ) ;
#741 = ORIENTED_EDGE ( 'NONE', *, *, #1487, .T. ) ;
#742 = CIRCLE ( 'NONE', #1982, 34.99999999999999289 ) ;
#743 = LINE ( 'NONE', #1274, #2717 ) ;
#744 = EDGE_LOOP ( 'NONE', ( #2756, #3443, #2816, #619 ) ) ;
#745 = CARTESIAN_POINT ( 'NONE',  ( -84.54541981425325048, 3.529919750435357884, -13.91725213364774483 ) ) ;
#746 = CARTESIAN_POINT ( 'NONE',  ( -103.8526548059882799, -2.000000000000017764, -13.77566871066793830 ) ) ;
#747 = CARTESIAN_POINT ( 'NONE',  ( -80.04551732809562736, -7.844010068295858714E-15, -10.54049701618204260 ) ) ;
#748 = EDGE_LOOP ( 'NONE', ( #1207, #1792, #1212, #61 ) ) ;
#749 = DIRECTION ( 'NONE',  ( 0.9028021492360158717, 0.000000000000000000, 0.4300561350973042263 ) ) ;
#750 = EDGE_CURVE ( 'NONE', #1836, #1707, #3406, .T. ) ;
#751 = EDGE_CURVE ( 'NONE', #826, #77, #3362, .T. ) ;
#752 = AXIS2_PLACEMENT_3D ( 'NONE', #1257, #1005, #2129 ) ;
#753 = DIRECTION ( 'NONE',  ( 0.5000000000000018874, 0.000000000000000000, 0.8660254037844375974 ) ) ;
#754 = PLANE ( 'NONE',  #378 ) ;
#755 = DIRECTION ( 'NONE',  ( 0.5000000000000039968, 0.000000000000000000, 0.8660254037844363761 ) ) ;
#756 = ORIENTED_EDGE ( 'NONE', *, *, #637, .F. ) ;
#757 = EDGE_LOOP ( 'NONE', ( #3305, #942, #582, #772 ) ) ;
#758 = DIRECTION ( 'NONE',  ( 0.000000000000000000, 0.000000000000000000, -1.000000000000000000 ) ) ;
#759 = VERTEX_POINT ( 'NONE', #2262 ) ;
#760 = AXIS2_PLACEMENT_3D ( 'NONE', #3101, #3354, #1129 ) ;
#761 = VERTEX_POINT ( 'NONE', #857 ) ;
#762 = CARTESIAN_POINT ( 'NONE',  ( -68.12772932135965220, 1.329118135710328774, 7.101484810511565549 ) ) ;
#763 = ORIENTED_EDGE ( 'NONE', *, *, #3343, .F. ) ;
#764 = CARTESIAN_POINT ( 'NONE',  ( -84.37702762447058547, 3.500000000000000444, -13.83681289112906043 ) ) ;
#765 = DIRECTION ( 'NONE',  ( 0.000000000000000000, 0.000000000000000000, -1.000000000000000000 ) ) ;
#766 = DIRECTION ( 'NONE',  ( 0.000000000000000000, 0.000000000000000000, -1.000000000000000000 ) ) ;
#767 = CARTESIAN_POINT ( 'NONE',  ( 0.000000000000000000, 4.500000000000000000, 0.000000000000000000 ) ) ;
#768 = DIRECTION ( 'NONE',  ( 0.000000000000000000, 0.000000000000000000, 1.000000000000000000 ) ) ;
#769 = CARTESIAN_POINT ( 'NONE',  ( -72.77880454238405150, -3.848146259454721996, 7.009210807963945022 ) ) ;
#770 = CARTESIAN_POINT ( 'NONE',  ( -1.045284632676602321, 3.499999999999999556, 9.945218953682728014 ) ) ;
#771 = VERTEX_POINT ( 'NONE', #3091 ) ;
#772 = ORIENTED_EDGE ( 'NONE', *, *, #2356, .F. ) ;
#773 = SECURITY_CLASSIFICATION_LEVEL ( 'unclassified' ) ;
#774 = DIRECTION ( 'NONE',  ( 0.9945218953682725127, -0.000000000000000000, 0.1045284632676605069 ) ) ;
#775 = ADVANCED_FACE ( 'NONE', ( #2862 ), #1472, .F. ) ;
#776 = VERTEX_POINT ( 'NONE', #1753 ) ;
#777 = LINE ( 'NONE', #721, #1847 ) ;
#778 = AXIS2_PLACEMENT_3D ( 'NONE', #2727, #2761, #765 ) ;
#779 = EDGE_LOOP ( 'NONE', ( #74, #2246, #3541, #1471 ) ) ;
#780 = DIRECTION ( 'NONE',  ( 0.1423736993628745007, 0.9863939238321437486, -0.08219949365267896491 ) ) ;
#781 = DIRECTION ( 'NONE',  ( -0.8660254037844372643, 0.000000000000000000, 0.5000000000000026645 ) ) ;
#782 = CYLINDRICAL_SURFACE ( 'NONE', #3549, 24.99999999999999289 ) ;
#783 = EDGE_CURVE ( 'NONE', #2553, #1836, #797, .T. ) ;
#784 = DIRECTION ( 'NONE',  ( 0.8660254037844355990, 0.000000000000000000, -0.5000000000000052180 ) ) ;
#785 = AXIS2_PLACEMENT_3D ( 'NONE', #3116, #1457, #900 ) ;
#786 = VECTOR ( 'NONE', #1744, 1000.000000000000000 ) ;
#787 = CIRCLE ( 'NONE', #2831, 2.499999999999996891 ) ;
#788 = FACE_OUTER_BOUND ( 'NONE', #3484, .T. ) ;
#789 = CARTESIAN_POINT ( 'NONE',  ( -37.89334278906982689, -4.000000000000000000, -6.575086119911849991 ) ) ;
#790 = CARTESIAN_POINT ( 'NONE',  ( -51.98322956659170302, -1.249999999999996225, 48.94231216416277164 ) ) ;
#791 = ORIENTED_EDGE ( 'NONE', *, *, #1001, .T. ) ;
#792 = CARTESIAN_POINT ( 'NONE',  ( -28.16836114101613120, 15.53533020926071906, -45.11058925910160866 ) ) ;
#793 = ORIENTED_EDGE ( 'NONE', *, *, #1456, .T. ) ;
#794 = EDGE_CURVE ( 'NONE', #3232, #1310, #2554, .T. ) ;
#795 = DIRECTION ( 'NONE',  ( 0.000000000000000000, 1.000000000000000000, 0.000000000000000000 ) ) ;
#796 = EDGE_CURVE ( 'NONE', #1256, #921, #1560, .T. ) ;
#797 = CIRCLE ( 'NONE', #1093, 2.499999999999996891 ) ;
#798 = EDGE_CURVE ( 'NONE', #1593, #2661, #1818, .T. ) ;
#799 = EDGE_LOOP ( 'NONE', ( #1414, #434, #2703, #1569 ) ) ;
#800 = CARTESIAN_POINT ( 'NONE',  ( 8.196835435408573289, 1.249999999999989786, 14.19733543540852061 ) ) ;
#801 = DIRECTION ( 'NONE',  ( 0.000000000000000000, 1.000000000000000000, 0.000000000000000000 ) ) ;
#802 = AXIS2_PLACEMENT_3D ( 'NONE', #1461, #1528, #1312 ) ;
#803 = PLANE ( 'NONE',  #223 ) ;
#804 = LINE ( 'NONE', #2496, #1486 ) ;
#805 = AXIS2_PLACEMENT_3D ( 'NONE', #1884, #1605, #1349 ) ;
#806 = EDGE_CURVE ( 'NONE', #1183, #3340, #1682, .T. ) ;
#807 = ORIENTED_EDGE ( 'NONE', *, *, #1343, .F. ) ;
#808 = PERSON ( 'UNSPECIFIED', 'UNSPECIFIED', 'UNSPECIFIED', ('UNSPECIFIED'), ('UNSPECIFIED'), ('UNSPECIFIED') ) ;
#809 = LINE ( 'NONE', #862, #1167 ) ;
#810 = DIRECTION ( 'NONE',  ( 0.000000000000000000, 1.000000000000000000, -0.000000000000000000 ) ) ;
#811 = AXIS2_PLACEMENT_3D ( 'NONE', #482, #2656, #2675 ) ;
#812 = LINE ( 'NONE', #3578, #2580 ) ;
#813 = ADVANCED_FACE ( 'NONE', ( #1939 ), #1090, .F. ) ;
#814 = VECTOR ( 'NONE', #3114, 1000.000000000000000 ) ;
#815 = AXIS2_PLACEMENT_3D ( 'NONE', #1330, #2142, #3284 ) ;
#816 = DIRECTION ( 'NONE',  ( 0.5000000000000062172, 0.000000000000000000, 0.8660254037844349329 ) ) ;
#817 = DIRECTION ( 'NONE',  ( 0.000000000000000000, 0.000000000000000000, 1.000000000000000000 ) ) ;
#818 = VERTEX_POINT ( 'NONE', #1109 ) ;
#819 = DIRECTION ( 'NONE',  ( -0.000000000000000000, 1.000000000000000000, -0.000000000000000000 ) ) ;
#820 = ORIENTED_EDGE ( 'NONE', *, *, #1460, .F. ) ;
#821 = DIRECTION ( 'NONE',  ( -0.000000000000000000, -1.000000000000000000, -0.000000000000000000 ) ) ;
#822 = ADVANCED_FACE ( 'NONE', ( #3387 ), #3157, .F. ) ;
#823 = DIRECTION ( 'NONE',  ( -0.000000000000000000, 1.000000000000000000, -0.000000000000000000 ) ) ;
#824 = CARTESIAN_POINT ( 'NONE',  ( -55.93338750624344868, 1.250000000000000222, 51.22293691396233584 ) ) ;
#825 = FACE_BOUND ( 'NONE', #1069, .T. ) ;
#826 = VERTEX_POINT ( 'NONE', #286 ) ;
#827 = CIRCLE ( 'NONE', #1122, 36.50000000000000000 ) ;
#828 = LINE ( 'NONE', #2514, #1217 ) ;
#829 = ORIENTED_EDGE ( 'NONE', *, *, #1508, .T. ) ;
#830 = DIRECTION ( 'NONE',  ( 0.000000000000000000, 0.000000000000000000, -1.000000000000000000 ) ) ;
#831 = DIRECTION ( 'NONE',  ( 0.5000000000000032196, 0.000000000000000000, 0.8660254037844368202 ) ) ;
#832 = CARTESIAN_POINT ( 'NONE',  ( -54.68739302318969209, -1.250000000000003775, 50.50356166376237610 ) ) ;
#833 = ORIENTED_EDGE ( 'NONE', *, *, #796, .T. ) ;
#834 = LINE ( 'NONE', #303, #2885 ) ;
#835 = MANIFOLD_SOLID_BREP ( 'Mirror1', #3151 ) ;
#836 = ORIENTED_EDGE ( 'NONE', *, *, #783, .T. ) ;
#837 = DIRECTION ( 'NONE',  ( 0.000000000000000000, 0.000000000000000000, 1.000000000000000000 ) ) ;
#838 = ADVANCED_FACE ( 'NONE', ( #317 ), #546, .F. ) ;
#839 = DIRECTION ( 'NONE',  ( -0.000000000000000000, -1.000000000000000000, -0.000000000000000000 ) ) ;
#840 = CARTESIAN_POINT ( 'NONE',  ( -74.94744111674233977, -4.500000000000000000, -10.21036999725965266 ) ) ;
#841 = VECTOR ( 'NONE', #1832, 1000.000000000000227 ) ;
#842 = EDGE_CURVE ( 'NONE', #845, #1989, #1698, .T. ) ;
#843 = DIRECTION ( 'NONE',  ( 0.000000000000000000, 0.000000000000000000, -1.000000000000000000 ) ) ;
#844 = AXIS2_PLACEMENT_3D ( 'NONE', #2939, #1905, #2127 ) ;
#845 = VERTEX_POINT ( 'NONE', #2806 ) ;
#846 = DIRECTION ( 'NONE',  ( 0.000000000000000000, -1.000000000000000000, 0.000000000000000000 ) ) ;
#847 = ADVANCED_FACE ( 'NONE', ( #3614 ), #1383, .T. ) ;
#848 = VECTOR ( 'NONE', #2852, 1000.000000000000000 ) ;
#849 = CARTESIAN_POINT ( 'NONE',  ( -80.87661476330221433, -4.000000000000000000, -14.49999999999998224 ) ) ;
#850 = VECTOR ( 'NONE', #1821, 1000.000000000000000 ) ;
#851 = DIRECTION ( 'NONE',  ( 0.4300561350973068353, 0.000000000000000000, -0.9028021492360144284 ) ) ;
#852 = CYLINDRICAL_SURFACE ( 'NONE', #931, 2.000000000000004885 ) ;
#853 = ORIENTED_EDGE ( 'NONE', *, *, #1624, .F. ) ;
#854 = EDGE_CURVE ( 'NONE', #3097, #2736, #1148, .T. ) ;
#855 = DIRECTION ( 'NONE',  ( 0.000000000000000000, 1.000000000000000000, -0.000000000000000000 ) ) ;
#856 = ORIENTED_EDGE ( 'NONE', *, *, #2179, .T. ) ;
#857 = CARTESIAN_POINT ( 'NONE',  ( -73.42846845368595154, -4.500000000000016875, 8.920567830463129511 ) ) ;
#858 = CARTESIAN_POINT ( 'NONE',  ( -72.77880435501130307, 3.848144536111946401, 7.009210271979447349 ) ) ;
#859 = DIRECTION ( 'NONE',  ( -0.8660254037844357100, 0.000000000000000000, 0.5000000000000053291 ) ) ;
#860 = VECTOR ( 'NONE', #2779, 1000.000000000000000 ) ;
#861 = CIRCLE ( 'NONE', #1629, 2.499999999999986677 ) ;
#862 = CARTESIAN_POINT ( 'NONE',  ( -1.254341559211761492, 4.500000000000000000, -11.93426274441928570 ) ) ;
#863 = EDGE_LOOP ( 'NONE', ( #68, #1708, #1031, #1507, #2087, #1044 ) ) ;
#864 = CARTESIAN_POINT ( 'NONE',  ( -1.097548864310291750, -3.499999999999999556, -10.44247990136687854 ) ) ;
#865 = EDGE_CURVE ( 'NONE', #3562, #1881, #1518, .T. ) ;
#866 = ADVANCED_FACE ( 'NONE', ( #2257 ), #852, .F. ) ;
#867 = DIRECTION ( 'NONE',  ( 0.5000000000000018874, -0.000000000000000000, 0.8660254037844375974 ) ) ;
#868 = DIRECTION ( 'NONE',  ( 0.8660254037844367092, 0.000000000000000000, -0.5000000000000034417 ) ) ;
#869 = ORIENTED_EDGE ( 'NONE', *, *, #2587, .F. ) ;
#870 = DIRECTION ( 'NONE',  ( 0.000000000000000000, 0.000000000000000000, -1.000000000000000000 ) ) ;
#871 = VERTEX_POINT ( 'NONE', #3087 ) ;
#872 = TOROIDAL_SURFACE ( 'NONE', #1696, 37.00000000000000000, 0.5000000000000000000 ) ;
#873 = CARTESIAN_POINT ( 'NONE',  ( -59.45454284396947742, -3.499999999999999556, 4.509964880799071096 ) ) ;
#874 = LINE ( 'NONE', #1689, #151 ) ;
#875 = DIRECTION ( 'NONE',  ( 0.8660254037844350439, 0.000000000000000000, -0.5000000000000063283 ) ) ;
#876 = AXIS2_PLACEMENT_3D ( 'NONE', #1661, #3032, #868 ) ;
#877 = CARTESIAN_POINT ( 'NONE',  ( -73.17766771316028951, -3.499999999999999112, 5.940753893256384366 ) ) ;
#878 = EDGE_LOOP ( 'NONE', ( #2069, #383, #2822, #2917 ) ) ;
#879 = CARTESIAN_POINT ( 'NONE',  ( -74.94744111674233977, -4.000000000000000000, -10.21036999725965266 ) ) ;
#880 = EDGE_CURVE ( 'NONE', #1281, #1179, #2573, .T. ) ;
#881 = LINE ( 'NONE', #1452, #1172 ) ;
#882 = CARTESIAN_POINT ( 'NONE',  ( 0.000000000000000000, 4.500000000000000000, 0.000000000000000000 ) ) ;
#883 = ORIENTED_EDGE ( 'NONE', *, *, #1951, .T. ) ;
#884 = ADVANCED_FACE ( 'NONE', ( #578 ), #593, .F. ) ;
#885 = DIRECTION ( 'NONE',  ( 0.8660254037844363761, 0.000000000000000000, -0.5000000000000039968 ) ) ;
#886 = ORIENTED_EDGE ( 'NONE', *, *, #2031, .T. ) ;
#887 = DIRECTION ( 'NONE',  ( -0.5000000000000039968, -0.000000000000000000, -0.8660254037844363761 ) ) ;
#888 = CARTESIAN_POINT ( 'NONE',  ( -81.50961894323381784, 4.500000000000000000, -5.076395401043819255 ) ) ;
#889 = LINE ( 'NONE', #2299, #1849 ) ;
#890 = ADVANCED_FACE ( 'NONE', ( #267 ), #469, .F. ) ;
#891 = VERTEX_POINT ( 'NONE', #1481 ) ;
#892 = DIRECTION ( 'NONE',  ( -0.000000000000000000, -1.000000000000000000, -0.000000000000000000 ) ) ;
#893 = DIRECTION ( 'NONE',  ( -0.000000000000000000, 1.000000000000000000, -0.000000000000000000 ) ) ;
#894 = AXIS2_PLACEMENT_3D ( 'NONE', #933, #1520, #108 ) ;
#895 = ORIENTED_EDGE ( 'NONE', *, *, #2587, .T. ) ;
#896 = EDGE_LOOP ( 'NONE', ( #527, #1275, #281, #126 ) ) ;
#897 = CC_DESIGN_APPROVAL ( #2061, ( #2811 ) ) ;
#898 = AXIS2_PLACEMENT_3D ( 'NONE', #2072, #633, #2830 ) ;
#899 = VECTOR ( 'NONE', #2619, 1000.000000000000000 ) ;
#900 = DIRECTION ( 'NONE',  ( 0.1045284632676668074, 0.000000000000000000, -0.9945218953682720686 ) ) ;
#901 = EDGE_LOOP ( 'NONE', ( #2725, #1842, #2508, #3155, #1430 ) ) ;
#902 = FACE_OUTER_BOUND ( 'NONE', #2634, .T. ) ;
#903 = EDGE_CURVE ( 'NONE', #2456, #2379, #881, .T. ) ;
#904 = EDGE_CURVE ( 'NONE', #1384, #2441, #935, .T. ) ;
#905 = EDGE_CURVE ( 'NONE', #2661, #771, #1245, .T. ) ;
#906 = DIRECTION ( 'NONE',  ( 0.8660254037844395958, 0.000000000000000000, -0.4999999999999985567 ) ) ;
#907 = CARTESIAN_POINT ( 'NONE',  ( -55.58698970306602405, -3.499999999999999556, 4.212654752172989348 ) ) ;
#908 = DIRECTION ( 'NONE',  ( 0.000000000000000000, 0.000000000000000000, -1.000000000000000000 ) ) ;
#909 = CARTESIAN_POINT ( 'NONE',  ( -1.045284632676468650, 3.499999999999999556, -9.945218953682740448 ) ) ;
#910 = CARTESIAN_POINT ( 'NONE',  ( -72.77756813566492156, -3.499999999999999556, 6.047960251938299336 ) ) ;
#911 = VECTOR ( 'NONE', #2170, 1000.000000000000000 ) ;
#912 = AXIS2_PLACEMENT_3D ( 'NONE', #2827, #2558, #3376 ) ;
#913 = ORIENTED_EDGE ( 'NONE', *, *, #2567, .F. ) ;
#914 = CARTESIAN_POINT ( 'NONE',  ( 1.255262969126037241E-15, 3.499999999999999556, -10.00000000000000178 ) ) ;
#915 = VECTOR ( 'NONE', #3408, 1000.000000000000114 ) ;
#916 = CARTESIAN_POINT ( 'NONE',  ( -1.045284632676602321, -3.499999999999999556, 9.945218953682726237 ) ) ;
#917 = DIRECTION ( 'NONE',  ( -0.5000000000000018874, -0.000000000000000000, -0.8660254037844375974 ) ) ;
#918 = EDGE_CURVE ( 'NONE', #1941, #2765, #639, .T. ) ;
#919 = ORIENTED_EDGE ( 'NONE', *, *, #3509, .F. ) ;
#920 = AXIS2_PLACEMENT_3D ( 'NONE', #1308, #1038, #1845 ) ;
#921 = VERTEX_POINT ( 'NONE', #389 ) ;
#922 = LINE ( 'NONE', #2025, #3534 ) ;
#923 = ORIENTED_EDGE ( 'NONE', *, *, #2325, .F. ) ;
#924 = VERTEX_POINT ( 'NONE', #3417 ) ;
#925 = CARTESIAN_POINT ( 'NONE',  ( -75.60314059252378627, 1.931364871318177689, 9.956868496520941747 ) ) ;
#926 = VECTOR ( 'NONE', #2564, 1000.000000000000000 ) ;
#927 = ORIENTED_EDGE ( 'NONE', *, *, #1509, .T. ) ;
#928 = DIRECTION ( 'NONE',  ( 0.000000000000000000, 0.000000000000000000, -1.000000000000000000 ) ) ;
#929 = CARTESIAN_POINT ( 'NONE',  ( -20.47388581225266790, 10.00806633835295045, 34.54379939879478911 ) ) ;
#930 = DIRECTION ( 'NONE',  ( 0.000000000000000000, 0.000000000000000000, 1.000000000000000000 ) ) ;
#931 = AXIS2_PLACEMENT_3D ( 'NONE', #1976, #2275, #1417 ) ;
#932 = VERTEX_POINT ( 'NONE', #332 ) ;
#933 = CARTESIAN_POINT ( 'NONE',  ( -69.94744111674229714, -4.000000000000000000, 0.9498840405847073232 ) ) ;
#934 = B_SPLINE_CURVE_WITH_KNOTS ( 'NONE', 3,
 ( #433, #1572, #232, #2108, #3511, #1002, #762, #2683, #2418, #3526, #2148, #3253, #1867, #1609, #471, #2704, #2724, #2440, #3545, #1043, #215, #1336, #322, #3304, #2809, #564, #1997, #1405 ),
 .UNSPECIFIED., .F., .F.,
 ( 4, 2, 2, 2, 2, 2, 2, 2, 2, 2, 2, 2, 2, 4 ),
 ( 0.006340144371781461334, 0.007132343312633226788, 0.007528442783059108648, 0.007924542253484991375, 0.008320641723910874102, 0.008716741194336756829, 0.009508940135188522283, 0.009905039605614424092, 0.01030113907604032764, 0.01069723854646622771, 0.01109333801689212952, 0.01148943748731803133, 0.01188553695774393314, 0.01267773589859573675 ),
 .UNSPECIFIED. ) ;
#935 = LINE ( 'NONE', #3400, #2115 ) ;
#936 = DIRECTION ( 'NONE',  ( 0.000000000000000000, 0.000000000000000000, 1.000000000000000000 ) ) ;
#937 = DIRECTION ( 'NONE',  ( 0.5000000000000047740, -0.000000000000000000, 0.8660254037844359321 ) ) ;
#938 = ORIENTED_EDGE ( 'NONE', *, *, #1633, .T. ) ;
#939 = EDGE_LOOP ( 'NONE', ( #3268, #913, #2261, #629 ) ) ;
#940 = APPROVAL_ROLE ( '' ) ;
#941 = ORIENTED_EDGE ( 'NONE', *, *, #1717, .F. ) ;
#942 = ORIENTED_EDGE ( 'NONE', *, *, #406, .F. ) ;
#943 = CARTESIAN_POINT ( 'NONE',  ( -44.32184328003001639, -3.499999999999999556, -67.73818268506069273 ) ) ;
#944 = EDGE_LOOP ( 'NONE', ( #2697, #2397, #2086, #665 ) ) ;
#945 = LINE ( 'NONE', #1171, #3537 ) ;
#946 = DIRECTION ( 'NONE',  ( 0.000000000000000000, 0.000000000000000000, 1.000000000000000000 ) ) ;
#947 = PLANE ( 'NONE',  #1389 ) ;
#948 = ORIENTED_EDGE ( 'NONE', *, *, #3619, .F. ) ;
#949 = CARTESIAN_POINT ( 'NONE',  ( 0.000000000000000000, -3.499999999999999556, 0.000000000000000000 ) ) ;
#950 = ADVANCED_FACE ( 'NONE', ( #350 ), #3442, .F. ) ;
#951 = AXIS2_PLACEMENT_3D ( 'NONE', #31, #2509, #2778 ) ;
#952 = EDGE_CURVE ( 'NONE', #759, #1196, #3153, .T. ) ;
#953 = LINE ( 'NONE', #3189, #1876 ) ;
#954 = DIRECTION ( 'NONE',  ( -0.5000000000000022204, 0.000000000000000000, -0.8660254037844372643 ) ) ;
#955 = ORIENTED_EDGE ( 'NONE', *, *, #2957, .F. ) ;
#956 = ORIENTED_EDGE ( 'NONE', *, *, #3123, .T. ) ;
#957 = ORIENTED_EDGE ( 'NONE', *, *, #2417, .F. ) ;
#958 = DIRECTION ( 'NONE',  ( 1.000000000000000000, 0.000000000000000000, 0.000000000000000000 ) ) ;
#959 = ORIENTED_EDGE ( 'NONE', *, *, #513, .T. ) ;
#960 = TOROIDAL_SURFACE ( 'NONE', #1250, 62.00000000000000000, 0.5000000000000000000 ) ;
#961 = VECTOR ( 'NONE', #2673, 1000.000000000000000 ) ;
#962 = EDGE_CURVE ( 'NONE', #1961, #3187, #1112, .T. ) ;
#963 = ORIENTED_EDGE ( 'NONE', *, *, #420, .T. ) ;
#964 = CARTESIAN_POINT ( 'NONE',  ( -76.76868140048348721, 1.868659849844370502, 10.59222284000541592 ) ) ;
#965 = EDGE_LOOP ( 'NONE', ( #556, #447, #2571, #2005 ) ) ;
#966 = FACE_OUTER_BOUND ( 'NONE', #686, .T. ) ;
#967 = EDGE_CURVE ( 'NONE', #2826, #107, #3626, .T. ) ;
#968 = DIRECTION ( 'NONE',  ( -0.1045284632676468928, 0.000000000000000000, -0.9945218953682740670 ) ) ;
#969 = CARTESIAN_POINT ( 'NONE',  ( -70.77029558851521074, -3.499999999999999556, -12.21585050704618247 ) ) ;
#970 = ORIENTED_EDGE ( 'NONE', *, *, #2426, .F. ) ;
#971 = DIRECTION ( 'NONE',  ( -0.000000000000000000, 1.000000000000000000, -0.000000000000000000 ) ) ;
#972 = AXIS2_PLACEMENT_3D ( 'NONE', #583, #1962, #3074 ) ;
#973 = LINE ( 'NONE', #180, #113 ) ;
#974 = LINE ( 'NONE', #1538, #2318 ) ;
#975 = EDGE_CURVE ( 'NONE', #449, #1932, #2051, .T. ) ;
#976 = CARTESIAN_POINT ( 'NONE',  ( -1.045284632676602321, -4.000000000000000000, 9.945218953682726237 ) ) ;
#977 = ORIENTED_EDGE ( 'NONE', *, *, #2810, .F. ) ;
#978 = VECTOR ( 'NONE', #2577, 1000.000000000000114 ) ;
#979 = VECTOR ( 'NONE', #1650, 999.9999999999998863 ) ;
#980 = ORIENTED_EDGE ( 'NONE', *, *, #274, .F. ) ;
#981 = ORIENTED_EDGE ( 'NONE', *, *, #220, .T. ) ;
#982 = CARTESIAN_POINT ( 'NONE',  ( -37.89334278906982689, -4.500000000000000000, -6.575086119911849991 ) ) ;
#983 = ORIENTED_EDGE ( 'NONE', *, *, #127, .T. ) ;
#984 = CIRCLE ( 'NONE', #2847, 23.50000000000000711 ) ;
#985 = CARTESIAN_POINT ( 'NONE',  ( -75.44744111674236819, -4.500000000000000000, -8.576395401044083044 ) ) ;
#986 = CARTESIAN_POINT ( 'NONE',  ( -1.097548864310291750, 3.499999999999999556, -10.44247990136687854 ) ) ;
#987 = CARTESIAN_POINT ( 'NONE',  ( -26.57554842428787722, 1.249999999999996447, -46.03020010987334842 ) ) ;
#988 = ORIENTED_EDGE ( 'NONE', *, *, #78, .T. ) ;
#989 = CARTESIAN_POINT ( 'NONE',  ( 1.469576158976823553E-15, 4.500000000000000000, 11.99999999999999645 ) ) ;
#990 = AXIS2_PLACEMENT_3D ( 'NONE', #3609, #2195, #2766 ) ;
#991 = DIRECTION ( 'NONE',  ( -0.8660254037844395958, 0.000000000000000000, 0.4999999999999985567 ) ) ;
#992 = CARTESIAN_POINT ( 'NONE',  ( -59.45454284396947742, -4.500000000000000000, 4.509964880799071096 ) ) ;
#993 = CARTESIAN_POINT ( 'NONE',  ( -72.77756813566492156, -3.499999999999999556, 6.047960251938299336 ) ) ;
#994 = ORIENTED_EDGE ( 'NONE', *, *, #1127, .T. ) ;
#995 = EDGE_CURVE ( 'NONE', #1418, #3232, #1780, .T. ) ;
#996 = VECTOR ( 'NONE', #893, 1000.000000000000000 ) ;
#997 = ORIENTED_EDGE ( 'NONE', *, *, #904, .F. ) ;
#998 = DATE_AND_TIME ( #2659, #1671 ) ;
#999 = CARTESIAN_POINT ( 'NONE',  ( -88.10769515458669332, 1.250000000000000222, -4.504598631319606028 ) ) ;
#1000 = ORIENTED_EDGE ( 'NONE', *, *, #466, .T. ) ;
#1001 = EDGE_CURVE ( 'NONE', #2027, #1713, #2856, .T. ) ;
#1002 = CARTESIAN_POINT ( 'NONE',  ( -68.04400245354091226, 1.229061567936146071, 7.080227966135716144 ) ) ;
#1003 = VECTOR ( 'NONE', #1915, 1000.000000000000114 ) ;
#1004 = ORIENTED_EDGE ( 'NONE', *, *, #1446, .F. ) ;
#1005 = DIRECTION ( 'NONE',  ( 0.000000000000000000, -1.000000000000000000, 0.000000000000000000 ) ) ;
#1006 = DIRECTION ( 'NONE',  ( -0.000000000000000000, -1.000000000000000000, -0.000000000000000000 ) ) ;
#1007 = DIRECTION ( 'NONE',  ( -0.8660254037844355990, 0.000000000000000000, 0.5000000000000054401 ) ) ;
#1008 = ORIENTED_EDGE ( 'NONE', *, *, #274, .T. ) ;
#1009 = CARTESIAN_POINT ( 'NONE',  ( 0.000000000000000000, 3.499999999999999556, 0.000000000000000000 ) ) ;
#1010 = ADVANCED_FACE ( 'NONE', ( #1802 ), #1645, .F. ) ;
#1011 = FACE_OUTER_BOUND ( 'NONE', #1566, .T. ) ;
#1012 = CARTESIAN_POINT ( 'NONE',  ( -38.05013548397128886, 4.500000000000000000, -8.066868962964262479 ) ) ;
#1013 = DIRECTION ( 'NONE',  ( 0.000000000000000000, -1.000000000000000000, 0.000000000000000000 ) ) ;
#1014 = VERTEX_POINT ( 'NONE', #2585 ) ;
#1015 = ORIENTED_EDGE ( 'NONE', *, *, #3506, .F. ) ;
#1016 = PERSON_AND_ORGANIZATION_ROLE ( 'classification_officer' ) ;
#1017 = CARTESIAN_POINT ( 'NONE',  ( -81.50961894323341994, 1.249999999999999334, -5.076395401044049294 ) ) ;
#1018 = EDGE_LOOP ( 'NONE', ( #959, #2354, #3579, #1723, #2645, #883, #3019, #2154, #1075, #2171, #1612, #2018, #736, #2799, #2911, #318, #2202, #1638 ) ) ;
#1019 = VERTEX_POINT ( 'NONE', #916 ) ;
#1020 = FACE_OUTER_BOUND ( 'NONE', #744, .T. ) ;
#1021 = VECTOR ( 'NONE', #76, 1000.000000000000000 ) ;
#1022 = EDGE_LOOP ( 'NONE', ( #2592, #3105, #1299, #2701 ) ) ;
#1023 = CARTESIAN_POINT ( 'NONE',  ( -84.21190147734922959, 3.499999999999999556, -13.75688604653766234 ) ) ;
#1024 = AXIS2_PLACEMENT_3D ( 'NONE', #1800, #3150, #641 ) ;
#1025 = EDGE_CURVE ( 'NONE', #1794, #302, #1998, .T. ) ;
#1026 = LINE ( 'NONE', #746, #3176 ) ;
#1027 = ADVANCED_FACE ( 'NONE', ( #58 ), #1521, .T. ) ;
#1028 = EDGE_CURVE ( 'NONE', #2105, #2339, #1815, .T. ) ;
#1029 = VECTOR ( 'NONE', #1637, 1000.000000000000114 ) ;
#1030 = DIRECTION ( 'NONE',  ( 0.5000000000000032196, 5.238529448733282615E-32, 0.8660254037844368202 ) ) ;
#1031 = ORIENTED_EDGE ( 'NONE', *, *, #2226, .F. ) ;
#1032 = CARTESIAN_POINT ( 'NONE',  ( -76.19744111674236819, -4.000000000000000000, -9.875433506720737498 ) ) ;
#1033 = CYLINDRICAL_SURFACE ( 'NONE', #2174, 2.000000000000004885 ) ;
#1034 = CARTESIAN_POINT ( 'NONE',  ( -69.35454251717513330, -1.986016165718673232, 7.439041777672413147 ) ) ;
#1035 = CYLINDRICAL_SURFACE ( 'NONE', #1161, 11.99999999999999645 ) ;
#1036 = ORIENTED_EDGE ( 'NONE', *, *, #2367, .T. ) ;
#1037 = ORIENTED_EDGE ( 'NONE', *, *, #462, .T. ) ;
#1038 = DIRECTION ( 'NONE',  ( 0.000000000000000000, 1.000000000000000000, 0.000000000000000000 ) ) ;
#1039 = ORIENTED_EDGE ( 'NONE', *, *, #865, .F. ) ;
#1040 = VECTOR ( 'NONE', #1617, 1000.000000000000000 ) ;
#1041 = EDGE_LOOP ( 'NONE', ( #1597, #472, #1656, #3158 ) ) ;
#1042 = AXIS2_PLACEMENT_3D ( 'NONE', #3185, #1496, #106 ) ;
#1043 = CARTESIAN_POINT ( 'NONE',  ( -70.79101736396995648, 1.602384942749296437, 7.896572720868598516 ) ) ;
#1044 = ORIENTED_EDGE ( 'NONE', *, *, #75, .T. ) ;
#1045 = LINE ( 'NONE', #511, #979 ) ;
#1046 = DIRECTION ( 'NONE',  ( -0.5000000000000037748, 0.000000000000000000, -0.8660254037844364872 ) ) ;
#1047 = DIRECTION ( 'NONE',  ( -0.8660254037844349329, 0.000000000000000000, 0.5000000000000062172 ) ) ;
#1048 = DIRECTION ( 'NONE',  ( 0.000000000000000000, 0.000000000000000000, 1.000000000000000000 ) ) ;
#1049 = VECTOR ( 'NONE', #2236, 1000.000000000000000 ) ;
#1050 = CARTESIAN_POINT ( 'NONE',  ( -70.77029558851521074, 3.499999999999999556, -12.21585050704618247 ) ) ;
#1051 = CARTESIAN_POINT ( 'NONE',  ( -68.31477211042361830, -1.513534287445271076, 7.149874807681744215 ) ) ;
#1052 = CARTESIAN_POINT ( 'NONE',  ( -90.68577080683573399, 3.499999999999999556, -40.96995664677083226 ) ) ;
#1053 = ORIENTED_EDGE ( 'NONE', *, *, #3059, .T. ) ;
#1054 = COORDINATED_UNIVERSAL_TIME_OFFSET ( 5, 30, .AHEAD. ) ;
#1055 = DIRECTION ( 'NONE',  ( 0.5000000000000063283, -0.000000000000000000, 0.8660254037844350439 ) ) ;
#1056 = VECTOR ( 'NONE', #23, 999.9999999999998863 ) ;
#1057 = ORIENTED_EDGE ( 'NONE', *, *, #1510, .F. ) ;
#1058 = EDGE_CURVE ( 'NONE', #2122, #2105, #953, .T. ) ;
#1059 = CARTESIAN_POINT ( 'NONE',  ( -75.50961894323380363, 4.500000000000000000, 5.315909444369437686 ) ) ;
#1060 = ORIENTED_EDGE ( 'NONE', *, *, #1404, .F. ) ;
#1061 = CARTESIAN_POINT ( 'NONE',  ( -59.45454284396947742, -4.500000000000000000, 6.009964880799079090 ) ) ;
#1062 = DIRECTION ( 'NONE',  ( 0.5000000000000048850, -0.000000000000000000, 0.8660254037844358210 ) ) ;
#1063 = CARTESIAN_POINT ( 'NONE',  ( -75.50961894323337731, 4.500000000000000000, 5.315909444369189885 ) ) ;
#1064 = CYLINDRICAL_SURFACE ( 'NONE', #2140, 0.4999999999999976130 ) ;
#1065 = CARTESIAN_POINT ( 'NONE',  ( -73.17766771316028951, 3.500000000000000444, 5.940753893256389695 ) ) ;
#1066 = CARTESIAN_POINT ( 'NONE',  ( -71.07135640698938062, -1.334563274347223771, 7.993928031541705614 ) ) ;
#1067 = DIRECTION ( 'NONE',  ( -0.000000000000000000, -1.000000000000000000, -0.000000000000000000 ) ) ;
#1068 = ADVANCED_FACE ( 'NONE', ( #1620 ), #1820, .F. ) ;
#1069 = EDGE_LOOP ( 'NONE', ( #304, #1556 ) ) ;
#1070 = ORIENTED_EDGE ( 'NONE', *, *, #1831, .T. ) ;
#1071 = EDGE_CURVE ( 'NONE', #1348, #2524, #973, .T. ) ;
#1072 = DIRECTION ( 'NONE',  ( 0.5000000000000022204, 1.665334536937734811E-16, 0.8660254037844373753 ) ) ;
#1073 = ORIENTED_EDGE ( 'NONE', *, *, #1382, .T. ) ;
#1074 = DIRECTION ( 'NONE',  ( -0.5000000000000031086, 1.268143583268576362E-16, -0.8660254037844368202 ) ) ;
#1075 = ORIENTED_EDGE ( 'NONE', *, *, #142, .T. ) ;
#1076 = CARTESIAN_POINT ( 'NONE',  ( -55.63925393469985892, 4.000000000000000000, 4.709915699857125659 ) ) ;
#1077 = LINE ( 'NONE', #1651, #491 ) ;
#1078 = ADVANCED_FACE ( 'NONE', ( #2712 ), #162, .F. ) ;
#1079 = DIRECTION ( 'NONE',  ( 0.8660254037844399289, 0.000000000000000000, -0.4999999999999978906 ) ) ;
#1080 = AXIS2_PLACEMENT_3D ( 'NONE', #404, #88, #2302 ) ;
#1081 = ADVANCED_FACE ( 'NONE', ( #2731 ), #1877, .F. ) ;
#1082 = CARTESIAN_POINT ( 'NONE',  ( -88.10769515458669332, 3.500000000000090594, -4.504598631319606028 ) ) ;
#1083 = AXIS2_PLACEMENT_3D ( 'NONE', #3322, #1437, #1923 ) ;
#1084 = AXIS2_PLACEMENT_3D ( 'NONE', #3190, #3154, #3500 ) ;
#1085 = CARTESIAN_POINT ( 'NONE',  ( -1.254341559211923585, -4.500000000000000000, 11.93426274441927148 ) ) ;
#1086 = FACE_OUTER_BOUND ( 'NONE', #896, .T. ) ;
#1087 = CARTESIAN_POINT ( 'NONE',  ( -73.46058083755714563, 3.499999999999999556, 5.864947550046090363 ) ) ;
#1088 = EDGE_CURVE ( 'NONE', #353, #694, #57, .T. ) ;
#1089 = DIRECTION ( 'NONE',  ( 0.000000000000000000, 0.000000000000000000, -1.000000000000000000 ) ) ;
#1090 = CYLINDRICAL_SURFACE ( 'NONE', #1407, 0.5000000000000018874 ) ;
#1091 = ORIENTED_EDGE ( 'NONE', *, *, #3103, .F. ) ;
#1092 = LINE ( 'NONE', #548, #2597 ) ;
#1093 = AXIS2_PLACEMENT_3D ( 'NONE', #1364, #2821, #1646 ) ;
#1094 = EDGE_LOOP ( 'NONE', ( #1261, #2938, #2833, #2375, #2091, #2522, #1770, #2473, #247, #3508, #2842, #138, #3175, #1699, #1230, #2621, #2959 ) ) ;
#1095 = DIRECTION ( 'NONE',  ( 1.000000000000000000, 0.000000000000000000, -1.224646799147353207E-16 ) ) ;
#1096 = DIRECTION ( 'NONE',  ( 0.8660254037844373753, -1.507144111760537881E-16, -0.5000000000000022204 ) ) ;
#1097 = AXIS2_PLACEMENT_3D ( 'NONE', #747, #3530, #3042 ) ;
#1098 = LINE ( 'NONE', #2298, #860 ) ;
#1099 = DIRECTION ( 'NONE',  ( 0.5000000000000015543, 0.000000000000000000, 0.8660254037844377084 ) ) ;
#1100 = AXIS2_PLACEMENT_3D ( 'NONE', #2200, #1072, #3013 ) ;
#1101 = VERTEX_POINT ( 'NONE', #3555 ) ;
#1102 = CARTESIAN_POINT ( 'NONE',  ( 1.285879139104721028E-15, 3.499999999999999556, -10.50000000000000178 ) ) ;
#1103 = VERTEX_POINT ( 'NONE', #1324 ) ;
#1104 = CARTESIAN_POINT ( 'NONE',  ( 0.000000000000000000, -4.500000000000000000, 0.000000000000000000 ) ) ;
#1105 = VECTOR ( 'NONE', #2785, 1000.000000000000000 ) ;
#1106 = CARTESIAN_POINT ( 'NONE',  ( -68.44744111674229714, -3.499999999999999556, 3.547960251938006238 ) ) ;
#1107 = CIRCLE ( 'NONE', #2224, 7.000000000000000888 ) ;
#1108 = CARTESIAN_POINT ( 'NONE',  ( -89.45977688288614615, -1.250000000000003775, -9.723973881519494711 ) ) ;
#1109 = CARTESIAN_POINT ( 'NONE',  ( 0.000000000000000000, -3.499999999999999556, -10.00000000000000178 ) ) ;
#1110 = ORIENTED_EDGE ( 'NONE', *, *, #1679, .F. ) ;
#1111 = CARTESIAN_POINT ( 'NONE',  ( 1.285879139104721028E-15, -3.499999999999999556, 10.50000000000000178 ) ) ;
#1112 = CIRCLE ( 'NONE', #3570, 36.49999999999999289 ) ;
#1113 = ORIENTED_EDGE ( 'NONE', *, *, #2461, .F. ) ;
#1114 = DIRECTION ( 'NONE',  ( 1.387778780781445676E-14, 0.000000000000000000, 1.000000000000000000 ) ) ;
#1115 = ADVANCED_FACE ( 'NONE', ( #712 ), #1033, .F. ) ;
#1116 = B_SPLINE_CURVE_WITH_KNOTS ( 'NONE', 3,
 ( #1709, #37, #3112, #574, #1415, #1694, #2802, #1144, #2238, #1449, #3314, #1159, #4, #298, #2566, #2216 ),
 .UNSPECIFIED., .F., .F.,
 ( 4, 2, 2, 2, 2, 2, 2, 4 ),
 ( 0.000000000000000000, 0.0004457127419054060513, 0.0008914254838108121026, 0.001782850967621624205, 0.002228563709527030257, 0.002674276451432436308, 0.003119989193337842359, 0.003565701935243248411 ),
 .UNSPECIFIED. ) ;
#1117 = ADVANCED_FACE ( 'NONE', ( #1011 ), #732, .F. ) ;
#1118 = DIRECTION ( 'NONE',  ( 0.8660254037844375974, 0.000000000000000000, -0.5000000000000018874 ) ) ;
#1119 = CC_DESIGN_DATE_AND_TIME_ASSIGNMENT ( #1883, #505, ( #1788 ) ) ;
#1120 = DIRECTION ( 'NONE',  ( -0.000000000000000000, -1.000000000000000000, -0.000000000000000000 ) ) ;
#1121 = VERTEX_POINT ( 'NONE', #3519 ) ;
#1122 = AXIS2_PLACEMENT_3D ( 'NONE', #634, #1756, #3611 ) ;
#1123 = DIRECTION ( 'NONE',  ( -0.1045284632676468650, 0.000000000000000000, -0.9945218953682740670 ) ) ;
#1124 = VERTEX_POINT ( 'NONE', #500 ) ;
#1125 = CARTESIAN_POINT ( 'NONE',  ( 8.196835435408573289, -1.249999999999996447, 14.19733543540852061 ) ) ;
#1126 = DIRECTION ( 'NONE',  ( 0.9945218953682725127, 0.000000000000000000, 0.1045284632676605069 ) ) ;
#1127 = EDGE_CURVE ( 'NONE', #2919, #2524, #2692, .T. ) ;
#1128 = CARTESIAN_POINT ( 'NONE',  ( -80.87661476330221433, -4.000000000000000000, 9.000000000000024869 ) ) ;
#1129 = DIRECTION ( 'NONE',  ( 0.000000000000000000, 0.000000000000000000, 1.000000000000000000 ) ) ;
#1130 = ORIENTED_EDGE ( 'NONE', *, *, #2937, .T. ) ;
#1131 = LINE ( 'NONE', #1419, #497 ) ;
#1132 = ORIENTED_EDGE ( 'NONE', *, *, #3619, .T. ) ;
#1133 = DIRECTION ( 'NONE',  ( 0.5000000000000039968, 0.000000000000000000, 0.8660254037844363761 ) ) ;
#1134 = VECTOR ( 'NONE', #512, 999.9999999999998863 ) ;
#1135 = DIRECTION ( 'NONE',  ( 0.000000000000000000, 0.000000000000000000, 1.000000000000000000 ) ) ;
#1136 = EDGE_CURVE ( 'NONE', #2923, #3248, #2449, .T. ) ;
#1137 = CARTESIAN_POINT ( 'NONE',  ( -59.45454284396947742, 1.250000000000000666, 41.00996488079906754 ) ) ;
#1138 = EDGE_CURVE ( 'NONE', #2088, #627, #1859, .T. ) ;
#1139 = ADVANCED_FACE ( 'NONE', ( #696 ), #1537, .T. ) ;
#1140 = ORIENTED_EDGE ( 'NONE', *, *, #2638, .F. ) ;
#1141 = LINE ( 'NONE', #1102, #1049 ) ;
#1142 = CIRCLE ( 'NONE', #844, 24.99999999999998934 ) ;
#1143 = ORIENTED_EDGE ( 'NONE', *, *, #2281, .F. ) ;
#1144 = CARTESIAN_POINT ( 'NONE',  ( -76.00131417767100572, -2.000043904044370713, 10.16800493839502373 ) ) ;
#1145 = VECTOR ( 'NONE', #784, 1000.000000000000227 ) ;
#1146 = CIRCLE ( 'NONE', #2547, 10.50000000000000178 ) ;
#1147 = DIRECTION ( 'NONE',  ( -0.1045284632676528741, 0.000000000000000000, -0.9945218953682734009 ) ) ;
#1148 = LINE ( 'NONE', #301, #1056 ) ;
#1149 = EDGE_LOOP ( 'NONE', ( #270, #886, #2432, #2301 ) ) ;
#1150 = DIRECTION ( 'NONE',  ( -0.000000000000000000, 1.000000000000000000, -0.000000000000000000 ) ) ;
#1151 = ORIENTED_EDGE ( 'NONE', *, *, #1663, .F. ) ;
#1152 = CYLINDRICAL_SURFACE ( 'NONE', #1422, 61.50000000000000000 ) ;
#1153 = CARTESIAN_POINT ( 'NONE',  ( 8.572527594031474176E-16, 4.500000000000000000, 7.000000000000000888 ) ) ;
#1154 = CARTESIAN_POINT ( 'NONE',  ( -81.21058083755715984, -4.000000000000000000, -7.558446208612695116 ) ) ;
#1155 = AXIS2_PLACEMENT_3D ( 'NONE', #1965, #3057, #1423 ) ;
#1156 = CIRCLE ( 'NONE', #1042, 0.5000000000000007772 ) ;
#1157 = CARTESIAN_POINT ( 'NONE',  ( -73.46058083755714563, -3.707106781186547906, 5.864947550046087699 ) ) ;
#1158 = ORIENTED_EDGE ( 'NONE', *, *, #2367, .F. ) ;
#1159 = CARTESIAN_POINT ( 'NONE',  ( -75.24430930120381333, -1.738081188386568554, 9.773740468206375098 ) ) ;
#1160 = EDGE_CURVE ( 'NONE', #2759, #647, #2798, .T. ) ;
#1161 = AXIS2_PLACEMENT_3D ( 'NONE', #3264, #1539, #3557 ) ;
#1162 = LINE ( 'NONE', #2291, #1252 ) ;
#1163 = DIRECTION ( 'NONE',  ( -1.387778780781445676E-14, 0.000000000000000000, 1.000000000000000000 ) ) ;
#1164 = ORIENTED_EDGE ( 'NONE', *, *, #1350, .F. ) ;
#1165 = DIRECTION ( 'NONE',  ( 0.000000000000000000, -1.000000000000000000, 0.000000000000000000 ) ) ;
#1166 = ORIENTED_EDGE ( 'NONE', *, *, #3345, .T. ) ;
#1167 = VECTOR ( 'NONE', #2530, 1000.000000000000000 ) ;
#1168 = CARTESIAN_POINT ( 'NONE',  ( -1.045284632676468650, -3.499999999999999556, -9.945218953682740448 ) ) ;
#1169 = EDGE_CURVE ( 'NONE', #3029, #921, #1301, .T. ) ;
#1170 = DIRECTION ( 'NONE',  ( 0.000000000000000000, 0.000000000000000000, 1.000000000000000000 ) ) ;
#1171 = CARTESIAN_POINT ( 'NONE',  ( -73.46058083755714563, -4.000000000000000000, 5.864947550046091251 ) ) ;
#1172 = VECTOR ( 'NONE', #2041, 999.9999999999998863 ) ;
#1173 = CARTESIAN_POINT ( 'NONE',  ( -80.87661476330221433, -4.500000000000000000, 9.000000000000024869 ) ) ;
#1174 = ORIENTED_EDGE ( 'NONE', *, *, #1873, .T. ) ;
#1175 = DIRECTION ( 'NONE',  ( -0.4999999999999809042, 0.000000000000000000, 0.8660254037844496988 ) ) ;
#1176 = DIRECTION ( 'NONE',  ( 0.5000000000000007772, 0.000000000000000000, 0.8660254037844381525 ) ) ;
#1177 = ADVANCED_FACE ( 'NONE', ( #442 ), #872, .F. ) ;
#1178 = ORIENTED_EDGE ( 'NONE', *, *, #3510, .F. ) ;
#1179 = VERTEX_POINT ( 'NONE', #460 ) ;
#1180 = EDGE_CURVE ( 'NONE', #2682, #1121, #2159, .T. ) ;
#1181 = EDGE_CURVE ( 'NONE', #2122, #1675, #1399, .T. ) ;
#1182 =( NAMED_UNIT ( * ) PLANE_ANGLE_UNIT ( ) SI_UNIT ( $, .RADIAN. ) );
#1183 = VERTEX_POINT ( 'NONE', #3096 ) ;
#1184 = CARTESIAN_POINT ( 'NONE',  ( -1.097548864310432526, -4.000000000000000000, 10.44247990136686433 ) ) ;
#1185 = CARTESIAN_POINT ( 'NONE',  ( -1.097548864310432526, 4.000000000000000000, 10.44247990136686433 ) ) ;
#1186 = ADVANCED_FACE ( 'NONE', ( #788 ), #1674, .F. ) ;
#1187 = CARTESIAN_POINT ( 'NONE',  ( -76.19744111674236819, -4.000000000000000000, -9.875433506720737498 ) ) ;
#1188 = DIRECTION ( 'NONE',  ( -0.000000000000000000, -1.000000000000000000, -0.000000000000000000 ) ) ;
#1189 = DIRECTION ( 'NONE',  ( -1.000000000000000000, -0.000000000000000000, -0.000000000000000000 ) ) ;
#1190 = CARTESIAN_POINT ( 'NONE',  ( -67.34936490538899534, -3.499999999999999556, -0.5501159594152940091 ) ) ;
#1191 = ORIENTED_EDGE ( 'NONE', *, *, #2356, .T. ) ;
#1192 = CARTESIAN_POINT ( 'NONE',  ( -84.21190147734922959, 3.499999999999999556, -13.75688604653766234 ) ) ;
#1193 = CARTESIAN_POINT ( 'NONE',  ( 0.000000000000000000, -4.000000000000000000, 0.000000000000000000 ) ) ;
#1194 = AXIS2_PLACEMENT_3D ( 'NONE', #949, #1465, #2040 ) ;
#1195 = LINE ( 'NONE', #2371, #899 ) ;
#1196 = VERTEX_POINT ( 'NONE', #1657 ) ;
#1197 = ORIENTED_EDGE ( 'NONE', *, *, #3432, .F. ) ;
#1198 = APPROVAL_PERSON_ORGANIZATION ( #3559, #2181, #186 ) ;
#1199 = CIRCLE ( 'NONE', #2020, 23.00000000000000711 ) ;
#1200 = ORIENTED_EDGE ( 'NONE', *, *, #3343, .T. ) ;
#1201 = CARTESIAN_POINT ( 'NONE',  ( -76.39293472415558028, 1.983314075554135858, 10.38135153520473786 ) ) ;
#1202 = ORIENTED_EDGE ( 'NONE', *, *, #2810, .T. ) ;
#1203 = CARTESIAN_POINT ( 'NONE',  ( 0.000000000000000000, -3.499999999999999556, 0.000000000000000000 ) ) ;
#1204 = CARTESIAN_POINT ( 'NONE',  ( -81.50961894323381784, -4.500000000000015987, -5.076395401043819255 ) ) ;
#1205 = PLANE ( 'NONE',  #2559 ) ;
#1206 = VECTOR ( 'NONE', #1030, 999.9999999999998863 ) ;
#1207 = ORIENTED_EDGE ( 'NONE', *, *, #56, .F. ) ;
#1208 = FACE_OUTER_BOUND ( 'NONE', #1505, .T. ) ;
#1209 = DIRECTION ( 'NONE',  ( -0.8660254037844355990, 0.000000000000000000, 0.5000000000000052180 ) ) ;
#1210 = DIRECTION ( 'NONE',  ( 0.000000000000000000, 0.000000000000000000, 1.000000000000000000 ) ) ;
#1211 = DIRECTION ( 'NONE',  ( -1.000000000000000000, -4.336808689942018352E-17, 0.000000000000000000 ) ) ;
#1212 = ORIENTED_EDGE ( 'NONE', *, *, #1456, .F. ) ;
#1213 = EDGE_CURVE ( 'NONE', #2470, #392, #2478, .T. ) ;
#1214 = VERTEX_POINT ( 'NONE', #541 ) ;
#1215 = ORIENTED_EDGE ( 'NONE', *, *, #2106, .F. ) ;
#1216 = LINE ( 'NONE', #2053, #1858 ) ;
#1217 = VECTOR ( 'NONE', #589, 1000.000000000000114 ) ;
#1218 = ORIENTED_EDGE ( 'NONE', *, *, #141, .F. ) ;
#1219 = LINE ( 'NONE', #2346, #2612 ) ;
#1220 = CARTESIAN_POINT ( 'NONE',  ( -44.32184328003001639, 3.499999999999999556, -6.238182685060697175 ) ) ;
#1221 = EDGE_CURVE ( 'NONE', #302, #492, #519, .T. ) ;
#1222 = CARTESIAN_POINT ( 'NONE',  ( -26.57554842428786301, 4.500000000000000000, -46.03020010987334132 ) ) ;
#1223 = AXIS2_PLACEMENT_3D ( 'NONE', #407, #605, #2914 ) ;
#1224 = ORIENTED_EDGE ( 'NONE', *, *, #2533, .T. ) ;
#1225 = CARTESIAN_POINT ( 'NONE',  ( -20.07637536435735015, 4.500000000000000000, 34.77330216289283271 ) ) ;
#1226 = CARTESIAN_POINT ( 'NONE',  ( 0.000000000000000000, -4.500000000000000000, 0.000000000000000000 ) ) ;
#1227 = PLANE ( 'NONE',  #439 ) ;
#1228 = EDGE_CURVE ( 'NONE', #2643, #718, #809, .T. ) ;
#1229 = VERTEX_POINT ( 'NONE', #3294 ) ;
#1230 = ORIENTED_EDGE ( 'NONE', *, *, #2481, .F. ) ;
#1231 = ORIENTED_EDGE ( 'NONE', *, *, #325, .F. ) ;
#1232 = CARTESIAN_POINT ( 'NONE',  ( 0.000000000000000000, 4.500000000000000000, 0.000000000000000000 ) ) ;
#1233 = EDGE_CURVE ( 'NONE', #3489, #2189, #109, .T. ) ;
#1234 = EDGE_LOOP ( 'NONE', ( #2658, #1702, #3117, #3240 ) ) ;
#1235 = DIRECTION ( 'NONE',  ( 0.000000000000000000, 0.000000000000000000, 1.000000000000000000 ) ) ;
#1236 = EDGE_LOOP ( 'NONE', ( #2343, #3269, #2096, #200 ) ) ;
#1237 = CARTESIAN_POINT ( 'NONE',  ( -80.87661476330221433, -4.000000000000000000, 9.000000000000024869 ) ) ;
#1238 = DIRECTION ( 'NONE',  ( -0.000000000000000000, -1.000000000000000000, -0.000000000000000000 ) ) ;
#1239 = LINE ( 'NONE', #987, #1335 ) ;
#1240 = EDGE_CURVE ( 'NONE', #3562, #3419, #1141, .T. ) ;
#1241 = EDGE_CURVE ( 'NONE', #2342, #739, #1378, .T. ) ;
#1242 = ORIENTED_EDGE ( 'NONE', *, *, #3368, .T. ) ;
#1243 = DIRECTION ( 'NONE',  ( -0.000000000000000000, 1.000000000000000000, -0.000000000000000000 ) ) ;
#1244 = VECTOR ( 'NONE', #823, 1000.000000000000000 ) ;
#1245 = LINE ( 'NONE', #2336, #996 ) ;
#1246 = PLANE ( 'NONE',  #2210 ) ;
#1247 = DIRECTION ( 'NONE',  ( -0.8660254037844355990, 0.000000000000000000, 0.5000000000000054401 ) ) ;
#1248 = VERTEX_POINT ( 'NONE', #2498 ) ;
#1249 = ORIENTED_EDGE ( 'NONE', *, *, #1434, .F. ) ;
#1250 = AXIS2_PLACEMENT_3D ( 'NONE', #1684, #249, #1942 ) ;
#1251 = AXIS2_PLACEMENT_3D ( 'NONE', #1104, #810, #2551 ) ;
#1252 = VECTOR ( 'NONE', #300, 1000.000000000000000 ) ;
#1253 = CC_DESIGN_APPROVAL ( #2157, ( #1788 ) ) ;
#1254 = ORIENTED_EDGE ( 'NONE', *, *, #2632, .T. ) ;
#1255 = LINE ( 'NONE', #2609, #393 ) ;
#1256 = VERTEX_POINT ( 'NONE', #1913 ) ;
#1257 = CARTESIAN_POINT ( 'NONE',  ( 0.000000000000000000, -4.000000000000000000, 0.000000000000000000 ) ) ;
#1258 = DIRECTION ( 'NONE',  ( 0.5000000000000022204, -0.000000000000000000, 0.8660254037844372643 ) ) ;
#1259 = FACE_OUTER_BOUND ( 'NONE', #3338, .T. ) ;
#1260 = EDGE_CURVE ( 'NONE', #11, #465, #3332, .T. ) ;
#1261 = ORIENTED_EDGE ( 'NONE', *, *, #1088, .F. ) ;
#1262 = DIRECTION ( 'NONE',  ( -0.5000000000000039968, -0.000000000000000000, -0.8660254037844363761 ) ) ;
#1263 = VECTOR ( 'NONE', #2297, 1000.000000000000114 ) ;
#1264 = DIRECTION ( 'NONE',  ( -0.000000000000000000, 1.000000000000000000, -0.000000000000000000 ) ) ;
#1265 = CARTESIAN_POINT ( 'NONE',  ( -59.45454284396947742, -1.250000000000000222, 41.00996488079906754 ) ) ;
#1266 = EDGE_CURVE ( 'NONE', #2027, #1286, #828, .T. ) ;
#1267 = LINE ( 'NONE', #2990, #338 ) ;
#1268 = EDGE_LOOP ( 'NONE', ( #2279, #1643, #1525, #1408 ) ) ;
#1269 = CIRCLE ( 'NONE', #2607, 37.00000000000000000 ) ;
#1270 = ORIENTED_EDGE ( 'NONE', *, *, #1181, .T. ) ;
#1271 = DIRECTION ( 'NONE',  ( 0.000000000000000000, 0.000000000000000000, -1.000000000000000000 ) ) ;
#1272 = VECTOR ( 'NONE', #1830, 1000.000000000000000 ) ;
#1273 = VERTEX_POINT ( 'NONE', #1971 ) ;
#1274 = CARTESIAN_POINT ( 'NONE',  ( -27.48543737858331681, 3.499999999999999556, -38.57667224690293750 ) ) ;
#1275 = ORIENTED_EDGE ( 'NONE', *, *, #1221, .T. ) ;
#1276 = VECTOR ( 'NONE', #755, 999.9999999999998863 ) ;
#1277 = CARTESIAN_POINT ( 'NONE',  ( -75.50961894323380363, 1.250000000000000000, 5.315909444369430581 ) ) ;
#1278 = CARTESIAN_POINT ( 'NONE',  ( -1.097548864310292194, -4.000000000000000000, -10.44247990136688031 ) ) ;
#1279 = ADVANCED_FACE ( 'NONE', ( #1360 ), #1953, .T. ) ;
#1280 = DIRECTION ( 'NONE',  ( 0.5000000000000047740, -0.000000000000000000, 0.8660254037844359321 ) ) ;
#1281 = VERTEX_POINT ( 'NONE', #3061 ) ;
#1282 = DIRECTION ( 'NONE',  ( 0.4300561350973055030, 0.000000000000000000, -0.9028021492360150946 ) ) ;
#1283 = CARTESIAN_POINT ( 'NONE',  ( -68.69744111674229714, -4.500000000000000000, 3.114947550045790603 ) ) ;
#1284 = DIRECTION ( 'NONE',  ( -0.000000000000000000, -1.000000000000000000, -0.000000000000000000 ) ) ;
#1285 = DIRECTION ( 'NONE',  ( -0.000000000000000000, -1.000000000000000000, -0.000000000000000000 ) ) ;
#1286 = VERTEX_POINT ( 'NONE', #2817 ) ;
#1287 = ORIENTED_EDGE ( 'NONE', *, *, #1902, .F. ) ;
#1288 = EDGE_CURVE ( 'NONE', #2954, #11, #3194, .T. ) ;
#1289 = DIRECTION ( 'NONE',  ( 0.000000000000000000, -1.000000000000000000, 0.000000000000000000 ) ) ;
#1290 = ORIENTED_EDGE ( 'NONE', *, *, #2921, .F. ) ;
#1291 = ADVANCED_FACE ( 'NONE', ( #3026 ), #2270, .F. ) ;
#1292 = ADVANCED_FACE ( 'NONE', ( #2252 ), #3347, .F. ) ;
#1293 = ORIENTED_EDGE ( 'NONE', *, *, #3123, .F. ) ;
#1294 = DIRECTION ( 'NONE',  ( -0.8660254037844372643, 0.000000000000000000, 0.5000000000000024425 ) ) ;
#1295 = CIRCLE ( 'NONE', #3531, 10.00000000000000178 ) ;
#1296 = VERTEX_POINT ( 'NONE', #1413 ) ;
#1297 = DIRECTION ( 'NONE',  ( -0.000000000000000000, 1.000000000000000000, -0.000000000000000000 ) ) ;
#1298 = FACE_BOUND ( 'NONE', #2916, .T. ) ;
#1299 = ORIENTED_EDGE ( 'NONE', *, *, #1996, .T. ) ;
#1300 = DIRECTION ( 'NONE',  ( 0.5000000000000037748, 0.000000000000000000, 0.8660254037844364872 ) ) ;
#1301 = LINE ( 'NONE', #1050, #345 ) ;
#1302 = CARTESIAN_POINT ( 'NONE',  ( -72.78677780790880547, -4.000000000000000000, 7.032008631690833234 ) ) ;
#1303 = CARTESIAN_POINT ( 'NONE',  ( -22.57554842428807973, -4.500000000000000000, -39.10199687959796222 ) ) ;
#1304 = ORIENTED_EDGE ( 'NONE', *, *, #3516, .F. ) ;
#1305 = VERTEX_POINT ( 'NONE', #1277 ) ;
#1306 = VECTOR ( 'NONE', #3040, 1000.000000000000114 ) ;
#1307 = APPROVAL_DATE_TIME ( #998, #2181 ) ;
#1308 = CARTESIAN_POINT ( 'NONE',  ( 0.000000000000000000, 3.499999999999999556, 0.000000000000000000 ) ) ;
#1309 = EDGE_LOOP ( 'NONE', ( #3540, #1140, #3487, #1826 ) ) ;
#1310 = VERTEX_POINT ( 'NONE', #346 ) ;
#1311 = VECTOR ( 'NONE', #1774, 1000.000000000000114 ) ;
#1312 = DIRECTION ( 'NONE',  ( 0.000000000000000000, 0.000000000000000000, -1.000000000000000000 ) ) ;
#1313 = AXIS2_PLACEMENT_3D ( 'NONE', #2011, #664, #2049 ) ;
#1314 = ORIENTED_EDGE ( 'NONE', *, *, #854, .T. ) ;
#1315 = CARTESIAN_POINT ( 'NONE',  ( -70.12521138586922120, 4.500000000000000000, -13.57005373090020761 ) ) ;
#1316 = AXIS2_PLACEMENT_3D ( 'NONE', #55, #388, #2616 ) ;
#1317 = CARTESIAN_POINT ( 'NONE',  ( -58.93407051894542548, 4.500000000000000000, 34.02560147855387385 ) ) ;
#1318 = CIRCLE ( 'NONE', #205, 0.4999999999999995559 ) ;
#1319 = APPROVAL_PERSON_ORGANIZATION ( #2698, #2157, #1844 ) ;
#1320 = CIRCLE ( 'NONE', #609, 34.99999999999999289 ) ;
#1321 = CARTESIAN_POINT ( 'NONE',  ( -70.77029558851521074, 4.000000000000000000, -12.21585050704618247 ) ) ;
#1322 = VERTEX_POINT ( 'NONE', #67 ) ;
#1323 = LINE ( 'NONE', #1032, #1145 ) ;
#1324 = CARTESIAN_POINT ( 'NONE',  ( -70.12521138586922120, -4.500000000000000000, -13.57005373090020761 ) ) ;
#1325 = CARTESIAN_POINT ( 'NONE',  ( -68.41550546657435916, -1.595028117998578798, 7.176349926491245590 ) ) ;
#1326 = PLANE ( 'NONE',  #521 ) ;
#1327 = EDGE_CURVE ( 'NONE', #921, #146, #1639, .T. ) ;
#1328 = ORIENTED_EDGE ( 'NONE', *, *, #720, .F. ) ;
#1329 = APPROVAL_STATUS ( 'not_yet_approved' ) ;
#1330 = CARTESIAN_POINT ( 'NONE',  ( -74.94744111674233977, -3.499999999999999556, -7.710369997259655328 ) ) ;
#1331 = ORIENTED_EDGE ( 'NONE', *, *, #2699, .F. ) ;
#1332 = AXIS2_PLACEMENT_3D ( 'NONE', #2965, #2476, #2446 ) ;
#1333 = EDGE_LOOP ( 'NONE', ( #3391, #1365, #2515, #997 ) ) ;
#1334 = ADVANCED_FACE ( 'NONE', ( #2549, #3513 ), #327, .T. ) ;
#1335 = VECTOR ( 'NONE', #1477, 1000.000000000000000 ) ;
#1336 = CARTESIAN_POINT ( 'NONE',  ( -71.07106853330901686, 1.334912058406086954, 7.993826395786714833 ) ) ;
#1337 = VERTEX_POINT ( 'NONE', #2832 ) ;
#1338 = CARTESIAN_POINT ( 'NONE',  ( -84.96361837184821297, 3.819794394589403286, -14.11397253490358139 ) ) ;
#1339 = CARTESIAN_POINT ( 'NONE',  ( -1.254341559211923585, 4.500000000000000000, 11.93426274441927148 ) ) ;
#1340 = DIRECTION ( 'NONE',  ( -1.000000000000000000, 0.000000000000000000, 0.000000000000000000 ) ) ;
#1341 = EDGE_CURVE ( 'NONE', #818, #1403, #1577, .T. ) ;
#1342 = DIRECTION ( 'NONE',  ( 0.000000000000000000, 1.000000000000000000, -0.000000000000000000 ) ) ;
#1343 = EDGE_CURVE ( 'NONE', #1683, #1296, #3397, .T. ) ;
#1344 = VECTOR ( 'NONE', #723, 1000.000000000000000 ) ;
#1345 = CARTESIAN_POINT ( 'NONE',  ( -73.46058083755714563, 4.000000000000000000, 5.864947550046090363 ) ) ;
#1346 = CARTESIAN_POINT ( 'NONE',  ( -72.56762294697972493, -3.499999999999999556, 6.411595985545694099 ) ) ;
#1347 = PLANE ( 'NONE',  #811 ) ;
#1348 = VERTEX_POINT ( 'NONE', #2850 ) ;
#1349 = DIRECTION ( 'NONE',  ( -0.5000000000000015543, 0.000000000000000000, -0.8660254037844377084 ) ) ;
#1350 = EDGE_CURVE ( 'NONE', #1214, #1014, #2290, .T. ) ;
#1351 = VERTEX_POINT ( 'NONE', #1190 ) ;
#1352 = ADVANCED_FACE ( 'NONE', ( #2402 ), #2870, .T. ) ;
#1353 = LINE ( 'NONE', #705, #911 ) ;
#1354 = VERTEX_POINT ( 'NONE', #2285 ) ;
#1355 = CARTESIAN_POINT ( 'NONE',  ( -44.32184328003001639, 4.000000000000000000, -67.73818268506069273 ) ) ;
#1356 = LINE ( 'NONE', #2983, #2363 ) ;
#1357 = CARTESIAN_POINT ( 'NONE',  ( -44.32184328003001639, 4.000000000000000000, -5.738182685060697175 ) ) ;
#1358 = DIRECTION ( 'NONE',  ( -0.5000000000000062172, 0.000000000000000000, -0.8660254037844349329 ) ) ;
#1359 = EDGE_CURVE ( 'NONE', #3340, #1305, #2315, .T. ) ;
#1360 = FACE_OUTER_BOUND ( 'NONE', #590, .T. ) ;
#1361 = DIRECTION ( 'NONE',  ( 0.000000000000000000, 1.000000000000000000, 0.000000000000000000 ) ) ;
#1362 = DIRECTION ( 'NONE',  ( 0.5000000000000062172, 0.000000000000000000, 0.8660254037844349329 ) ) ;
#1363 = CARTESIAN_POINT ( 'NONE',  ( -78.70577136593992407, 3.500000000000092371, 11.78001105950692029 ) ) ;
#1364 = CARTESIAN_POINT ( 'NONE',  ( -74.94744111674233977, -4.500000000000000000, -7.710369997259655328 ) ) ;
#1365 = ORIENTED_EDGE ( 'NONE', *, *, #595, .T. ) ;
#1366 = CARTESIAN_POINT ( 'NONE',  ( 1.285879139104721028E-15, 4.000000000000000000, -10.50000000000000178 ) ) ;
#1367 = ORIENTED_EDGE ( 'NONE', *, *, #3177, .F. ) ;
#1368 = DIRECTION ( 'NONE',  ( 1.305225087948757240E-16, 1.000000000000000000, -7.535720558802723919E-17 ) ) ;
#1369 = PLANE ( 'NONE',  #2259 ) ;
#1370 = DIRECTION ( 'NONE',  ( 0.000000000000000000, 0.000000000000000000, 1.000000000000000000 ) ) ;
#1371 = CIRCLE ( 'NONE', #2203, 0.5000000000000011102 ) ;
#1372 = CARTESIAN_POINT ( 'NONE',  ( -73.46058083755714563, -3.499999999999999556, 5.864947550046090363 ) ) ;
#1373 = LOCAL_TIME ( 12, 50, 23.00000000000000000, #2898 ) ;
#1374 = CIRCLE ( 'NONE', #3409, 61.50000000000000000 ) ;
#1375 = TOROIDAL_SURFACE ( 'NONE', #266, 10.00000000000000178, 0.5000000000000000000 ) ;
#1376 = EDGE_CURVE ( 'NONE', #117, #1348, #276, .T. ) ;
#1377 = ORIENTED_EDGE ( 'NONE', *, *, #3212, .T. ) ;
#1378 = LINE ( 'NONE', #242, #1512 ) ;
#1379 = CARTESIAN_POINT ( 'NONE',  ( -67.62270990891813938, -0.1324288270442698090, 6.976436606476886126 ) ) ;
#1380 = LINE ( 'NONE', #3028, #3051 ) ;
#1381 = DIRECTION ( 'NONE',  ( -0.000000000000000000, 1.000000000000000000, -0.000000000000000000 ) ) ;
#1382 = EDGE_CURVE ( 'NONE', #146, #771, #2004, .T. ) ;
#1383 = PLANE ( 'NONE',  #587 ) ;
#1384 = VERTEX_POINT ( 'NONE', #602 ) ;
#1385 = CARTESIAN_POINT ( 'NONE',  ( -44.32184328003001639, -4.000000000000000000, -67.73818268506069273 ) ) ;
#1386 = CIRCLE ( 'NONE', #2033, 0.5000000000000018874 ) ;
#1387 = ORIENTED_EDGE ( 'NONE', *, *, #1434, .T. ) ;
#1388 = DIRECTION ( 'NONE',  ( -0.000000000000000000, 1.000000000000000000, -0.000000000000000000 ) ) ;
#1389 = AXIS2_PLACEMENT_3D ( 'NONE', #635, #2384, #3494 ) ;
#1390 = CARTESIAN_POINT ( 'NONE',  ( -59.45454284396947742, 4.000000000000000000, 41.00996488079906754 ) ) ;
#1391 = EDGE_CURVE ( 'NONE', #492, #2088, #3041, .T. ) ;
#1392 = DIRECTION ( 'NONE',  ( 0.000000000000000000, 0.000000000000000000, -1.000000000000000000 ) ) ;
#1393 = AXIS2_PLACEMENT_3D ( 'NONE', #2760, #251, #3325 ) ;
#1394 = ORIENTED_EDGE ( 'NONE', *, *, #1404, .T. ) ;
#1395 = DIRECTION ( 'NONE',  ( 0.9945218953682740670, 0.000000000000000000, -0.1045284632676468928 ) ) ;
#1396 = EDGE_LOOP ( 'NONE', ( #2306, #2871, #3445, #612 ) ) ;
#1397 = CARTESIAN_POINT ( 'NONE',  ( -67.63640069658690379, -0.2669046619920245611, 6.979714418817461130 ) ) ;
#1398 = FACE_OUTER_BOUND ( 'NONE', #3524, .T. ) ;
#1399 =( BOUNDED_CURVE ( )  B_SPLINE_CURVE ( 3, ( #1345, #3576, #1065, #1640 ),
 .UNSPECIFIED., .F., .F. ) 
 B_SPLINE_CURVE_WITH_KNOTS ( ( 4, 4 ),
 ( 0.000000000000000000, 1.570796326794895670 ),
 .UNSPECIFIED. ) 
 CURVE ( )  GEOMETRIC_REPRESENTATION_ITEM ( )  RATIONAL_B_SPLINE_CURVE ( ( 1.000000000000000000, 0.8047378541243652705, 0.8047378541243652705, 1.000000000000000000 ) ) 
 REPRESENTATION_ITEM ( '' )  );
#1400 = CIRCLE ( 'NONE', #1930, 0.5000000000000007772 ) ;
#1401 = AXIS2_PLACEMENT_3D ( 'NONE', #1758, #2941, #638 ) ;
#1402 = CARTESIAN_POINT ( 'NONE',  ( -80.04551732809562736, -7.844010068295858714E-15, -10.54049701618204260 ) ) ;
#1403 = VERTEX_POINT ( 'NONE', #3110 ) ;
#1404 = EDGE_CURVE ( 'NONE', #1305, #2401, #3220, .T. ) ;
#1405 = CARTESIAN_POINT ( 'NONE',  ( -71.55370078993098559, -7.844010068295858714E-15, 8.167760676472648029 ) ) ;
#1406 = ADVANCED_FACE ( 'NONE', ( #617 ), #1871, .F. ) ;
#1407 = AXIS2_PLACEMENT_3D ( 'NONE', #2243, #3337, #2755 ) ;
#1408 = ORIENTED_EDGE ( 'NONE', *, *, #962, .F. ) ;
#1409 = CARTESIAN_POINT ( 'NONE',  ( -1.254341559211761492, -4.500000000000000000, -11.93426274441928570 ) ) ;
#1410 = CARTESIAN_POINT ( 'NONE',  ( -71.55370078993098559, -7.844010068295858714E-15, 8.167760676472648029 ) ) ;
#1411 = CYLINDRICAL_SURFACE ( 'NONE', #3594, 2.499999999999996891 ) ;
#1412 = VERTEX_POINT ( 'NONE', #132 ) ;
#1413 = CARTESIAN_POINT ( 'NONE',  ( -73.42846845368596576, -1.249999999999999556, 8.920567830463129511 ) ) ;
#1414 = ORIENTED_EDGE ( 'NONE', *, *, #1359, .T. ) ;
#1415 = CARTESIAN_POINT ( 'NONE',  ( -77.00387525146000200, -1.738566523196682256, 10.72731423813877782 ) ) ;
#1416 = CARTESIAN_POINT ( 'NONE',  ( -37.84107855743599913, -4.000000000000000000, -6.077825172227712791 ) ) ;
#1417 = DIRECTION ( 'NONE',  ( -0.8660254037844372643, 0.000000000000000000, 0.5000000000000026645 ) ) ;
#1418 = VERTEX_POINT ( 'NONE', #985 ) ;
#1419 = CARTESIAN_POINT ( 'NONE',  ( -74.08141571295790584, -4.500000000000000000, -8.210369997259657993 ) ) ;
#1420 = EDGE_LOOP ( 'NONE', ( #2068, #3312, #3196, #230 ) ) ;
#1421 = CARTESIAN_POINT ( 'NONE',  ( -74.94744111674233977, 3.499999999999999556, -7.710369997259655328 ) ) ;
#1422 = AXIS2_PLACEMENT_3D ( 'NONE', #3623, #1388, #62 ) ;
#1423 = DIRECTION ( 'NONE',  ( 0.000000000000000000, 0.000000000000000000, 1.000000000000000000 ) ) ;
#1424 = EDGE_CURVE ( 'NONE', #2415, #932, #2380, .T. ) ;
#1425 = FACE_OUTER_BOUND ( 'NONE', #1149, .T. ) ;
#1426 = VECTOR ( 'NONE', #1258, 1000.000000000000114 ) ;
#1427 = EDGE_LOOP ( 'NONE', ( #3360, #59, #414, #1073 ) ) ;
#1428 = DIRECTION ( 'NONE',  ( -0.8660254037844358210, 0.000000000000000000, 0.5000000000000048850 ) ) ;
#1429 = CIRCLE ( 'NONE', #2433, 1.000000000000000000 ) ;
#1430 = ORIENTED_EDGE ( 'NONE', *, *, #3001, .T. ) ;
#1431 = AXIS2_PLACEMENT_3D ( 'NONE', #2133, #2651, #2987 ) ;
#1432 = AXIS2_PLACEMENT_3D ( 'NONE', #20, #2219, #2534 ) ;
#1433 = DIRECTION ( 'NONE',  ( 0.9945218953682735119, 0.000000000000000000, -0.1045284632676528880 ) ) ;
#1434 = EDGE_CURVE ( 'NONE', #1214, #3282, #3490, .T. ) ;
#1435 = CARTESIAN_POINT ( 'NONE',  ( -80.77756813566494998, 3.499999999999999556, -7.808446208612688899 ) ) ;
#1436 = ORIENTED_EDGE ( 'NONE', *, *, #2273, .T. ) ;
#1437 = DIRECTION ( 'NONE',  ( 0.000000000000000000, 1.000000000000000000, 0.000000000000000000 ) ) ;
#1438 = EDGE_LOOP ( 'NONE', ( #2876, #3584, #1158, #3298 ) ) ;
#1439 = DIRECTION ( 'NONE',  ( -0.000000000000000000, -1.000000000000000000, -0.000000000000000000 ) ) ;
#1440 = CIRCLE ( 'NONE', #3310, 24.99999999999998934 ) ;
#1441 = FACE_OUTER_BOUND ( 'NONE', #1022, .T. ) ;
#1442 = DIRECTION ( 'NONE',  ( 0.000000000000000000, 0.000000000000000000, -1.000000000000000000 ) ) ;
#1443 = CIRCLE ( 'NONE', #2841, 10.50000000000000178 ) ;
#1444 = ADVANCED_FACE ( 'NONE', ( #1553 ), #2664, .F. ) ;
#1445 = AXIS2_PLACEMENT_3D ( 'NONE', #2490, #1908, #3020 ) ;
#1446 = EDGE_CURVE ( 'NONE', #2420, #1103, #3585, .T. ) ;
#1447 = CARTESIAN_POINT ( 'NONE',  ( -80.87661476330221433, 4.500000000000000000, 9.000000000000024869 ) ) ;
#1448 = VERTEX_POINT ( 'NONE', #2742 ) ;
#1449 = CARTESIAN_POINT ( 'NONE',  ( -75.61103322672222760, -1.917010537105612977, 9.961794534721875038 ) ) ;
#1450 = EDGE_CURVE ( 'NONE', #2237, #1824, #3004, .T. ) ;
#1451 = AXIS2_PLACEMENT_3D ( 'NONE', #166, #3247, #1563 ) ;
#1452 = CARTESIAN_POINT ( 'NONE',  ( -64.13022294165203618, 3.500000000000096811, 37.02560147855381700 ) ) ;
#1453 = CYLINDRICAL_SURFACE ( 'NONE', #2854, 0.5000000000000027756 ) ;
#1454 = ORIENTED_EDGE ( 'NONE', *, *, #3574, .T. ) ;
#1455 = CIRCLE ( 'NONE', #815, 2.999999999999995559 ) ;
#1456 = EDGE_CURVE ( 'NONE', #2610, #2116, #2037, .T. ) ;
#1457 = DIRECTION ( 'NONE',  ( 0.9945218953682720686, 1.087967874829204706E-15, 0.1045284632676668074 ) ) ;
#1458 = ORIENTED_EDGE ( 'NONE', *, *, #842, .T. ) ;
#1459 = DIRECTION ( 'NONE',  ( -0.000000000000000000, -1.000000000000000000, 0.000000000000000000 ) ) ;
#1460 = EDGE_CURVE ( 'NONE', #2023, #3248, #1574, .T. ) ;
#1461 = CARTESIAN_POINT ( 'NONE',  ( -44.32184328003001639, -3.499999999999999556, -67.73818268506069273 ) ) ;
#1462 = CARTESIAN_POINT ( 'NONE',  ( -69.94744111674229714, 3.499999999999999556, 0.9498840405847073232 ) ) ;
#1463 = CARTESIAN_POINT ( 'NONE',  ( -59.45454284396947742, -4.000000000000000000, 41.00996488079906754 ) ) ;
#1464 = VERTEX_POINT ( 'NONE', #2726 ) ;
#1465 = DIRECTION ( 'NONE',  ( -0.000000000000000000, -1.000000000000000000, -0.000000000000000000 ) ) ;
#1466 = EDGE_CURVE ( 'NONE', #3029, #2251, #3493, .T. ) ;
#1467 = AXIS2_PLACEMENT_3D ( 'NONE', #1659, #1188, #1974 ) ;
#1468 = CARTESIAN_POINT ( 'NONE',  ( -53.33531129489071532, 0.000000000000000000, 49.72293691396257742 ) ) ;
#1469 = CARTESIAN_POINT ( 'NONE',  ( -72.34936490538905218, -4.000000000000000000, -9.210369997259693520 ) ) ;
#1470 = VERTEX_POINT ( 'NONE', #2459 ) ;
#1471 = ORIENTED_EDGE ( 'NONE', *, *, #2177, .T. ) ;
#1472 = PLANE ( 'NONE',  #2218 ) ;
#1473 = CARTESIAN_POINT ( 'NONE',  ( -67.34936490538899534, 4.000000000000000000, -0.5501159594152946752 ) ) ;
#1474 = VERTEX_POINT ( 'NONE', #1076 ) ;
#1475 = DIRECTION ( 'NONE',  ( 0.000000000000000000, 0.000000000000000000, 1.000000000000000000 ) ) ;
#1476 = DIRECTION ( 'NONE',  ( 0.5000000000000022204, -0.000000000000000000, 0.8660254037844372643 ) ) ;
#1477 = DIRECTION ( 'NONE',  ( 0.8660254037844373753, -4.885168348109254002E-17, -0.5000000000000022204 ) ) ;
#1478 = ORIENTED_EDGE ( 'NONE', *, *, #3225, .F. ) ;
#1479 = CYLINDRICAL_SURFACE ( 'NONE', #135, 23.50000000000000355 ) ;
#1480 = CIRCLE ( 'NONE', #1083, 10.00000000000000178 ) ;
#1481 = CARTESIAN_POINT ( 'NONE',  ( -59.45454284396947742, 4.500000000000000000, 6.009964880799079090 ) ) ;
#1482 = AXIS2_PLACEMENT_3D ( 'NONE', #1658, #3098, #2006 ) ;
#1483 = DIRECTION ( 'NONE',  ( 0.000000000000000000, 0.000000000000000000, 1.000000000000000000 ) ) ;
#1484 = ORIENTED_EDGE ( 'NONE', *, *, #2849, .T. ) ;
#1485 = EDGE_LOOP ( 'NONE', ( #2695, #1952, #608, #3115 ) ) ;
#1486 = VECTOR ( 'NONE', #1949, 1000.000000000000000 ) ;
#1487 = EDGE_CURVE ( 'NONE', #3419, #168, #3316, .T. ) ;
#1488 = DATE_AND_TIME ( #2067, #2488 ) ;
#1489 = VERTEX_POINT ( 'NONE', #1061 ) ;
#1490 = ADVANCED_FACE ( 'NONE', ( #2962 ), #2207, .F. ) ;
#1491 = ORIENTED_EDGE ( 'NONE', *, *, #1527, .T. ) ;
#1492 = DIRECTION ( 'NONE',  ( -1.594070221167876943E-14, 0.000000000000000000, -1.000000000000000000 ) ) ;
#1493 = EDGE_LOOP ( 'NONE', ( #2071, #3563 ) ) ;
#1494 = CARTESIAN_POINT ( 'NONE',  ( -84.77307328957505206, -3.639871018026278549, -14.02477631312447315 ) ) ;
#1495 = CARTESIAN_POINT ( 'NONE',  ( -100.0000000000000142, 4.500000000000000000, -7.102674842672810129 ) ) ;
#1496 = DIRECTION ( 'NONE',  ( -0.9945218953682726237, -0.000000000000000000, -0.1045284632676603404 ) ) ;
#1497 = ADVANCED_FACE ( 'NONE', ( #3603 ), #2421, .F. ) ;
#1498 = CIRCLE ( 'NONE', #3138, 0.5000000000000016653 ) ;
#1499 = ORIENTED_EDGE ( 'NONE', *, *, #70, .T. ) ;
#1500 = LINE ( 'NONE', #2366, #786 ) ;
#1501 = AXIS2_PLACEMENT_3D ( 'NONE', #2562, #50, #417 ) ;
#1502 = CARTESIAN_POINT ( 'NONE',  ( -93.30384757729339640, 4.500000000000000000, -7.504598631319490565 ) ) ;
#1503 = DIRECTION ( 'NONE',  ( -0.000000000000000000, -1.000000000000000000, -0.000000000000000000 ) ) ;
#1504 = EDGE_LOOP ( 'NONE', ( #387, #3415, #1903, #3266, #2539, #2936, #1215, #3161, #2059, #2748, #2958, #2338, #3323, #3558, #1546, #2458, #1625 ) ) ;
#1505 = EDGE_LOOP ( 'NONE', ( #3068, #1866, #3517, #2981 ) ) ;
#1506 = PLANE ( 'NONE',  #1313 ) ;
#1507 = ORIENTED_EDGE ( 'NONE', *, *, #438, .T. ) ;
#1508 = EDGE_CURVE ( 'NONE', #464, #729, #3501, .T. ) ;
#1509 = EDGE_CURVE ( 'NONE', #410, #2550, #1741, .T. ) ;
#1510 = EDGE_CURVE ( 'NONE', #1310, #2411, #1045, .T. ) ;
#1511 = CARTESIAN_POINT ( 'NONE',  ( -50.73723508353739930, -1.250000000000000000, 48.22293691396256321 ) ) ;
#1512 = VECTOR ( 'NONE', #1988, 1000.000000000000114 ) ;
#1513 = ORIENTED_EDGE ( 'NONE', *, *, #32, .F. ) ;
#1514 = DIRECTION ( 'NONE',  ( 0.000000000000000000, -1.000000000000000000, 0.000000000000000000 ) ) ;
#1515 = CYLINDRICAL_SURFACE ( 'NONE', #3007, 0.5000000000000002220 ) ;
#1516 = UNCERTAINTY_MEASURE_WITH_UNIT (LENGTH_MEASURE( 1.000000000000000082E-05 ), #2572, 'distance_accuracy_value', 'NONE');
#1517 = DIRECTION ( 'NONE',  ( 0.8660254037844374864, 0.000000000000000000, -0.5000000000000019984 ) ) ;
#1518 = CIRCLE ( 'NONE', #760, 10.50000000000000178 ) ;
#1519 = ORIENTED_EDGE ( 'NONE', *, *, #1633, .F. ) ;
#1520 = DIRECTION ( 'NONE',  ( 0.000000000000000000, -1.000000000000000000, 0.000000000000000000 ) ) ;
#1521 = PLANE ( 'NONE',  #3384 ) ;
#1522 = DIRECTION ( 'NONE',  ( 0.1045284632676605208, 0.000000000000000000, -0.9945218953682726237 ) ) ;
#1523 = CYLINDRICAL_SURFACE ( 'NONE', #161, 36.50000000000000000 ) ;
#1524 = ORIENTED_EDGE ( 'NONE', *, *, #1136, .T. ) ;
#1525 = ORIENTED_EDGE ( 'NONE', *, *, #3025, .T. ) ;
#1526 = ORIENTED_EDGE ( 'NONE', *, *, #372, .F. ) ;
#1527 = EDGE_CURVE ( 'NONE', #1384, #1683, #2970, .T. ) ;
#1528 = DIRECTION ( 'NONE',  ( -0.000000000000000000, -1.000000000000000000, -0.000000000000000000 ) ) ;
#1529 = VERTEX_POINT ( 'NONE', #2706 ) ;
#1530 = DIRECTION ( 'NONE',  ( -0.000000000000000000, -1.000000000000000000, -0.000000000000000000 ) ) ;
#1531 = CARTESIAN_POINT ( 'NONE',  ( -76.44744111674236819, -4.000000000000000000, -10.30844620861295091 ) ) ;
#1532 = CARTESIAN_POINT ( 'NONE',  ( -1.097548864310432526, -4.500000000000000000, 10.44247990136686433 ) ) ;
#1533 = DIRECTION ( 'NONE',  ( -0.000000000000000000, -1.000000000000000000, -0.000000000000000000 ) ) ;
#1534 = EDGE_CURVE ( 'NONE', #1354, #776, #2982, .T. ) ;
#1535 = ORIENTED_EDGE ( 'NONE', *, *, #1919, .F. ) ;
#1536 = CARTESIAN_POINT ( 'NONE',  ( -78.70577136593992407, -3.500000000000111022, 11.78001105950692029 ) ) ;
#1537 = CYLINDRICAL_SURFACE ( 'NONE', #2622, 61.50000000000000000 ) ;
#1538 = CARTESIAN_POINT ( 'NONE',  ( -84.57405795395119696, -3.499999999999999556, -14.38415946430236581 ) ) ;
#1539 = DIRECTION ( 'NONE',  ( -0.000000000000000000, -1.000000000000000000, -0.000000000000000000 ) ) ;
#1540 = EDGE_LOOP ( 'NONE', ( #3128, #3077, #508, #213 ) ) ;
#1541 = EDGE_LOOP ( 'NONE', ( #82, #956, #948, #210 ) ) ;
#1542 = CIRCLE ( 'NONE', #1316, 34.99999999999999289 ) ;
#1543 = DATE_AND_TIME ( #2141, #1728 ) ;
#1544 = CARTESIAN_POINT ( 'NONE',  ( -19.48543737858322444, 4.000000000000000000, -24.72026578635207272 ) ) ;
#1545 = EDGE_CURVE ( 'NONE', #2765, #3602, #3547, .T. ) ;
#1546 = ORIENTED_EDGE ( 'NONE', *, *, #854, .F. ) ;
#1547 = ORGANIZATION ( 'UNSPECIFIED', 'UNSPECIFIED', '' ) ;
#1548 = CIRCLE ( 'NONE', #81, 10.00000000000000178 ) ;
#1549 = AXIS2_PLACEMENT_3D ( 'NONE', #1468, #954, #390 ) ;
#1550 = ORIENTED_EDGE ( 'NONE', *, *, #2863, .F. ) ;
#1551 = CARTESIAN_POINT ( 'NONE',  ( -44.32184328003001639, -4.500000000000000000, -67.73818268506069273 ) ) ;
#1552 = EDGE_LOOP ( 'NONE', ( #2468, #445, #3405, #3192 ) ) ;
#1553 = FACE_OUTER_BOUND ( 'NONE', #3441, .T. ) ;
#1554 = CARTESIAN_POINT ( 'NONE',  ( -103.8526548059882799, 1.999999999999997780, -13.77566871066793830 ) ) ;
#1555 = CARTESIAN_POINT ( 'NONE',  ( -67.34936490538899534, -4.000000000000000000, -0.5501159594152940091 ) ) ;
#1556 = ORIENTED_EDGE ( 'NONE', *, *, #3422, .F. ) ;
#1557 = DIRECTION ( 'NONE',  ( -0.5000000000000026645, 0.000000000000000000, -0.8660254037844371533 ) ) ;
#1558 = EDGE_CURVE ( 'NONE', #153, #1573, #1107, .T. ) ;
#1559 = ADVANCED_FACE ( 'NONE', ( #195 ), #1944, .T. ) ;
#1560 = CIRCLE ( 'NONE', #3608, 61.50000000000000000 ) ;
#1561 = EDGE_CURVE ( 'NONE', #2052, #73, #2776, .T. ) ;
#1562 = DIRECTION ( 'NONE',  ( -0.8660254037844368202, 0.000000000000000000, 0.5000000000000032196 ) ) ;
#1563 = DIRECTION ( 'NONE',  ( 0.000000000000000000, 0.000000000000000000, -1.000000000000000000 ) ) ;
#1564 = ORIENTED_EDGE ( 'NONE', *, *, #3510, .T. ) ;
#1565 = AXIS2_PLACEMENT_3D ( 'NONE', #238, #2728, #766 ) ;
#1566 = EDGE_LOOP ( 'NONE', ( #2783, #2185, #1868, #2889 ) ) ;
#1567 = DIRECTION ( 'NONE',  ( -0.5000000000000048850, 0.000000000000000000, -0.8660254037844358210 ) ) ;
#1568 = CIRCLE ( 'NONE', #805, 0.4999999999999989453 ) ;
#1569 = ORIENTED_EDGE ( 'NONE', *, *, #537, .T. ) ;
#1570 = ORIENTED_EDGE ( 'NONE', *, *, #537, .F. ) ;
#1571 = EDGE_CURVE ( 'NONE', #464, #2023, #3507, .T. ) ;
#1572 = CARTESIAN_POINT ( 'NONE',  ( -67.62270990891811095, 0.2647510097456554634, 6.976436606476882574 ) ) ;
#1573 = VERTEX_POINT ( 'NONE', #3267 ) ;
#1574 = LINE ( 'NONE', #3306, #2560 ) ;
#1575 = EDGE_CURVE ( 'NONE', #680, #718, #169, .T. ) ;
#1576 = CARTESIAN_POINT ( 'NONE',  ( -1.097548864310415428, -4.000000000000000000, 10.44247990136686610 ) ) ;
#1577 = CIRCLE ( 'NONE', #1401, 0.5000000000000004441 ) ;
#1578 = CARTESIAN_POINT ( 'NONE',  ( -100.0000000000003268, -2.000000000000017764, -7.102674842672427324 ) ) ;
#1579 = VECTOR ( 'NONE', #1889, 1000.000000000000000 ) ;
#1580 = ORIENTED_EDGE ( 'NONE', *, *, #1359, .F. ) ;
#1581 = DIRECTION ( 'NONE',  ( -0.5000000000000026645, 0.000000000000000000, -0.8660254037844371533 ) ) ;
#1582 = AXIS2_PLACEMENT_3D ( 'NONE', #2319, #367, #1763 ) ;
#1583 = DIRECTION ( 'NONE',  ( 0.000000000000000000, 0.000000000000000000, -1.000000000000000000 ) ) ;
#1584 = DIRECTION ( 'NONE',  ( 1.421354073864867820E-14, 0.000000000000000000, 1.000000000000000000 ) ) ;
#1585 = DIRECTION ( 'NONE',  ( -0.5000000000000022204, 0.000000000000000000, -0.8660254037844373753 ) ) ;
#1586 = ORIENTED_EDGE ( 'NONE', *, *, #260, .F. ) ;
#1587 = EDGE_LOOP ( 'NONE', ( #2781, #100, #2628, #1848 ) ) ;
#1588 = COORDINATED_UNIVERSAL_TIME_OFFSET ( 5, 30, .AHEAD. ) ;
#1589 = DIRECTION ( 'NONE',  ( 0.5000000000000066613, 0.000000000000000000, 0.8660254037844348218 ) ) ;
#1590 = ORIENTED_EDGE ( 'NONE', *, *, #3177, .T. ) ;
#1591 = ORIENTED_EDGE ( 'NONE', *, *, #2126, .F. ) ;
#1592 = CARTESIAN_POINT ( 'NONE',  ( -73.02756813566492156, -4.000000000000000000, 5.614947550046086810 ) ) ;
#1593 = VERTEX_POINT ( 'NONE', #2414 ) ;
#1594 = DIRECTION ( 'NONE',  ( -1.224646799147353454E-16, 0.000000000000000000, -1.000000000000000000 ) ) ;
#1595 = LINE ( 'NONE', #2707, #1306 ) ;
#1596 = CARTESIAN_POINT ( 'NONE',  ( -55.63925393469985892, -3.499999999999999556, 4.709915699857125659 ) ) ;
#1597 = ORIENTED_EDGE ( 'NONE', *, *, #3395, .T. ) ;
#1598 = CARTESIAN_POINT ( 'NONE',  ( -69.44744111674229714, -4.500000000000000000, 1.815909444369139703 ) ) ;
#1599 = DIRECTION ( 'NONE',  ( 0.9897433186107871261, 0.1428571428571426549, 0.000000000000000000 ) ) ;
#1600 = CARTESIAN_POINT ( 'NONE',  ( -71.55370078993102823, -0.1339965900662971887, 8.167760676472649806 ) ) ;
#1601 = EDGE_CURVE ( 'NONE', #2441, #216, #2844, .T. ) ;
#1602 = CARTESIAN_POINT ( 'NONE',  ( -100.0000000000003268, 1.999999999999997780, -7.102674842672433542 ) ) ;
#1603 = VERTEX_POINT ( 'NONE', #999 ) ;
#1604 = AXIS2_PLACEMENT_3D ( 'NONE', #1317, #2444, #1046 ) ;
#1605 = DIRECTION ( 'NONE',  ( 0.8660254037844369313, 0.000000000000000000, -0.5000000000000031086 ) ) ;
#1606 = ORIENTED_EDGE ( 'NONE', *, *, #3133, .T. ) ;
#1607 = VERTEX_POINT ( 'NONE', #2977 ) ;
#1608 = EDGE_CURVE ( 'NONE', #1489, #761, #3141, .T. ) ;
#1609 = CARTESIAN_POINT ( 'NONE',  ( -69.73760645350905918, 2.000604520357981642, 7.554375375243220780 ) ) ;
#1610 = CIRCLE ( 'NONE', #2144, 34.99999999999999289 ) ;
#1611 = EDGE_CURVE ( 'NONE', #1412, #3234, #1568, .T. ) ;
#1612 = ORIENTED_EDGE ( 'NONE', *, *, #1663, .T. ) ;
#1613 = CARTESIAN_POINT ( 'NONE',  ( -85.00707065584339261, 4.000000000000000000, -14.13415946430237113 ) ) ;
#1614 = CIRCLE ( 'NONE', #1080, 2.499999999999986677 ) ;
#1615 = LINE ( 'NONE', #1870, #3456 ) ;
#1616 = AXIS2_PLACEMENT_3D ( 'NONE', #1128, #285, #6 ) ;
#1617 = DIRECTION ( 'NONE',  ( -0.000000000000000000, -1.000000000000000000, -0.000000000000000000 ) ) ;
#1618 = DIRECTION ( 'NONE',  ( 0.000000000000000000, 0.000000000000000000, 1.000000000000000000 ) ) ;
#1619 = ADVANCED_FACE ( 'NONE', ( #467 ), #229, .T. ) ;
#1620 = FACE_OUTER_BOUND ( 'NONE', #396, .T. ) ;
#1621 = CARTESIAN_POINT ( 'NONE',  ( -72.66975080075506810, -3.538861436013898132, 6.699067444956011030 ) ) ;
#1622 = DIRECTION ( 'NONE',  ( -0.8660254037844368202, 0.000000000000000000, 0.5000000000000032196 ) ) ;
#1623 = EDGE_LOOP ( 'NONE', ( #1777, #735, #1202, #2393, #2322 ) ) ;
#1624 = EDGE_CURVE ( 'NONE', #410, #1019, #2506, .T. ) ;
#1625 = ORIENTED_EDGE ( 'NONE', *, *, #164, .F. ) ;
#1626 = CARTESIAN_POINT ( 'NONE',  ( -72.04551732809549947, -7.844010068295858714E-15, 3.315909444369095738 ) ) ;
#1627 = VECTOR ( 'NONE', #292, 1000.000000000000000 ) ;
#1628 = ORIENTED_EDGE ( 'NONE', *, *, #687, .F. ) ;
#1629 = AXIS2_PLACEMENT_3D ( 'NONE', #1812, #2924, #2633 ) ;
#1630 = DIRECTION ( 'NONE',  ( 0.000000000000000000, 0.000000000000000000, 1.000000000000000000 ) ) ;
#1631 = ORIENTED_EDGE ( 'NONE', *, *, #1893, .T. ) ;
#1632 = CARTESIAN_POINT ( 'NONE',  ( -55.58698970306602405, -4.000000000000000000, 4.212654752172989348 ) ) ;
#1633 = EDGE_CURVE ( 'NONE', #1683, #1305, #2166, .T. ) ;
#1634 = CARTESIAN_POINT ( 'NONE',  ( -85.00707065584340683, 4.000000000000000000, -14.13415946430237113 ) ) ;
#1635 = ORIENTED_EDGE ( 'NONE', *, *, #1831, .F. ) ;
#1636 = CYLINDRICAL_SURFACE ( 'NONE', #39, 36.50000000000000000 ) ;
#1637 = DIRECTION ( 'NONE',  ( -0.9945218953682725127, -0.000000000000000000, -0.1045284632676605069 ) ) ;
#1638 = ORIENTED_EDGE ( 'NONE', *, *, #260, .T. ) ;
#1639 = CIRCLE ( 'NONE', #459, 23.50000000000000355 ) ;
#1640 = CARTESIAN_POINT ( 'NONE',  ( -72.77756813566492156, 3.499999999999999556, 6.047960251938302889 ) ) ;
#1641 = CARTESIAN_POINT ( 'NONE',  ( -67.72859681314484703, -0.6515403790064162592, 7.001982354959922716 ) ) ;
#1642 = DIRECTION ( 'NONE',  ( 0.8660254037844395958, 0.000000000000000000, -0.4999999999999985567 ) ) ;
#1643 = ORIENTED_EDGE ( 'NONE', *, *, #263, .T. ) ;
#1644 = DIRECTION ( 'NONE',  ( -0.000000000000000000, 1.000000000000000000, -0.000000000000000000 ) ) ;
#1645 = TOROIDAL_SURFACE ( 'NONE', #1223, 2.999999999999986677, 0.5000000000000000000 ) ;
#1646 = DIRECTION ( 'NONE',  ( 0.000000000000000000, 0.000000000000000000, 1.000000000000000000 ) ) ;
#1647 = EDGE_LOOP ( 'NONE', ( #1749, #2961, #2169, #452 ) ) ;
#1648 = CARTESIAN_POINT ( 'NONE',  ( -69.94744111674229714, -3.499999999999999556, 0.9498840405847073232 ) ) ;
#1649 = EDGE_LOOP ( 'NONE', ( #2605, #1113, #431, #1218 ) ) ;
#1650 = DIRECTION ( 'NONE',  ( 0.5000000000000039968, 0.000000000000000000, 0.8660254037844363761 ) ) ;
#1651 = CARTESIAN_POINT ( 'NONE',  ( -72.78237760728127625, 4.000000000000000000, -8.960369997259689967 ) ) ;
#1652 = EDGE_CURVE ( 'NONE', #3503, #2271, #632, .T. ) ;
#1653 = DIRECTION ( 'NONE',  ( -0.5000000000000018874, 0.000000000000000000, -0.8660254037844375974 ) ) ;
#1654 = CARTESIAN_POINT ( 'NONE',  ( -80.77756813566494998, -3.499999999999999556, -7.808446208612696005 ) ) ;
#1655 = ADVANCED_FACE ( 'NONE', ( #3523 ), #430, .F. ) ;
#1656 = ORIENTED_EDGE ( 'NONE', *, *, #2969, .F. ) ;
#1657 = CARTESIAN_POINT ( 'NONE',  ( -93.30384757729341061, 1.250000000000000222, -7.504598631319490565 ) ) ;
#1658 = CARTESIAN_POINT ( 'NONE',  ( -80.87661476330221433, 4.000000000000000000, 9.000000000000024869 ) ) ;
#1659 = CARTESIAN_POINT ( 'NONE',  ( -59.45454284396947742, 4.500000000000000000, 41.00996488079906754 ) ) ;
#1660 = LINE ( 'NONE', #792, #2267 ) ;
#1661 = CARTESIAN_POINT ( 'NONE',  ( -80.04551732809562736, -7.844010068295858714E-15, -10.54049701618204260 ) ) ;
#1662 = ORIENTED_EDGE ( 'NONE', *, *, #325, .T. ) ;
#1663 = EDGE_CURVE ( 'NONE', #729, #818, #3425, .T. ) ;
#1664 = DIRECTION ( 'NONE',  ( 0.000000000000000000, 0.000000000000000000, 1.000000000000000000 ) ) ;
#1665 = VERTEX_POINT ( 'NONE', #1017 ) ;
#1666 = CARTESIAN_POINT ( 'NONE',  ( 0.000000000000000000, 4.500000000000000000, -11.99999999999999645 ) ) ;
#1667 = CARTESIAN_POINT ( 'NONE',  ( -67.78237760728121941, 4.500000000000000000, -0.3001159594152921217 ) ) ;
#1668 = FACE_OUTER_BOUND ( 'NONE', #2723, .T. ) ;
#1669 = VECTOR ( 'NONE', #1300, 999.9999999999998863 ) ;
#1670 = DIRECTION ( 'NONE',  ( -1.000000000000000000, 4.336808689942018352E-17, 0.000000000000000000 ) ) ;
#1671 = LOCAL_TIME ( 12, 50, 23.00000000000000000, #3249 ) ;
#1672 = AXIS2_PLACEMENT_3D ( 'NONE', #3108, #536, #2763 ) ;
#1673 = ORIENTED_EDGE ( 'NONE', *, *, #1487, .F. ) ;
#1674 = CYLINDRICAL_SURFACE ( 'NONE', #990, 10.50000000000000178 ) ;
#1675 = VERTEX_POINT ( 'NONE', #2992 ) ;
#1676 = CARTESIAN_POINT ( 'NONE',  ( -67.62270990891246925, 3.564531503987288854E-13, 6.976436606475519220 ) ) ;
#1677 = DIRECTION ( 'NONE',  ( 0.000000000000000000, 1.000000000000000000, 0.000000000000000000 ) ) ;
#1678 = ADVANCED_FACE ( 'NONE', ( #485 ), #2720, .F. ) ;
#1679 = EDGE_CURVE ( 'NONE', #2039, #924, #1455, .T. ) ;
#1680 = EDGE_CURVE ( 'NONE', #457, #94, #1864, .T. ) ;
#1681 = CARTESIAN_POINT ( 'NONE',  ( -70.98532365606385497, -4.000000000000000000, -11.76444943242819186 ) ) ;
#1682 = LINE ( 'NONE', #2521, #411 ) ;
#1683 = VERTEX_POINT ( 'NONE', #1901 ) ;
#1684 = CARTESIAN_POINT ( 'NONE',  ( -44.32184328003001639, -4.000000000000000000, -67.73818268506069273 ) ) ;
#1685 = TOROIDAL_SURFACE ( 'NONE', #1155, 23.00000000000000711, 0.5000000000000000000 ) ;
#1686 = VERTEX_POINT ( 'NONE', #737 ) ;
#1687 = DIRECTION ( 'NONE',  ( -0.9945218953682740670, 0.000000000000000000, 0.1045284632676468789 ) ) ;
#1688 = AXIS2_PLACEMENT_3D ( 'NONE', #2075, #421, #120 ) ;
#1689 = CARTESIAN_POINT ( 'NONE',  ( -73.46058083755714563, 3.499999999999999556, 5.864947550046090363 ) ) ;
#1690 = DIRECTION ( 'NONE',  ( 0.9945218953682740670, 0.000000000000000000, -0.1045284632676467956 ) ) ;
#1691 = ORIENTED_EDGE ( 'NONE', *, *, #1028, .F. ) ;
#1692 = CARTESIAN_POINT ( 'NONE',  ( 0.000000000000000000, -3.499999999999999556, 0.000000000000000000 ) ) ;
#1693 = ORIENTED_EDGE ( 'NONE', *, *, #344, .F. ) ;
#1694 = CARTESIAN_POINT ( 'NONE',  ( -76.65488347414567727, -1.931791750047744838, 10.52685031253431625 ) ) ;
#1695 = LINE ( 'NONE', #2197, #540 ) ;
#1696 = AXIS2_PLACEMENT_3D ( 'NONE', #3005, #2427, #1583 ) ;
#1697 = CARTESIAN_POINT ( 'NONE',  ( 0.000000000000000000, -4.000000000000000000, 0.000000000000000000 ) ) ;
#1698 = LINE ( 'NONE', #42, #2625 ) ;
#1699 = ORIENTED_EDGE ( 'NONE', *, *, #2325, .T. ) ;
#1700 = CARTESIAN_POINT ( 'NONE',  ( -69.94744111674229714, -4.500000000000000000, 0.9498840405847073232 ) ) ;
#1701 = AXIS2_PLACEMENT_3D ( 'NONE', #1958, #3319, #3067 ) ;
#1702 = ORIENTED_EDGE ( 'NONE', *, *, #3083, .F. ) ;
#1703 = CARTESIAN_POINT ( 'NONE',  ( -80.96058083755715984, -4.500000000000000000, -7.125433506720476373 ) ) ;
#1704 = CARTESIAN_POINT ( 'NONE',  ( -72.61854010710385410, 3.500000000000000444, 6.554427819087175422 ) ) ;
#1705 = DIRECTION ( 'NONE',  ( -4.230679891226269850E-17, -1.000000000000000000, 2.442584174054638095E-17 ) ) ;
#1706 = EDGE_CURVE ( 'NONE', #2374, #729, #3301, .T. ) ;
#1707 = VERTEX_POINT ( 'NONE', #446 ) ;
#1708 = ORIENTED_EDGE ( 'NONE', *, *, #995, .T. ) ;
#1709 = CARTESIAN_POINT ( 'NONE',  ( -77.48729735552835507, -1.250000000000006661, 11.01296895244230001 ) ) ;
#1710 = DIRECTION ( 'NONE',  ( 0.000000000000000000, 0.000000000000000000, -1.000000000000000000 ) ) ;
#1711 = EDGE_CURVE ( 'NONE', #107, #2826, #2085, .T. ) ;
#1712 = DIRECTION ( 'NONE',  ( 0.8660254037844350439, 0.000000000000000000, -0.5000000000000063283 ) ) ;
#1713 = VERTEX_POINT ( 'NONE', #1108 ) ;
#1714 = DIRECTION ( 'NONE',  ( 0.000000000000000000, 0.000000000000000000, -1.000000000000000000 ) ) ;
#1715 = ORIENTED_EDGE ( 'NONE', *, *, #3290, .T. ) ;
#1716 = CARTESIAN_POINT ( 'NONE',  ( -69.94744111674229714, 4.500000000000000000, 0.9498840405847073232 ) ) ;
#1717 = EDGE_CURVE ( 'NONE', #2023, #2374, #3473, .T. ) ;
#1718 = EDGE_CURVE ( 'NONE', #1607, #1281, #1162, .T. ) ;
#1719 = FACE_OUTER_BOUND ( 'NONE', #413, .T. ) ;
#1720 = CARTESIAN_POINT ( 'NONE',  ( -74.94744111674233977, -4.000000000000000000, -7.710369997259655328 ) ) ;
#1721 = DIRECTION ( 'NONE',  ( 0.000000000000000000, -1.000000000000000000, 0.000000000000000000 ) ) ;
#1722 = VECTOR ( 'NONE', #819, 1000.000000000000000 ) ;
#1723 = ORIENTED_EDGE ( 'NONE', *, *, #1679, .T. ) ;
#1724 = CARTESIAN_POINT ( 'NONE',  ( -80.96058083755715984, -3.707106781186548794, -7.125433506720476373 ) ) ;
#1725 = CIRCLE ( 'NONE', #1251, 11.99999999999999645 ) ;
#1726 = EDGE_CURVE ( 'NONE', #2379, #1101, #1940, .T. ) ;
#1727 = AXIS2_PLACEMENT_3D ( 'NONE', #1626, #1567, #2737 ) ;
#1728 = LOCAL_TIME ( 12, 50, 23.00000000000000000, #1054 ) ;
#1729 = DIRECTION ( 'NONE',  ( -1.000000000000000000, -0.000000000000000000, -0.000000000000000000 ) ) ;
#1730 = EDGE_CURVE ( 'NONE', #571, #2138, #1318, .T. ) ;
#1731 = FACE_OUTER_BOUND ( 'NONE', #2880, .T. ) ;
#1732 = ORIENTED_EDGE ( 'NONE', *, *, #1058, .F. ) ;
#1733 = CARTESIAN_POINT ( 'NONE',  ( -98.50000000000041211, 1.999999999999996669, -4.504598631319267632 ) ) ;
#1734 = ORIENTED_EDGE ( 'NONE', *, *, #2327, .T. ) ;
#1735 = CARTESIAN_POINT ( 'NONE',  ( -80.87661476330221433, -4.500000000000000000, 9.000000000000024869 ) ) ;
#1736 = CIRCLE ( 'NONE', #2383, 1.000000000000000000 ) ;
#1737 = DIRECTION ( 'NONE',  ( 0.5000000000000062172, 0.000000000000000000, 0.8660254037844349329 ) ) ;
#1738 = ADVANCED_FACE ( 'NONE', ( #3031 ), #2483, .T. ) ;
#1739 = CARTESIAN_POINT ( 'NONE',  ( -85.00707065584339261, -4.000000000000000000, -14.13415946430237113 ) ) ;
#1740 = TOROIDAL_SURFACE ( 'NONE', #1565, 10.00000000000000178, 0.5000000000000000000 ) ;
#1741 = CIRCLE ( 'NONE', #1922, 0.5000000000000004441 ) ;
#1742 = DIRECTION ( 'NONE',  ( 0.000000000000000000, 0.000000000000000000, -1.000000000000000000 ) ) ;
#1743 = VERTEX_POINT ( 'NONE', #561 ) ;
#1744 = DIRECTION ( 'NONE',  ( -0.000000000000000000, -1.000000000000000000, -0.000000000000000000 ) ) ;
#1745 = AXIS2_PLACEMENT_3D ( 'NONE', #1087, #558, #1936 ) ;
#1746 = DIRECTION ( 'NONE',  ( -0.000000000000000000, 1.000000000000000000, -0.000000000000000000 ) ) ;
#1747 = FACE_OUTER_BOUND ( 'NONE', #863, .T. ) ;
#1748 = ORIENTED_EDGE ( 'NONE', *, *, #2281, .T. ) ;
#1749 = ORIENTED_EDGE ( 'NONE', *, *, #2303, .T. ) ;
#1750 = AXIS2_PLACEMENT_3D ( 'NONE', #1632, #2150, #2172 ) ;
#1751 =( NAMED_UNIT ( * ) SI_UNIT ( $, .STERADIAN. ) SOLID_ANGLE_UNIT ( ) );
#1752 = ORIENTED_EDGE ( 'NONE', *, *, #2808, .T. ) ;
#1753 = CARTESIAN_POINT ( 'NONE',  ( -78.70577136593992407, -3.500000000000111022, 11.78001105950692029 ) ) ;
#1754 = DIRECTION ( 'NONE',  ( 0.5000000000000005551, 2.816839872632170743E-15, 0.8660254037844383745 ) ) ;
#1755 = CARTESIAN_POINT ( 'NONE',  ( -44.32184328003001639, 4.000000000000000000, -67.73818268506069273 ) ) ;
#1756 = DIRECTION ( 'NONE',  ( 0.000000000000000000, -1.000000000000000000, 0.000000000000000000 ) ) ;
#1757 = CARTESIAN_POINT ( 'NONE',  ( -37.89334278906982689, 4.000000000000000000, -6.575086119911849991 ) ) ;
#1758 = CARTESIAN_POINT ( 'NONE',  ( 0.000000000000000000, -4.000000000000000000, -10.00000000000000178 ) ) ;
#1759 = ORIENTED_EDGE ( 'NONE', *, *, #2234, .T. ) ;
#1760 = DIRECTION ( 'NONE',  ( 0.8660254037844495878, 0.000000000000000000, 0.4999999999999808487 ) ) ;
#1761 = EDGE_CURVE ( 'NONE', #3580, #759, #1660, .T. ) ;
#1762 = EDGE_CURVE ( 'NONE', #739, #2258, #2519, .T. ) ;
#1763 = DIRECTION ( 'NONE',  ( -0.1045284632676528741, 0.000000000000000000, -0.9945218953682734009 ) ) ;
#1764 = CARTESIAN_POINT ( 'NONE',  ( -74.94744111674233977, 4.500000000000000000, -7.710369997259655328 ) ) ;
#1765 = ORIENTED_EDGE ( 'NONE', *, *, #3452, .T. ) ;
#1766 = ORIENTED_EDGE ( 'NONE', *, *, #1950, .T. ) ;
#1767 = CARTESIAN_POINT ( 'NONE',  ( -37.89334278906982689, 4.500000000000000000, -6.575086119911849991 ) ) ;
#1768 = ORIENTED_EDGE ( 'NONE', *, *, #538, .F. ) ;
#1769 = ADVANCED_FACE ( 'NONE', ( #1975 ), #321, .F. ) ;
#1770 = ORIENTED_EDGE ( 'NONE', *, *, #806, .T. ) ;
#1771 = CARTESIAN_POINT ( 'NONE',  ( -75.24462349470370270, 1.738134824544369517, 9.773906324744366714 ) ) ;
#1772 = ORIENTED_EDGE ( 'NONE', *, *, #2892, .T. ) ;
#1773 = DIRECTION ( 'NONE',  ( -0.000000000000000000, -1.000000000000000000, -0.000000000000000000 ) ) ;
#1774 = DIRECTION ( 'NONE',  ( 0.8630339426737022590, 0.08304547985374272079, 0.4982728791224206866 ) ) ;
#1775 = AXIS2_PLACEMENT_3D ( 'NONE', #2743, #474, #1890 ) ;
#1776 = CARTESIAN_POINT ( 'NONE',  ( -80.87661476330221433, 4.500000000000000000, -15.99999999999996980 ) ) ;
#1777 = ORIENTED_EDGE ( 'NONE', *, *, #3059, .F. ) ;
#1778 = LINE ( 'NONE', #2350, #2886 ) ;
#1779 = AXIS2_PLACEMENT_3D ( 'NONE', #133, #3469, #946 ) ;
#1780 = LINE ( 'NONE', #2007, #2518 ) ;
#1781 = CIRCLE ( 'NONE', #1909, 23.00000000000000711 ) ;
#1782 = CARTESIAN_POINT ( 'NONE',  ( 0.000000000000000000, 4.000000000000000000, 0.000000000000000000 ) ) ;
#1783 = EDGE_CURVE ( 'NONE', #2237, #1593, #3048, .T. ) ;
#1784 = LINE ( 'NONE', #2008, #3498 ) ;
#1785 = AXIS2_PLACEMENT_3D ( 'NONE', #1416, #1433, #1147 ) ;
#1786 = ORIENTED_EDGE ( 'NONE', *, *, #369, .T. ) ;
#1787 = ADVANCED_FACE ( 'NONE', ( #2552 ), #2242, .T. ) ;
#1788 = SECURITY_CLASSIFICATION ( '', '', #773 ) ;
#1789 = TOROIDAL_SURFACE ( 'NONE', #1969, 2.999999999999996447, 0.5000000000000000000 ) ;
#1790 = CARTESIAN_POINT ( 'NONE',  ( 0.000000000000000000, 0.000000000000000000, 0.000000000000000000 ) ) ;
#1791 = ORIENTED_EDGE ( 'NONE', *, *, #2576, .F. ) ;
#1792 = ORIENTED_EDGE ( 'NONE', *, *, #524, .F. ) ;
#1793 = CARTESIAN_POINT ( 'NONE',  ( -77.48729735552835507, 1.250000000000005773, 11.01296895244230001 ) ) ;
#1794 = VERTEX_POINT ( 'NONE', #3100 ) ;
#1795 = DIRECTION ( 'NONE',  ( -0.000000000000000000, 1.000000000000000000, -0.000000000000000000 ) ) ;
#1796 = CARTESIAN_POINT ( 'NONE',  ( -87.32756278789905480, 4.500000000000000000, -15.15336973558655309 ) ) ;
#1797 = DIRECTION ( 'NONE',  ( -0.9945218953682740670, 0.000000000000000000, 0.1045284632676468928 ) ) ;
#1798 = AXIS2_PLACEMENT_3D ( 'NONE', #3092, #1118, #1653 ) ;
#1799 = ORIENTED_EDGE ( 'NONE', *, *, #524, .T. ) ;
#1800 = CARTESIAN_POINT ( 'NONE',  ( -44.32184328003001639, 4.500000000000000000, -67.73818268506069273 ) ) ;
#1801 = AXIS2_PLACEMENT_3D ( 'NONE', #2035, #1797, #3203 ) ;
#1802 = FACE_OUTER_BOUND ( 'NONE', #1041, .T. ) ;
#1803 = CARTESIAN_POINT ( 'NONE',  ( -1.254341559211761270, 4.500000000000000000, -11.93426274441928570 ) ) ;
#1804 = ORIENTED_EDGE ( 'NONE', *, *, #731, .T. ) ;
#1805 = ORIENTED_EDGE ( 'NONE', *, *, #2106, .T. ) ;
#1806 = MECHANICAL_CONTEXT ( 'NONE', #2178, 'mechanical' ) ;
#1807 = VERTEX_POINT ( 'NONE', #3317 ) ;
#1808 = EDGE_CURVE ( 'NONE', #392, #1248, #3358, .T. ) ;
#1809 = CARTESIAN_POINT ( 'NONE',  ( -76.44744111674236819, 3.499999999999999556, -10.30844620861294558 ) ) ;
#1810 = AXIS2_PLACEMENT_3D ( 'NONE', #256, #2465, #2749 ) ;
#1811 = ORIENTED_EDGE ( 'NONE', *, *, #728, .T. ) ;
#1812 = CARTESIAN_POINT ( 'NONE',  ( -69.94744111674229714, 4.000000000000000000, 0.9498840405847073232 ) ) ;
#1813 = FACE_OUTER_BOUND ( 'NONE', #3466, .T. ) ;
#1814 = FACE_OUTER_BOUND ( 'NONE', #158, .T. ) ;
#1815 = CIRCLE ( 'NONE', #3216, 0.4999999999999996669 ) ;
#1816 = EDGE_LOOP ( 'NONE', ( #676, #1242, #530, #3251, #791, #3512, #1458, #365, #3482, #376, #977, #189 ) ) ;
#1817 = CARTESIAN_POINT ( 'NONE',  ( -73.42846845368595154, -4.500000000000016875, 8.920567830463129511 ) ) ;
#1818 =( BOUNDED_CURVE ( )  B_SPLINE_CURVE ( 3, ( #1435, #526, #1994, #2292 ),
 .UNSPECIFIED., .F., .F. ) 
 B_SPLINE_CURVE_WITH_KNOTS ( ( 4, 4 ),
 ( 1.570796326794902553, 3.141592653589793116 ),
 .UNSPECIFIED. ) 
 CURVE ( )  GEOMETRIC_REPRESENTATION_ITEM ( )  RATIONAL_B_SPLINE_CURVE ( ( 1.000000000000000000, 0.8047378541243663808, 0.8047378541243663808, 1.000000000000000000 ) ) 
 REPRESENTATION_ITEM ( '' )  );
#1819 = EDGE_CURVE ( 'NONE', #2722, #2149, #2373, .T. ) ;
#1820 = PLANE ( 'NONE',  #3275 ) ;
#1821 = DIRECTION ( 'NONE',  ( -0.000000000000000000, -1.000000000000000000, -0.000000000000000000 ) ) ;
#1822 = CARTESIAN_POINT ( 'NONE',  ( -80.87661476330221433, -4.500000000000000000, 9.000000000000024869 ) ) ;
#1823 = ORIENTED_EDGE ( 'NONE', *, *, #1611, .T. ) ;
#1824 = VERTEX_POINT ( 'NONE', #3066 ) ;
#1825 = CARTESIAN_POINT ( 'NONE',  ( -1.045284632676468650, -3.499999999999999556, -9.945218953682740448 ) ) ;
#1826 = ORIENTED_EDGE ( 'NONE', *, *, #3386, .F. ) ;
#1827 = VERTEX_POINT ( 'NONE', #2820 ) ;
#1828 = DIRECTION ( 'NONE',  ( -0.000000000000000000, -1.000000000000000000, -0.000000000000000000 ) ) ;
#1829 = ORIENTED_EDGE ( 'NONE', *, *, #2093, .T. ) ;
#1830 = DIRECTION ( 'NONE',  ( -0.000000000000000000, -1.000000000000000000, -0.000000000000000000 ) ) ;
#1831 = EDGE_CURVE ( 'NONE', #1403, #464, #1146, .T. ) ;
#1832 = DIRECTION ( 'NONE',  ( -0.8660254037844355990, -0.000000000000000000, 0.5000000000000052180 ) ) ;
#1833 = ADVANCED_FACE ( 'NONE', ( #245 ), #544, .F. ) ;
#1834 = EDGE_CURVE ( 'NONE', #2905, #1713, #3336, .T. ) ;
#1835 = DIRECTION ( 'NONE',  ( 0.000000000000000000, 1.000000000000000000, 0.000000000000000000 ) ) ;
#1836 = VERTEX_POINT ( 'NONE', #2256 ) ;
#1837 = DIRECTION ( 'NONE',  ( 0.000000000000000000, 1.000000000000000000, 0.000000000000000000 ) ) ;
#1838 = CARTESIAN_POINT ( 'NONE',  ( -1.097548864310291750, -4.500000000000000000, -10.44247990136687854 ) ) ;
#1839 = DIRECTION ( 'NONE',  ( 0.000000000000000000, -0.000000000000000000, 1.000000000000000000 ) ) ;
#1840 = EDGE_CURVE ( 'NONE', #871, #1229, #137, .T. ) ;
#1841 = FACE_OUTER_BOUND ( 'NONE', #2807, .T. ) ;
#1842 = ORIENTED_EDGE ( 'NONE', *, *, #1834, .T. ) ;
#1843 = TOROIDAL_SURFACE ( 'NONE', #27, 62.00000000000000000, 0.5000000000000000000 ) ;
#1844 = APPROVAL_ROLE ( '' ) ;
#1845 = DIRECTION ( 'NONE',  ( 0.000000000000000000, 0.000000000000000000, 1.000000000000000000 ) ) ;
#1846 = EDGE_LOOP ( 'NONE', ( #1885, #3420, #1036, #2837, #2286, #1454, #335, #477, #3139 ) ) ;
#1847 = VECTOR ( 'NONE', #1828, 1000.000000000000000 ) ;
#1848 = ORIENTED_EDGE ( 'NONE', *, *, #70, .F. ) ;
#1849 = VECTOR ( 'NONE', #2846, 1000.000000000000000 ) ;
#1850 = VECTOR ( 'NONE', #867, 1000.000000000000000 ) ;
#1851 = DIRECTION ( 'NONE',  ( 0.5000000000000012212, 0.000000000000000000, 0.8660254037844379305 ) ) ;
#1852 = ORIENTED_EDGE ( 'NONE', *, *, #1996, .F. ) ;
#1853 = CARTESIAN_POINT ( 'NONE',  ( 8.196835435408573289, -1.249999999999989786, 14.19733543540852061 ) ) ;
#1854 = CYLINDRICAL_SURFACE ( 'NONE', #1963, 7.000000000000000888 ) ;
#1855 = DIRECTION ( 'NONE',  ( -0.000000000000000000, -1.000000000000000000, -0.000000000000000000 ) ) ;
#1856 = EDGE_LOOP ( 'NONE', ( #594, #115, #2132, #2307 ) ) ;
#1857 = FACE_OUTER_BOUND ( 'NONE', #1485, .T. ) ;
#1858 = VECTOR ( 'NONE', #3160, 1000.000000000000000 ) ;
#1859 = LINE ( 'NONE', #2988, #3564 ) ;
#1860 = CARTESIAN_POINT ( 'NONE',  ( -71.45359296792962311, -0.6532942626580078294, 8.131012384087215494 ) ) ;
#1861 = DIRECTION ( 'NONE',  ( -0.8660254037844380415, 0.000000000000000000, 0.5000000000000011102 ) ) ;
#1862 = VERTEX_POINT ( 'NONE', #3132 ) ;
#1863 = AXIS2_PLACEMENT_3D ( 'NONE', #1720, #326, #1442 ) ;
#1864 = LINE ( 'NONE', #2679, #3622 ) ;
#1865 = VERTEX_POINT ( 'NONE', #623 ) ;
#1866 = ORIENTED_EDGE ( 'NONE', *, *, #2156, .T. ) ;
#1867 = CARTESIAN_POINT ( 'NONE',  ( -69.35386111213588833, 1.998721182241933958, 7.438027741665589332 ) ) ;
#1868 = ORIENTED_EDGE ( 'NONE', *, *, #2104, .F. ) ;
#1869 = CARTESIAN_POINT ( 'NONE',  ( 0.000000000000000000, 4.500000000000000000, 0.000000000000000000 ) ) ;
#1870 = CARTESIAN_POINT ( 'NONE',  ( -26.57554842428787722, 1.249999999999989786, -46.03020010987334842 ) ) ;
#1871 = TOROIDAL_SURFACE ( 'NONE', #752, 10.00000000000000178, 0.5000000000000000000 ) ;
#1872 = CARTESIAN_POINT ( 'NONE',  ( -67.78237760728121941, -3.499999999999999556, -0.3001159594152921217 ) ) ;
#1873 = EDGE_CURVE ( 'NONE', #2149, #2189, #787, .T. ) ;
#1874 = ORIENTED_EDGE ( 'NONE', *, *, #307, .T. ) ;
#1875 = DIRECTION ( 'NONE',  ( -0.8660254037844372643, 0.000000000000000000, 0.5000000000000026645 ) ) ;
#1876 = VECTOR ( 'NONE', #678, 1000.000000000000114 ) ;
#1877 = CYLINDRICAL_SURFACE ( 'NONE', #533, 1.000000000000000000 ) ;
#1878 = CARTESIAN_POINT ( 'NONE',  ( -69.73678316465867510, -2.000578781380375037, 7.554127128883247444 ) ) ;
#1879 = CARTESIAN_POINT ( 'NONE',  ( -1.097548864310292194, 4.500000000000000000, -10.44247990136688031 ) ) ;
#1880 = ORIENTED_EDGE ( 'NONE', *, *, #1527, .F. ) ;
#1881 = VERTEX_POINT ( 'NONE', #144 ) ;
#1882 = ADVANCED_FACE ( 'NONE', ( #2320, #1747 ), #1246, .F. ) ;
#1883 = DATE_AND_TIME ( #429, #206 ) ;
#1884 = CARTESIAN_POINT ( 'NONE',  ( -76.44744111674236819, 4.000000000000000000, -10.30844620861294914 ) ) ;
#1885 = ORIENTED_EDGE ( 'NONE', *, *, #1288, .T. ) ;
#1886 = ORIENTED_EDGE ( 'NONE', *, *, #3318, .T. ) ;
#1887 = DIRECTION ( 'NONE',  ( 0.8660254037844355990, 0.000000000000000000, -0.5000000000000052180 ) ) ;
#1888 = ORIENTED_EDGE ( 'NONE', *, *, #56, .T. ) ;
#1889 = DIRECTION ( 'NONE',  ( -0.000000000000000000, -1.000000000000000000, -0.000000000000000000 ) ) ;
#1890 = DIRECTION ( 'NONE',  ( 0.000000000000000000, 0.000000000000000000, 1.000000000000000000 ) ) ;
#1891 = EDGE_CURVE ( 'NONE', #1470, #457, #610, .T. ) ;
#1892 = FACE_OUTER_BOUND ( 'NONE', #2413, .T. ) ;
#1893 = EDGE_CURVE ( 'NONE', #1881, #3211, #2657, .T. ) ;
#1894 = CARTESIAN_POINT ( 'NONE',  ( -58.93407051894542548, -4.500000000000000000, 34.02560147855387385 ) ) ;
#1895 = DIRECTION ( 'NONE',  ( 0.000000000000000000, 0.000000000000000000, 1.000000000000000000 ) ) ;
#1896 = CARTESIAN_POINT ( 'NONE',  ( -76.19744111674236819, -4.500000000000000000, -9.875433506720737498 ) ) ;
#1897 = CARTESIAN_POINT ( 'NONE',  ( -78.70577136593992407, 1.250000000000000222, 11.78001105950692384 ) ) ;
#1898 = ORIENTED_EDGE ( 'NONE', *, *, #975, .F. ) ;
#1899 = VECTOR ( 'NONE', #2173, 1000.000000000000114 ) ;
#1900 = ADVANCED_FACE ( 'NONE', ( #72 ), #2603, .F. ) ;
#1901 = CARTESIAN_POINT ( 'NONE',  ( -73.42846845368596576, 1.249999999999999778, 8.920567830463129511 ) ) ;
#1902 = EDGE_CURVE ( 'NONE', #1827, #1989, #679, .T. ) ;
#1903 = ORIENTED_EDGE ( 'NONE', *, *, #637, .T. ) ;
#1904 = VECTOR ( 'NONE', #691, 1000.000000000000000 ) ;
#1905 = DIRECTION ( 'NONE',  ( -0.000000000000000000, -1.000000000000000000, 0.000000000000000000 ) ) ;
#1906 = CIRCLE ( 'NONE', #559, 0.4999999999999992784 ) ;
#1907 = ORIENTED_EDGE ( 'NONE', *, *, #995, .F. ) ;
#1908 = DIRECTION ( 'NONE',  ( 0.9945218953682741780, 0.000000000000000000, -0.1045284632676468789 ) ) ;
#1909 = AXIS2_PLACEMENT_3D ( 'NONE', #423, #3129, #366 ) ;
#1910 = PLANE ( 'NONE',  #1604 ) ;
#1911 = DIRECTION ( 'NONE',  ( 0.000000000000000000, 0.000000000000000000, -1.000000000000000000 ) ) ;
#1912 = DIRECTION ( 'NONE',  ( -0.5000000000000097700, 0.000000000000000000, -0.8660254037844330455 ) ) ;
#1913 = CARTESIAN_POINT ( 'NONE',  ( -44.32184328003001639, 4.500000000000000000, -6.238182685060697175 ) ) ;
#1914 = DIRECTION ( 'NONE',  ( -1.000000000000000000, -0.000000000000000000, -0.000000000000000000 ) ) ;
#1915 = DIRECTION ( 'NONE',  ( -0.5000000000000022204, 0.000000000000000000, -0.8660254037844373753 ) ) ;
#1916 = ORIENTED_EDGE ( 'NONE', *, *, #193, .F. ) ;
#1917 = AXIS2_PLACEMENT_3D ( 'NONE', #1421, #3341, #837 ) ;
#1918 = CARTESIAN_POINT ( 'NONE',  ( -74.94744111674233977, -3.499999999999999556, -7.710369997259655328 ) ) ;
#1919 = EDGE_CURVE ( 'NONE', #2258, #3297, #3597, .T. ) ;
#1920 = CIRCLE ( 'NONE', #3084, 0.5000000000000004441 ) ;
#1921 = EDGE_LOOP ( 'NONE', ( #895, #347, #1898, #3333 ) ) ;
#1922 = AXIS2_PLACEMENT_3D ( 'NONE', #3038, #1095, #1594 ) ;
#1923 = DIRECTION ( 'NONE',  ( 0.000000000000000000, 0.000000000000000000, 1.000000000000000000 ) ) ;
#1924 = ORIENTED_EDGE ( 'NONE', *, *, #1160, .T. ) ;
#1925 = DIRECTION ( 'NONE',  ( -0.9897433186107871261, 0.1428571428571425161, 0.000000000000000000 ) ) ;
#1926 = DIRECTION ( 'NONE',  ( 0.000000000000000000, 0.000000000000000000, 1.000000000000000000 ) ) ;
#1927 = DIRECTION ( 'NONE',  ( -0.000000000000000000, -1.000000000000000000, -0.000000000000000000 ) ) ;
#1928 = PRODUCT_RELATED_PRODUCT_CATEGORY ( 'detail', '', ( #2718 ) ) ;
#1929 = FACE_OUTER_BOUND ( 'NONE', #2775, .T. ) ;
#1930 = AXIS2_PLACEMENT_3D ( 'NONE', #976, #3210, #698 ) ;
#1931 = AXIS2_PLACEMENT_3D ( 'NONE', #2935, #1289, #1271 ) ;
#1932 = VERTEX_POINT ( 'NONE', #2586 ) ;
#1933 = AXIS2_PLACEMENT_3D ( 'NONE', #1173, #3148, #364 ) ;
#1934 = CARTESIAN_POINT ( 'NONE',  ( -90.86227374922169986, -4.500000000000016875, -21.27566871066797205 ) ) ;
#1935 = CARTESIAN_POINT ( 'NONE',  ( -73.46058083755714563, 4.000000000000000000, 5.864947550046090363 ) ) ;
#1936 = DIRECTION ( 'NONE',  ( 0.5000000000000062172, 0.000000000000000000, 0.8660254037844349329 ) ) ;
#1937 = EDGE_CURVE ( 'NONE', #2189, #1836, #1195, .T. ) ;
#1938 = CARTESIAN_POINT ( 'NONE',  ( -77.03076468767699225, 3.833698158113579613, 10.67682983191370027 ) ) ;
#1939 = FACE_OUTER_BOUND ( 'NONE', #3178, .T. ) ;
#1940 =( BOUNDED_CURVE ( )  B_SPLINE_CURVE ( 3, ( #1363, #1938, #265, #2502 ),
 .UNSPECIFIED., .F., .F. ) 
 B_SPLINE_CURVE_WITH_KNOTS ( ( 4, 4 ),
 ( 1.511988835550502230, 1.683690954920681770 ),
 .UNSPECIFIED. ) 
 CURVE ( )  GEOMETRIC_REPRESENTATION_ITEM ( )  RATIONAL_B_SPLINE_CURVE ( ( 1.000000000000000000, 0.9975447071146892331, 0.9975447071146892331, 1.000000000000000000 ) ) 
 REPRESENTATION_ITEM ( '' )  );
#1941 = VERTEX_POINT ( 'NONE', #3438 ) ;
#1942 = DIRECTION ( 'NONE',  ( 0.000000000000000000, 0.000000000000000000, -1.000000000000000000 ) ) ;
#1943 = ORIENTED_EDGE ( 'NONE', *, *, #2083, .T. ) ;
#1944 = CYLINDRICAL_SURFACE ( 'NONE', #2671, 2.499999999999986677 ) ;
#1945 = LINE ( 'NONE', #1634, #3497 ) ;
#1946 = AXIS2_PLACEMENT_3D ( 'NONE', #3065, #2768, #908 ) ;
#1947 = DIRECTION ( 'NONE',  ( 0.000000000000000000, 0.000000000000000000, 1.000000000000000000 ) ) ;
#1948 = ADVANCED_FACE ( 'NONE', ( #425 ), #1227, .T. ) ;
#1949 = DIRECTION ( 'NONE',  ( -0.000000000000000000, -1.000000000000000000, -0.000000000000000000 ) ) ;
#1950 = EDGE_CURVE ( 'NONE', #719, #1296, #2953, .T. ) ;
#1951 = EDGE_CURVE ( 'NONE', #2536, #122, #974, .T. ) ;
#1952 = ORIENTED_EDGE ( 'NONE', *, *, #3422, .T. ) ;
#1953 = CYLINDRICAL_SURFACE ( 'NONE', #405, 11.99999999999999645 ) ;
#1954 = ORIENTED_EDGE ( 'NONE', *, *, #1424, .T. ) ;
#1955 = CARTESIAN_POINT ( 'NONE',  ( -67.68944711763295174, -0.5257752537906807966, 6.992512065674363342 ) ) ;
#1956 = CYLINDRICAL_SURFACE ( 'NONE', #2696, 0.5000000000000018874 ) ;
#1957 = DIRECTION ( 'NONE',  ( -0.5000000000000022204, 0.000000000000000000, -0.8660254037844373753 ) ) ;
#1958 = CARTESIAN_POINT ( 'NONE',  ( -59.45454284396947742, 4.000000000000000000, 41.00996488079906754 ) ) ;
#1959 = ORIENTED_EDGE ( 'NONE', *, *, #3565, .F. ) ;
#1960 = PLANE ( 'NONE',  #2079 ) ;
#1961 = VERTEX_POINT ( 'NONE', #992 ) ;
#1962 = DIRECTION ( 'NONE',  ( 0.5000000000000012212, -2.704166277726882904E-14, 0.8660254037844381525 ) ) ;
#1963 = AXIS2_PLACEMENT_3D ( 'NONE', #2112, #2942, #2631 ) ;
#1964 = CIRCLE ( 'NONE', #3243, 61.50000000000000000 ) ;
#1965 = CARTESIAN_POINT ( 'NONE',  ( -80.87661476330221433, 4.000000000000000000, 9.000000000000024869 ) ) ;
#1966 = AXIS2_PLACEMENT_3D ( 'NONE', #3577, #1914, #3006 ) ;
#1967 = LINE ( 'NONE', #2284, #3184 ) ;
#1968 = CIRCLE ( 'NONE', #379, 2.499999999999996891 ) ;
#1969 = AXIS2_PLACEMENT_3D ( 'NONE', #3379, #2266, #239 ) ;
#1970 = ORIENTED_EDGE ( 'NONE', *, *, #397, .F. ) ;
#1971 = CARTESIAN_POINT ( 'NONE',  ( -85.50961894323383206, 1.250000000000000000, -12.00459863131930049 ) ) ;
#1972 = ORIENTED_EDGE ( 'NONE', *, *, #1680, .T. ) ;
#1973 = CARTESIAN_POINT ( 'NONE',  ( -80.96058083755715984, -4.000000000000000000, -7.125433506720476373 ) ) ;
#1974 = DIRECTION ( 'NONE',  ( 0.000000000000000000, 0.000000000000000000, -1.000000000000000000 ) ) ;
#1975 = FACE_OUTER_BOUND ( 'NONE', #1649, .T. ) ;
#1976 = CARTESIAN_POINT ( 'NONE',  ( -47.27313346839905250, -7.844010068295858714E-15, 46.22293691396224347 ) ) ;
#1977 = ORIENTED_EDGE ( 'NONE', *, *, #3064, .F. ) ;
#1978 = DIRECTION ( 'NONE',  ( 0.000000000000000000, 1.000000000000000000, -0.000000000000000000 ) ) ;
#1979 = VECTOR ( 'NONE', #222, 1000.000000000000000 ) ;
#1980 = ORIENTED_EDGE ( 'NONE', *, *, #2863, .T. ) ;
#1981 = CARTESIAN_POINT ( 'NONE',  ( -1.097548864310291750, 4.500000000000000000, -10.44247990136687854 ) ) ;
#1982 = AXIS2_PLACEMENT_3D ( 'NONE', #363, #2348, #2113 ) ;
#1983 = ADVANCED_FACE ( 'NONE', ( #2042 ), #1375, .F. ) ;
#1984 = CARTESIAN_POINT ( 'NONE',  ( -72.75188583115006224, 3.719474283442566698, 6.932433932996882930 ) ) ;
#1985 = DIRECTION ( 'NONE',  ( 0.000000000000000000, -1.000000000000000000, 0.000000000000000000 ) ) ;
#1986 = EDGE_CURVE ( 'NONE', #1529, #3095, #1968, .T. ) ;
#1987 = ORIENTED_EDGE ( 'NONE', *, *, #2391, .F. ) ;
#1988 = DIRECTION ( 'NONE',  ( -0.8660254037844350439, 0.000000000000000000, 0.5000000000000062172 ) ) ;
#1989 = VERTEX_POINT ( 'NONE', #2337 ) ;
#1990 = CARTESIAN_POINT ( 'NONE',  ( -96.67426036008494350, 2.809163929579745034, -11.05229196855014528 ) ) ;
#1991 = AXIS2_PLACEMENT_3D ( 'NONE', #280, #1395, #1123 ) ;
#1992 = DIRECTION ( 'NONE',  ( -0.000000000000000000, -1.000000000000000000, -0.000000000000000000 ) ) ;
#1993 = ADVANCED_FACE ( 'NONE', ( #2063 ), #2352, .T. ) ;
#1994 = CARTESIAN_POINT ( 'NONE',  ( -80.96058083755714563, 3.707106781186548350, -7.125433506720471044 ) ) ;
#1995 = ORIENTED_EDGE ( 'NONE', *, *, #3318, .F. ) ;
#1996 = EDGE_CURVE ( 'NONE', #1121, #627, #124, .T. ) ;
#1997 = CARTESIAN_POINT ( 'NONE',  ( -71.55370078993098559, 0.2678852732772969425, 8.167760676472648029 ) ) ;
#1998 = CIRCLE ( 'NONE', #237, 0.5000000000000004441 ) ;
#1999 = ORIENTED_EDGE ( 'NONE', *, *, #624, .T. ) ;
#2000 = DIRECTION ( 'NONE',  ( -0.000000000000000000, -1.000000000000000000, 0.000000000000000000 ) ) ;
#2001 = LINE ( 'NONE', #2014, #2786 ) ;
#2002 = EDGE_CURVE ( 'NONE', #1665, #1273, #3279, .T. ) ;
#2003 = CYLINDRICAL_SURFACE ( 'NONE', #1672, 0.5000000000000002220 ) ;
#2004 = LINE ( 'NONE', #2038, #2109 ) ;
#2005 = ORIENTED_EDGE ( 'NONE', *, *, #1783, .F. ) ;
#2006 = DIRECTION ( 'NONE',  ( 0.000000000000000000, 0.000000000000000000, 1.000000000000000000 ) ) ;
#2007 = CARTESIAN_POINT ( 'NONE',  ( -75.44744111674233977, 4.500000000000000000, -8.576395401044097255 ) ) ;
#2008 = CARTESIAN_POINT ( 'NONE',  ( -1.097548864310291750, 4.000000000000000000, -10.44247990136687854 ) ) ;
#2009 = ORIENTED_EDGE ( 'NONE', *, *, #2002, .F. ) ;
#2010 = EDGE_CURVE ( 'NONE', #1862, #1214, #3207, .T. ) ;
#2011 = CARTESIAN_POINT ( 'NONE',  ( -80.96058083755715984, 3.499999999999999556, -7.125433506720476373 ) ) ;
#2012 = VERTEX_POINT ( 'NONE', #1896 ) ;
#2013 = CARTESIAN_POINT ( 'NONE',  ( -38.05013548397128886, -4.500000000000000000, -8.066868962964262479 ) ) ;
#2014 = CARTESIAN_POINT ( 'NONE',  ( -80.96058083755715984, -4.500000000000000000, -7.125433506720476373 ) ) ;
#2015 = DIRECTION ( 'NONE',  ( 0.000000000000000000, 1.000000000000000000, 0.000000000000000000 ) ) ;
#2016 = DIRECTION ( 'NONE',  ( 0.000000000000000000, 0.000000000000000000, 1.000000000000000000 ) ) ;
#2017 = CIRCLE ( 'NONE', #3011, 37.00000000000000000 ) ;
#2018 = ORIENTED_EDGE ( 'NONE', *, *, #2638, .T. ) ;
#2019 = FACE_OUTER_BOUND ( 'NONE', #1921, .T. ) ;
#2020 = AXIS2_PLACEMENT_3D ( 'NONE', #2213, #1985, #1392 ) ;
#2021 = AXIS2_PLACEMENT_3D ( 'NONE', #3170, #1503, #2915 ) ;
#2022 = CARTESIAN_POINT ( 'NONE',  ( -59.45454284396947742, -4.500000000000000000, 41.00996488079906754 ) ) ;
#2023 = VERTEX_POINT ( 'NONE', #789 ) ;
#2024 = ORIENTED_EDGE ( 'NONE', *, *, #1071, .F. ) ;
#2025 = CARTESIAN_POINT ( 'NONE',  ( -55.58698970306602405, -3.499999999999999556, 4.212654752172989348 ) ) ;
#2026 = EDGE_CURVE ( 'NONE', #2615, #680, #2713, .T. ) ;
#2027 = VERTEX_POINT ( 'NONE', #2732 ) ;
#2028 = DIRECTION ( 'NONE',  ( 0.000000000000000000, 0.000000000000000000, 1.000000000000000000 ) ) ;
#2029 = CIRCLE ( 'NONE', #912, 23.00000000000000355 ) ;
#2030 = CARTESIAN_POINT ( 'NONE',  ( -59.45454284396947742, -3.499999999999999556, 41.00996488079906754 ) ) ;
#2031 = EDGE_CURVE ( 'NONE', #2149, #2039, #2486, .T. ) ;
#2032 = DIRECTION ( 'NONE',  ( 0.000000000000000000, 0.000000000000000000, 1.000000000000000000 ) ) ;
#2033 = AXIS2_PLACEMENT_3D ( 'NONE', #1473, #1754, #906 ) ;
#2034 = LINE ( 'NONE', #1106, #356 ) ;
#2035 = CARTESIAN_POINT ( 'NONE',  ( -37.84107855743591386, 4.000000000000000000, -6.077825172227719897 ) ) ;
#2036 = CC_DESIGN_PERSON_AND_ORGANIZATION_ASSIGNMENT ( #3230, #2678, ( #2774 ) ) ;
#2037 = CIRCLE ( 'NONE', #1750, 0.5000000000000002220 ) ;
#2038 = CARTESIAN_POINT ( 'NONE',  ( -85.00707065584340683, 4.500000000000000000, -14.13415946430237113 ) ) ;
#2039 = VERTEX_POINT ( 'NONE', #2989 ) ;
#2040 = DIRECTION ( 'NONE',  ( 0.000000000000000000, 0.000000000000000000, -1.000000000000000000 ) ) ;
#2041 = DIRECTION ( 'NONE',  ( 0.5000000000000032196, 1.547613607481393146E-16, 0.8660254037844368202 ) ) ;
#2042 = FACE_OUTER_BOUND ( 'NONE', #1856, .T. ) ;
#2043 = ADVANCED_FACE ( 'NONE', ( #3227, #713 ), #2183, .T. ) ;
#2044 = EDGE_LOOP ( 'NONE', ( #3272, #241, #1673, #54, #428, #1367, #1535, #3375, #2394, #2513, #563, #329, #3060, #2110, #3180, #8 ) ) ;
#2045 = ORIENTED_EDGE ( 'NONE', *, *, #703, .F. ) ;
#2046 = CIRCLE ( 'NONE', #341, 2.000000000000000888 ) ;
#2047 = VECTOR ( 'NONE', #3078, 1000.000000000000000 ) ;
#2048 = VECTOR ( 'NONE', #506, 1000.000000000000000 ) ;
#2049 = DIRECTION ( 'NONE',  ( 0.8660254037844355990, 0.000000000000000000, -0.5000000000000052180 ) ) ;
#2050 = ORIENTED_EDGE ( 'NONE', *, *, #1840, .F. ) ;
#2051 = CIRCLE ( 'NONE', #2804, 10.50000000000000178 ) ;
#2052 = VERTEX_POINT ( 'NONE', #243 ) ;
#2053 = CARTESIAN_POINT ( 'NONE',  ( -1.097548864310432526, 3.499999999999999556, 10.44247990136686433 ) ) ;
#2054 = ORIENTED_EDGE ( 'NONE', *, *, #3439, .T. ) ;
#2055 = CARTESIAN_POINT ( 'NONE',  ( 0.000000000000000000, -3.499999999999999556, -10.50000000000000178 ) ) ;
#2056 = LINE ( 'NONE', #1776, #570 ) ;
#2057 = EDGE_CURVE ( 'NONE', #1941, #1464, #3119, .T. ) ;
#2058 = ADVANCED_FACE ( 'NONE', ( #2409 ), #754, .T. ) ;
#2059 = ORIENTED_EDGE ( 'NONE', *, *, #1213, .F. ) ;
#2060 = FACE_OUTER_BOUND ( 'NONE', #939, .T. ) ;
#2061 = APPROVAL ( #2877, 'UNSPECIFIED' ) ;
#2062 = CARTESIAN_POINT ( 'NONE',  ( 0.000000000000000000, 4.000000000000000000, 0.000000000000000000 ) ) ;
#2063 = FACE_OUTER_BOUND ( 'NONE', #2439, .T. ) ;
#2064 = ORIENTED_EDGE ( 'NONE', *, *, #1680, .F. ) ;
#2065 = ORIENTED_EDGE ( 'NONE', *, *, #2825, .F. ) ;
#2066 = ORIENTED_EDGE ( 'NONE', *, *, #2026, .F. ) ;
#2067 = CALENDAR_DATE ( 2026, 15, 8 ) ;
#2068 = ORIENTED_EDGE ( 'NONE', *, *, #2201, .F. ) ;
#2069 = ORIENTED_EDGE ( 'NONE', *, *, #1221, .F. ) ;
#2070 = CARTESIAN_POINT ( 'NONE',  ( -72.78677780790880547, -4.500000000000000000, 7.032008631690833234 ) ) ;
#2071 = ORIENTED_EDGE ( 'NONE', *, *, #967, .F. ) ;
#2072 = CARTESIAN_POINT ( 'NONE',  ( -80.87661476330221433, -3.499999999999999556, 9.000000000000024869 ) ) ;
#2073 = FACE_BOUND ( 'NONE', #1493, .T. ) ;
#2074 = AXIS2_PLACEMENT_3D ( 'NONE', #3307, #801, #1926 ) ;
#2075 = CARTESIAN_POINT ( 'NONE',  ( -58.93407051894542548, 4.500000000000000000, 34.02560147855387385 ) ) ;
#2076 = ORIENTED_EDGE ( 'NONE', *, *, #193, .T. ) ;
#2077 = PLANE ( 'NONE',  #1431 ) ;
#2078 = VECTOR ( 'NONE', #2665, 1000.000000000000000 ) ;
#2079 = AXIS2_PLACEMENT_3D ( 'NONE', #3617, #2245, #2773 ) ;
#2080 = CARTESIAN_POINT ( 'NONE',  ( -68.44744111674229714, 4.000000000000000000, 3.547960251938007126 ) ) ;
#2081 = VECTOR ( 'NONE', #224, 1000.000000000000227 ) ;
#2082 = DIRECTION ( 'NONE',  ( -0.000000000000000000, -1.000000000000000000, -0.000000000000000000 ) ) ;
#2083 = EDGE_CURVE ( 'NONE', #3134, #3102, #3035, .T. ) ;
#2084 = ORIENTED_EDGE ( 'NONE', *, *, #1534, .T. ) ;
#2085 = CIRCLE ( 'NONE', #1727, 2.000000000000000888 ) ;
#2086 = ORIENTED_EDGE ( 'NONE', *, *, #2590, .T. ) ;
#2087 = ORIENTED_EDGE ( 'NONE', *, *, #38, .T. ) ;
#2088 = VERTEX_POINT ( 'NONE', #2499 ) ;
#2089 = ORIENTED_EDGE ( 'NONE', *, *, #1761, .T. ) ;
#2090 = CARTESIAN_POINT ( 'NONE',  ( -77.31417856257634469, 1.474395979871053530, 10.90935040593447169 ) ) ;
#2091 = ORIENTED_EDGE ( 'NONE', *, *, #1510, .T. ) ;
#2092 = DIRECTION ( 'NONE',  ( 0.1045284632676668074, 0.000000000000000000, -0.9945218953682720686 ) ) ;
#2093 = EDGE_CURVE ( 'NONE', #1573, #153, #2652, .T. ) ;
#2094 = DIRECTION ( 'NONE',  ( -0.000000000000000000, -1.000000000000000000, -0.000000000000000000 ) ) ;
#2095 = CIRCLE ( 'NONE', #3257, 23.50000000000000711 ) ;
#2096 = ORIENTED_EDGE ( 'NONE', *, *, #1545, .T. ) ;
#2097 = CARTESIAN_POINT ( 'NONE',  ( -44.32184328003001639, 4.000000000000000000, -6.238182685060697175 ) ) ;
#2098 = CIRCLE ( 'NONE', #96, 7.000000000000000888 ) ;
#2099 = DIRECTION ( 'NONE',  ( 0.000000000000000000, 0.000000000000000000, 1.000000000000000000 ) ) ;
#2100 = DIRECTION ( 'NONE',  ( 0.000000000000000000, 0.000000000000000000, 1.000000000000000000 ) ) ;
#2101 = LINE ( 'NONE', #3539, #3146 ) ;
#2102 = ORIENTED_EDGE ( 'NONE', *, *, #3616, .T. ) ;
#2103 = CIRCLE ( 'NONE', #1451, 62.00000000000001421 ) ;
#2104 = EDGE_CURVE ( 'NONE', #1121, #2536, #3571, .T. ) ;
#2105 = VERTEX_POINT ( 'NONE', #313 ) ;
#2106 = EDGE_CURVE ( 'NONE', #1248, #73, #1725, .T. ) ;
#2107 = ORIENTED_EDGE ( 'NONE', *, *, #1891, .F. ) ;
#2108 = CARTESIAN_POINT ( 'NONE',  ( -67.83159772228110285, 0.8943371579376897529, 7.027208262060274713 ) ) ;
#2109 = VECTOR ( 'NONE', #3414, 1000.000000000000000 ) ;
#2110 = ORIENTED_EDGE ( 'NONE', *, *, #1382, .F. ) ;
#2111 = DIRECTION ( 'NONE',  ( 0.000000000000000000, 0.000000000000000000, 1.000000000000000000 ) ) ;
#2112 = CARTESIAN_POINT ( 'NONE',  ( 0.000000000000000000, 4.500000000000000000, 0.000000000000000000 ) ) ;
#2113 = DIRECTION ( 'NONE',  ( 0.000000000000000000, 0.000000000000000000, 1.000000000000000000 ) ) ;
#2114 = ADVANCED_FACE ( 'NONE', ( #2819 ), #3080, .T. ) ;
#2115 = VECTOR ( 'NONE', #3385, 1000.000000000000114 ) ;
#2116 = VERTEX_POINT ( 'NONE', #2834 ) ;
#2117 = CARTESIAN_POINT ( 'NONE',  ( -75.50961894323381784, -1.250000000000000000, 5.315909444369437686 ) ) ;
#2118 = EDGE_CURVE ( 'NONE', #2905, #719, #1116, .T. ) ;
#2119 = CARTESIAN_POINT ( 'NONE',  ( -90.86227374922169986, 4.500000000000000000, -21.27566871066797205 ) ) ;
#2120 = DIRECTION ( 'NONE',  ( -0.5000000000000022204, 0.000000000000000000, -0.8660254037844373753 ) ) ;
#2121 = DIRECTION ( 'NONE',  ( 0.000000000000000000, 0.000000000000000000, 1.000000000000000000 ) ) ;
#2122 = VERTEX_POINT ( 'NONE', #1935 ) ;
#2123 = VECTOR ( 'NONE', #2751, 1000.000000000000114 ) ;
#2124 = CARTESIAN_POINT ( 'NONE',  ( -59.45454284396947742, -4.500000000000000000, 41.00996488079906754 ) ) ;
#2125 = ORIENTED_EDGE ( 'NONE', *, *, #1950, .F. ) ;
#2126 = EDGE_CURVE ( 'NONE', #353, #167, #646, .T. ) ;
#2127 = DIRECTION ( 'NONE',  ( 0.000000000000000000, 0.000000000000000000, 1.000000000000000000 ) ) ;
#2128 = ORIENTED_EDGE ( 'NONE', *, *, #2687, .T. ) ;
#2129 = DIRECTION ( 'NONE',  ( 0.000000000000000000, 0.000000000000000000, -1.000000000000000000 ) ) ;
#2130 = DIRECTION ( 'NONE',  ( 0.000000000000000000, 0.000000000000000000, 1.000000000000000000 ) ) ;
#2131 = CARTESIAN_POINT ( 'NONE',  ( -77.48729735552835507, -1.250000000000006661, 11.01296895244230001 ) ) ;
#2132 = ORIENTED_EDGE ( 'NONE', *, *, #2796, .T. ) ;
#2133 = CARTESIAN_POINT ( 'NONE',  ( 8.196835435408573289, 1.249999999999996447, 14.19733543540852061 ) ) ;
#2134 = DIRECTION ( 'NONE',  ( -0.9945218953682740670, 0.000000000000000000, 0.1045284632676468789 ) ) ;
#2135 = CARTESIAN_POINT ( 'NONE',  ( -50.73723508353738509, 1.250000000000000000, 48.22293691396256321 ) ) ;
#2136 = LINE ( 'NONE', #2184, #1276 ) ;
#2137 = ORIENTED_EDGE ( 'NONE', *, *, #865, .T. ) ;
#2138 = VERTEX_POINT ( 'NONE', #591 ) ;
#2139 = AXIS2_PLACEMENT_3D ( 'NONE', #1232, #3444, #628 ) ;
#2140 = AXIS2_PLACEMENT_3D ( 'NONE', #478, #458, #1912 ) ;
#2141 = CALENDAR_DATE ( 2026, 15, 8 ) ;
#2142 = DIRECTION ( 'NONE',  ( -0.000000000000000000, 1.000000000000000000, -0.000000000000000000 ) ) ;
#2143 = ORIENTED_EDGE ( 'NONE', *, *, #2687, .F. ) ;
#2144 = AXIS2_PLACEMENT_3D ( 'NONE', #2278, #855, #1664 ) ;
#2145 = ORIENTED_EDGE ( 'NONE', *, *, #2745, .F. ) ;
#2146 = CIRCLE ( 'NONE', #560, 62.00000000000000000 ) ;
#2147 = ADVANCED_FACE ( 'NONE', ( #1086 ), #3350, .F. ) ;
#2148 = CARTESIAN_POINT ( 'NONE',  ( -68.74455705108493930, 1.798665201540394776, 7.265173744286070878 ) ) ;
#2149 = VERTEX_POINT ( 'NONE', #879 ) ;
#2150 = DIRECTION ( 'NONE',  ( 0.9945218953682720686, -0.000000000000000000, 0.1045284632676666131 ) ) ;
#2151 = CARTESIAN_POINT ( 'NONE',  ( -58.93407051894542548, 4.500000000000000000, 34.02560147855387385 ) ) ;
#2152 = FACE_OUTER_BOUND ( 'NONE', #255, .T. ) ;
#2153 = ADVANCED_FACE ( 'NONE', ( #3063 ), #19, .T. ) ;
#2154 = ORIENTED_EDGE ( 'NONE', *, *, #2201, .T. ) ;
#2155 = CARTESIAN_POINT ( 'NONE',  ( -47.27313346839905250, -7.844010068295858714E-15, 46.22293691396224347 ) ) ;
#2156 = EDGE_CURVE ( 'NONE', #1824, #3029, #606, .T. ) ;
#2157 = APPROVAL ( #2165, 'UNSPECIFIED' ) ;
#2158 = VECTOR ( 'NONE', #2283, 1000.000000000000000 ) ;
#2159 = LINE ( 'NONE', #3262, #695 ) ;
#2160 = CARTESIAN_POINT ( 'NONE',  ( -69.10509943326295001, -1.935180394971516726, 7.366486626576313590 ) ) ;
#2161 = DIRECTION ( 'NONE',  ( -0.5000000000000062172, -0.000000000000000000, -0.8660254037844349329 ) ) ;
#2162 = ORIENTED_EDGE ( 'NONE', *, *, #2910, .F. ) ;
#2163 = TOROIDAL_SURFACE ( 'NONE', #3086, 37.00000000000000000, 0.5000000000000000000 ) ;
#2164 = ORIENTED_EDGE ( 'NONE', *, *, #372, .T. ) ;
#2165 = APPROVAL_STATUS ( 'not_yet_approved' ) ;
#2166 = LINE ( 'NONE', #3542, #2233 ) ;
#2167 = ADVANCED_FACE ( 'NONE', ( #2784 ), #2254, .F. ) ;
#2168 = ORIENTED_EDGE ( 'NONE', *, *, #3574, .F. ) ;
#2169 = ORIENTED_EDGE ( 'NONE', *, *, #1450, .F. ) ;
#2170 = DIRECTION ( 'NONE',  ( -0.000000000000000000, 1.000000000000000000, -0.000000000000000000 ) ) ;
#2171 = ORIENTED_EDGE ( 'NONE', *, *, #1706, .T. ) ;
#2172 = DIRECTION ( 'NONE',  ( 0.1045284632676668074, 0.000000000000000000, -0.9945218953682720686 ) ) ;
#2173 = DIRECTION ( 'NONE',  ( 0.9945218953682725127, 0.000000000000000000, 0.1045284632676605069 ) ) ;
#2174 = AXIS2_PLACEMENT_3D ( 'NONE', #3244, #424, #3278 ) ;
#2175 = CARTESIAN_POINT ( 'NONE',  ( -72.34936490538905218, 3.499999999999999556, -9.210369997259709507 ) ) ;
#2176 = CARTESIAN_POINT ( 'NONE',  ( -47.27313346839905250, -7.844010068295858714E-15, 46.22293691396224347 ) ) ;
#2177 = EDGE_CURVE ( 'NONE', #662, #2342, #1614, .T. ) ;
#2178 = APPLICATION_CONTEXT ( 'configuration controlled 3d designs of mechanical parts and assemblies' ) ;
#2179 = EDGE_CURVE ( 'NONE', #1865, #1337, #3591, .T. ) ;
#2180 = AXIS2_PLACEMENT_3D ( 'NONE', #882, #2535, #3372 ) ;
#2181 = APPROVAL ( #1329, 'UNSPECIFIED' ) ;
#2182 = CARTESIAN_POINT ( 'NONE',  ( -55.63925393469986602, 3.499999999999999556, 4.709915699857125659 ) ) ;
#2183 = PLANE ( 'NONE',  #3357 ) ;
#2184 = CARTESIAN_POINT ( 'NONE',  ( -67.78237760728121941, -4.000000000000000000, -0.3001159594152914001 ) ) ;
#2185 = ORIENTED_EDGE ( 'NONE', *, *, #1951, .F. ) ;
#2186 = DIRECTION ( 'NONE',  ( 0.8660254037844395958, 0.000000000000000000, -0.4999999999999985567 ) ) ;
#2187 = EDGE_LOOP ( 'NONE', ( #1943, #963, #3543, #188 ) ) ;
#2188 = CARTESIAN_POINT ( 'NONE',  ( -73.02756813566492156, -3.499999999999999556, 5.614947550046085034 ) ) ;
#2189 = VERTEX_POINT ( 'NONE', #2635 ) ;
#2190 = DIRECTION ( 'NONE',  ( 0.000000000000000000, 1.000000000000000000, 0.000000000000000000 ) ) ;
#2191 = DIRECTION ( 'NONE',  ( 0.5000000000000022204, -0.000000000000000000, 0.8660254037844372643 ) ) ;
#2192 = LINE ( 'NONE', #176, #1206 ) ;
#2193 = CARTESIAN_POINT ( 'NONE',  ( -80.96058083755715984, 4.000000000000000000, -7.125433506720476373 ) ) ;
#2194 = ADVANCED_FACE ( 'NONE', ( #620 ), #123, .T. ) ;
#2195 = DIRECTION ( 'NONE',  ( -0.000000000000000000, -1.000000000000000000, -0.000000000000000000 ) ) ;
#2196 = CARTESIAN_POINT ( 'NONE',  ( -70.11181481938027105, -1.940002983344652154, 7.671703960612080486 ) ) ;
#2197 = CARTESIAN_POINT ( 'NONE',  ( -90.86227374922169986, -4.500000000000016875, -21.27566871066797205 ) ) ;
#2198 = ORIENTED_EDGE ( 'NONE', *, *, #34, .F. ) ;
#2199 = ORIENTED_EDGE ( 'NONE', *, *, #349, .T. ) ;
#2200 = CARTESIAN_POINT ( 'NONE',  ( -88.10769515458716228, 0.000000000000000000, -10.50459863131929161 ) ) ;
#2201 = EDGE_CURVE ( 'NONE', #1794, #2138, #1781, .T. ) ;
#2202 = ORIENTED_EDGE ( 'NONE', *, *, #3328, .T. ) ;
#2203 = AXIS2_PLACEMENT_3D ( 'NONE', #3533, #749, #1282 ) ;
#2204 = DIRECTION ( 'NONE',  ( -0.000000000000000000, -1.000000000000000000, -0.000000000000000000 ) ) ;
#2205 = CIRCLE ( 'NONE', #2653, 2.499999999999996891 ) ;
#2206 = ORIENTED_EDGE ( 'NONE', *, *, #783, .F. ) ;
#2207 = PLANE ( 'NONE',  #2399 ) ;
#2208 = AXIS2_PLACEMENT_3D ( 'NONE', #2872, #1243, #3416 ) ;
#2209 = FACE_OUTER_BOUND ( 'NONE', #2574, .T. ) ;
#2210 = AXIS2_PLACEMENT_3D ( 'NONE', #2930, #2390, #3418 ) ;
#2211 = DIRECTION ( 'NONE',  ( 0.000000000000000000, 0.000000000000000000, -1.000000000000000000 ) ) ;
#2212 = EDGE_CURVE ( 'NONE', #2615, #2420, #2829, .T. ) ;
#2213 = CARTESIAN_POINT ( 'NONE',  ( -80.87661476330221433, -3.499999999999999556, 9.000000000000024869 ) ) ;
#2214 = ORIENTED_EDGE ( 'NONE', *, *, #3236, .T. ) ;
#2215 = CARTESIAN_POINT ( 'NONE',  ( -100.0000000000003268, -2.000000000000017764, -7.102674842672427324 ) ) ;
#2216 = CARTESIAN_POINT ( 'NONE',  ( -74.74101551109085051, -1.249999999999990674, 9.524670640513644315 ) ) ;
#2217 = CYLINDRICAL_SURFACE ( 'NONE', #1946, 2.499999999999996891 ) ;
#2218 = AXIS2_PLACEMENT_3D ( 'NONE', #3140, #357, #630 ) ;
#2219 = DIRECTION ( 'NONE',  ( -0.4999999999999809042, 0.000000000000000000, 0.8660254037844496988 ) ) ;
#2220 = AXIS2_PLACEMENT_3D ( 'NONE', #534, #3107, #3329 ) ;
#2221 = DIRECTION ( 'NONE',  ( -0.000000000000000000, -1.000000000000000000, 0.000000000000000000 ) ) ;
#2222 = ORIENTED_EDGE ( 'NONE', *, *, #918, .F. ) ;
#2223 = ADVANCED_FACE ( 'NONE', ( #2060 ), #69, .T. ) ;
#2224 = AXIS2_PLACEMENT_3D ( 'NONE', #174, #3528, #473 ) ;
#2225 = EDGE_CURVE ( 'NONE', #2682, #2088, #1500, .T. ) ;
#2226 = EDGE_CURVE ( 'NONE', #3171, #3232, #2335, .T. ) ;
#2227 = ORIENTED_EDGE ( 'NONE', *, *, #1288, .F. ) ;
#2228 = CARTESIAN_POINT ( 'NONE',  ( -78.70577136593992407, 4.500000000000000000, 11.78001105950692384 ) ) ;
#2229 = DIRECTION ( 'NONE',  ( 0.8660254037844495878, -2.442584174054709277E-17, 0.4999999999999808487 ) ) ;
#2230 = PLANE ( 'NONE',  #2220 ) ;
#2231 = VECTOR ( 'NONE', #714, 999.9999999999998863 ) ;
#2232 = FACE_OUTER_BOUND ( 'NONE', #233, .T. ) ;
#2233 = VECTOR ( 'NONE', #2436, 1000.000000000000114 ) ;
#2234 = EDGE_CURVE ( 'NONE', #1675, #1470, #3477, .T. ) ;
#2235 = ORIENTED_EDGE ( 'NONE', *, *, #1718, .T. ) ;
#2236 = DIRECTION ( 'NONE',  ( -0.000000000000000000, 1.000000000000000000, -0.000000000000000000 ) ) ;
#2237 = VERTEX_POINT ( 'NONE', #1192 ) ;
#2238 = CARTESIAN_POINT ( 'NONE',  ( -75.86796384299735507, -1.983079548591319963, 10.09684995467620183 ) ) ;
#2239 = CYLINDRICAL_SURFACE ( 'NONE', #1467, 34.99999999999999289 ) ;
#2240 = ADVANCED_FACE ( 'NONE', ( #1208 ), #1479, .F. ) ;
#2241 = AXIS2_PLACEMENT_3D ( 'NONE', #2062, #643, #3113 ) ;
#2242 = CYLINDRICAL_SURFACE ( 'NONE', #668, 2.499999999999996891 ) ;
#2243 = CARTESIAN_POINT ( 'NONE',  ( -90.68577080683573399, 4.000000000000000000, -40.96995664677082516 ) ) ;
#2244 = ORIENTED_EDGE ( 'NONE', *, *, #2576, .T. ) ;
#2245 = DIRECTION ( 'NONE',  ( -0.8660254037844403729, 0.000000000000000000, 0.4999999999999970024 ) ) ;
#2246 = ORIENTED_EDGE ( 'NONE', *, *, #2754, .T. ) ;
#2247 = LINE ( 'NONE', #12, #1263 ) ;
#2248 = AXIS2_PLACEMENT_3D ( 'NONE', #3481, #1677, #3145 ) ;
#2249 = LINE ( 'NONE', #3342, #3197 ) ;
#2250 = DIRECTION ( 'NONE',  ( 0.000000000000000000, 0.000000000000000000, -1.000000000000000000 ) ) ;
#2251 = VERTEX_POINT ( 'NONE', #2097 ) ;
#2252 = FACE_OUTER_BOUND ( 'NONE', #295, .T. ) ;
#2253 = VERTEX_POINT ( 'NONE', #3167 ) ;
#2254 = CYLINDRICAL_SURFACE ( 'NONE', #3471, 1.000000000000000000 ) ;
#2255 = FACE_OUTER_BOUND ( 'NONE', #2967, .T. ) ;
#2256 = CARTESIAN_POINT ( 'NONE',  ( -72.78237760728127625, -4.500000000000000000, -8.960369997259695296 ) ) ;
#2257 = FACE_OUTER_BOUND ( 'NONE', #2187, .T. ) ;
#2258 = VERTEX_POINT ( 'NONE', #3399 ) ;
#2259 = AXIS2_PLACEMENT_3D ( 'NONE', #235, #3256, #2999 ) ;
#2260 = LINE ( 'NONE', #2523, #1722 ) ;
#2261 = ORIENTED_EDGE ( 'NONE', *, *, #1266, .F. ) ;
#2262 = CARTESIAN_POINT ( 'NONE',  ( -93.30384757729339640, 3.000000000000068390, -7.504598631319490565 ) ) ;
#2263 = AXIS2_PLACEMENT_3D ( 'NONE', #2457, #3271, #3583 ) ;
#2264 = DIRECTION ( 'NONE',  ( 0.000000000000000000, 1.000000000000000000, 0.000000000000000000 ) ) ;
#2265 = VECTOR ( 'NONE', #2670, 1000.000000000000000 ) ;
#2266 = DIRECTION ( 'NONE',  ( 0.000000000000000000, -1.000000000000000000, 0.000000000000000000 ) ) ;
#2267 = VECTOR ( 'NONE', #2787, 1000.000000000000000 ) ;
#2268 = EDGE_CURVE ( 'NONE', #761, #776, #315, .T. ) ;
#2269 = ORIENTED_EDGE ( 'NONE', *, *, #1575, .F. ) ;
#2270 = CYLINDRICAL_SURFACE ( 'NONE', #1991, 0.5000000000000001110 ) ;
#2271 = VERTEX_POINT ( 'NONE', #914 ) ;
#2272 = DIRECTION ( 'NONE',  ( -4.230679891226269850E-17, 1.000000000000000000, 2.442584174054638095E-17 ) ) ;
#2273 = EDGE_CURVE ( 'NONE', #1448, #2470, #1778, .T. ) ;
#2274 = DIRECTION ( 'NONE',  ( 0.9028021492360132072, -5.968227788329244623E-15, 0.4300561350973095553 ) ) ;
#2275 = DIRECTION ( 'NONE',  ( -0.5000000000000026645, 0.000000000000000000, -0.8660254037844371533 ) ) ;
#2276 = ORIENTED_EDGE ( 'NONE', *, *, #1808, .T. ) ;
#2277 = EDGE_CURVE ( 'NONE', #2470, #1489, #1542, .T. ) ;
#2278 = CARTESIAN_POINT ( 'NONE',  ( -59.45454284396947742, 4.500000000000000000, 41.00996488079906754 ) ) ;
#2279 = ORIENTED_EDGE ( 'NONE', *, *, #636, .F. ) ;
#2280 = DIRECTION ( 'NONE',  ( 0.000000000000000000, 0.000000000000000000, -1.000000000000000000 ) ) ;
#2281 = EDGE_CURVE ( 'NONE', #2360, #1248, #2912, .T. ) ;
#2282 = VECTOR ( 'NONE', #2094, 1000.000000000000000 ) ;
#2283 = DIRECTION ( 'NONE',  ( -0.000000000000000000, -1.000000000000000000, -0.000000000000000000 ) ) ;
#2284 = CARTESIAN_POINT ( 'NONE',  ( -1.097548864310292194, 3.499999999999999556, -10.44247990136688031 ) ) ;
#2285 = CARTESIAN_POINT ( 'NONE',  ( -78.70577136593992407, -1.250000000000000222, 11.78001105950692384 ) ) ;
#2286 = ORIENTED_EDGE ( 'NONE', *, *, #2268, .T. ) ;
#2287 = CARTESIAN_POINT ( 'NONE',  ( -92.31603954421422031, 3.668947399587580094, -13.82103372495176608 ) ) ;
#2288 = ADVANCED_FACE ( 'NONE', ( #2019 ), #3188, .F. ) ;
#2289 = ADVANCED_FACE ( 'NONE', ( #2584 ), #2077, .F. ) ;
#2290 = CIRCLE ( 'NONE', #52, 36.50000000000000000 ) ;
#2291 = CARTESIAN_POINT ( 'NONE',  ( -49.00518427596792748, -7.844010068295858714E-15, 47.22293691396225057 ) ) ;
#2292 = CARTESIAN_POINT ( 'NONE',  ( -80.96058083755715984, 4.000000000000000000, -7.125433506720476373 ) ) ;
#2293 = ORIENTED_EDGE ( 'NONE', *, *, #2426, .T. ) ;
#2294 = CARTESIAN_POINT ( 'NONE',  ( -37.84107855743590676, 3.499999999999999556, -6.077825172227713679 ) ) ;
#2295 = VECTOR ( 'NONE', #659, 1000.000000000000000 ) ;
#2296 = VERTEX_POINT ( 'NONE', #2691 ) ;
#2297 = DIRECTION ( 'NONE',  ( -0.5000000000000022204, 0.000000000000000000, -0.8660254037844373753 ) ) ;
#2298 = CARTESIAN_POINT ( 'NONE',  ( -69.08141571295786321, 4.500000000000000000, 0.4498840405847098767 ) ) ;
#2299 = CARTESIAN_POINT ( 'NONE',  ( -85.00707065584339261, 3.499999999999999556, -14.13415946430237113 ) ) ;
#2300 = CARTESIAN_POINT ( 'NONE',  ( -75.50961894323337731, 4.500000000000000000, 5.315909444369189885 ) ) ;
#2301 = ORIENTED_EDGE ( 'NONE', *, *, #1233, .T. ) ;
#2302 = DIRECTION ( 'NONE',  ( 0.000000000000000000, 0.000000000000000000, 1.000000000000000000 ) ) ;
#2303 = EDGE_CURVE ( 'NONE', #2296, #3029, #1371, .T. ) ;
#2304 = ADVANCED_BREP_SHAPE_REPRESENTATION ( 'CSWA_10_5B', ( #835, #3122 ), #555 ) ;
#2305 = DIRECTION ( 'NONE',  ( 0.000000000000000000, -1.000000000000000000, 0.000000000000000000 ) ) ;
#2306 = ORIENTED_EDGE ( 'NONE', *, *, #703, .T. ) ;
#2307 = ORIENTED_EDGE ( 'NONE', *, *, #1893, .F. ) ;
#2308 = ORIENTED_EDGE ( 'NONE', *, *, #3377, .F. ) ;
#2309 = DIRECTION ( 'NONE',  ( 5.551115123125785069E-15, 0.000000000000000000, 1.000000000000000000 ) ) ;
#2310 = DIRECTION ( 'NONE',  ( -0.000000000000000000, -1.000000000000000000, -0.000000000000000000 ) ) ;
#2311 = FACE_OUTER_BOUND ( 'NONE', #1587, .T. ) ;
#2312 = CIRCLE ( 'NONE', #2772, 11.99999999999999645 ) ;
#2313 = CARTESIAN_POINT ( 'NONE',  ( -59.45454284396947742, -4.000000000000000000, 41.00996488079906754 ) ) ;
#2314 = ADVANCED_FACE ( 'NONE', ( #3293 ), #1843, .F. ) ;
#2315 = LINE ( 'NONE', #2300, #926 ) ;
#2316 = ORIENTED_EDGE ( 'NONE', *, *, #150, .F. ) ;
#2317 = DIRECTION ( 'NONE',  ( 0.000000000000000000, 0.000000000000000000, 1.000000000000000000 ) ) ;
#2318 = VECTOR ( 'NONE', #917, 1000.000000000000000 ) ;
#2319 = CARTESIAN_POINT ( 'NONE',  ( -37.84107855743599913, 4.000000000000000000, -6.077825172227711903 ) ) ;
#2320 = FACE_BOUND ( 'NONE', #2818, .T. ) ;
#2321 = ORIENTED_EDGE ( 'NONE', *, *, #1534, .F. ) ;
#2322 = ORIENTED_EDGE ( 'NONE', *, *, #2493, .F. ) ;
#2323 = ORIENTED_EDGE ( 'NONE', *, *, #507, .T. ) ;
#2324 = EDGE_CURVE ( 'NONE', #1183, #2415, #496, .T. ) ;
#2325 = EDGE_CURVE ( 'NONE', #2052, #2643, #2312, .T. ) ;
#2326 = ORIENTED_EDGE ( 'NONE', *, *, #962, .T. ) ;
#2327 = EDGE_CURVE ( 'NONE', #1412, #2661, #3241, .T. ) ;
#2328 = CARTESIAN_POINT ( 'NONE',  ( -74.74101551109083630, 1.250000000000000222, 9.524670640513640762 ) ) ;
#2329 = ORIENTED_EDGE ( 'NONE', *, *, #3377, .T. ) ;
#2330 = CARTESIAN_POINT ( 'NONE',  ( -84.54542076551433638, -3.529920046189569227, -13.91725258538778753 ) ) ;
#2331 = TOROIDAL_SURFACE ( 'NONE', #1863, 2.999999999999996447, 0.5000000000000000000 ) ;
#2332 = CARTESIAN_POINT ( 'NONE',  ( -81.21058083755715984, -3.499999999999999556, -7.558446208612694228 ) ) ;
#2333 = CARTESIAN_POINT ( 'NONE',  ( 0.000000000000000000, 4.000000000000000000, 0.000000000000000000 ) ) ;
#2334 = ORIENTED_EDGE ( 'NONE', *, *, #1545, .F. ) ;
#2335 = LINE ( 'NONE', #3205, #848 ) ;
#2336 = CARTESIAN_POINT ( 'NONE',  ( -80.96058083755715984, 3.499999999999999556, -7.125433506720476373 ) ) ;
#2337 = CARTESIAN_POINT ( 'NONE',  ( -85.50961894323384627, -1.250000000000000000, -12.00459863131930049 ) ) ;
#2338 = ORIENTED_EDGE ( 'NONE', *, *, #306, .F. ) ;
#2339 = VERTEX_POINT ( 'NONE', #2710 ) ;
#2340 = VECTOR ( 'NONE', #1428, 1000.000000000000114 ) ;
#2341 = APPLICATION_PROTOCOL_DEFINITION ( 'international standard', 'config_control_design', 1994, #2178 ) ;
#2342 = VERTEX_POINT ( 'NONE', #2387 ) ;
#2343 = ORIENTED_EDGE ( 'NONE', *, *, #462, .F. ) ;
#2344 = LINE ( 'NONE', #3447, #277 ) ;
#2345 = ORIENTED_EDGE ( 'NONE', *, *, #1446, .T. ) ;
#2346 = CARTESIAN_POINT ( 'NONE',  ( -55.63925393469985892, 3.499999999999999556, 4.709915699857125659 ) ) ;
#2347 = LINE ( 'NONE', #2332, #841 ) ;
#2348 = DIRECTION ( 'NONE',  ( 0.000000000000000000, 1.000000000000000000, -0.000000000000000000 ) ) ;
#2349 = ORIENTED_EDGE ( 'NONE', *, *, #3133, .F. ) ;
#2350 = CARTESIAN_POINT ( 'NONE',  ( -55.79604662960135641, 4.500000000000000000, 6.201698542909543477 ) ) ;
#2351 = CARTESIAN_POINT ( 'NONE',  ( -26.57554842428787722, -1.249999999999996447, -46.03020010987334842 ) ) ;
#2352 = PLANE ( 'NONE',  #2437 ) ;
#2353 = CARTESIAN_POINT ( 'NONE',  ( -80.87661476330221433, 4.500000000000000000, 9.000000000000024869 ) ) ;
#2354 = ORIENTED_EDGE ( 'NONE', *, *, #2381, .T. ) ;
#2355 = ORIENTED_EDGE ( 'NONE', *, *, #880, .T. ) ;
#2356 = EDGE_CURVE ( 'NONE', #1121, #2722, #1323, .T. ) ;
#2357 = ORIENTED_EDGE ( 'NONE', *, *, #806, .F. ) ;
#2358 = ORIENTED_EDGE ( 'NONE', *, *, #1783, .T. ) ;
#2359 = FACE_OUTER_BOUND ( 'NONE', #337, .T. ) ;
#2360 = VERTEX_POINT ( 'NONE', #989 ) ;
#2361 = CARTESIAN_POINT ( 'NONE',  ( 0.000000000000000000, -4.000000000000000000, 0.000000000000000000 ) ) ;
#2362 = FACE_OUTER_BOUND ( 'NONE', #3388, .T. ) ;
#2363 = VECTOR ( 'NONE', #2191, 1000.000000000000114 ) ;
#2364 = LINE ( 'NONE', #969, #2282 ) ;
#2365 = ORIENTED_EDGE ( 'NONE', *, *, #1508, .F. ) ;
#2366 = CARTESIAN_POINT ( 'NONE',  ( -85.00707065584339261, -3.499999999999999556, -14.13415946430237113 ) ) ;
#2367 = EDGE_CURVE ( 'NONE', #465, #932, #2425, .T. ) ;
#2368 = CIRCLE ( 'NONE', #666, 60.00000000000000000 ) ;
#2369 = ADVANCED_FACE ( 'NONE', ( #2729 ), #1064, .F. ) ;
#2370 = CARTESIAN_POINT ( 'NONE',  ( -84.57405795395119696, -4.000000000000000000, -14.38415946430237113 ) ) ;
#2371 = CARTESIAN_POINT ( 'NONE',  ( -72.78237760728127625, -3.499999999999999556, -8.960369997259695296 ) ) ;
#2372 = LINE ( 'NONE', #2620, #814 ) ;
#2373 = CIRCLE ( 'NONE', #2721, 2.499999999999996891 ) ;
#2374 = VERTEX_POINT ( 'NONE', #730 ) ;
#2375 = ORIENTED_EDGE ( 'NONE', *, *, #794, .T. ) ;
#2376 = ADVANCED_FACE ( 'NONE', ( #1857 ), #3261, .F. ) ;
#2377 = ORIENTED_EDGE ( 'NONE', *, *, #738, .F. ) ;
#2378 = DIRECTION ( 'NONE',  ( 0.000000000000000000, 0.000000000000000000, 1.000000000000000000 ) ) ;
#2379 = VERTEX_POINT ( 'NONE', #2447 ) ;
#2380 = LINE ( 'NONE', #311, #2340 ) ;
#2381 = EDGE_CURVE ( 'NONE', #1351, #3489, #517, .T. ) ;
#2382 = PLANE ( 'NONE',  #3467 ) ;
#2383 = AXIS2_PLACEMENT_3D ( 'NONE', #1716, #2000, #1114 ) ;
#2384 = DIRECTION ( 'NONE',  ( 0.8660254037844373753, 0.000000000000000000, -0.5000000000000022204 ) ) ;
#2385 = AXIS2_PLACEMENT_3D ( 'NONE', #2667, #3308, #2744 ) ;
#2386 = ORIENTED_EDGE ( 'NONE', *, *, #99, .F. ) ;
#2387 = CARTESIAN_POINT ( 'NONE',  ( -68.69744111674229714, 4.500000000000000000, 3.114947550045787938 ) ) ;
#2388 = AXIS2_PLACEMENT_3D ( 'NONE', #2124, #3250, #3231 ) ;
#2389 = DIRECTION ( 'NONE',  ( 0.1423736993628746395, -0.9863939238321437486, -0.08219949365267904817 ) ) ;
#2390 = DIRECTION ( 'NONE',  ( -0.5000000000000046629, 0.000000000000000000, -0.8660254037844359321 ) ) ;
#2391 = EDGE_CURVE ( 'NONE', #2741, #2360, #2544, .T. ) ;
#2392 = DIRECTION ( 'NONE',  ( 0.000000000000000000, 0.000000000000000000, 1.000000000000000000 ) ) ;
#2393 = ORIENTED_EDGE ( 'NONE', *, *, #595, .F. ) ;
#2394 = ORIENTED_EDGE ( 'NONE', *, *, #1241, .F. ) ;
#2395 = CIRCLE ( 'NONE', #3034, 36.49999999999999289 ) ;
#2396 = CARTESIAN_POINT ( 'NONE',  ( -68.69744111674229714, -3.499999999999999556, 3.114947550045790603 ) ) ;
#2397 = ORIENTED_EDGE ( 'NONE', *, *, #3103, .T. ) ;
#2398 = AXIS2_PLACEMENT_3D ( 'NONE', #2895, #91, #1211 ) ;
#2399 = AXIS2_PLACEMENT_3D ( 'NONE', #800, #1368, #3288 ) ;
#2400 = DIRECTION ( 'NONE',  ( -0.8660254037844374864, 0.000000000000000000, 0.5000000000000024425 ) ) ;
#2401 = VERTEX_POINT ( 'NONE', #2117 ) ;
#2402 = FACE_OUTER_BOUND ( 'NONE', #2752, .T. ) ;
#2403 = PRODUCT_DEFINITION_SHAPE ( 'NONE', 'NONE',  #2811 ) ;
#2404 = CARTESIAN_POINT ( 'NONE',  ( -76.31346652052666002, -7.599080708466386840E-15, -8.076395401044177191 ) ) ;
#2405 = LINE ( 'NONE', #495, #3369 ) ;
#2406 = ORIENTED_EDGE ( 'NONE', *, *, #1136, .F. ) ;
#2407 = LINE ( 'NONE', #3002, #2265 ) ;
#2408 = DIRECTION ( 'NONE',  ( 0.000000000000000000, 1.000000000000000000, 0.000000000000000000 ) ) ;
#2409 = FACE_OUTER_BOUND ( 'NONE', #3320, .T. ) ;
#2410 = FACE_OUTER_BOUND ( 'NONE', #289, .T. ) ;
#2411 = VERTEX_POINT ( 'NONE', #3224 ) ;
#2412 = ADVANCED_FACE ( 'NONE', ( #2968 ), #441, .F. ) ;
#2413 = EDGE_LOOP ( 'NONE', ( #1977, #3193, #702, #3615 ) ) ;
#2414 = CARTESIAN_POINT ( 'NONE',  ( -80.77756813566494998, 3.499999999999999556, -7.808446208612688899 ) ) ;
#2415 = VERTEX_POINT ( 'NONE', #1598 ) ;
#2416 = ORIENTED_EDGE ( 'NONE', *, *, #3575, .F. ) ;
#2417 = EDGE_CURVE ( 'NONE', #1337, #2919, #2407, .T. ) ;
#2418 = CARTESIAN_POINT ( 'NONE',  ( -68.41595728817156896, 1.595394569833983978, 7.176468661077887390 ) ) ;
#2419 = ADVANCED_FACE ( 'NONE', ( #159 ), #3518, .F. ) ;
#2420 = VERTEX_POINT ( 'NONE', #3093 ) ;
#2421 = PLANE ( 'NONE',  #626 ) ;
#2422 = LINE ( 'NONE', #1339, #2879 ) ;
#2423 = FACE_OUTER_BOUND ( 'NONE', #3287, .T. ) ;
#2424 = ORIENTED_EDGE ( 'NONE', *, *, #2327, .F. ) ;
#2425 = LINE ( 'NONE', #1894, #1669 ) ;
#2426 = EDGE_CURVE ( 'NONE', #647, #168, #1967, .T. ) ;
#2427 = DIRECTION ( 'NONE',  ( 0.000000000000000000, -1.000000000000000000, 0.000000000000000000 ) ) ;
#2428 = CARTESIAN_POINT ( 'NONE',  ( -70.58506637141393014, -1.756884218927095676, 7.826055449311105860 ) ) ;
#2429 = VECTOR ( 'NONE', #3221, 1000.000000000000114 ) ;
#2430 = DIRECTION ( 'NONE',  ( 0.8660254037844358210, 0.000000000000000000, -0.5000000000000047740 ) ) ;
#2431 = ORIENTED_EDGE ( 'NONE', *, *, #3516, .T. ) ;
#2432 = ORIENTED_EDGE ( 'NONE', *, *, #2971, .F. ) ;
#2433 = AXIS2_PLACEMENT_3D ( 'NONE', #1700, #1978, #269 ) ;
#2434 = AXIS2_PLACEMENT_3D ( 'NONE', #3046, #542, #830 ) ;
#2435 = SHAPE_DEFINITION_REPRESENTATION ( #2403, #2304 ) ;
#2436 = DIRECTION ( 'NONE',  ( -0.5000000000000022204, 0.000000000000000000, -0.8660254037844373753 ) ) ;
#2437 = AXIS2_PLACEMENT_3D ( 'NONE', #408, #1522, #2637 ) ;
#2438 = VERTEX_POINT ( 'NONE', #3364 ) ;
#2439 = EDGE_LOOP ( 'NONE', ( #112, #1799, #1224, #980 ) ) ;
#2440 = CARTESIAN_POINT ( 'NONE',  ( -70.46871045567610281, 1.805360601675234378, 7.787933199912518312 ) ) ;
#2441 = VERTEX_POINT ( 'NONE', #309 ) ;
#2442 = CARTESIAN_POINT ( 'NONE',  ( -50.73723508353739930, -8.851435725805520955E-15, 48.22293691396256321 ) ) ;
#2443 = ADVANCED_FACE ( 'NONE', ( #293 ), #275, .F. ) ;
#2444 = DIRECTION ( 'NONE',  ( 0.8660254037844364872, 0.000000000000000000, -0.5000000000000037748 ) ) ;
#2445 = EDGE_CURVE ( 'NONE', #87, #662, #3607, .T. ) ;
#2446 = DIRECTION ( 'NONE',  ( 0.8660254037844370423, 0.000000000000000000, -0.5000000000000028866 ) ) ;
#2447 = CARTESIAN_POINT ( 'NONE',  ( -78.70577136593992407, 3.500000000000092371, 11.78001105950692029 ) ) ;
#2448 = AXIS2_PLACEMENT_3D ( 'NONE', #2510, #3393, #1947 ) ;
#2449 = LINE ( 'NONE', #1838, #528 ) ;
#2450 = CARTESIAN_POINT ( 'NONE',  ( -69.86249791546499921, -1.988812482816971761, 7.593029677670793731 ) ) ;
#2451 = DIRECTION ( 'NONE',  ( -0.000000000000000000, 1.000000000000000000, -0.000000000000000000 ) ) ;
#2452 = AXIS2_PLACEMENT_3D ( 'NONE', #1531, #3200, #690 ) ;
#2453 = ORIENTED_EDGE ( 'NONE', *, *, #1726, .F. ) ;
#2454 = DIRECTION ( 'NONE',  ( 0.5000000000000018874, -0.000000000000000000, 0.8660254037844375974 ) ) ;
#2455 = EDGE_LOOP ( 'NONE', ( #2865, #2323, #2009, #1628, #1519, #1880 ) ) ;
#2456 = VERTEX_POINT ( 'NONE', #1082 ) ;
#2457 = CARTESIAN_POINT ( 'NONE',  ( 0.000000000000000000, -4.000000000000000000, 0.000000000000000000 ) ) ;
#2458 = ORIENTED_EDGE ( 'NONE', *, *, #538, .T. ) ;
#2459 = CARTESIAN_POINT ( 'NONE',  ( -72.56762294697972493, 3.499999999999999556, 6.411595985545693210 ) ) ;
#2460 = CARTESIAN_POINT ( 'NONE',  ( -70.77029558851521074, -4.000000000000000000, -12.21585050704618247 ) ) ;
#2461 = EDGE_CURVE ( 'NONE', #122, #1794, #1199, .T. ) ;
#2462 = AXIS2_PLACEMENT_3D ( 'NONE', #3235, #35, #2111 ) ;
#2463 = DIRECTION ( 'NONE',  ( 0.000000000000000000, 0.000000000000000000, 1.000000000000000000 ) ) ;
#2464 = DIRECTION ( 'NONE',  ( 0.000000000000000000, 0.000000000000000000, 1.000000000000000000 ) ) ;
#2465 = DIRECTION ( 'NONE',  ( 0.5000000000000142109, -0.000000000000000000, 0.8660254037844306030 ) ) ;
#2466 = CARTESIAN_POINT ( 'NONE',  ( -68.04344917571776818, -1.228228063360875311, 7.080089438380833933 ) ) ;
#2467 = LINE ( 'NONE', #2931, #3324 ) ;
#2468 = ORIENTED_EDGE ( 'NONE', *, *, #2630, .F. ) ;
#2469 = DIRECTION ( 'NONE',  ( 0.000000000000000000, -1.000000000000000000, 0.000000000000000000 ) ) ;
#2470 = VERTEX_POINT ( 'NONE', #2546 ) ;
#2471 = EDGE_CURVE ( 'NONE', #3211, #1474, #3330, .T. ) ;
#2472 = DIRECTION ( 'NONE',  ( 0.000000000000000000, 0.000000000000000000, 1.000000000000000000 ) ) ;
#2473 = ORIENTED_EDGE ( 'NONE', *, *, #484, .T. ) ;
#2474 = DIRECTION ( 'NONE',  ( 0.000000000000000000, 0.000000000000000000, 1.000000000000000000 ) ) ;
#2475 = DIRECTION ( 'NONE',  ( 0.5000000000000022204, -0.000000000000000000, 0.8660254037844372643 ) ) ;
#2476 = DIRECTION ( 'NONE',  ( 0.5000000000000022204, 1.665334536937734811E-16, 0.8660254037844373753 ) ) ;
#2477 = FACE_OUTER_BOUND ( 'NONE', #748, .T. ) ;
#2478 = LINE ( 'NONE', #1085, #290 ) ;
#2479 = CARTESIAN_POINT ( 'NONE',  ( -71.49128458078097026, -0.5246362294994383335, 8.144823014788300952 ) ) ;
#2480 = CARTESIAN_POINT ( 'NONE',  ( 1.224646799147353454E-15, 4.000000000000000000, -10.00000000000000178 ) ) ;
#2481 = EDGE_CURVE ( 'NONE', #2615, #2643, #2746, .T. ) ;
#2482 = ADVANCED_FACE ( 'NONE', ( #2232 ), #1411, .T. ) ;
#2483 = PLANE ( 'NONE',  #1432 ) ;
#2484 = DIRECTION ( 'NONE',  ( 0.5000000000000026645, 0.000000000000000000, 0.8660254037844371533 ) ) ;
#2485 = ORIENTED_EDGE ( 'NONE', *, *, #1071, .T. ) ;
#2486 = CIRCLE ( 'NONE', #1966, 0.5000000000000004441 ) ;
#2487 = DIRECTION ( 'NONE',  ( 0.000000000000000000, 0.000000000000000000, -1.000000000000000000 ) ) ;
#2488 = LOCAL_TIME ( 12, 50, 23.00000000000000000, #375 ) ;
#2489 = ORIENTED_EDGE ( 'NONE', *, *, #3509, .T. ) ;
#2490 = CARTESIAN_POINT ( 'NONE',  ( -1.045284632676468872, -4.000000000000000000, -9.945218953682742224 ) ) ;
#2491 = AXIS2_PLACEMENT_3D ( 'NONE', #2361, #1795, #384 ) ;
#2492 = CARTESIAN_POINT ( 'NONE',  ( -47.27313346839905250, -7.844010068295858714E-15, 46.22293691396224347 ) ) ;
#2493 = EDGE_CURVE ( 'NONE', #177, #1743, #1320, .T. ) ;
#2494 = AXIS2_PLACEMENT_3D ( 'NONE', #1782, #2857, #936 ) ;
#2495 = CARTESIAN_POINT ( 'NONE',  ( -72.73332961448572576, 3.665882430554026516, 6.879579620828351061 ) ) ;
#2496 = CARTESIAN_POINT ( 'NONE',  ( -1.097548864310432526, -3.499999999999999556, 10.44247990136686433 ) ) ;
#2497 = EDGE_LOOP ( 'NONE', ( #3166, #983, #1254, #2676, #1759, #3434, #1972, #2199, #2705, #2431, #440, #3599, #468, #715, #2358, #3460 ) ) ;
#2498 = CARTESIAN_POINT ( 'NONE',  ( 1.469576158976823553E-15, -4.500000000000000000, 11.99999999999999645 ) ) ;
#2499 = CARTESIAN_POINT ( 'NONE',  ( -85.00707065584339261, -4.500000000000000000, -14.13415946430237113 ) ) ;
#2500 = CARTESIAN_POINT ( 'NONE',  ( -55.63925393469986602, -4.500000000000000000, 4.709915699857125659 ) ) ;
#2501 = AXIS2_PLACEMENT_3D ( 'NONE', #324, #48, #2028 ) ;
#2502 = CARTESIAN_POINT ( 'NONE',  ( -73.42846845368595154, 4.500000000000000000, 8.920567830463125958 ) ) ;
#2503 = CIRCLE ( 'NONE', #2556, 0.5000000000000004441 ) ;
#2504 = DIRECTION ( 'NONE',  ( 0.8660254037844373753, 1.507144111760537881E-16, -0.5000000000000022204 ) ) ;
#2505 = ORIENTED_EDGE ( 'NONE', *, *, #3474, .T. ) ;
#2506 = CIRCLE ( 'NONE', #1931, 10.00000000000000178 ) ;
#2507 = DIRECTION ( 'NONE',  ( -0.000000000000000000, 1.000000000000000000, -0.000000000000000000 ) ) ;
#2508 = ORIENTED_EDGE ( 'NONE', *, *, #1001, .F. ) ;
#2509 = DIRECTION ( 'NONE',  ( -0.000000000000000000, -1.000000000000000000, 0.000000000000000000 ) ) ;
#2510 = CARTESIAN_POINT ( 'NONE',  ( 0.000000000000000000, -4.500000000000000000, 0.000000000000000000 ) ) ;
#2511 = CARTESIAN_POINT ( 'NONE',  ( -67.78237760728121941, 3.499999999999999556, -0.3001159594152921217 ) ) ;
#2512 = AXIS2_PLACEMENT_3D ( 'NONE', #2353, #3459, #607 ) ;
#2513 = ORIENTED_EDGE ( 'NONE', *, *, #2177, .F. ) ;
#2514 = CARTESIAN_POINT ( 'NONE',  ( -7.781122211244526632, -1.249999999999997780, 41.87196988059675107 ) ) ;
#2515 = ORIENTED_EDGE ( 'NONE', *, *, #1601, .F. ) ;
#2516 = DIRECTION ( 'NONE',  ( 0.1045284632676468928, -0.000000000000000000, 0.9945218953682740670 ) ) ;
#2517 = CARTESIAN_POINT ( 'NONE',  ( -80.96058083755715984, 4.500000000000000000, -7.125433506720476373 ) ) ;
#2518 = VECTOR ( 'NONE', #2893, 1000.000000000000000 ) ;
#2519 = LINE ( 'NONE', #3370, #3302 ) ;
#2520 = ADVANCED_FACE ( 'NONE', ( #1425 ), #1789, .F. ) ;
#2521 = CARTESIAN_POINT ( 'NONE',  ( -16.57554842428802644, 4.500000000000000000, -28.70969203418473370 ) ) ;
#2522 = ORIENTED_EDGE ( 'NONE', *, *, #684, .T. ) ;
#2523 = CARTESIAN_POINT ( 'NONE',  ( 0.000000000000000000, 3.499999999999999556, 10.50000000000000178 ) ) ;
#2524 = VERTEX_POINT ( 'NONE', #2780 ) ;
#2525 = CARTESIAN_POINT ( 'NONE',  ( -72.78237760728127625, -4.500000000000000000, -8.960369997259689967 ) ) ;
#2526 = ADVANCED_FACE ( 'NONE', ( #1929 ), #3043, .T. ) ;
#2527 = CARTESIAN_POINT ( 'NONE',  ( -72.78677780790880547, 4.000000000000000000, 7.032008631690833234 ) ) ;
#2528 = FACE_OUTER_BOUND ( 'NONE', #547, .T. ) ;
#2529 = ORIENTED_EDGE ( 'NONE', *, *, #2921, .T. ) ;
#2530 = DIRECTION ( 'NONE',  ( -0.000000000000000000, -1.000000000000000000, -0.000000000000000000 ) ) ;
#2531 = ORIENTED_EDGE ( 'NONE', *, *, #127, .F. ) ;
#2532 = CARTESIAN_POINT ( 'NONE',  ( -87.32756278789905480, 4.500000000000000000, -15.15336973558655309 ) ) ;
#2533 = EDGE_CURVE ( 'NONE', #681, #449, #804, .T. ) ;
#2534 = DIRECTION ( 'NONE',  ( 0.8660254037844495878, 0.000000000000000000, 0.4999999999999808487 ) ) ;
#2535 = DIRECTION ( 'NONE',  ( -0.000000000000000000, -1.000000000000000000, -0.000000000000000000 ) ) ;
#2536 = VERTEX_POINT ( 'NONE', #1654 ) ;
#2537 = VECTOR ( 'NONE', #599, 1000.000000000000000 ) ;
#2538 = FACE_OUTER_BOUND ( 'NONE', #3149, .T. ) ;
#2539 = ORIENTED_EDGE ( 'NONE', *, *, #1575, .T. ) ;
#2540 = FACE_OUTER_BOUND ( 'NONE', #1236, .T. ) ;
#2541 = TOROIDAL_SURFACE ( 'NONE', #1779, 10.00000000000000178, 0.5000000000000000000 ) ;
#2542 = AXIS2_PLACEMENT_3D ( 'NONE', #1385, #10, #2487 ) ;
#2543 = DIRECTION ( 'NONE',  ( 0.000000000000000000, 1.000000000000000000, 0.000000000000000000 ) ) ;
#2544 = CIRCLE ( 'NONE', #320, 11.99999999999999645 ) ;
#2545 = ADVANCED_FACE ( 'NONE', ( #2477 ), #2003, .F. ) ;
#2546 = CARTESIAN_POINT ( 'NONE',  ( -55.79604662960135641, -4.500000000000000000, 6.201698542909543477 ) ) ;
#2547 = AXIS2_PLACEMENT_3D ( 'NONE', #1697, #1644, #2753 ) ;
#2548 = ADVANCED_FACE ( 'NONE', ( #2528, #825 ), #3058, .F. ) ;
#2549 = FACE_BOUND ( 'NONE', #2044, .T. ) ;
#2550 = VERTEX_POINT ( 'NONE', #3344 ) ;
#2551 = DIRECTION ( 'NONE',  ( 0.000000000000000000, 0.000000000000000000, 1.000000000000000000 ) ) ;
#2552 = FACE_OUTER_BOUND ( 'NONE', #1541, .T. ) ;
#2553 = VERTEX_POINT ( 'NONE', #840 ) ;
#2554 = CIRCLE ( 'NONE', #3136, 1.000000000000000000 ) ;
#2555 = CARTESIAN_POINT ( 'NONE',  ( -64.13022294165203618, -3.500000000000115019, 37.02560147855381700 ) ) ;
#2556 = AXIS2_PLACEMENT_3D ( 'NONE', #130, #3179, #2864 ) ;
#2557 = ORIENTED_EDGE ( 'NONE', *, *, #952, .T. ) ;
#2558 = DIRECTION ( 'NONE',  ( 0.000000000000000000, 1.000000000000000000, 0.000000000000000000 ) ) ;
#2559 = AXIS2_PLACEMENT_3D ( 'NONE', #1222, #2648, #1517 ) ;
#2560 = VECTOR ( 'NONE', #3255, 1000.000000000000000 ) ;
#2561 = CARTESIAN_POINT ( 'NONE',  ( -1.254341559211926693, 4.500000000000000000, 11.93426274441927148 ) ) ;
#2562 = CARTESIAN_POINT ( 'NONE',  ( -69.94744111674229714, -4.500000000000000000, 0.9498840405847073232 ) ) ;
#2563 = TOROIDAL_SURFACE ( 'NONE', #3321, 62.00000000000000000, 0.5000000000000000000 ) ;
#2564 = DIRECTION ( 'NONE',  ( -0.000000000000000000, -1.000000000000000000, -0.000000000000000000 ) ) ;
#2565 = ORIENTED_EDGE ( 'NONE', *, *, #1717, .T. ) ;
#2566 = CARTESIAN_POINT ( 'NONE',  ( -74.82588023672398947, -1.367526376818286371, 9.565873441379766362 ) ) ;
#2567 = EDGE_CURVE ( 'NONE', #1286, #826, #3076, .T. ) ;
#2568 = AXIS2_PLACEMENT_3D ( 'NONE', #2672, #143, #2949 ) ;
#2569 = DIRECTION ( 'NONE',  ( 0.000000000000000000, 0.000000000000000000, 1.000000000000000000 ) ) ;
#2570 = ORIENTED_EDGE ( 'NONE', *, *, #1138, .T. ) ;
#2571 = ORIENTED_EDGE ( 'NONE', *, *, #798, .F. ) ;
#2572 =( LENGTH_UNIT ( ) NAMED_UNIT ( * ) SI_UNIT ( .MILLI., .METRE. ) );
#2573 = CIRCLE ( 'NONE', #876, 1.999999999999998224 ) ;
#2574 = EDGE_LOOP ( 'NONE', ( #2940, #2076, #3265, #2812 ) ) ;
#2575 = CARTESIAN_POINT ( 'NONE',  ( -73.46058083755714563, 4.500000000000000000, 5.864947550046090363 ) ) ;
#2576 = EDGE_CURVE ( 'NONE', #1337, #1348, #945, .T. ) ;
#2577 = DIRECTION ( 'NONE',  ( -0.5000000000000022204, 0.000000000000000000, -0.8660254037844373753 ) ) ;
#2578 = DIRECTION ( 'NONE',  ( -0.000000000000000000, -1.000000000000000000, -0.000000000000000000 ) ) ;
#2579 = CARTESIAN_POINT ( 'NONE',  ( -44.32184328003001639, 4.000000000000000000, -67.73818268506069273 ) ) ;
#2580 = VECTOR ( 'NONE', #1067, 1000.000000000000000 ) ;
#2581 = FACE_OUTER_BOUND ( 'NONE', #3, .T. ) ;
#2582 = DIRECTION ( 'NONE',  ( 0.000000000000000000, 1.000000000000000000, 0.000000000000000000 ) ) ;
#2583 = EDGE_LOOP ( 'NONE', ( #3522, #3217, #3582, #1590 ) ) ;
#2584 = FACE_OUTER_BOUND ( 'NONE', #1623, .T. ) ;
#2585 = CARTESIAN_POINT ( 'NONE',  ( -59.45454284396947742, -4.000000000000000000, 4.509964880799071096 ) ) ;
#2586 = CARTESIAN_POINT ( 'NONE',  ( 1.285879139104721028E-15, -4.500000000000000000, 10.50000000000000178 ) ) ;
#2587 = EDGE_CURVE ( 'NONE', #681, #2550, #2655, .T. ) ;
#2588 = CARTESIAN_POINT ( 'NONE',  ( 0.000000000000000000, 4.500000000000000000, 10.50000000000000178 ) ) ;
#2589 = ORIENTED_EDGE ( 'NONE', *, *, #344, .T. ) ;
#2590 = EDGE_CURVE ( 'NONE', #716, #2258, #3181, .T. ) ;
#2591 = DIRECTION ( 'NONE',  ( 0.000000000000000000, 0.000000000000000000, 1.000000000000000000 ) ) ;
#2592 = ORIENTED_EDGE ( 'NONE', *, *, #2225, .F. ) ;
#2593 = CARTESIAN_POINT ( 'NONE',  ( -55.63925393469985892, -4.500000000000000000, 4.709915699857125659 ) ) ;
#2594 = EDGE_LOOP ( 'NONE', ( #2565, #399, #128, #919 ) ) ;
#2595 = CARTESIAN_POINT ( 'NONE',  ( -84.84622431180046931, -3.688380019180236058, -14.05910318917160673 ) ) ;
#2596 = CARTESIAN_POINT ( 'NONE',  ( -19.48543737858321734, 3.499999999999999556, -24.72026578635205851 ) ) ;
#2597 = VECTOR ( 'NONE', #2204, 1000.000000000000000 ) ;
#2598 = AXIS2_PLACEMENT_3D ( 'NONE', #3610, #846, #604 ) ;
#2599 = DIRECTION ( 'NONE',  ( 0.000000000000000000, 0.000000000000000000, 1.000000000000000000 ) ) ;
#2600 = ORIENTED_EDGE ( 'NONE', *, *, #3215, .T. ) ;
#2601 = DIRECTION ( 'NONE',  ( 0.000000000000000000, 0.000000000000000000, 1.000000000000000000 ) ) ;
#2602 = CARTESIAN_POINT ( 'NONE',  ( -80.87661476330221433, -4.000000000000000000, -13.99999999999998046 ) ) ;
#2603 = CYLINDRICAL_SURFACE ( 'NONE', #1549, 2.000000000000004885 ) ;
#2604 = CARTESIAN_POINT ( 'NONE',  ( -59.45454284396947742, -3.499999999999999556, 41.00996488079906754 ) ) ;
#2605 = ORIENTED_EDGE ( 'NONE', *, *, #1025, .F. ) ;
#2606 = ORIENTED_EDGE ( 'NONE', *, *, #3056, .T. ) ;
#2607 = AXIS2_PLACEMENT_3D ( 'NONE', #2030, #2627, #1492 ) ;
#2608 = VERTEX_POINT ( 'NONE', #3126 ) ;
#2609 = CARTESIAN_POINT ( 'NONE',  ( -76.19744111674236819, -3.499999999999999556, -9.875433506720737498 ) ) ;
#2610 = VERTEX_POINT ( 'NONE', #907 ) ;
#2611 = DIRECTION ( 'NONE',  ( 0.000000000000000000, 0.000000000000000000, 1.000000000000000000 ) ) ;
#2612 = VECTOR ( 'NONE', #3449, 1000.000000000000000 ) ;
#2613 = DIRECTION ( 'NONE',  ( 0.5000000000000022204, -0.000000000000000000, 0.8660254037844372643 ) ) ;
#2614 = FACE_OUTER_BOUND ( 'NONE', #799, .T. ) ;
#2615 = VERTEX_POINT ( 'NONE', #400 ) ;
#2616 = DIRECTION ( 'NONE',  ( 0.000000000000000000, 0.000000000000000000, 1.000000000000000000 ) ) ;
#2617 = ADVANCED_FACE ( 'NONE', ( #83 ), #104, .F. ) ;
#2618 = DIRECTION ( 'NONE',  ( 0.8660254037844355990, 0.000000000000000000, -0.5000000000000054401 ) ) ;
#2619 = DIRECTION ( 'NONE',  ( -0.000000000000000000, -1.000000000000000000, -0.000000000000000000 ) ) ;
#2620 = CARTESIAN_POINT ( 'NONE',  ( -81.50961894323341994, 4.500000000000000000, -5.076395401044049294 ) ) ;
#2621 = ORIENTED_EDGE ( 'NONE', *, *, #2212, .T. ) ;
#2622 = AXIS2_PLACEMENT_3D ( 'NONE', #2929, #2654, #1895 ) ;
#2623 = CALENDAR_DATE ( 2026, 15, 8 ) ;
#2624 = ORIENTED_EDGE ( 'NONE', *, *, #2126, .T. ) ;
#2625 = VECTOR ( 'NONE', #2504, 1000.000000000000000 ) ;
#2626 = ORIENTED_EDGE ( 'NONE', *, *, #3064, .T. ) ;
#2627 = DIRECTION ( 'NONE',  ( -0.000000000000000000, 1.000000000000000000, -0.000000000000000000 ) ) ;
#2628 = ORIENTED_EDGE ( 'NONE', *, *, #1181, .F. ) ;
#2629 = CARTESIAN_POINT ( 'NONE',  ( -69.08141571295786321, -4.500000000000000000, 0.4498840405847137625 ) ) ;
#2630 = EDGE_CURVE ( 'NONE', #2251, #2765, #1374, .T. ) ;
#2631 = DIRECTION ( 'NONE',  ( 0.000000000000000000, 0.000000000000000000, -1.000000000000000000 ) ) ;
#2632 = EDGE_CURVE ( 'NONE', #3402, #2339, #382, .T. ) ;
#2633 = DIRECTION ( 'NONE',  ( 0.000000000000000000, 0.000000000000000000, 1.000000000000000000 ) ) ;
#2634 = EDGE_LOOP ( 'NONE', ( #1166, #1004, #573, #503 ) ) ;
#2635 = CARTESIAN_POINT ( 'NONE',  ( -72.78237760728127625, -4.000000000000000000, -8.960369997259695296 ) ) ;
#2636 = DIRECTION ( 'NONE',  ( -0.5000000000000053291, 0.000000000000000000, -0.8660254037844357100 ) ) ;
#2637 = DIRECTION ( 'NONE',  ( -0.9945218953682725127, 0.000000000000000000, -0.1045284632676605069 ) ) ;
#2638 = EDGE_CURVE ( 'NONE', #818, #410, #1548, .T. ) ;
#2639 = ORIENTED_EDGE ( 'NONE', *, *, #1561, .F. ) ;
#2640 = EDGE_LOOP ( 'NONE', ( #3476, #640, #2900, #1249 ) ) ;
#2641 = DATE_TIME_ROLE ( 'creation_date' ) ;
#2642 = EDGE_LOOP ( 'NONE', ( #1916, #3254, #2235, #1290 ) ) ;
#2643 = VERTEX_POINT ( 'NONE', #3396 ) ;
#2644 = CARTESIAN_POINT ( 'NONE',  ( -55.63925393469985892, 4.500000000000000000, 4.709915699857125659 ) ) ;
#2645 = ORIENTED_EDGE ( 'NONE', *, *, #406, .T. ) ;
#2646 = CARTESIAN_POINT ( 'NONE',  ( -75.50961894323337731, 4.500000000000000000, 5.315909444369189885 ) ) ;
#2647 = PLANE ( 'NONE',  #199 ) ;
#2648 = DIRECTION ( 'NONE',  ( 0.5000000000000019984, -0.000000000000000000, 0.8660254037844374864 ) ) ;
#2649 = EDGE_CURVE ( 'NONE', #2682, #122, #2955, .T. ) ;
#2650 = ORIENTED_EDGE ( 'NONE', *, *, #905, .T. ) ;
#2651 = DIRECTION ( 'NONE',  ( 4.230679891226269850E-17, 1.000000000000000000, -2.442584174054638095E-17 ) ) ;
#2652 = CIRCLE ( 'NONE', #2598, 7.000000000000000888 ) ;
#2653 = AXIS2_PLACEMENT_3D ( 'NONE', #354, #1165, #2840 ) ;
#2654 = DIRECTION ( 'NONE',  ( -0.000000000000000000, 1.000000000000000000, -0.000000000000000000 ) ) ;
#2655 = CIRCLE ( 'NONE', #2491, 10.50000000000000178 ) ;
#2656 = DIRECTION ( 'NONE',  ( 0.1045284632676603404, 0.000000000000000000, -0.9945218953682726237 ) ) ;
#2657 = CIRCLE ( 'NONE', #2494, 10.50000000000000178 ) ;
#2658 = ORIENTED_EDGE ( 'NONE', *, *, #684, .F. ) ;
#2659 = CALENDAR_DATE ( 2026, 15, 8 ) ;
#2660 = CARTESIAN_POINT ( 'NONE',  ( 0.000000000000000000, -3.499999999999999556, 0.000000000000000000 ) ) ;
#2661 = VERTEX_POINT ( 'NONE', #3430 ) ;
#2662 = CARTESIAN_POINT ( 'NONE',  ( -68.44744111674229714, -4.000000000000000000, 3.547960251938006682 ) ) ;
#2663 = EDGE_LOOP ( 'NONE', ( #1550, #391, #2345, #756 ) ) ;
#2664 = PLANE ( 'NONE',  #3326 ) ;
#2665 = DIRECTION ( 'NONE',  ( -0.5000000000000026645, 0.000000000000000000, -0.8660254037844371533 ) ) ;
#2666 = VECTOR ( 'NONE', #305, 1000.000000000000114 ) ;
#2667 = CARTESIAN_POINT ( 'NONE',  ( -74.94744111674233977, -3.499999999999999556, -7.710369997259655328 ) ) ;
#2668 = AXIS2_PLACEMENT_3D ( 'NONE', #198, #1280, #1007 ) ;
#2669 = EDGE_LOOP ( 'NONE', ( #2334, #483, #2293, #1811 ) ) ;
#2670 = DIRECTION ( 'NONE',  ( -0.000000000000000000, -1.000000000000000000, -0.000000000000000000 ) ) ;
#2671 = AXIS2_PLACEMENT_3D ( 'NONE', #3054, #271, #550 ) ;
#2672 = CARTESIAN_POINT ( 'NONE',  ( -1.045284632676468872, 4.000000000000000000, -9.945218953682742224 ) ) ;
#2673 = DIRECTION ( 'NONE',  ( -0.000000000000000000, -1.000000000000000000, -0.000000000000000000 ) ) ;
#2674 = EDGE_CURVE ( 'NONE', #1824, #146, #889, .T. ) ;
#2675 = DIRECTION ( 'NONE',  ( -0.9945218953682725127, 0.000000000000000000, -0.1045284632676603265 ) ) ;
#2676 = ORIENTED_EDGE ( 'NONE', *, *, #397, .T. ) ;
#2677 = VECTOR ( 'NONE', #2430, 1000.000000000000000 ) ;
#2678 = PERSON_AND_ORGANIZATION_ROLE ( 'design_supplier' ) ;
#2679 = CARTESIAN_POINT ( 'NONE',  ( -51.92463865240919318, 3.499999999999999556, 4.597583358626755157 ) ) ;
#2680 = CC_DESIGN_PERSON_AND_ORGANIZATION_ASSIGNMENT ( #211, #1016, ( #1788 ) ) ;
#2681 = ORIENTED_EDGE ( 'NONE', *, *, #798, .T. ) ;
#2682 = VERTEX_POINT ( 'NONE', #2906 ) ;
#2683 = CARTESIAN_POINT ( 'NONE',  ( -68.31329041655321532, 1.512148145740194849, 7.149489754275663245 ) ) ;
#2684 = ORIENTED_EDGE ( 'NONE', *, *, #3056, .F. ) ;
#2685 = CARTESIAN_POINT ( 'NONE',  ( -37.89334278906982689, 3.499999999999999556, -6.575086119911849991 ) ) ;
#2686 = CARTESIAN_POINT ( 'NONE',  ( -68.69744111674229714, 3.499999999999999556, 3.114947550045787938 ) ) ;
#2687 = EDGE_CURVE ( 'NONE', #1403, #279, #118, .T. ) ;
#2688 = AXIS2_PLACEMENT_3D ( 'NONE', #3131, #622, #2618 ) ;
#2689 = CARTESIAN_POINT ( 'NONE',  ( -49.00518427596792748, -7.844010068295858714E-15, 47.22293691396225057 ) ) ;
#2690 = ORIENTED_EDGE ( 'NONE', *, *, #3083, .T. ) ;
#2691 = CARTESIAN_POINT ( 'NONE',  ( -70.98532365606385497, 3.499999999999999556, -11.76444943242818475 ) ) ;
#2692 = LINE ( 'NONE', #1283, #3380 ) ;
#2693 = CARTESIAN_POINT ( 'NONE',  ( -70.80193478421840325, -1.610067039319903248, 7.899953063943613962 ) ) ;
#2694 = CARTESIAN_POINT ( 'NONE',  ( 8.572527594031474176E-16, -3.500000000000000444, 7.000000000000000888 ) ) ;
#2695 = ORIENTED_EDGE ( 'NONE', *, *, #420, .F. ) ;
#2696 = AXIS2_PLACEMENT_3D ( 'NONE', #3412, #3334, #1642 ) ;
#2697 = ORIENTED_EDGE ( 'NONE', *, *, #2702, .F. ) ;
#2698 = PERSON_AND_ORGANIZATION ( #808, #1547 ) ;
#2699 = EDGE_CURVE ( 'NONE', #1464, #2296, #2146, .T. ) ;
#2700 = CARTESIAN_POINT ( 'NONE',  ( -1.254341559211761270, -4.500000000000000000, -11.93426274441928570 ) ) ;
#2701 = ORIENTED_EDGE ( 'NONE', *, *, #1138, .F. ) ;
#2702 = EDGE_CURVE ( 'NONE', #1474, #3297, #1219, .T. ) ;
#2703 = ORIENTED_EDGE ( 'NONE', *, *, #438, .F. ) ;
#2704 = CARTESIAN_POINT ( 'NONE',  ( -70.11086669054277820, 1.940190326897364148, 7.671404667482882189 ) ) ;
#2705 = ORIENTED_EDGE ( 'NONE', *, *, #1652, .T. ) ;
#2706 = CARTESIAN_POINT ( 'NONE',  ( -76.19744111674236819, 4.500000000000000000, -9.875433506720737498 ) ) ;
#2707 = CARTESIAN_POINT ( 'NONE',  ( -54.68739302318969209, 1.250000000000003775, 50.50356166376237610 ) ) ;
#2708 = LINE ( 'NONE', #1872, #1040 ) ;
#2709 = ORIENTED_EDGE ( 'NONE', *, *, #3335, .T. ) ;
#2710 = CARTESIAN_POINT ( 'NONE',  ( -68.44744111674229714, 3.499999999999999556, 3.547960251938005349 ) ) ;
#2711 = CIRCLE ( 'NONE', #778, 2.999999999999986677 ) ;
#2712 = FACE_OUTER_BOUND ( 'NONE', #2583, .T. ) ;
#2713 = LINE ( 'NONE', #1012, #961 ) ;
#2714 = CIRCLE ( 'NONE', #21, 61.50000000000000000 ) ;
#2715 = CARTESIAN_POINT ( 'NONE',  ( -80.87661476330221433, -4.000000000000000000, 9.000000000000024869 ) ) ;
#2716 = ORIENTED_EDGE ( 'NONE', *, *, #2381, .F. ) ;
#2717 = VECTOR ( 'NONE', #1887, 1000.000000000000227 ) ;
#2718 = PRODUCT ( 'CSWA_10_5B', 'CSWA_10_5B', '', ( #1806 ) ) ;
#2719 = AXIS2_PLACEMENT_3D ( 'NONE', #864, #2516, #3367 ) ;
#2720 = CYLINDRICAL_SURFACE ( 'NONE', #342, 0.5000000000000018874 ) ;
#2721 = AXIS2_PLACEMENT_3D ( 'NONE', #592, #40, #1710 ) ;
#2722 = VERTEX_POINT ( 'NONE', #1187 ) ;
#2723 = EDGE_LOOP ( 'NONE', ( #3464, #1999, #2709, #1130 ) ) ;
#2724 = CARTESIAN_POINT ( 'NONE',  ( -70.23379447764534689, 1.903147168412462564, 7.710970730787686911 ) ) ;
#2725 = ORIENTED_EDGE ( 'NONE', *, *, #32, .T. ) ;
#2726 = CARTESIAN_POINT ( 'NONE',  ( -44.32184328003001639, 3.499999999999999556, -5.738182685060697175 ) ) ;
#2727 = CARTESIAN_POINT ( 'NONE',  ( -69.94744111674229714, -3.499999999999999556, 0.9498840405847073232 ) ) ;
#2728 = DIRECTION ( 'NONE',  ( 0.000000000000000000, -1.000000000000000000, 0.000000000000000000 ) ) ;
#2729 = FACE_OUTER_BOUND ( 'NONE', #549, .T. ) ;
#2730 = VECTOR ( 'NONE', #49, 999.9999999999998863 ) ;
#2731 = FACE_OUTER_BOUND ( 'NONE', #3050, .T. ) ;
#2732 = CARTESIAN_POINT ( 'NONE',  ( -93.30384757729339640, -1.250000000000000222, -7.504598631319490565 ) ) ;
#2733 = DIRECTION ( 'NONE',  ( -0.5000000000000039968, 0.000000000000000000, -0.8660254037844363761 ) ) ;
#2734 = VECTOR ( 'NONE', #2944, 1000.000000000000000 ) ;
#2735 = ADVANCED_FACE ( 'NONE', ( #672 ), #3259, .F. ) ;
#2736 = VERTEX_POINT ( 'NONE', #2629 ) ;
#2737 = DIRECTION ( 'NONE',  ( 0.8660254037844355990, 0.000000000000000000, -0.5000000000000054401 ) ) ;
#2738 = ORIENTED_EDGE ( 'NONE', *, *, #98, .T. ) ;
#2739 = ADVANCED_FACE ( 'NONE', ( #966 ), #2331, .F. ) ;
#2740 = DIRECTION ( 'NONE',  ( -0.000000000000000000, -1.000000000000000000, 0.000000000000000000 ) ) ;
#2741 = VERTEX_POINT ( 'NONE', #601 ) ;
#2742 = CARTESIAN_POINT ( 'NONE',  ( -55.79604662960135641, 4.500000000000000000, 6.201698542909543477 ) ) ;
#2743 = CARTESIAN_POINT ( 'NONE',  ( -74.94744111674233977, -4.500000000000000000, -7.710369997259655328 ) ) ;
#2744 = DIRECTION ( 'NONE',  ( -9.251858538542984844E-15, 0.000000000000000000, -1.000000000000000000 ) ) ;
#2745 = EDGE_CURVE ( 'NONE', #1707, #2919, #3201, .T. ) ;
#2746 = LINE ( 'NONE', #586, #3245 ) ;
#2747 = EDGE_CURVE ( 'NONE', #924, #2722, #41, .T. ) ;
#2748 = ORIENTED_EDGE ( 'NONE', *, *, #2277, .T. ) ;
#2749 = DIRECTION ( 'NONE',  ( 0.8660254037844336006, 0.000000000000000000, -0.5000000000000089928 ) ) ;
#2750 = CARTESIAN_POINT ( 'NONE',  ( -67.83220367438977405, -0.8956959147096069662, 7.027356923594723526 ) ) ;
#2751 = DIRECTION ( 'NONE',  ( -0.8542421961772479477, 0.1643989873053571249, 0.4931969619160739282 ) ) ;
#2752 = EDGE_LOOP ( 'NONE', ( #1766, #131, #1715, #371, #2793, #92 ) ) ;
#2753 = DIRECTION ( 'NONE',  ( 0.000000000000000000, 0.000000000000000000, -1.000000000000000000 ) ) ;
#2754 = EDGE_CURVE ( 'NONE', #2105, #87, #861, .T. ) ;
#2755 = DIRECTION ( 'NONE',  ( 0.8660254037844395958, 0.000000000000000000, -0.4999999999999985567 ) ) ;
#2756 = ORIENTED_EDGE ( 'NONE', *, *, #2010, .T. ) ;
#2757 = ADVANCED_FACE ( 'NONE', ( #2581 ), #66, .T. ) ;
#2758 = DIRECTION ( 'NONE',  ( -0.000000000000000000, -1.000000000000000000, -0.000000000000000000 ) ) ;
#2759 = VERTEX_POINT ( 'NONE', #909 ) ;
#2760 = CARTESIAN_POINT ( 'NONE',  ( -59.45454284396947742, 1.250000000000000666, 41.00996488079906754 ) ) ;
#2761 = DIRECTION ( 'NONE',  ( -0.000000000000000000, 1.000000000000000000, -0.000000000000000000 ) ) ;
#2762 = DIRECTION ( 'NONE',  ( 0.000000000000000000, 1.000000000000000000, -0.000000000000000000 ) ) ;
#2763 = DIRECTION ( 'NONE',  ( -0.1045284632676668074, 0.000000000000000000, 0.9945218953682720686 ) ) ;
#2764 = ADVANCED_FACE ( 'NONE', ( #3451 ), #947, .F. ) ;
#2765 = VERTEX_POINT ( 'NONE', #1757 ) ;
#2766 = DIRECTION ( 'NONE',  ( 0.000000000000000000, 0.000000000000000000, -1.000000000000000000 ) ) ;
#2767 = CARTESIAN_POINT ( 'NONE',  ( -100.0000000000003268, 1.999999999999997780, -7.102674842672433542 ) ) ;
#2768 = DIRECTION ( 'NONE',  ( -0.000000000000000000, -1.000000000000000000, -0.000000000000000000 ) ) ;
#2769 = CARTESIAN_POINT ( 'NONE',  ( 0.000000000000000000, 3.499999999999999556, 0.000000000000000000 ) ) ;
#2770 = DIRECTION ( 'NONE',  ( -0.5000000000000018874, 0.000000000000000000, -0.8660254037844375974 ) ) ;
#2771 = ORIENTED_EDGE ( 'NONE', *, *, #1986, .T. ) ;
#2772 = AXIS2_PLACEMENT_3D ( 'NONE', #767, #3023, #1618 ) ;
#2773 = DIRECTION ( 'NONE',  ( 0.4999999999999970024, 0.000000000000000000, 0.8660254037844403729 ) ) ;
#2774 = PRODUCT_DEFINITION_FORMATION_WITH_SPECIFIED_SOURCE ( 'ANY', '', #2718, .NOT_KNOWN. ) ;
#2775 = EDGE_LOOP ( 'NONE', ( #2024, #360, #1387, #1231 ) ) ;
#2776 = LINE ( 'NONE', #1666, #2855 ) ;
#2777 = VECTOR ( 'NONE', #3162, 1000.000000000000000 ) ;
#2778 = DIRECTION ( 'NONE',  ( 0.000000000000000000, 0.000000000000000000, 1.000000000000000000 ) ) ;
#2779 = DIRECTION ( 'NONE',  ( -0.000000000000000000, 1.000000000000000000, -0.000000000000000000 ) ) ;
#2780 = CARTESIAN_POINT ( 'NONE',  ( -73.46058083755714563, -4.500000000000000000, 5.864947550046090363 ) ) ;
#2781 = ORIENTED_EDGE ( 'NONE', *, *, #3143, .T. ) ;
#2782 = CARTESIAN_POINT ( 'NONE',  ( -80.87661476330221433, -3.499999999999999556, -14.49999999999998224 ) ) ;
#2783 = ORIENTED_EDGE ( 'NONE', *, *, #2649, .T. ) ;
#2784 = FACE_OUTER_BOUND ( 'NONE', #1234, .T. ) ;
#2785 = DIRECTION ( 'NONE',  ( -0.5000000000000026645, 0.000000000000000000, -0.8660254037844371533 ) ) ;
#2786 = VECTOR ( 'NONE', #600, 1000.000000000000114 ) ;
#2787 = DIRECTION ( 'NONE',  ( 0.8542421961772479477, 0.1643989873053572914, -0.4931969619160739282 ) ) ;
#2788 = EDGE_CURVE ( 'NONE', #2027, #77, #2869, .T. ) ;
#2789 = DIRECTION ( 'NONE',  ( -0.8660254037844358210, 0.000000000000000000, 0.5000000000000048850 ) ) ;
#2790 = ORIENTED_EDGE ( 'NONE', *, *, #1726, .T. ) ;
#2791 = ADVANCED_FACE ( 'NONE', ( #2614 ), #3147, .T. ) ;
#2792 = FACE_OUTER_BOUND ( 'NONE', #650, .T. ) ;
#2793 = ORIENTED_EDGE ( 'NONE', *, *, #842, .F. ) ;
#2794 = CARTESIAN_POINT ( 'NONE',  ( -78.70577136593992407, 4.500000000000000000, 11.78001105950692384 ) ) ;
#2795 = LINE ( 'NONE', #2561, #1627 ) ;
#2796 = EDGE_CURVE ( 'NONE', #94, #3211, #1156, .T. ) ;
#2797 = DIRECTION ( 'NONE',  ( -0.000000000000000000, 1.000000000000000000, -0.000000000000000000 ) ) ;
#2798 = CIRCLE ( 'NONE', #2568, 0.5000000000000001110 ) ;
#2799 = ORIENTED_EDGE ( 'NONE', *, *, #3596, .T. ) ;
#2800 = DIRECTION ( 'NONE',  ( -0.000000000000000000, -1.000000000000000000, -0.000000000000000000 ) ) ;
#2801 = ORIENTED_EDGE ( 'NONE', *, *, #2481, .T. ) ;
#2802 = CARTESIAN_POINT ( 'NONE',  ( -76.39371705655129574, -1.999911929427988566, 10.38068288414670803 ) ) ;
#2803 = DIRECTION ( 'NONE',  ( 0.000000000000000000, 0.000000000000000000, 1.000000000000000000 ) ) ;
#2804 = AXIS2_PLACEMENT_3D ( 'NONE', #1226, #1746, #71 ) ;
#2805 = DIRECTION ( 'NONE',  ( 0.000000000000000000, 1.000000000000000000, 0.000000000000000000 ) ) ;
#2806 = CARTESIAN_POINT ( 'NONE',  ( -86.75561342628814998, -1.249999999999996225, -11.28522338111910095 ) ) ;
#2807 = EDGE_LOOP ( 'NONE', ( #1328, #1748, #1805, #2639 ) ) ;
#2808 = EDGE_CURVE ( 'NONE', #891, #1101, #742, .T. ) ;
#2809 = CARTESIAN_POINT ( 'NONE',  ( -71.35524620691906250, 0.8980291698255993271, 8.095287944130806324 ) ) ;
#2810 = EDGE_CURVE ( 'NONE', #1196, #216, #1239, .T. ) ;
#2811 = PRODUCT_DEFINITION ( 'UNKNOWN', '', #2774, #2943 ) ;
#2812 = ORIENTED_EDGE ( 'NONE', *, *, #1718, .F. ) ;
#2813 = LINE ( 'NONE', #873, #2537 ) ;
#2814 = LINE ( 'NONE', #1153, #2158 ) ;
#2815 = CARTESIAN_POINT ( 'NONE',  ( -55.63925393469986602, 4.000000000000000000, 4.709915699857125659 ) ) ;
#2816 = ORIENTED_EDGE ( 'NONE', *, *, #1376, .F. ) ;
#2817 = CARTESIAN_POINT ( 'NONE',  ( -88.10769515458669332, -1.250000000000001110, -4.504598631319606028 ) ) ;
#2818 = EDGE_LOOP ( 'NONE', ( #2162, #2198 ) ) ;
#2819 = FACE_OUTER_BOUND ( 'NONE', #3463, .T. ) ;
#2820 = CARTESIAN_POINT ( 'NONE',  ( -81.50961894323383206, -1.250000000000000000, -5.076395401043806821 ) ) ;
#2821 = DIRECTION ( 'NONE',  ( 0.000000000000000000, -1.000000000000000000, 0.000000000000000000 ) ) ;
#2822 = ORIENTED_EDGE ( 'NONE', *, *, #2225, .T. ) ;
#2823 = VECTOR ( 'NONE', #2229, 1000.000000000000114 ) ;
#2824 = LINE ( 'NONE', #2555, #3470 ) ;
#2825 = EDGE_CURVE ( 'NONE', #1229, #871, #2098, .T. ) ;
#2826 = VERTEX_POINT ( 'NONE', #85 ) ;
#2827 = CARTESIAN_POINT ( 'NONE',  ( -80.87661476330221433, 3.499999999999999556, 9.000000000000024869 ) ) ;
#2828 = AXIS2_PLACEMENT_3D ( 'NONE', #1648, #2758, #870 ) ;
#2829 = CIRCLE ( 'NONE', #1024, 60.00000000000000000 ) ;
#2830 = DIRECTION ( 'NONE',  ( 0.000000000000000000, 0.000000000000000000, -1.000000000000000000 ) ) ;
#2831 = AXIS2_PLACEMENT_3D ( 'NONE', #3458, #2894, #110 ) ;
#2832 = CARTESIAN_POINT ( 'NONE',  ( -68.69744111674229714, -4.000000000000000000, 3.114947550045787938 ) ) ;
#2833 = ORIENTED_EDGE ( 'NONE', *, *, #2226, .T. ) ;
#2834 = CARTESIAN_POINT ( 'NONE',  ( -55.63925393469985892, -4.000000000000000000, 4.709915699857125659 ) ) ;
#2835 = CARTESIAN_POINT ( 'NONE',  ( -80.96058083755715984, -3.499999999999999556, -7.125433506720476373 ) ) ;
#2836 = EDGE_CURVE ( 'NONE', #1014, #2253, #3371, .T. ) ;
#2837 = ORIENTED_EDGE ( 'NONE', *, *, #306, .T. ) ;
#2838 = ORIENTED_EDGE ( 'NONE', *, *, #1652, .F. ) ;
#2839 = CIRCLE ( 'NONE', #972, 0.5000000000000018874 ) ;
#2840 = DIRECTION ( 'NONE',  ( 0.000000000000000000, 0.000000000000000000, 1.000000000000000000 ) ) ;
#2841 = AXIS2_PLACEMENT_3D ( 'NONE', #451, #172, #1630 ) ;
#2842 = ORIENTED_EDGE ( 'NONE', *, *, #577, .T. ) ;
#2843 = CARTESIAN_POINT ( 'NONE',  ( -1.097548864310292194, 4.000000000000000000, -10.44247990136688031 ) ) ;
#2844 = CIRCLE ( 'NONE', #1100, 1.999999999999997558 ) ;
#2845 = CARTESIAN_POINT ( 'NONE',  ( -76.64642882780346156, 1.917394492205145573, 10.52291629817096918 ) ) ;
#2846 = DIRECTION ( 'NONE',  ( -0.000000000000000000, 1.000000000000000000, -0.000000000000000000 ) ) ;
#2847 = AXIS2_PLACEMENT_3D ( 'NONE', #2715, #444, #3280 ) ;
#2848 = ADVANCED_FACE ( 'NONE', ( #386 ), #1205, .T. ) ;
#2849 = EDGE_CURVE ( 'NONE', #647, #3562, #2907, .T. ) ;
#2850 = CARTESIAN_POINT ( 'NONE',  ( -73.46058083755714563, -4.000000000000000000, 5.864947550046090363 ) ) ;
#2851 = ORIENTED_EDGE ( 'NONE', *, *, #3606, .T. ) ;
#2852 = DIRECTION ( 'NONE',  ( 0.8660254037844358210, 0.000000000000000000, -0.5000000000000047740 ) ) ;
#2853 = ADVANCED_FACE ( 'NONE', ( #1259 ), #655, .F. ) ;
#2854 = AXIS2_PLACEMENT_3D ( 'NONE', #1469, #2733, #1861 ) ;
#2855 = VECTOR ( 'NONE', #3560, 1000.000000000000000 ) ;
#2856 = LINE ( 'NONE', #2351, #2984 ) ;
#2857 = DIRECTION ( 'NONE',  ( -0.000000000000000000, -1.000000000000000000, -0.000000000000000000 ) ) ;
#2858 = ORIENTED_EDGE ( 'NONE', *, *, #580, .F. ) ;
#2859 = ORIENTED_EDGE ( 'NONE', *, *, #1706, .F. ) ;
#2860 = ADVANCED_FACE ( 'NONE', ( #1814 ), #2163, .F. ) ;
#2861 = ORIENTED_EDGE ( 'NONE', *, *, #3606, .F. ) ;
#2862 = FACE_OUTER_BOUND ( 'NONE', #523, .T. ) ;
#2863 = EDGE_CURVE ( 'NONE', #694, #1124, #2056, .T. ) ;
#2864 = DIRECTION ( 'NONE',  ( 0.000000000000000000, 0.000000000000000000, 1.000000000000000000 ) ) ;
#2865 = ORIENTED_EDGE ( 'NONE', *, *, #904, .T. ) ;
#2866 = DIRECTION ( 'NONE',  ( -0.000000000000000000, 1.000000000000000000, -0.000000000000000000 ) ) ;
#2867 = LINE ( 'NONE', #2517, #479 ) ;
#2868 = VECTOR ( 'NONE', #1126, 1000.000000000000114 ) ;
#2869 = LINE ( 'NONE', #3472, #2734 ) ;
#2870 = PLANE ( 'NONE',  #3504 ) ;
#2871 = ORIENTED_EDGE ( 'NONE', *, *, #701, .F. ) ;
#2872 = CARTESIAN_POINT ( 'NONE',  ( -59.45454284396947742, 3.499999999999999556, 41.00996488079906754 ) ) ;
#2873 = DIRECTION ( 'NONE',  ( 0.000000000000000000, -1.000000000000000000, 0.000000000000000000 ) ) ;
#2874 = CARTESIAN_POINT ( 'NONE',  ( 0.000000000000000000, 4.000000000000000000, 0.000000000000000000 ) ) ;
#2875 = CARTESIAN_POINT ( 'NONE',  ( -87.32756278789905480, -4.500000000000016875, -15.15336973558653533 ) ) ;
#2876 = ORIENTED_EDGE ( 'NONE', *, *, #3290, .F. ) ;
#2877 = APPROVAL_STATUS ( 'not_yet_approved' ) ;
#2878 = ORIENTED_EDGE ( 'NONE', *, *, #2754, .F. ) ;
#2879 = VECTOR ( 'NONE', #3569, 1000.000000000000114 ) ;
#2880 = EDGE_LOOP ( 'NONE', ( #380, #2386, #3401, #2716 ) ) ;
#2881 = CARTESIAN_POINT ( 'NONE',  ( -77.11334525680335616, 1.659281321104601581, 10.79109201779737148 ) ) ;
#2882 = ORIENTED_EDGE ( 'NONE', *, *, #3212, .F. ) ;
#2883 = CARTESIAN_POINT ( 'NONE',  ( -84.37708551700607984, -3.500000000000000888, -13.83684091314617959 ) ) ;
#2884 = LINE ( 'NONE', #929, #1311 ) ;
#2885 = VECTOR ( 'NONE', #3339, 1000.000000000000000 ) ;
#2886 = VECTOR ( 'NONE', #892, 1000.000000000000000 ) ;
#2887 = DIRECTION ( 'NONE',  ( -0.000000000000000000, -1.000000000000000000, -0.000000000000000000 ) ) ;
#2888 = VECTOR ( 'NONE', #2120, 1000.000000000000114 ) ;
#2889 = ORIENTED_EDGE ( 'NONE', *, *, #1180, .F. ) ;
#2890 = CARTESIAN_POINT ( 'NONE',  ( 1.469576158976823553E-15, 4.500000000000000000, 11.99999999999999645 ) ) ;
#2891 = VECTOR ( 'NONE', #2866, 1000.000000000000000 ) ;
#2892 = EDGE_CURVE ( 'NONE', #571, #1322, #2364, .T. ) ;
#2893 = DIRECTION ( 'NONE',  ( -0.000000000000000000, 1.000000000000000000, -0.000000000000000000 ) ) ;
#2894 = DIRECTION ( 'NONE',  ( 0.000000000000000000, -1.000000000000000000, 0.000000000000000000 ) ) ;
#2895 = CARTESIAN_POINT ( 'NONE',  ( -59.45454284396947742, -1.250000000000000222, 41.00996488079906754 ) ) ;
#2896 = EDGE_LOOP ( 'NONE', ( #2979, #2137, #504, #981 ) ) ;
#2897 = EDGE_LOOP ( 'NONE', ( #2851, #2107, #3366, #1091 ) ) ;
#2898 = COORDINATED_UNIVERSAL_TIME_OFFSET ( 5, 30, .AHEAD. ) ;
#2899 = ADVANCED_FACE ( 'NONE', ( #692 ), #2926, .F. ) ;
#2900 = ORIENTED_EDGE ( 'NONE', *, *, #78, .F. ) ;
#2901 = ADVANCED_FACE ( 'NONE', ( #1892 ), #803, .F. ) ;
#2902 = AXIS2_PLACEMENT_3D ( 'NONE', #1390, #2264, #1135 ) ;
#2903 = ORIENTED_EDGE ( 'NONE', *, *, #3386, .T. ) ;
#2904 = LINE ( 'NONE', #1511, #978 ) ;
#2905 = VERTEX_POINT ( 'NONE', #2131 ) ;
#2906 = CARTESIAN_POINT ( 'NONE',  ( -85.00707065584339261, -4.000000000000000000, -14.13415946430237113 ) ) ;
#2907 = CIRCLE ( 'NONE', #278, 10.50000000000000178 ) ;
#2908 = LINE ( 'NONE', #1554, #374 ) ;
#2909 = DIRECTION ( 'NONE',  ( 0.000000000000000000, 0.000000000000000000, -1.000000000000000000 ) ) ;
#2910 = EDGE_CURVE ( 'NONE', #1607, #355, #685, .T. ) ;
#2911 = ORIENTED_EDGE ( 'NONE', *, *, #3225, .T. ) ;
#2912 = LINE ( 'NONE', #2890, #435 ) ;
#2913 = EDGE_CURVE ( 'NONE', #2401, #932, #727, .T. ) ;
#2914 = DIRECTION ( 'NONE',  ( 0.000000000000000000, 0.000000000000000000, -1.000000000000000000 ) ) ;
#2915 = DIRECTION ( 'NONE',  ( 0.000000000000000000, 0.000000000000000000, 1.000000000000000000 ) ) ;
#2916 = EDGE_LOOP ( 'NONE', ( #2329, #2976, #43, #2570, #2606, #1132, #836, #3088, #297, #994, #1662, #988, #2326, #1008, #3079, #704, #1886, #1524 ) ) ;
#2917 = ORIENTED_EDGE ( 'NONE', *, *, #1391, .F. ) ;
#2918 = AXIS2_PLACEMENT_3D ( 'NONE', #1692, #2800, #296 ) ;
#2919 = VERTEX_POINT ( 'NONE', #3550 ) ;
#2920 = ORIENTED_EDGE ( 'NONE', *, *, #38, .F. ) ;
#2921 = EDGE_CURVE ( 'NONE', #1179, #1281, #221, .T. ) ;
#2922 = CARTESIAN_POINT ( 'NONE',  ( -77.40655867628539966, 1.367643093815951172, 10.96443273282042163 ) ) ;
#2923 = VERTEX_POINT ( 'NONE', #3000 ) ;
#2924 = DIRECTION ( 'NONE',  ( 0.000000000000000000, 1.000000000000000000, 0.000000000000000000 ) ) ;
#2925 = FACE_OUTER_BOUND ( 'NONE', #2669, .T. ) ;
#2926 = PLANE ( 'NONE',  #3552 ) ;
#2927 = VERTEX_POINT ( 'NONE', #2175 ) ;
#2928 = CARTESIAN_POINT ( 'NONE',  ( -75.26733397805057280, -4.167851936842409621, 9.721336071868092787 ) ) ;
#2929 = CARTESIAN_POINT ( 'NONE',  ( -44.32184328003001639, 3.499999999999999556, -67.73818268506069273 ) ) ;
#2930 = CARTESIAN_POINT ( 'NONE',  ( -22.57554842428807973, 4.500000000000000000, -39.10199687959796222 ) ) ;
#2931 = CARTESIAN_POINT ( 'NONE',  ( -73.46058083755714563, 4.000000000000000000, 5.864947550046090363 ) ) ;
#2932 = ORIENTED_EDGE ( 'NONE', *, *, #1460, .T. ) ;
#2933 = EDGE_LOOP ( 'NONE', ( #3453, #1164, #3044, #1959 ) ) ;
#2934 = PERSON_AND_ORGANIZATION ( #808, #1547 ) ;
#2935 = CARTESIAN_POINT ( 'NONE',  ( 0.000000000000000000, -3.499999999999999556, 0.000000000000000000 ) ) ;
#2936 = ORIENTED_EDGE ( 'NONE', *, *, #3130, .F. ) ;
#2937 = EDGE_CURVE ( 'NONE', #3095, #662, #2405, .T. ) ;
#2938 = ORIENTED_EDGE ( 'NONE', *, *, #580, .T. ) ;
#2939 = CARTESIAN_POINT ( 'NONE',  ( -80.87661476330221433, 4.500000000000000000, 9.000000000000024869 ) ) ;
#2940 = ORIENTED_EDGE ( 'NONE', *, *, #2910, .T. ) ;
#2941 = DIRECTION ( 'NONE',  ( -1.000000000000000000, -0.000000000000000000, -0.000000000000000000 ) ) ;
#2942 = DIRECTION ( 'NONE',  ( -0.000000000000000000, -1.000000000000000000, -0.000000000000000000 ) ) ;
#2943 = DESIGN_CONTEXT ( 'detailed design', #3394, 'design' ) ;
#2944 = DIRECTION ( 'NONE',  ( -0.000000000000000000, -1.000000000000000000, -0.000000000000000000 ) ) ;
#2945 = ADVANCED_FACE ( 'NONE', ( #3022 ), #1636, .T. ) ;
#2946 = ORIENTED_EDGE ( 'NONE', *, *, #1571, .T. ) ;
#2947 = CARTESIAN_POINT ( 'NONE',  ( -72.34936490538905218, -3.499999999999999556, -9.210369997259697072 ) ) ;
#2948 = AXIS2_PLACEMENT_3D ( 'NONE', #3104, #795, #3052 ) ;
#2949 = DIRECTION ( 'NONE',  ( -0.1045284632676468650, 0.000000000000000000, -0.9945218953682740670 ) ) ;
#2950 = AXIS2_PLACEMENT_3D ( 'NONE', #1154, #859, #1099 ) ;
#2951 = CARTESIAN_POINT ( 'NONE',  ( -64.13022294165203618, 4.500000000000000000, 37.02560147855381700 ) ) ;
#2952 = CARTESIAN_POINT ( 'NONE',  ( 0.000000000000000000, -4.500000000000000000, -11.99999999999999645 ) ) ;
#2953 = CIRCLE ( 'NONE', #3535, 34.99999999999999289 ) ;
#2954 = VERTEX_POINT ( 'NONE', #1578 ) ;
#2955 = B_SPLINE_CURVE_WITH_KNOTS ( 'NONE', 3,
 ( #1739, #3144, #361, #2595, #1494, #2330, #2883, #64 ),
 .UNSPECIFIED., .F., .F.,
 ( 4, 2, 2, 4 ),
 ( 0.000000000000000000, 0.0002752754437317699791, 0.0005505508874635399582, 0.001101101774927047390 ),
 .UNSPECIFIED. ) ;
#2956 = DIRECTION ( 'NONE',  ( -0.8660254037844350439, 0.000000000000000000, 0.5000000000000063283 ) ) ;
#2957 = EDGE_CURVE ( 'NONE', #1713, #845, #93, .T. ) ;
#2958 = ORIENTED_EDGE ( 'NONE', *, *, #1608, .T. ) ;
#2959 = ORIENTED_EDGE ( 'NONE', *, *, #3389, .F. ) ;
#2960 = DIRECTION ( 'NONE',  ( -0.000000000000000000, -1.000000000000000000, -0.000000000000000000 ) ) ;
#2961 = ORIENTED_EDGE ( 'NONE', *, *, #2156, .F. ) ;
#2962 = FACE_OUTER_BOUND ( 'NONE', #2455, .T. ) ;
#2963 = LINE ( 'NONE', #1495, #663 ) ;
#2964 = AXIS2_PLACEMENT_3D ( 'NONE', #13, #2543, #1170 ) ;
#2965 = CARTESIAN_POINT ( 'NONE',  ( -88.10769515458716228, 0.000000000000000000, -10.50459863131929161 ) ) ;
#2966 = CIRCLE ( 'NONE', #2448, 10.50000000000000178 ) ;
#2967 = EDGE_LOOP ( 'NONE', ( #3331, #3204, #24, #1331 ) ) ;
#2968 = FACE_OUTER_BOUND ( 'NONE', #2642, .T. ) ;
#2969 = EDGE_CURVE ( 'NONE', #1351, #1865, #1498, .T. ) ;
#2970 = CIRCLE ( 'NONE', #1393, 34.99999999999999289 ) ;
#2971 = EDGE_CURVE ( 'NONE', #3489, #2039, #514, .T. ) ;
#2972 = EDGE_CURVE ( 'NONE', #3134, #2826, #3572, .T. ) ;
#2973 = DIRECTION ( 'NONE',  ( 0.5000000000000018874, 0.000000000000000000, 0.8660254037844375974 ) ) ;
#2974 = CARTESIAN_POINT ( 'NONE',  ( -71.29553360606054468, -1.013222725575350536, 8.073714133877130550 ) ) ;
#2975 = LINE ( 'NONE', #463, #3206 ) ;
#2976 = ORIENTED_EDGE ( 'NONE', *, *, #121, .T. ) ;
#2977 = CARTESIAN_POINT ( 'NONE',  ( -79.77756813566442418, -7.844010068295858714E-15, -6.076395401044154099 ) ) ;
#2978 = ORIENTED_EDGE ( 'NONE', *, *, #1834, .F. ) ;
#2979 = ORIENTED_EDGE ( 'NONE', *, *, #1240, .F. ) ;
#2980 = CARTESIAN_POINT ( 'NONE',  ( -67.34936490538899534, 3.499999999999999556, -0.5501159594152931209 ) ) ;
#2981 = ORIENTED_EDGE ( 'NONE', *, *, #1327, .T. ) ;
#2982 = LINE ( 'NONE', #2228, #165 ) ;
#2983 = CARTESIAN_POINT ( 'NONE',  ( -90.86227374922169986, 4.500000000000000000, -21.27566871066797205 ) ) ;
#2984 = VECTOR ( 'NONE', #3457, 1000.000000000000000 ) ;
#2985 = CARTESIAN_POINT ( 'NONE',  ( -80.87661476330221433, 4.500000000000000000, 9.000000000000024869 ) ) ;
#2986 = ORIENTED_EDGE ( 'NONE', *, *, #2849, .F. ) ;
#2987 = DIRECTION ( 'NONE',  ( -1.000000000000000000, 4.230679891226269850E-17, 0.000000000000000000 ) ) ;
#2988 = CARTESIAN_POINT ( 'NONE',  ( -85.00707065584340683, -4.500000000000000000, -14.13415946430237113 ) ) ;
#2989 = CARTESIAN_POINT ( 'NONE',  ( -74.94744111674233977, -3.499999999999999556, -10.71036999725965089 ) ) ;
#2990 = CARTESIAN_POINT ( 'NONE',  ( -81.50961894323341994, 4.500000000000000000, -5.076395401044049294 ) ) ;
#2991 = ORIENTED_EDGE ( 'NONE', *, *, #3335, .F. ) ;
#2992 = CARTESIAN_POINT ( 'NONE',  ( -72.77756813566492156, 3.499999999999999556, 6.047960251938302889 ) ) ;
#2993 = ORIENTED_EDGE ( 'NONE', *, *, #1127, .F. ) ;
#2994 = EDGE_LOOP ( 'NONE', ( #1178, #1734, #2650, #228 ) ) ;
#2995 = B_SPLINE_CURVE_WITH_KNOTS ( 'NONE', 3,
 ( #2328, #3427, #614, #359, #1771, #925, #80, #3124, #1201, #2845, #964, #651, #2881, #2090, #2922, #1793 ),
 .UNSPECIFIED., .F., .F.,
 ( 4, 2, 2, 2, 2, 2, 2, 4 ),
 ( 3.496446946337351263E-18, 0.0004457135718969285022, 0.0008914271437938535349, 0.001782854287587670207, 0.002228567859484596649, 0.002674281431381523525, 0.003119995003278449967, 0.003565708575175376843 ),
 .UNSPECIFIED. ) ;
#2996 = CARTESIAN_POINT ( 'NONE',  ( 1.285879139104721028E-15, 4.500000000000000000, -10.50000000000000178 ) ) ;
#2997 = ORIENTED_EDGE ( 'NONE', *, *, #3281, .T. ) ;
#2998 = CARTESIAN_POINT ( 'NONE',  ( -84.84622392097735144, 3.688379685055548585, -14.05910300614238650 ) ) ;
#2999 = DIRECTION ( 'NONE',  ( 0.000000000000000000, 0.000000000000000000, 1.000000000000000000 ) ) ;
#3000 = CARTESIAN_POINT ( 'NONE',  ( -1.097548864310292194, -4.500000000000000000, -10.44247990136688031 ) ) ;
#3001 = EDGE_CURVE ( 'NONE', #1286, #1354, #2192, .T. ) ;
#3002 = CARTESIAN_POINT ( 'NONE',  ( -68.69744111674229714, -3.499999999999999556, 3.114947550045787938 ) ) ;
#3003 = EDGE_CURVE ( 'NONE', #1865, #1707, #2708, .T. ) ;
#3004 = B_SPLINE_CURVE_WITH_KNOTS ( 'NONE', 3,
 ( #1023, #764, #745, #3273, #2998, #1338, #234, #1613 ),
 .UNSPECIFIED., .F., .F.,
 ( 4, 2, 2, 4 ),
 ( -4.638946491149721486E-06, 0.0005457189877857321651, 0.0008208979549241558196, 0.001096076922062579583 ),
 .UNSPECIFIED. ) ;
#3005 = CARTESIAN_POINT ( 'NONE',  ( -59.45454284396947742, -4.000000000000000000, 41.00996488079906754 ) ) ;
#3006 = DIRECTION ( 'NONE',  ( 0.000000000000000000, 0.000000000000000000, 1.000000000000000000 ) ) ;
#3007 = AXIS2_PLACEMENT_3D ( 'NONE', #654, #105, #2092 ) ;
#3008 = CARTESIAN_POINT ( 'NONE',  ( -64.13022294165203618, 4.500000000000000000, 37.02560147855381700 ) ) ;
#3009 = ORIENTED_EDGE ( 'NONE', *, *, #1376, .T. ) ;
#3010 = ORIENTED_EDGE ( 'NONE', *, *, #3554, .F. ) ;
#3011 = AXIS2_PLACEMENT_3D ( 'NONE', #29, #1150, #1714 ) ;
#3012 = VECTOR ( 'NONE', #1262, 999.9999999999998863 ) ;
#3013 = DIRECTION ( 'NONE',  ( 0.8660254037844370423, 0.000000000000000000, -0.5000000000000028866 ) ) ;
#3014 = AXIS2_PLACEMENT_3D ( 'NONE', #3352, #2805, #2100 ) ;
#3015 = EDGE_LOOP ( 'NONE', ( #829, #2859, #941, #710 ) ) ;
#3016 = ADVANCED_FACE ( 'NONE', ( #2152 ), #1740, .F. ) ;
#3017 = CYLINDRICAL_SURFACE ( 'NONE', #26, 0.5000000000000032196 ) ;
#3018 = ADVANCED_FACE ( 'NONE', ( #2423 ), #782, .T. ) ;
#3019 = ORIENTED_EDGE ( 'NONE', *, *, #2461, .T. ) ;
#3020 = DIRECTION ( 'NONE',  ( -0.1045284632676468650, 0.000000000000000000, -0.9945218953682740670 ) ) ;
#3021 = FACE_OUTER_BOUND ( 'NONE', #1396, .T. ) ;
#3022 = FACE_OUTER_BOUND ( 'NONE', #2640, .T. ) ;
#3023 = DIRECTION ( 'NONE',  ( 0.000000000000000000, 1.000000000000000000, -0.000000000000000000 ) ) ;
#3024 = AXIS2_PLACEMENT_3D ( 'NONE', #3106, #1439, #2280 ) ;
#3025 = EDGE_CURVE ( 'NONE', #2116, #3187, #476, .T. ) ;
#3026 = FACE_OUTER_BOUND ( 'NONE', #3015, .T. ) ;
#3027 = CARTESIAN_POINT ( 'NONE',  ( -68.74539932760008298, -1.799064335733743247, 7.265406364404550565 ) ) ;
#3028 = CARTESIAN_POINT ( 'NONE',  ( -73.46058083755714563, -4.500000000000000000, 5.864947550046090363 ) ) ;
#3029 = VERTEX_POINT ( 'NONE', #1321 ) ;
#3030 = VECTOR ( 'NONE', #1297, 1000.000000000000000 ) ;
#3031 = FACE_OUTER_BOUND ( 'NONE', #554, .T. ) ;
#3032 = DIRECTION ( 'NONE',  ( 0.5000000000000026645, 0.000000000000000000, 0.8660254037844371533 ) ) ;
#3033 = ORIENTED_EDGE ( 'NONE', *, *, #1937, .T. ) ;
#3034 = AXIS2_PLACEMENT_3D ( 'NONE', #3521, #1013, #2392 ) ;
#3035 = B_SPLINE_CURVE_WITH_KNOTS ( 'NONE', 3,
 ( #181, #1600, #443, #2479, #1860, #3590, #2974, #461, #1066, #2693, #2428, #3556, #2196, #2450, #1878, #3538, #1034, #2160, #3263, #3027, #208, #1325, #1051, #226, #2466, #520, #2750, #1641, #1955, #1397, #1379, #1676 ),
 .UNSPECIFIED., .F., .F.,
 ( 4, 2, 2, 2, 2, 2, 2, 2, 2, 2, 2, 2, 2, 2, 2, 4 ),
 ( 0.000000000000000000, 0.0003962590232363533138, 0.0007925180464727066276, 0.001188777069709059941, 0.001585036092945413255, 0.002377554139418118582, 0.002773813162654453247, 0.003170072185890787479, 0.003566331209127122145, 0.003962590232363455943, 0.004358849255599790175, 0.004755108278836125274, 0.005151367302072459506, 0.005547626325308793738, 0.005943885348545127970, 0.006340144371781461334 ),
 .UNSPECIFIED. ) ;
#3036 = FACE_OUTER_BOUND ( 'NONE', #2594, .T. ) ;
#3037 = ORIENTED_EDGE ( 'NONE', *, *, #1341, .F. ) ;
#3038 = CARTESIAN_POINT ( 'NONE',  ( 1.224646799147353454E-15, -4.000000000000000000, 10.00000000000000178 ) ) ;
#3039 = EDGE_CURVE ( 'NONE', #2251, #1464, #1920, .T. ) ;
#3040 = DIRECTION ( 'NONE',  ( -0.5000000000000022204, 0.000000000000000000, -0.8660254037844373753 ) ) ;
#3041 = CIRCLE ( 'NONE', #1933, 23.50000000000000355 ) ;
#3042 = DIRECTION ( 'NONE',  ( 0.8660254037844367092, 0.000000000000000000, -0.5000000000000034417 ) ) ;
#3043 = PLANE ( 'NONE',  #3073 ) ;
#3044 = ORIENTED_EDGE ( 'NONE', *, *, #2010, .F. ) ;
#3045 = DIRECTION ( 'NONE',  ( 0.9945218953682725127, 0.000000000000000000, 0.1045284632676602987 ) ) ;
#3046 = CARTESIAN_POINT ( 'NONE',  ( -80.87661476330221433, -3.499999999999999556, 9.000000000000024869 ) ) ;
#3047 = DIRECTION ( 'NONE',  ( 1.000000000000000000, -0.000000000000000000, 1.224646799147353207E-16 ) ) ;
#3048 = LINE ( 'NONE', #3595, #1850 ) ;
#3049 = CARTESIAN_POINT ( 'NONE',  ( -44.32184328003001639, 4.500000000000000000, -67.73818268506069273 ) ) ;
#3050 = EDGE_LOOP ( 'NONE', ( #268, #1907, #1768, #3620 ) ) ;
#3051 = VECTOR ( 'NONE', #1362, 1000.000000000000114 ) ;
#3052 = DIRECTION ( 'NONE',  ( 0.000000000000000000, 0.000000000000000000, 1.000000000000000000 ) ) ;
#3053 = ORIENTED_EDGE ( 'NONE', *, *, #2913, .F. ) ;
#3054 = CARTESIAN_POINT ( 'NONE',  ( -69.94744111674229714, 3.499999999999999556, 0.9498840405847073232 ) ) ;
#3055 = CARTESIAN_POINT ( 'NONE',  ( -7.781122211244526632, 1.249999999999997780, 41.87196988059675107 ) ) ;
#3056 = EDGE_CURVE ( 'NONE', #627, #2012, #2001, .T. ) ;
#3057 = DIRECTION ( 'NONE',  ( 0.000000000000000000, 1.000000000000000000, 0.000000000000000000 ) ) ;
#3058 = CYLINDRICAL_SURFACE ( 'NONE', #3361, 34.99999999999999289 ) ;
#3059 = EDGE_CURVE ( 'NONE', #1603, #177, #567, .T. ) ;
#3060 = ORIENTED_EDGE ( 'NONE', *, *, #248, .F. ) ;
#3061 = CARTESIAN_POINT ( 'NONE',  ( -81.77756813566449523, -7.844010068295858714E-15, -9.540497016182049705 ) ) ;
#3062 = ORIENTED_EDGE ( 'NONE', *, *, #3168, .F. ) ;
#3063 = FACE_OUTER_BOUND ( 'NONE', #901, .T. ) ;
#3064 = EDGE_CURVE ( 'NONE', #2122, #739, #874, .T. ) ;
#3065 = CARTESIAN_POINT ( 'NONE',  ( -74.94744111674233977, -3.499999999999999556, -7.710369997259655328 ) ) ;
#3066 = CARTESIAN_POINT ( 'NONE',  ( -85.00707065584339261, 4.000000000000000000, -14.13415946430237113 ) ) ;
#3067 = DIRECTION ( 'NONE',  ( 0.000000000000000000, 0.000000000000000000, 1.000000000000000000 ) ) ;
#3068 = ORIENTED_EDGE ( 'NONE', *, *, #2674, .F. ) ;
#3069 = VECTOR ( 'NONE', #2960, 1000.000000000000000 ) ;
#3070 = ADVANCED_FACE ( 'NONE', ( #1668 ), #2230, .F. ) ;
#3071 = CARTESIAN_POINT ( 'NONE',  ( 0.000000000000000000, 3.499999999999999556, 10.00000000000000178 ) ) ;
#3072 = ORIENTED_EDGE ( 'NONE', *, *, #2273, .F. ) ;
#3073 = AXIS2_PLACEMENT_3D ( 'NONE', #1372, #875, #1358 ) ;
#3074 = DIRECTION ( 'NONE',  ( 0.8660254037844395958, 0.000000000000000000, -0.4999999999999985567 ) ) ;
#3075 = CARTESIAN_POINT ( 'NONE',  ( 0.000000000000000000, -4.500000000000000000, 0.000000000000000000 ) ) ;
#3076 = LINE ( 'NONE', #568, #726 ) ;
#3077 = ORIENTED_EDGE ( 'NONE', *, *, #99, .T. ) ;
#3078 = DIRECTION ( 'NONE',  ( -0.000000000000000000, -1.000000000000000000, -0.000000000000000000 ) ) ;
#3079 = ORIENTED_EDGE ( 'NONE', *, *, #975, .T. ) ;
#3080 = PLANE ( 'NONE',  #2719 ) ;
#3081 = CARTESIAN_POINT ( 'NONE',  ( -89.45977688288614615, 1.250000000000003775, -9.723973881519494711 ) ) ;
#3082 = ADVANCED_FACE ( 'NONE', ( #1719 ), #569, .F. ) ;
#3083 = EDGE_CURVE ( 'NONE', #2736, #2411, #1098, .T. ) ;
#3084 = AXIS2_PLACEMENT_3D ( 'NONE', #1357, #1340, #2463 ) ;
#3085 = CC_DESIGN_PERSON_AND_ORGANIZATION_ASSIGNMENT ( #3174, #412, ( #2811 ) ) ;
#3086 = AXIS2_PLACEMENT_3D ( 'NONE', #2313, #3165, #3413 ) ;
#3087 = CARTESIAN_POINT ( 'NONE',  ( 8.572527594031474176E-16, 3.499999999999999556, 7.000000000000000888 ) ) ;
#3088 = ORIENTED_EDGE ( 'NONE', *, *, #750, .T. ) ;
#3089 = CYLINDRICAL_SURFACE ( 'NONE', #2828, 2.499999999999986677 ) ;
#3090 = ORIENTED_EDGE ( 'NONE', *, *, #22, .F. ) ;
#3091 = CARTESIAN_POINT ( 'NONE',  ( -80.96058083755715984, 4.500000000000000000, -7.125433506720476373 ) ) ;
#3092 = CARTESIAN_POINT ( 'NONE',  ( -85.00707065584340683, -3.499999999999999556, -14.13415946430237113 ) ) ;
#3093 = CARTESIAN_POINT ( 'NONE',  ( -70.12521138586922120, 4.500000000000000000, -13.57005373090020761 ) ) ;
#3094 = VECTOR ( 'NONE', #572, 1000.000000000000114 ) ;
#3095 = VERTEX_POINT ( 'NONE', #552 ) ;
#3096 = CARTESIAN_POINT ( 'NONE',  ( -69.44744111674229714, 4.500000000000000000, 1.815909444369139703 ) ) ;
#3097 = VERTEX_POINT ( 'NONE', #308 ) ;
#3098 = DIRECTION ( 'NONE',  ( -0.000000000000000000, -1.000000000000000000, -0.000000000000000000 ) ) ;
#3099 = AXIS2_PLACEMENT_3D ( 'NONE', #1193, #2305, #3169 ) ;
#3100 = CARTESIAN_POINT ( 'NONE',  ( -80.87661476330221433, -3.499999999999999556, -13.99999999999998046 ) ) ;
#3101 = CARTESIAN_POINT ( 'NONE',  ( 0.000000000000000000, 4.000000000000000000, 0.000000000000000000 ) ) ;
#3102 = VERTEX_POINT ( 'NONE', #3378 ) ;
#3103 = EDGE_CURVE ( 'NONE', #1474, #716, #740, .T. ) ;
#3104 = CARTESIAN_POINT ( 'NONE',  ( -74.94744111674233977, 4.000000000000000000, -7.710369997259655328 ) ) ;
#3105 = ORIENTED_EDGE ( 'NONE', *, *, #1180, .T. ) ;
#3106 = CARTESIAN_POINT ( 'NONE',  ( -44.32184328003001639, 4.500000000000000000, -67.73818268506069273 ) ) ;
#3107 = DIRECTION ( 'NONE',  ( -0.8660254037844363761, 0.000000000000000000, 0.5000000000000039968 ) ) ;
#3108 = CARTESIAN_POINT ( 'NONE',  ( -55.58698970306603115, -4.000000000000000000, 4.212654752172989348 ) ) ;
#3109 = EDGE_CURVE ( 'NONE', #1932, #279, #2966, .T. ) ;
#3110 = CARTESIAN_POINT ( 'NONE',  ( 0.000000000000000000, -4.000000000000000000, -10.50000000000000178 ) ) ;
#3111 = ORIENTED_EDGE ( 'NONE', *, *, #1466, .T. ) ;
#3112 = CARTESIAN_POINT ( 'NONE',  ( -77.31591664599659453, -1.472534932694527621, 10.91038206156394175 ) ) ;
#3113 = DIRECTION ( 'NONE',  ( 0.000000000000000000, 0.000000000000000000, 1.000000000000000000 ) ) ;
#3114 = DIRECTION ( 'NONE',  ( -0.000000000000000000, -1.000000000000000000, -0.000000000000000000 ) ) ;
#3115 = ORIENTED_EDGE ( 'NONE', *, *, #967, .T. ) ;
#3116 = CARTESIAN_POINT ( 'NONE',  ( -55.58698970306602405, 4.000000000000000000, 4.212654752172990236 ) ) ;
#3117 = ORIENTED_EDGE ( 'NONE', *, *, #3492, .F. ) ;
#3118 = LINE ( 'NONE', #2794, #328 ) ;
#3119 = CIRCLE ( 'NONE', #498, 62.00000000000000000 ) ;
#3120 = ADVANCED_FACE ( 'NONE', ( #253 ), #1685, .F. ) ;
#3121 = ADVANCED_FACE ( 'NONE', ( #1441 ), #3624, .T. ) ;
#3122 = AXIS2_PLACEMENT_3D ( 'NONE', #1790, #2591, #958 ) ;
#3123 = EDGE_CURVE ( 'NONE', #2149, #2553, #2249, .T. ) ;
#3124 = CARTESIAN_POINT ( 'NONE',  ( -76.26050142941008403, 2.000157693669195602, 10.30846844189186839 ) ) ;
#3125 = AXIS2_PLACEMENT_3D ( 'NONE', #1462, #1773, #1475 ) ;
#3126 = CARTESIAN_POINT ( 'NONE',  ( -98.50000000000042633, -2.000000000000016431, -4.504598631319270297 ) ) ;
#3127 = DIRECTION ( 'NONE',  ( -1.000000000000000000, -1.305225087948757240E-16, 0.000000000000000000 ) ) ;
#3128 = ORIENTED_EDGE ( 'NONE', *, *, #1937, .F. ) ;
#3129 = DIRECTION ( 'NONE',  ( 0.000000000000000000, -1.000000000000000000, 0.000000000000000000 ) ) ;
#3130 = EDGE_CURVE ( 'NONE', #73, #718, #621, .T. ) ;
#3131 = CARTESIAN_POINT ( 'NONE',  ( -72.04551732809549947, -7.844010068295858714E-15, 3.315909444369095738 ) ) ;
#3132 = CARTESIAN_POINT ( 'NONE',  ( -72.56762294697972493, -3.499999999999999556, 6.411595985545694099 ) ) ;
#3133 = EDGE_CURVE ( 'NONE', #2741, #392, #2795, .T. ) ;
#3134 = VERTEX_POINT ( 'NONE', #1410 ) ;
#3135 = ORIENTED_EDGE ( 'NONE', *, *, #535, .T. ) ;
#3136 = AXIS2_PLACEMENT_3D ( 'NONE', #3598, #2221, #1163 ) ;
#3137 = DIRECTION ( 'NONE',  ( -0.9945218953682725127, -0.000000000000000000, -0.1045284632676605069 ) ) ;
#3138 = AXIS2_PLACEMENT_3D ( 'NONE', #1555, #456, #1079 ) ;
#3139 = ORIENTED_EDGE ( 'NONE', *, *, #588, .F. ) ;
#3140 = CARTESIAN_POINT ( 'NONE',  ( -52.00586728866990427, 4.500000000000000000, 30.02560147855384187 ) ) ;
#3141 = CIRCLE ( 'NONE', #2388, 34.99999999999999289 ) ;
#3142 = CARTESIAN_POINT ( 'NONE',  ( -75.44744111674236819, 4.500000000000000000, -8.576395401044083044 ) ) ;
#3143 = EDGE_CURVE ( 'NONE', #716, #1470, #197, .T. ) ;
#3144 = CARTESIAN_POINT ( 'NONE',  ( -85.00707065584339261, -3.906318289187078463, -14.13415946430236936 ) ) ;
#3145 = DIRECTION ( 'NONE',  ( 0.000000000000000000, 0.000000000000000000, 1.000000000000000000 ) ) ;
#3146 = VECTOR ( 'NONE', #3502, 1000.000000000000000 ) ;
#3147 = PLANE ( 'NONE',  #1688 ) ;
#3148 = DIRECTION ( 'NONE',  ( -0.000000000000000000, 1.000000000000000000, -0.000000000000000000 ) ) ;
#3149 = EDGE_LOOP ( 'NONE', ( #539, #856, #3199, #2145 ) ) ;
#3150 = DIRECTION ( 'NONE',  ( -0.000000000000000000, -1.000000000000000000, 0.000000000000000000 ) ) ;
#3151 = CLOSED_SHELL ( 'NONE', ( #2520, #2735, #3016, #1406, #2860, #2288, #1186, #2945, #1787, #2147, #2314, #950, #475, #3292, #2419, #1139, #611, #866, #140, #1279, #3018, #218, #838, #358, #545, #3480, #1334, #2791, #2223, #2058, #2548, #44, #2848, #1738, #184, #86, #2757, #1948, #597, #1882, #775, #674, #487, #2376, #2412, #847, #1444, #1352, #2764, #1490, #1900, #2289, #2153, #1115, #1068, #1497, #2167, #1081, #642, #418, #1833, #1078, #2194, #204, #2901, #1559, #3070, #2482, #3618, #2899, #2240, #2043, #426, #822, #1983, #236, #2853, #1655, #190, #3082, #3120, #813, #1678, #615, #2369, #3300, #2617, #3121, #1027, #240, #3588, #3561, #1619, #2526, #25, #1993, #1292, #2114, #3238, #2545, #1177, #890, #3403, #1291, #884, #3429, #1010, #1769, #51, #1117, #2739, #2443 ) ) ;
#3152 = AXIS2_PLACEMENT_3D ( 'NONE', #2660, #2469, #758 ) ;
#3153 = LINE ( 'NONE', #1502, #2295 ) ;
#3154 = DIRECTION ( 'NONE',  ( -0.000000000000000000, -1.000000000000000000, -0.000000000000000000 ) ) ;
#3155 = ORIENTED_EDGE ( 'NONE', *, *, #1266, .T. ) ;
#3156 = EDGE_LOOP ( 'NONE', ( #3285, #1200, #1053, #148 ) ) ;
#3157 = TOROIDAL_SURFACE ( 'NONE', #1701, 37.00000000000000000, 0.5000000000000000000 ) ;
#3158 = ORIENTED_EDGE ( 'NONE', *, *, #513, .F. ) ;
#3159 = ORIENTED_EDGE ( 'NONE', *, *, #2632, .F. ) ;
#3160 = DIRECTION ( 'NONE',  ( -0.000000000000000000, 1.000000000000000000, -0.000000000000000000 ) ) ;
#3161 = ORIENTED_EDGE ( 'NONE', *, *, #1808, .F. ) ;
#3162 = DIRECTION ( 'NONE',  ( -0.000000000000000000, -1.000000000000000000, -0.000000000000000000 ) ) ;
#3163 = CARTESIAN_POINT ( 'NONE',  ( -55.58698970306602405, 3.499999999999999556, 4.212654752172995565 ) ) ;
#3164 = CIRCLE ( 'NONE', #9, 0.5000000000000004441 ) ;
#3165 = DIRECTION ( 'NONE',  ( 0.000000000000000000, -1.000000000000000000, 0.000000000000000000 ) ) ;
#3166 = ORIENTED_EDGE ( 'NONE', *, *, #701, .T. ) ;
#3167 = CARTESIAN_POINT ( 'NONE',  ( -59.45454284396947742, -3.499999999999999556, 4.009964880799070208 ) ) ;
#3168 = EDGE_CURVE ( 'NONE', #871, #153, #2814, .T. ) ;
#3169 = DIRECTION ( 'NONE',  ( 0.000000000000000000, 0.000000000000000000, -1.000000000000000000 ) ) ;
#3170 = CARTESIAN_POINT ( 'NONE',  ( -59.45454284396947742, 4.500000000000000000, 41.00996488079906754 ) ) ;
#3171 = VERTEX_POINT ( 'NONE', #888 ) ;
#3172 = ORIENTED_EDGE ( 'NONE', *, *, #1169, .F. ) ;
#3173 = ORIENTED_EDGE ( 'NONE', *, *, #3109, .F. ) ;
#3174 = PERSON_AND_ORGANIZATION ( #808, #1547 ) ;
#3175 = ORIENTED_EDGE ( 'NONE', *, *, #720, .T. ) ;
#3176 = VECTOR ( 'NONE', #2475, 1000.000000000000114 ) ;
#3177 = EDGE_CURVE ( 'NONE', #3297, #1807, #3605, .T. ) ;
#3178 = EDGE_LOOP ( 'NONE', ( #1377, #2531, #2045, #333 ) ) ;
#3179 = DIRECTION ( 'NONE',  ( -1.000000000000000000, 0.000000000000000000, 0.000000000000000000 ) ) ;
#3180 = ORIENTED_EDGE ( 'NONE', *, *, #1327, .F. ) ;
#3181 = LINE ( 'NONE', #343, #2891 ) ;
#3182 = FACE_OUTER_BOUND ( 'NONE', #3303, .T. ) ;
#3183 = VECTOR ( 'NONE', #3359, 1000.000000000000000 ) ;
#3184 = VECTOR ( 'NONE', #3309, 1000.000000000000000 ) ;
#3185 = CARTESIAN_POINT ( 'NONE',  ( -1.045284632676602987, 4.000000000000000000, 9.945218953682733343 ) ) ;
#3186 = VECTOR ( 'NONE', #1957, 1000.000000000000114 ) ;
#3187 = VERTEX_POINT ( 'NONE', #2593 ) ;
#3188 = CYLINDRICAL_SURFACE ( 'NONE', #1194, 10.50000000000000178 ) ;
#3189 = CARTESIAN_POINT ( 'NONE',  ( -68.69744111674229714, 4.000000000000000000, 3.114947550045790603 ) ) ;
#3190 = CARTESIAN_POINT ( 'NONE',  ( -59.45454284396947742, 3.499999999999999556, 41.00996488079906754 ) ) ;
#3191 = EDGE_CURVE ( 'NONE', #571, #302, #2095, .T. ) ;
#3192 = ORIENTED_EDGE ( 'NONE', *, *, #918, .T. ) ;
#3193 = ORIENTED_EDGE ( 'NONE', *, *, #1058, .T. ) ;
#3194 =( BOUNDED_CURVE ( )  B_SPLINE_CURVE ( 3, ( #2215, #3313, #16, #3365 ),
 .UNSPECIFIED., .F., .F. ) 
 B_SPLINE_CURVE_WITH_KNOTS ( ( 4, 4 ),
 ( 4.365046710725967394, 4.974996959870598090 ),
 .UNSPECIFIED. ) 
 CURVE ( )  GEOMETRIC_REPRESENTATION_ITEM ( )  RATIONAL_B_SPLINE_CURVE ( ( 1.000000000000000000, 0.9692362814625175016, 0.9692362814625175016, 1.000000000000000000 ) ) 
 REPRESENTATION_ITEM ( '' )  );
#3195 = PERSON_AND_ORGANIZATION ( #808, #1547 ) ;
#3196 = ORIENTED_EDGE ( 'NONE', *, *, #3191, .F. ) ;
#3197 = VECTOR ( 'NONE', #839, 1000.000000000000000 ) ;
#3198 = DIRECTION ( 'NONE',  ( -0.000000000000000000, 1.000000000000000000, -0.000000000000000000 ) ) ;
#3199 = ORIENTED_EDGE ( 'NONE', *, *, #2417, .T. ) ;
#3200 = DIRECTION ( 'NONE',  ( 0.8660254037844378194, 0.000000000000000000, -0.5000000000000015543 ) ) ;
#3201 = CIRCLE ( 'NONE', #1501, 2.499999999999986677 ) ;
#3202 = CARTESIAN_POINT ( 'NONE',  ( -45.54108266083017043, -7.599080708466386840E-15, 45.22293691396223636 ) ) ;
#3203 = DIRECTION ( 'NONE',  ( 0.1045284632676528741, 0.000000000000000000, 0.9945218953682734009 ) ) ;
#3204 = ORIENTED_EDGE ( 'NONE', *, *, #1466, .F. ) ;
#3205 = CARTESIAN_POINT ( 'NONE',  ( -22.57554842428807973, 4.500000000000000000, -39.10199687959796222 ) ) ;
#3206 = VECTOR ( 'NONE', #1585, 1000.000000000000114 ) ;
#3207 = B_SPLINE_CURVE_WITH_KNOTS ( 'NONE', 3,
 ( #1346, #3520, #1621, #481, #3295, #769, #163, #1302 ),
 .UNSPECIFIED., .F., .F.,
 ( 4, 2, 2, 4 ),
 ( -4.501469348702864761E-06, 0.0004514774762716703641, 0.0006794669490818573644, 0.0009074564218920443646 ),
 .UNSPECIFIED. ) ;
#3208 = CARTESIAN_POINT ( 'NONE',  ( -80.87661476330221433, 4.500000000000000000, 9.000000000000024869 ) ) ;
#3209 = DIRECTION ( 'NONE',  ( 0.000000000000000000, 1.000000000000000000, 0.000000000000000000 ) ) ;
#3210 = DIRECTION ( 'NONE',  ( -0.9945218953682727347, 0.000000000000000000, -0.1045284632676601738 ) ) ;
#3211 = VERTEX_POINT ( 'NONE', #1185 ) ;
#3212 = EDGE_CURVE ( 'NONE', #87, #3402, #1386, .T. ) ;
#3213 = APPROVAL_DATE_TIME ( #1543, #2157 ) ;
#3214 = ORIENTED_EDGE ( 'NONE', *, *, #1228, .T. ) ;
#3215 = EDGE_CURVE ( 'NONE', #3211, #1807, #1216, .T. ) ;
#3216 = AXIS2_PLACEMENT_3D ( 'NONE', #2080, #3437, #1176 ) ;
#3217 = ORIENTED_EDGE ( 'NONE', *, *, #2471, .T. ) ;
#3218 = LINE ( 'NONE', #3286, #3069 ) ;
#3219 = ORIENTED_EDGE ( 'NONE', *, *, #2002, .T. ) ;
#3220 = LINE ( 'NONE', #2646, #3436 ) ;
#3221 = DIRECTION ( 'NONE',  ( -0.8660254037844349329, 0.000000000000000000, 0.5000000000000062172 ) ) ;
#3222 = CARTESIAN_POINT ( 'NONE',  ( 0.000000000000000000, 3.499999999999999556, 0.000000000000000000 ) ) ;
#3223 = EDGE_LOOP ( 'NONE', ( #3037, #1151, #2365, #1635 ) ) ;
#3224 = CARTESIAN_POINT ( 'NONE',  ( -69.08141571295786321, 4.500000000000000000, 0.4498840405847137625 ) ) ;
#3225 = EDGE_CURVE ( 'NONE', #2610, #2253, #1269, .T. ) ;
#3226 = DIRECTION ( 'NONE',  ( -0.000000000000000000, -1.000000000000000000, -0.000000000000000000 ) ) ;
#3227 = FACE_OUTER_BOUND ( 'NONE', #2497, .T. ) ;
#3228 = CARTESIAN_POINT ( 'NONE',  ( -84.21190147734922959, -3.499999999999999556, -13.75688604653766234 ) ) ;
#3229 = ORIENTED_EDGE ( 'NONE', *, *, #2836, .T. ) ;
#3230 = PERSON_AND_ORGANIZATION ( #808, #1547 ) ;
#3231 = DIRECTION ( 'NONE',  ( 0.000000000000000000, 0.000000000000000000, 1.000000000000000000 ) ) ;
#3232 = VERTEX_POINT ( 'NONE', #3142 ) ;
#3233 = DIRECTION ( 'NONE',  ( 0.000000000000000000, -1.000000000000000000, 0.000000000000000000 ) ) ;
#3234 = VERTEX_POINT ( 'NONE', #1809 ) ;
#3235 = CARTESIAN_POINT ( 'NONE',  ( 0.000000000000000000, 4.500000000000000000, 0.000000000000000000 ) ) ;
#3236 = EDGE_CURVE ( 'NONE', #2722, #2012, #1255, .T. ) ;
#3237 = CARTESIAN_POINT ( 'NONE',  ( 0.000000000000000000, 3.499999999999999556, 0.000000000000000000 ) ) ;
#3238 = ADVANCED_FACE ( 'NONE', ( #688, #670 ), #631, .T. ) ;
#3239 = DIRECTION ( 'NONE',  ( -0.8660254037844375974, 0.000000000000000000, 0.5000000000000018874 ) ) ;
#3240 = ORIENTED_EDGE ( 'NONE', *, *, #2324, .F. ) ;
#3241 = LINE ( 'NONE', #2193, #2081 ) ;
#3242 = AXIS2_PLACEMENT_3D ( 'NONE', #1125, #2272, #557 ) ;
#3243 = AXIS2_PLACEMENT_3D ( 'NONE', #1551, #3233, #191 ) ;
#3244 = CARTESIAN_POINT ( 'NONE',  ( -53.33531129489071532, 0.000000000000000000, 49.72293691396257742 ) ) ;
#3245 = VECTOR ( 'NONE', #1690, 1000.000000000000000 ) ;
#3246 = CARTESIAN_POINT ( 'NONE',  ( -44.32184328003001639, 3.499999999999999556, -67.73818268506069273 ) ) ;
#3247 = DIRECTION ( 'NONE',  ( -0.000000000000000000, 1.000000000000000000, -0.000000000000000000 ) ) ;
#3248 = VERTEX_POINT ( 'NONE', #982 ) ;
#3249 = COORDINATED_UNIVERSAL_TIME_OFFSET ( 5, 30, .AHEAD. ) ;
#3250 = DIRECTION ( 'NONE',  ( 0.000000000000000000, 1.000000000000000000, -0.000000000000000000 ) ) ;
#3251 = ORIENTED_EDGE ( 'NONE', *, *, #2788, .F. ) ;
#3252 = ORIENTED_EDGE ( 'NONE', *, *, #263, .F. ) ;
#3253 = CARTESIAN_POINT ( 'NONE',  ( -69.10189209089413964, 1.947262607337153284, 7.364908427152927928 ) ) ;
#3254 = ORIENTED_EDGE ( 'NONE', *, *, #34, .T. ) ;
#3255 = DIRECTION ( 'NONE',  ( -0.000000000000000000, -1.000000000000000000, -0.000000000000000000 ) ) ;
#3256 = DIRECTION ( 'NONE',  ( 0.000000000000000000, 1.000000000000000000, -0.000000000000000000 ) ) ;
#3257 = AXIS2_PLACEMENT_3D ( 'NONE', #102, #398, #3465 ) ;
#3258 = DIRECTION ( 'NONE',  ( 0.5000000000000018874, 0.000000000000000000, 0.8660254037844375974 ) ) ;
#3259 = TOROIDAL_SURFACE ( 'NONE', #395, 23.00000000000000711, 0.5000000000000000000 ) ;
#3260 = ORIENTED_EDGE ( 'NONE', *, *, #2567, .T. ) ;
#3261 = CYLINDRICAL_SURFACE ( 'NONE', #203, 2.000000000000004885 ) ;
#3262 = CARTESIAN_POINT ( 'NONE',  ( -80.96058083755715984, -4.000000000000000000, -7.125433506720476373 ) ) ;
#3263 = CARTESIAN_POINT ( 'NONE',  ( -68.98323828685823855, -1.897871403655224665, 7.331793807795918383 ) ) ;
#3264 = CARTESIAN_POINT ( 'NONE',  ( 0.000000000000000000, 4.500000000000000000, 0.000000000000000000 ) ) ;
#3265 = ORIENTED_EDGE ( 'NONE', *, *, #880, .F. ) ;
#3266 = ORIENTED_EDGE ( 'NONE', *, *, #3345, .F. ) ;
#3267 = CARTESIAN_POINT ( 'NONE',  ( 0.000000000000000000, -3.500000000000000444, -7.000000000000000888 ) ) ;
#3268 = ORIENTED_EDGE ( 'NONE', *, *, #751, .F. ) ;
#3269 = ORIENTED_EDGE ( 'NONE', *, *, #2630, .T. ) ;
#3270 = AXIS2_PLACEMENT_3D ( 'NONE', #3208, #480, #768 ) ;
#3271 = DIRECTION ( 'NONE',  ( -0.000000000000000000, 1.000000000000000000, -0.000000000000000000 ) ) ;
#3272 = ORIENTED_EDGE ( 'NONE', *, *, #373, .F. ) ;
#3273 = CARTESIAN_POINT ( 'NONE',  ( -84.77307275216548987, 3.639870676628710555, -14.02477606052035952 ) ) ;
#3274 = CYLINDRICAL_SURFACE ( 'NONE', #17, 2.000000000000004885 ) ;
#3275 = AXIS2_PLACEMENT_3D ( 'NONE', #2119, #2389, #1599 ) ;
#3276 = DIRECTION ( 'NONE',  ( -0.000000000000000000, -1.000000000000000000, -0.000000000000000000 ) ) ;
#3277 = EDGE_CURVE ( 'NONE', #1348, #1214, #2344, .T. ) ;
#3278 = DIRECTION ( 'NONE',  ( -0.8660254037844372643, 0.000000000000000000, 0.5000000000000026645 ) ) ;
#3279 = LINE ( 'NONE', #2135, #2888 ) ;
#3280 = DIRECTION ( 'NONE',  ( 0.000000000000000000, 0.000000000000000000, -1.000000000000000000 ) ) ;
#3281 = EDGE_CURVE ( 'NONE', #3503, #1881, #2503, .T. ) ;
#3282 = VERTEX_POINT ( 'NONE', #2070 ) ;
#3283 = EDGE_CURVE ( 'NONE', #1384, #1743, #2995, .T. ) ;
#3284 = DIRECTION ( 'NONE',  ( 0.000000000000000000, 0.000000000000000000, -1.000000000000000000 ) ) ;
#3285 = ORIENTED_EDGE ( 'NONE', *, *, #903, .F. ) ;
#3286 = CARTESIAN_POINT ( 'NONE',  ( -88.10769515458669332, 4.500000000000000000, -4.504598631319606028 ) ) ;
#3287 = EDGE_LOOP ( 'NONE', ( #97, #1980, #2377, #2227, #603, #1591 ) ) ;
#3288 = DIRECTION ( 'NONE',  ( -1.000000000000000000, 1.305225087948757240E-16, 0.000000000000000000 ) ) ;
#3289 = LINE ( 'NONE', #2686, #1244 ) ;
#3290 = EDGE_CURVE ( 'NONE', #2401, #1827, #2904, .T. ) ;
#3291 = DIRECTION ( 'NONE',  ( -0.5000000000000063283, 0.000000000000000000, -0.8660254037844350439 ) ) ;
#3292 = ADVANCED_FACE ( 'NONE', ( #340 ), #63, .F. ) ;
#3293 = FACE_OUTER_BOUND ( 'NONE', #1552, .T. ) ;
#3294 = CARTESIAN_POINT ( 'NONE',  ( 0.000000000000000000, 3.499999999999999556, -7.000000000000000888 ) ) ;
#3295 = CARTESIAN_POINT ( 'NONE',  ( -72.75188658809797460, -3.719477073971646064, 6.932436090380326377 ) ) ;
#3296 = LINE ( 'NONE', #790, #1003 ) ;
#3297 = VERTEX_POINT ( 'NONE', #2644 ) ;
#3298 = ORIENTED_EDGE ( 'NONE', *, *, #75, .F. ) ;
#3299 = CIRCLE ( 'NONE', #2542, 61.50000000000001421 ) ;
#3300 = ADVANCED_FACE ( 'NONE', ( #2359 ), #415, .T. ) ;
#3301 = LINE ( 'NONE', #1825, #2048 ) ;
#3302 = VECTOR ( 'NONE', #816, 1000.000000000000114 ) ;
#3303 = EDGE_LOOP ( 'NONE', ( #1693, #2838, #2997, #1039 ) ) ;
#3304 = CARTESIAN_POINT ( 'NONE',  ( -71.29416375694383134, 1.015692295737933959, 8.073221016726435550 ) ) ;
#3305 = ORIENTED_EDGE ( 'NONE', *, *, #2104, .T. ) ;
#3306 = CARTESIAN_POINT ( 'NONE',  ( -37.89334278906982689, -3.499999999999999556, -6.575086119911849991 ) ) ;
#3307 = CARTESIAN_POINT ( 'NONE',  ( -74.94744111674233977, 4.000000000000000000, -7.710369997259655328 ) ) ;
#3308 = DIRECTION ( 'NONE',  ( -0.000000000000000000, 1.000000000000000000, -0.000000000000000000 ) ) ;
#3309 = DIRECTION ( 'NONE',  ( -0.000000000000000000, 1.000000000000000000, -0.000000000000000000 ) ) ;
#3310 = AXIS2_PLACEMENT_3D ( 'NONE', #1735, #1459, #2309 ) ;
#3311 = AXIS2_PLACEMENT_3D ( 'NONE', #116, #3198, #1235 ) ;
#3312 = ORIENTED_EDGE ( 'NONE', *, *, #1025, .T. ) ;
#3313 = CARTESIAN_POINT ( 'NONE',  ( -96.67426036008495771, -2.809163929579763685, -11.05229196855013463 ) ) ;
#3314 = CARTESIAN_POINT ( 'NONE',  ( -75.48621476063766522, -1.868228533727072094, 9.897203256601084576 ) ) ;
#3315 = PLANE ( 'NONE',  #1745 ) ;
#3316 = CIRCLE ( 'NONE', #518, 10.50000000000000178 ) ;
#3317 = CARTESIAN_POINT ( 'NONE',  ( -1.097548864310432526, 4.500000000000000000, 10.44247990136686433 ) ) ;
#3318 = EDGE_CURVE ( 'NONE', #279, #2923, #1443, .T. ) ;
#3319 = DIRECTION ( 'NONE',  ( 0.000000000000000000, 1.000000000000000000, 0.000000000000000000 ) ) ;
#3320 = EDGE_LOOP ( 'NONE', ( #2168, #2321, #3426, #3260 ) ) ;
#3321 = AXIS2_PLACEMENT_3D ( 'NONE', #2579, #65, #2803 ) ;
#3322 = CARTESIAN_POINT ( 'NONE',  ( 0.000000000000000000, 3.499999999999999556, 0.000000000000000000 ) ) ;
#3323 = ORIENTED_EDGE ( 'NONE', *, *, #1424, .F. ) ;
#3324 = VECTOR ( 'NONE', #2161, 1000.000000000000114 ) ;
#3325 = DIRECTION ( 'NONE',  ( -1.000000000000000000, 1.301042606982605567E-16, 6.145877457746403517E-15 ) ) ;
#3326 = AXIS2_PLACEMENT_3D ( 'NONE', #2442, #493, #531 ) ;
#3327 = CARTESIAN_POINT ( 'NONE',  ( -80.87661476330221433, -4.500000000000000000, -14.49999999999998224 ) ) ;
#3328 = EDGE_CURVE ( 'NONE', #1862, #117, #152, .T. ) ;
#3329 = DIRECTION ( 'NONE',  ( 0.5000000000000039968, 0.000000000000000000, 0.8660254037844363761 ) ) ;
#3330 = LINE ( 'NONE', #2815, #1029 ) ;
#3331 = ORIENTED_EDGE ( 'NONE', *, *, #3039, .F. ) ;
#3332 = LINE ( 'NONE', #1934, #3094 ) ;
#3333 = ORIENTED_EDGE ( 'NONE', *, *, #2533, .F. ) ;
#3334 = DIRECTION ( 'NONE',  ( 0.5000000000000063283, -0.000000000000000000, 0.8660254037844350439 ) ) ;
#3335 = EDGE_CURVE ( 'NONE', #1686, #3095, #1353, .T. ) ;
#3336 = LINE ( 'NONE', #832, #3186 ) ;
#3337 = DIRECTION ( 'NONE',  ( 0.5000000000000039968, -0.000000000000000000, 0.8660254037844363761 ) ) ;
#3338 = EDGE_LOOP ( 'NONE', ( #1924, #3090, #2222, #2416 ) ) ;
#3339 = DIRECTION ( 'NONE',  ( -0.000000000000000000, -1.000000000000000000, -0.000000000000000000 ) ) ;
#3340 = VERTEX_POINT ( 'NONE', #1059 ) ;
#3341 = DIRECTION ( 'NONE',  ( -0.000000000000000000, -1.000000000000000000, -0.000000000000000000 ) ) ;
#3342 = CARTESIAN_POINT ( 'NONE',  ( -74.94744111674233977, -3.499999999999999556, -10.21036999725965266 ) ) ;
#3343 = EDGE_CURVE ( 'NONE', #2456, #1603, #3218, .T. ) ;
#3344 = CARTESIAN_POINT ( 'NONE',  ( 1.285879139104721028E-15, -4.000000000000000000, 10.50000000000000178 ) ) ;
#3345 = EDGE_CURVE ( 'NONE', #680, #1103, #2368, .T. ) ;
#3346 = EDGE_CURVE ( 'NONE', #1593, #3234, #743, .T. ) ;
#3347 = CYLINDRICAL_SURFACE ( 'NONE', #2918, 10.50000000000000178 ) ;
#3348 = CIRCLE ( 'NONE', #951, 24.99999999999998934 ) ;
#3349 = ORIENTED_EDGE ( 'NONE', *, *, #314, .T. ) ;
#3350 = CYLINDRICAL_SURFACE ( 'NONE', #2434, 23.50000000000000711 ) ;
#3351 = CARTESIAN_POINT ( 'NONE',  ( 0.000000000000000000, -4.500000000000000000, -10.50000000000000178 ) ) ;
#3352 = CARTESIAN_POINT ( 'NONE',  ( 0.000000000000000000, 3.499999999999999556, 0.000000000000000000 ) ) ;
#3353 = VECTOR ( 'NONE', #1238, 1000.000000000000000 ) ;
#3354 = DIRECTION ( 'NONE',  ( -0.000000000000000000, -1.000000000000000000, -0.000000000000000000 ) ) ;
#3355 = ORIENTED_EDGE ( 'NONE', *, *, #2268, .F. ) ;
#3356 = VECTOR ( 'NONE', #2507, 1000.000000000000000 ) ;
#3357 = AXIS2_PLACEMENT_3D ( 'NONE', #3246, #1361, #1839 ) ;
#3358 = CIRCLE ( 'NONE', #499, 11.99999999999999645 ) ;
#3359 = DIRECTION ( 'NONE',  ( -0.000000000000000000, -1.000000000000000000, -0.000000000000000000 ) ) ;
#3360 = ORIENTED_EDGE ( 'NONE', *, *, #905, .F. ) ;
#3361 = AXIS2_PLACEMENT_3D ( 'NONE', #553, #1120, #2250 ) ;
#3362 = LINE ( 'NONE', #291, #2666 ) ;
#3363 = CARTESIAN_POINT ( 'NONE',  ( -72.78677780790880547, 3.922913213612944094, 7.032008631690834122 ) ) ;
#3364 = CARTESIAN_POINT ( 'NONE',  ( -68.44744111674229714, -3.499999999999999556, 3.547960251938006682 ) ) ;
#3365 = CARTESIAN_POINT ( 'NONE',  ( -87.32756278789905480, -4.500000000000016875, -15.15336973558653533 ) ) ;
#3366 = ORIENTED_EDGE ( 'NONE', *, *, #3143, .F. ) ;
#3367 = DIRECTION ( 'NONE',  ( 0.9945218953682740670, 0.000000000000000000, -0.1045284632676468928 ) ) ;
#3368 = EDGE_CURVE ( 'NONE', #3580, #2608, #777, .T. ) ;
#3369 = VECTOR ( 'NONE', #515, 999.9999999999998863 ) ;
#3370 = CARTESIAN_POINT ( 'NONE',  ( -73.46058083755714563, 4.500000000000000000, 5.864947550046090363 ) ) ;
#3371 = CIRCLE ( 'NONE', #516, 0.5000000000000004441 ) ;
#3372 = DIRECTION ( 'NONE',  ( 0.000000000000000000, 0.000000000000000000, -1.000000000000000000 ) ) ;
#3373 = ORIENTED_EDGE ( 'NONE', *, *, #577, .F. ) ;
#3374 = LINE ( 'NONE', #529, #3356 ) ;
#3375 = ORIENTED_EDGE ( 'NONE', *, *, #1762, .F. ) ;
#3376 = DIRECTION ( 'NONE',  ( 0.000000000000000000, 0.000000000000000000, 1.000000000000000000 ) ) ;
#3377 = EDGE_CURVE ( 'NONE', #3248, #1322, #1964, .T. ) ;
#3378 = CARTESIAN_POINT ( 'NONE',  ( -67.62270990891246925, 3.564531503987288854E-13, 6.976436606475519220 ) ) ;
#3379 = CARTESIAN_POINT ( 'NONE',  ( -74.94744111674233977, -4.000000000000000000, -7.710369997259655328 ) ) ;
#3380 = VECTOR ( 'NONE', #3478, 1000.000000000000114 ) ;
#3381 = DIRECTION ( 'NONE',  ( -1.305225087948757240E-16, 1.000000000000000000, 7.535720558802723919E-17 ) ) ;
#3382 = EDGE_LOOP ( 'NONE', ( #2505, #1874, #3446, #3072 ) ) ;
#3383 = CARTESIAN_POINT ( 'NONE',  ( -80.77756813566494998, -3.499999999999999556, -7.808446208612696005 ) ) ;
#3384 = AXIS2_PLACEMENT_3D ( 'NONE', #2835, #2636, #1209 ) ;
#3385 = DIRECTION ( 'NONE',  ( -0.5000000000000022204, 0.000000000000000000, -0.8660254037844373753 ) ) ;
#3386 = EDGE_CURVE ( 'NONE', #2550, #1403, #262, .T. ) ;
#3387 = FACE_OUTER_BOUND ( 'NONE', #2897, .T. ) ;
#3388 = EDGE_LOOP ( 'NONE', ( #2357, #60, #1954, #3053, #1060, #1580 ) ) ;
#3389 = EDGE_CURVE ( 'NONE', #694, #2420, #1142, .T. ) ;
#3390 = CARTESIAN_POINT ( 'NONE',  ( -72.78237760728127625, -3.499999999999999556, -8.960369997259689967 ) ) ;
#3391 = ORIENTED_EDGE ( 'NONE', *, *, #3283, .T. ) ;
#3392 = CARTESIAN_POINT ( 'NONE',  ( -72.78677780790880547, 4.000000000000000000, 7.032008631690833234 ) ) ;
#3393 = DIRECTION ( 'NONE',  ( -0.000000000000000000, 1.000000000000000000, -0.000000000000000000 ) ) ;
#3394 = APPLICATION_CONTEXT ( 'configuration controlled 3d designs of mechanical parts and assemblies' ) ;
#3395 = EDGE_CURVE ( 'NONE', #2438, #1337, #1906, .T. ) ;
#3396 = CARTESIAN_POINT ( 'NONE',  ( -1.254341559211761492, 4.500000000000000000, -11.93426274441928570 ) ) ;
#3397 = LINE ( 'NONE', #154, #1344 ) ;
#3398 = EDGE_LOOP ( 'NONE', ( #486, #489 ) ) ;
#3399 = CARTESIAN_POINT ( 'NONE',  ( -72.78677780790880547, 4.500000000000000000, 7.032008631690833234 ) ) ;
#3400 = CARTESIAN_POINT ( 'NONE',  ( -51.98322956659170302, 1.249999999999996225, 48.94231216416277164 ) ) ;
#3401 = ORIENTED_EDGE ( 'NONE', *, *, #1233, .F. ) ;
#3402 = VERTEX_POINT ( 'NONE', #2980 ) ;
#3403 = ADVANCED_FACE ( 'NONE', ( #1020 ), #3017, .F. ) ;
#3404 = FACE_OUTER_BOUND ( 'NONE', #1540, .T. ) ;
#3405 = ORIENTED_EDGE ( 'NONE', *, *, #2057, .F. ) ;
#3406 = LINE ( 'NONE', #2525, #149 ) ;
#3407 = VECTOR ( 'NONE', #677, 1000.000000000000114 ) ;
#3408 = DIRECTION ( 'NONE',  ( 0.9945218953682725127, 0.000000000000000000, 0.1045284632676605069 ) ) ;
#3409 = AXIS2_PLACEMENT_3D ( 'NONE', #1755, #2015, #2032 ) ;
#3410 = DIRECTION ( 'NONE',  ( 0.000000000000000000, 0.000000000000000000, -1.000000000000000000 ) ) ;
#3411 = VECTOR ( 'NONE', #351, 1000.000000000000114 ) ;
#3412 = CARTESIAN_POINT ( 'NONE',  ( -97.61397403711171705, 4.000000000000000000, -36.96995664677032067 ) ) ;
#3413 = DIRECTION ( 'NONE',  ( 0.000000000000000000, 0.000000000000000000, -1.000000000000000000 ) ) ;
#3414 = DIRECTION ( 'NONE',  ( 0.5000000000000018874, 0.000000000000000000, 0.8660254037844375974 ) ) ;
#3415 = ORIENTED_EDGE ( 'NONE', *, *, #738, .T. ) ;
#3416 = DIRECTION ( 'NONE',  ( 0.000000000000000000, 0.000000000000000000, 1.000000000000000000 ) ) ;
#3417 = CARTESIAN_POINT ( 'NONE',  ( -76.44744111674236819, -3.499999999999999556, -10.30844620861295446 ) ) ;
#3418 = DIRECTION ( 'NONE',  ( -0.8660254037844359321, 0.000000000000000000, 0.5000000000000046629 ) ) ;
#3419 = VERTEX_POINT ( 'NONE', #2996 ) ;
#3420 = ORIENTED_EDGE ( 'NONE', *, *, #1260, .T. ) ;
#3421 = AXIS2_PLACEMENT_3D ( 'NONE', #3075, #2762, #1370 ) ;
#3422 = EDGE_CURVE ( 'NONE', #3102, #3134, #934, .T. ) ;
#3423 = AXIS2_PLACEMENT_3D ( 'NONE', #402, #1533, #2909 ) ;
#3424 = EDGE_LOOP ( 'NONE', ( #957, #2244, #2485, #2993 ) ) ;
#3425 = CIRCLE ( 'NONE', #3152, 10.00000000000000178 ) ;
#3426 = ORIENTED_EDGE ( 'NONE', *, *, #3001, .F. ) ;
#3427 = CARTESIAN_POINT ( 'NONE',  ( -74.82588318839003705, 1.367530464483841302, 9.565874874447603204 ) ) ;
#3428 = EDGE_LOOP ( 'NONE', ( #3111, #1037, #833, #3172 ) ) ;
#3429 = ADVANCED_FACE ( 'NONE', ( #3036 ), #960, .F. ) ;
#3430 = CARTESIAN_POINT ( 'NONE',  ( -80.96058083755715984, 4.000000000000000000, -7.125433506720476373 ) ) ;
#3431 = LINE ( 'NONE', #1220, #1904 ) ;
#3432 = EDGE_CURVE ( 'NONE', #2550, #1932, #596, .T. ) ;
#3433 = DIRECTION ( 'NONE',  ( 1.332267629550187849E-14, 0.000000000000000000, 1.000000000000000000 ) ) ;
#3434 = ORIENTED_EDGE ( 'NONE', *, *, #1891, .T. ) ;
#3435 = CARTESIAN_POINT ( 'NONE',  ( -80.87661476330221433, 3.499999999999999556, 9.000000000000024869 ) ) ;
#3436 = VECTOR ( 'NONE', #1530, 1000.000000000000000 ) ;
#3437 = DIRECTION ( 'NONE',  ( -0.8660254037844377084, -1.734723475976812419E-15, 0.5000000000000019984 ) ) ;
#3438 = CARTESIAN_POINT ( 'NONE',  ( -37.84107855743599913, 3.499999999999999556, -6.077825172227697692 ) ) ;
#3439 = EDGE_CURVE ( 'NONE', #1686, #1412, #319, .T. ) ;
#3440 = CARTESIAN_POINT ( 'NONE',  ( -78.04551732809552789, -7.844010068295858714E-15, -7.076395401044162092 ) ) ;
#3441 = EDGE_LOOP ( 'NONE', ( #3219, #2738, #1287, #2920 ) ) ;
#3442 = TOROIDAL_SURFACE ( 'NONE', #2241, 10.00000000000000178, 0.5000000000000000000 ) ;
#3443 = ORIENTED_EDGE ( 'NONE', *, *, #3277, .F. ) ;
#3444 = DIRECTION ( 'NONE',  ( 0.000000000000000000, 1.000000000000000000, 0.000000000000000000 ) ) ;
#3445 = ORIENTED_EDGE ( 'NONE', *, *, #1611, .F. ) ;
#3446 = ORIENTED_EDGE ( 'NONE', *, *, #2277, .F. ) ;
#3447 = CARTESIAN_POINT ( 'NONE',  ( -72.78677780790880547, -4.000000000000000000, 7.032008631690834122 ) ) ;
#3448 = ORIENTED_EDGE ( 'NONE', *, *, #3395, .F. ) ;
#3449 = DIRECTION ( 'NONE',  ( -0.000000000000000000, 1.000000000000000000, -0.000000000000000000 ) ) ;
#3450 = CARTESIAN_POINT ( 'NONE',  ( 1.255262969126037241E-15, -3.499999999999999556, 10.00000000000000178 ) ) ;
#3451 = FACE_OUTER_BOUND ( 'NONE', #173, .T. ) ;
#3452 = EDGE_CURVE ( 'NONE', #1229, #1573, #1092, .T. ) ;
#3453 = ORIENTED_EDGE ( 'NONE', *, *, #2836, .F. ) ;
#3454 = DIRECTION ( 'NONE',  ( -0.000000000000000000, -1.000000000000000000, -0.000000000000000000 ) ) ;
#3455 = CC_DESIGN_DATE_AND_TIME_ASSIGNMENT ( #114, #2641, ( #2811 ) ) ;
#3456 = VECTOR ( 'NONE', #1096, 1000.000000000000000 ) ;
#3457 = DIRECTION ( 'NONE',  ( 0.8660254037844373753, 4.885168348109254002E-17, -0.5000000000000022204 ) ) ;
#3458 = CARTESIAN_POINT ( 'NONE',  ( -74.94744111674233977, -4.000000000000000000, -7.710369997259655328 ) ) ;
#3459 = DIRECTION ( 'NONE',  ( -0.000000000000000000, -1.000000000000000000, -0.000000000000000000 ) ) ;
#3460 = ORIENTED_EDGE ( 'NONE', *, *, #3346, .T. ) ;
#3461 = EDGE_LOOP ( 'NONE', ( #1852, #1191, #2214, #2684 ) ) ;
#3462 = PERSON_AND_ORGANIZATION ( #808, #1547 ) ;
#3463 = EDGE_LOOP ( 'NONE', ( #1015, #2946, #2932, #2406 ) ) ;
#3464 = ORIENTED_EDGE ( 'NONE', *, *, #2445, .F. ) ;
#3465 = DIRECTION ( 'NONE',  ( -4.724353296277260212E-15, 0.000000000000000000, -1.000000000000000000 ) ) ;
#3466 = EDGE_LOOP ( 'NONE', ( #416, #2064, #2861, #3532 ) ) ;
#3467 = AXIS2_PLACEMENT_3D ( 'NONE', #252, #1062, #3529 ) ;
#3468 = DIRECTION ( 'NONE',  ( 0.000000000000000000, -1.000000000000000000, 0.000000000000000000 ) ) ;
#3469 = DIRECTION ( 'NONE',  ( 0.000000000000000000, 1.000000000000000000, 0.000000000000000000 ) ) ;
#3470 = VECTOR ( 'NONE', #1074, 1000.000000000000114 ) ;
#3471 = AXIS2_PLACEMENT_3D ( 'NONE', #282, #257, #2317 ) ;
#3472 = CARTESIAN_POINT ( 'NONE',  ( -93.30384757729339640, 4.500000000000000000, -7.504598631319490565 ) ) ;
#3473 = CIRCLE ( 'NONE', #1785, 0.5000000000000004441 ) ;
#3474 = EDGE_CURVE ( 'NONE', #1448, #891, #1610, .T. ) ;
#3475 = CC_DESIGN_SECURITY_CLASSIFICATION ( #1788, ( #2774 ) ) ;
#3476 = ORIENTED_EDGE ( 'NONE', *, *, #1350, .T. ) ;
#3477 = LINE ( 'NONE', #348, #3407 ) ;
#3478 = DIRECTION ( 'NONE',  ( -0.8660254037844350439, 0.000000000000000000, 0.5000000000000062172 ) ) ;
#3479 = DIRECTION ( 'NONE',  ( 1.305225087948757240E-16, -1.000000000000000000, -7.535720558802723919E-17 ) ) ;
#3480 = ADVANCED_FACE ( 'NONE', ( #2792 ), #1960, .T. ) ;
#3481 = CARTESIAN_POINT ( 'NONE',  ( 0.000000000000000000, 4.500000000000000000, 0.000000000000000000 ) ) ;
#3482 = ORIENTED_EDGE ( 'NONE', *, *, #507, .F. ) ;
#3483 = PERSON_AND_ORGANIZATION_ROLE ( 'creator' ) ;
#3484 = EDGE_LOOP ( 'NONE', ( #1197, #2903, #2128, #3173 ) ) ;
#3485 = VECTOR ( 'NONE', #1687, 1000.000000000000000 ) ;
#3486 = VECTOR ( 'NONE', #1855, 1000.000000000000000 ) ;
#3487 = ORIENTED_EDGE ( 'NONE', *, *, #1341, .T. ) ;
#3488 = DIRECTION ( 'NONE',  ( 0.000000000000000000, -1.000000000000000000, 0.000000000000000000 ) ) ;
#3489 = VERTEX_POINT ( 'NONE', #581 ) ;
#3490 = LINE ( 'NONE', #707, #1272 ) ;
#3491 = DIRECTION ( 'NONE',  ( 0.000000000000000000, 1.000000000000000000, 0.000000000000000000 ) ) ;
#3492 = EDGE_CURVE ( 'NONE', #2415, #2736, #1429, .T. ) ;
#3493 = CIRCLE ( 'NONE', #156, 61.50000000000000000 ) ;
#3494 = DIRECTION ( 'NONE',  ( -0.5000000000000022204, 0.000000000000000000, -0.8660254037844373753 ) ) ;
#3495 = ORIENTED_EDGE ( 'NONE', *, *, #2747, .F. ) ;
#3496 = CARTESIAN_POINT ( 'NONE',  ( 0.000000000000000000, 4.500000000000000000, 0.000000000000000000 ) ) ;
#3497 = VECTOR ( 'NONE', #532, 1000.000000000000000 ) ;
#3498 = VECTOR ( 'NONE', #661, 1000.000000000000000 ) ;
#3499 = DIRECTION ( 'NONE',  ( -0.1045284632676605208, 0.000000000000000000, 0.9945218953682726237 ) ) ;
#3500 = DIRECTION ( 'NONE',  ( 3.563215788492902061E-15, 0.000000000000000000, 1.000000000000000000 ) ) ;
#3501 = CIRCLE ( 'NONE', #1445, 0.5000000000000001110 ) ;
#3502 = DIRECTION ( 'NONE',  ( 8.326672684688711031E-17, -1.000000000000000000, 1.442222014787670520E-16 ) ) ;
#3503 = VERTEX_POINT ( 'NONE', #3071 ) ;
#3504 = AXIS2_PLACEMENT_3D ( 'NONE', #1853, #3381, #3127 ) ;
#3505 = EDGE_LOOP ( 'NONE', ( #2269, #2066, #2801, #3214 ) ) ;
#3506 = EDGE_CURVE ( 'NONE', #464, #2923, #834, .T. ) ;
#3507 = LINE ( 'NONE', #3581, #455 ) ;
#3508 = ORIENTED_EDGE ( 'NONE', *, *, #3474, .F. ) ;
#3509 = EDGE_CURVE ( 'NONE', #2023, #571, #3299, .T. ) ;
#3510 = EDGE_CURVE ( 'NONE', #1412, #1529, #3374, .T. ) ;
#3511 = CARTESIAN_POINT ( 'NONE',  ( -67.89545724119187753, 1.011217037381713535, 7.042968728335259776 ) ) ;
#3512 = ORIENTED_EDGE ( 'NONE', *, *, #2957, .T. ) ;
#3513 = FACE_OUTER_BOUND ( 'NONE', #1094, .T. ) ;
#3514 = FACE_OUTER_BOUND ( 'NONE', #598, .T. ) ;
#3515 = DIRECTION ( 'NONE',  ( -0.5000000000000026645, 0.000000000000000000, -0.8660254037844371533 ) ) ;
#3516 = EDGE_CURVE ( 'NONE', #2271, #2759, #1480, .T. ) ;
#3517 = ORIENTED_EDGE ( 'NONE', *, *, #1169, .T. ) ;
#3518 = CYLINDRICAL_SURFACE ( 'NONE', #437, 10.50000000000000178 ) ;
#3519 = CARTESIAN_POINT ( 'NONE',  ( -80.96058083755715984, -4.000000000000000000, -7.125433506720476373 ) ) ;
#3520 = CARTESIAN_POINT ( 'NONE',  ( -72.61866013570144673, -3.500000000000001332, 6.554764520990837617 ) ) ;
#3521 = CARTESIAN_POINT ( 'NONE',  ( -59.45454284396947742, -4.500000000000000000, 41.00996488079906754 ) ) ;
#3522 = ORIENTED_EDGE ( 'NONE', *, *, #3215, .F. ) ;
#3523 = FACE_OUTER_BOUND ( 'NONE', #3527, .T. ) ;
#3524 = EDGE_LOOP ( 'NONE', ( #1293, #1174, #3033, #2206 ) ) ;
#3525 = ORIENTED_EDGE ( 'NONE', *, *, #3368, .F. ) ;
#3526 = CARTESIAN_POINT ( 'NONE',  ( -68.63119408192382309, 1.738159081643480652, 7.234211930678285718 ) ) ;
#3527 = EDGE_LOOP ( 'NONE', ( #1270, #1970, #1691, #1732 ) ) ;
#3528 = DIRECTION ( 'NONE',  ( 0.000000000000000000, -1.000000000000000000, 0.000000000000000000 ) ) ;
#3529 = DIRECTION ( 'NONE',  ( 0.8660254037844358210, 0.000000000000000000, -0.5000000000000048850 ) ) ;
#3530 = DIRECTION ( 'NONE',  ( 0.5000000000000026645, 0.000000000000000000, 0.8660254037844371533 ) ) ;
#3531 = AXIS2_PLACEMENT_3D ( 'NONE', #3237, #3491, #725 ) ;
#3532 = ORIENTED_EDGE ( 'NONE', *, *, #2471, .F. ) ;
#3533 = CARTESIAN_POINT ( 'NONE',  ( -70.98532365606385497, 4.000000000000000000, -11.76444943242818475 ) ) ;
#3534 = VECTOR ( 'NONE', #3137, 1000.000000000000114 ) ;
#3535 = AXIS2_PLACEMENT_3D ( 'NONE', #1265, #3479, #368 ) ;
#3536 = DIRECTION ( 'NONE',  ( 0.9945218953682725127, 0.000000000000000000, 0.1045284632676605069 ) ) ;
#3537 = VECTOR ( 'NONE', #616, 1000.000000000000114 ) ;
#3538 = CARTESIAN_POINT ( 'NONE',  ( -69.48325992249851879, -1.999377885279000733, 7.477258764922548373 ) ) ;
#3539 = CARTESIAN_POINT ( 'NONE',  ( -85.50961894323384627, -8.851435725805520955E-15, -12.00459863131930049 ) ) ;
#3540 = ORIENTED_EDGE ( 'NONE', *, *, #1509, .F. ) ;
#3541 = ORIENTED_EDGE ( 'NONE', *, *, #2445, .T. ) ;
#3542 = CARTESIAN_POINT ( 'NONE',  ( -50.73723508353738509, 1.250000000000000000, 48.22293691396256321 ) ) ;
#3543 = ORIENTED_EDGE ( 'NONE', *, *, #1711, .T. ) ;
#3544 = EDGE_LOOP ( 'NONE', ( #3010, #1631, #2600, #2102 ) ) ;
#3545 = CARTESIAN_POINT ( 'NONE',  ( -70.58012780379969797, 1.745200943342596789, 7.825122645501874530 ) ) ;
#3546 = ORIENTED_EDGE ( 'NONE', *, *, #3168, .T. ) ;
#3547 = LINE ( 'NONE', #2685, #3030 ) ;
#3548 = LINE ( 'NONE', #1576, #1899 ) ;
#3549 = AXIS2_PLACEMENT_3D ( 'NONE', #2985, #3276, #1911 ) ;
#3550 = CARTESIAN_POINT ( 'NONE',  ( -68.69744111674229714, -4.500000000000000000, 3.114947550045787938 ) ) ;
#3551 = EDGE_CURVE ( 'NONE', #1310, #3097, #1131, .T. ) ;
#3552 = AXIS2_PLACEMENT_3D ( 'NONE', #136, #3239, #3258 ) ;
#3553 = DIRECTION ( 'NONE',  ( -0.000000000000000000, 1.000000000000000000, -0.000000000000000000 ) ) ;
#3554 = EDGE_CURVE ( 'NONE', #1881, #1, #2260, .T. ) ;
#3555 = CARTESIAN_POINT ( 'NONE',  ( -73.42846845368595154, 4.500000000000000000, 8.920567830463125958 ) ) ;
#3556 = CARTESIAN_POINT ( 'NONE',  ( -70.23474515635324167, -1.902772326557803817, 7.711281154679759275 ) ) ;
#3557 = DIRECTION ( 'NONE',  ( 0.000000000000000000, 0.000000000000000000, -1.000000000000000000 ) ) ;
#3558 = ORIENTED_EDGE ( 'NONE', *, *, #3492, .T. ) ;
#3559 = PERSON_AND_ORGANIZATION ( #808, #1547 ) ;
#3560 = DIRECTION ( 'NONE',  ( -0.000000000000000000, -1.000000000000000000, -0.000000000000000000 ) ) ;
#3561 = ADVANCED_FACE ( 'NONE', ( #2538 ), #3089, .T. ) ;
#3562 = VERTEX_POINT ( 'NONE', #1366 ) ;
#3563 = ORIENTED_EDGE ( 'NONE', *, *, #1711, .F. ) ;
#3564 = VECTOR ( 'NONE', #2973, 1000.000000000000000 ) ;
#3565 = EDGE_CURVE ( 'NONE', #2253, #1862, #2017, .T. ) ;
#3566 = DIRECTION ( 'NONE',  ( -0.5000000000000062172, -0.000000000000000000, -0.8660254037844349329 ) ) ;
#3567 = EDGE_LOOP ( 'NONE', ( #3009, #1791, #3448, #1586 ) ) ;
#3568 = DIRECTION ( 'NONE',  ( 0.000000000000000000, 0.000000000000000000, 1.000000000000000000 ) ) ;
#3569 = DIRECTION ( 'NONE',  ( 0.9945218953682725127, 0.000000000000000000, 0.1045284632676602987 ) ) ;
#3570 = AXIS2_PLACEMENT_3D ( 'NONE', #2022, #2873, #2569 ) ;
#3571 =( BOUNDED_CURVE ( )  B_SPLINE_CURVE ( 3, ( #1973, #1724, #330, #3383 ),
 .UNSPECIFIED., .F., .F. ) 
 B_SPLINE_CURVE_WITH_KNOTS ( ( 4, 4 ),
 ( 0.000000000000000000, 1.570796326794893005 ),
 .UNSPECIFIED. ) 
 CURVE ( )  GEOMETRIC_REPRESENTATION_ITEM ( )  RATIONAL_B_SPLINE_CURVE ( ( 1.000000000000000000, 0.8047378541243658256, 0.8047378541243658256, 1.000000000000000000 ) ) 
 REPRESENTATION_ITEM ( '' )  );
#3572 = LINE ( 'NONE', #2689, #682 ) ;
#3573 = CARTESIAN_POINT ( 'NONE',  ( -69.44744111674229714, -4.500000000000000000, 1.815909444369141035 ) ) ;
#3574 = EDGE_CURVE ( 'NONE', #776, #826, #2824, .T. ) ;
#3575 = EDGE_CURVE ( 'NONE', #2759, #1941, #3601, .T. ) ;
#3576 = CARTESIAN_POINT ( 'NONE',  ( -73.46058083755714563, 3.707106781186547906, 5.864947550046091251 ) ) ;
#3577 = CARTESIAN_POINT ( 'NONE',  ( -74.94744111674233977, -4.000000000000000000, -10.71036999725965089 ) ) ;
#3578 = CARTESIAN_POINT ( 'NONE',  ( -59.45454284396947742, 4.500000000000000000, 6.009964880799079090 ) ) ;
#3579 = ORIENTED_EDGE ( 'NONE', *, *, #2971, .T. ) ;
#3580 = VERTEX_POINT ( 'NONE', #1733 ) ;
#3581 = CARTESIAN_POINT ( 'NONE',  ( -37.89334278906983400, -4.000000000000000000, -6.575086119911848215 ) ) ;
#3582 = ORIENTED_EDGE ( 'NONE', *, *, #2702, .T. ) ;
#3583 = DIRECTION ( 'NONE',  ( 0.000000000000000000, 0.000000000000000000, -1.000000000000000000 ) ) ;
#3584 = ORIENTED_EDGE ( 'NONE', *, *, #2913, .T. ) ;
#3585 = LINE ( 'NONE', #1315, #1579 ) ;
#3586 = CARTESIAN_POINT ( 'NONE',  ( -59.45454284396947742, -3.499999999999999556, 41.00996488079906754 ) ) ;
#3587 = DIRECTION ( 'NONE',  ( -0.000000000000000000, 1.000000000000000000, -0.000000000000000000 ) ) ;
#3588 = ADVANCED_FACE ( 'NONE', ( #3404 ), #45, .T. ) ;
#3589 = DIRECTION ( 'NONE',  ( -0.000000000000000000, -1.000000000000000000, -0.000000000000000000 ) ) ;
#3590 = CARTESIAN_POINT ( 'NONE',  ( -71.35553293723062040, -0.8975428249371331102, 8.095391270338264889 ) ) ;
#3591 = CIRCLE ( 'NONE', #894, 2.499999999999986677 ) ;
#3592 = FACE_OUTER_BOUND ( 'NONE', #30, .T. ) ;
#3593 = AXIS2_PLACEMENT_3D ( 'NONE', #3390, #885, #336 ) ;
#3594 = AXIS2_PLACEMENT_3D ( 'NONE', #254, #2797, #3625 ) ;
#3595 = CARTESIAN_POINT ( 'NONE',  ( -97.61397403711166021, 3.499999999999999556, -36.96995664677073279 ) ) ;
#3596 = EDGE_CURVE ( 'NONE', #1019, #2610, #922, .T. ) ;
#3597 = CIRCLE ( 'NONE', #2021, 36.49999999999999289 ) ;
#3598 = CARTESIAN_POINT ( 'NONE',  ( -74.94744111674233977, 4.500000000000000000, -7.710369997259655328 ) ) ;
#3599 = ORIENTED_EDGE ( 'NONE', *, *, #2057, .T. ) ;
#3600 = CC_DESIGN_PERSON_AND_ORGANIZATION_ASSIGNMENT ( #2934, #3483, ( #2774 ) ) ;
#3601 = LINE ( 'NONE', #2294, #1021 ) ;
#3602 = VERTEX_POINT ( 'NONE', #1767 ) ;
#3603 = FACE_OUTER_BOUND ( 'NONE', #1846, .T. ) ;
#3604 = LINE ( 'NONE', #2151, #1134 ) ;
#3605 = LINE ( 'NONE', #381, #915 ) ;
#3606 = EDGE_CURVE ( 'NONE', #1474, #457, #377, .T. ) ;
#3607 = LINE ( 'NONE', #2511, #264 ) ;
#3608 = AXIS2_PLACEMENT_3D ( 'NONE', #3049, #562, #817 ) ;
#3609 = CARTESIAN_POINT ( 'NONE',  ( 0.000000000000000000, -3.499999999999999556, 0.000000000000000000 ) ) ;
#3610 = CARTESIAN_POINT ( 'NONE',  ( 0.000000000000000000, -3.500000000000000444, 0.000000000000000000 ) ) ;
#3611 = DIRECTION ( 'NONE',  ( 0.000000000000000000, 0.000000000000000000, -1.000000000000000000 ) ) ;
#3612 = AXIS2_PLACEMENT_3D ( 'NONE', #2396, #1055, #717 ) ;
#3613 = DIRECTION ( 'NONE',  ( 0.000000000000000000, 0.000000000000000000, 1.000000000000000000 ) ) ;
#3614 = FACE_OUTER_BOUND ( 'NONE', #36, .T. ) ;
#3615 = ORIENTED_EDGE ( 'NONE', *, *, #1241, .T. ) ;
#3616 = EDGE_CURVE ( 'NONE', #1807, #1, #134, .T. ) ;
#3617 = CARTESIAN_POINT ( 'NONE',  ( -71.92445157571266634, 4.500000000000000000, 41.52560147855358963 ) ) ;
#3618 = ADVANCED_FACE ( 'NONE', ( #683 ), #1506, .F. ) ;
#3619 = EDGE_CURVE ( 'NONE', #2012, #2553, #2205, .T. ) ;
#3620 = ORIENTED_EDGE ( 'NONE', *, *, #3551, .F. ) ;
#3621 = CIRCLE ( 'NONE', #2398, 34.99999999999999289 ) ;
#3622 = VECTOR ( 'NONE', #774, 1000.000000000000114 ) ;
#3623 = CARTESIAN_POINT ( 'NONE',  ( -44.32184328003001639, 3.499999999999999556, -67.73818268506069273 ) ) ;
#3624 = PLANE ( 'NONE',  #1798 ) ;
#3625 = DIRECTION ( 'NONE',  ( 0.000000000000000000, 0.000000000000000000, 1.000000000000000000 ) ) ;
#3626 = CIRCLE ( 'NONE', #2688, 2.000000000000000888 ) ;
ENDSEC;
END-ISO-10303-21;
