ISO-10303-21;
HEADER;
FILE_DESCRIPTION (( 'STEP AP203' ),
    '1' );
FILE_NAME ('CSWA_10_6.STEP',
    '2026-08-17T14:27:12',
    ( '' ),
    ( '' ),
    'SwSTEP 2.0',
    'SolidWorks 2026',
    '' );
FILE_SCHEMA (( 'CONFIG_CONTROL_DESIGN' ));
ENDSEC;

DATA;
#1 = SHAPE_DEFINITION_REPRESENTATION ( #1937, #1721 ) ;
#2 = EDGE_CURVE ( 'NONE', #1948, #1076, #911, .T. ) ;
#3 = ORIENTED_EDGE ( 'NONE', *, *, #250, .F. ) ;
#4 = EDGE_CURVE ( 'NONE', #2191, #806, #1647, .T. ) ;
#5 = DIRECTION ( 'NONE',  ( 1.000000000000000000, 1.027984282060330159E-15, 0.000000000000000000 ) ) ;
#6 = CIRCLE ( 'NONE', #838, 135.0000000000000000 ) ;
#7 = DIRECTION ( 'NONE',  ( 2.171784605454134916E-17, 0.000000000000000000, -1.000000000000000000 ) ) ;
#8 = CARTESIAN_POINT ( 'NONE',  ( 92.91833624532837632, -23.90911349468243330, 5.000000000000001776 ) ) ;
#9 = VERTEX_POINT ( 'NONE', #2024 ) ;
#10 = DIRECTION ( 'NONE',  ( 1.000000000000000000, 0.000000000000000000, 2.171784605454134916E-17 ) ) ;
#11 = EDGE_LOOP ( 'NONE', ( #1395, #1210, #356, #2175 ) ) ;
#12 = AXIS2_PLACEMENT_3D ( 'NONE', #1324, #2216, #2026 ) ;
#13 = AXIS2_PLACEMENT_3D ( 'NONE', #1462, #1792, #181 ) ;
#14 = CYLINDRICAL_SURFACE ( 'NONE', #701, 8.000000000000000000 ) ;
#15 = DIRECTION ( 'NONE',  ( 1.000000000000000000, 0.000000000000000000, 0.000000000000000000 ) ) ;
#16 = DIRECTION ( 'NONE',  ( -2.171784605454134916E-17, 0.000000000000000000, 1.000000000000000000 ) ) ;
#17 = ORIENTED_EDGE ( 'NONE', *, *, #300, .T. ) ;
#18 = CYLINDRICAL_SURFACE ( 'NONE', #282, 3.000000000000002665 ) ;
#19 = EDGE_CURVE ( 'NONE', #2129, #256, #2227, .T. ) ;
#20 = ORIENTED_EDGE ( 'NONE', *, *, #555, .F. ) ;
#21 = FACE_OUTER_BOUND ( 'NONE', #1130, .T. ) ;
#22 = EDGE_CURVE ( 'NONE', #893, #406, #673, .T. ) ;
#23 = DIRECTION ( 'NONE',  ( 0.9848077530122084644, -0.1736481776669283883, -0.000000000000000000 ) ) ;
#24 = ORIENTED_EDGE ( 'NONE', *, *, #2100, .T. ) ;
#25 = B_SPLINE_CURVE_WITH_KNOTS ( 'NONE', 3,
 ( #1508, #270, #993, #1534, #116, #624, #1179, #1328, #1717, #437 ),
 .UNSPECIFIED., .F., .F.,
 ( 4, 2, 2, 2, 4 ),
 ( 0.000000000000000000, 0.001650642975545324551, 0.003301285951090649103, 0.004951928926635974088, 0.006602571902181298205 ),
 .UNSPECIFIED. ) ;
#26 = VECTOR ( 'NONE', #205, 1000.000000000000000 ) ;
#27 = AXIS2_PLACEMENT_3D ( 'NONE', #2042, #429, #1143 ) ;
#28 = DIRECTION ( 'NONE',  ( 2.171784605454134916E-17, -0.000000000000000000, -1.000000000000000000 ) ) ;
#29 = DIRECTION ( 'NONE',  ( 1.000000000000000000, 0.000000000000000000, 2.628368902995162395E-17 ) ) ;
#30 = CARTESIAN_POINT ( 'NONE',  ( 80.67158075618654323, -35.41290516088245965, -1.686004013736280575E-21 ) ) ;
#31 = ORIENTED_EDGE ( 'NONE', *, *, #1608, .F. ) ;
#32 = FACE_OUTER_BOUND ( 'NONE', #2313, .T. ) ;
#33 = CARTESIAN_POINT ( 'NONE',  ( 64.22519540362263513, -76.85605706101335954, 8.000000000000000000 ) ) ;
#34 = CARTESIAN_POINT ( 'NONE',  ( 18.82812139322325962, -17.17029638757512799, 8.164098938567081021 ) ) ;
#35 = AXIS2_PLACEMENT_3D ( 'NONE', #2341, #2181, #223 ) ;
#36 = ORIENTED_EDGE ( 'NONE', *, *, #1106, .F. ) ;
#37 = ORIENTED_EDGE ( 'NONE', *, *, #2, .F. ) ;
#38 = CARTESIAN_POINT ( 'NONE',  ( 34.58938415433227931, -8.000000000000001776, -5.000000000000000000 ) ) ;
#39 = CARTESIAN_POINT ( 'NONE',  ( 20.49390153191920305, 0.000000000000000000, -15.99999999999999289 ) ) ;
#40 = ORIENTED_EDGE ( 'NONE', *, *, #244, .T. ) ;
#41 = AXIS2_PLACEMENT_3D ( 'NONE', #1640, #1075, #1307 ) ;
#42 = DIRECTION ( 'NONE',  ( -0.000000000000000000, 0.000000000000000000, 1.000000000000000000 ) ) ;
#43 = FACE_OUTER_BOUND ( 'NONE', #1342, .T. ) ;
#44 = EDGE_CURVE ( 'NONE', #1011, #243, #1206, .T. ) ;
#45 = PERSON_AND_ORGANIZATION ( #1829, #1864 ) ;
#46 = EDGE_LOOP ( 'NONE', ( #1015, #185, #2236, #1194, #1763, #2010, #859, #65, #63 ) ) ;
#47 = CARTESIAN_POINT ( 'NONE',  ( 20.49390153191920660, -20.04703936246782092, 7.999999999999998224 ) ) ;
#48 = VECTOR ( 'NONE', #878, 1000.000000000000000 ) ;
#49 = CARTESIAN_POINT ( 'NONE',  ( 95.91508104820123037, -24.04882958700719087, 5.000000000000001776 ) ) ;
#50 = ORIENTED_EDGE ( 'NONE', *, *, #1005, .F. ) ;
#51 = VERTEX_POINT ( 'NONE', #1992 ) ;
#52 = ORIENTED_EDGE ( 'NONE', *, *, #350, .T. ) ;
#53 = EDGE_CURVE ( 'NONE', #2299, #1349, #380, .T. ) ;
#54 = AXIS2_PLACEMENT_3D ( 'NONE', #2189, #1800, #2159 ) ;
#55 = LINE ( 'NONE', #1155, #1403 ) ;
#56 = DIRECTION ( 'NONE',  ( -0.8660254037844381525, 0.000000000000000000, -0.5000000000000008882 ) ) ;
#57 = CARTESIAN_POINT ( 'NONE',  ( 75.62905411810226042, -87.04557674096336939, 8.000000000000000000 ) ) ;
#58 = APPROVAL_PERSON_ORGANIZATION ( #842, #695, #1978 ) ;
#59 = DIRECTION ( 'NONE',  ( 0.3420201433256715440, 0.9396926207859074287, 0.000000000000000000 ) ) ;
#60 = DIRECTION ( 'NONE',  ( -0.9396926207859082059, 0.3420201433256694346, -2.040809967681685592E-17 ) ) ;
#61 = VERTEX_POINT ( 'NONE', #738 ) ;
#62 = DIRECTION ( 'NONE',  ( 0.9848077530122085754, -0.1736481776669277777, 0.000000000000000000 ) ) ;
#63 = ORIENTED_EDGE ( 'NONE', *, *, #735, .T. ) ;
#64 = ORIENTED_EDGE ( 'NONE', *, *, #2228, .F. ) ;
#65 = ORIENTED_EDGE ( 'NONE', *, *, #1871, .T. ) ;
#66 = CARTESIAN_POINT ( 'NONE',  ( -0.8660254037844337116, 0.000000000000000000, -0.4999999999999982792 ) ) ;
#67 = DIRECTION ( 'NONE',  ( 2.171784605454134916E-17, -0.000000000000000000, -1.000000000000000000 ) ) ;
#68 = AXIS2_PLACEMENT_3D ( 'NONE', #769, #1284, #2220 ) ;
#69 = ORIENTED_EDGE ( 'NONE', *, *, #1262, .T. ) ;
#70 = PRODUCT_DEFINITION ( 'UNKNOWN', '', #1759, #2001 ) ;
#71 = LINE ( 'NONE', #1316, #2013 ) ;
#72 = DIRECTION ( 'NONE',  ( 0.5903546847199272474, 0.000000000000000000, -0.8071439439339399557 ) ) ;
#73 = VERTEX_POINT ( 'NONE', #562 ) ;
#74 = CARTESIAN_POINT ( 'NONE',  ( 59.35118553690615073, -87.22162915732916133, -18.00000000000000355 ) ) ;
#75 = DIRECTION ( 'NONE',  ( -0.1736481776669283605, -0.9848077530122084644, 0.000000000000000000 ) ) ;
#76 = EDGE_CURVE ( 'NONE', #1283, #9, #741, .T. ) ;
#77 = DIRECTION ( 'NONE',  ( 8.559688641721041385E-29, 1.000000000000000000, -9.251858538542973800E-15 ) ) ;
#78 = AXIS2_PLACEMENT_3D ( 'NONE', #1894, #2302, #2093 ) ;
#79 = ORIENTED_EDGE ( 'NONE', *, *, #1920, .F. ) ;
#80 = ADVANCED_FACE ( 'NONE', ( #1109 ), #1052, .T. ) ;
#81 = AXIS2_PLACEMENT_3D ( 'NONE', #1014, #1051, #1551 ) ;
#82 = VERTEX_POINT ( 'NONE', #1334 ) ;
#83 = DIRECTION ( 'NONE',  ( 1.000000000000000000, -1.084202172485504064E-16, 0.000000000000000000 ) ) ;
#84 = CARTESIAN_POINT ( 'NONE',  ( 73.03783424313822081, -32.63586911075424979, 4.898587196589421703E-16 ) ) ;
#85 = DIRECTION ( 'NONE',  ( 0.000000000000000000, 1.000000000000000000, -0.000000000000000000 ) ) ;
#86 = DIRECTION ( 'NONE',  ( 0.000000000000000000, 1.000000000000000000, 0.000000000000000000 ) ) ;
#87 = ADVANCED_FACE ( 'NONE', ( #2057 ), #441, .F. ) ;
#88 = CARTESIAN_POINT ( 'NONE',  ( 16.47543294661446467, -17.00660471124990281, 9.069760616600618164 ) ) ;
#89 = CARTESIAN_POINT ( 'NONE',  ( 73.63319872355253892, -86.69365358531172205, 4.999999999999997335 ) ) ;
#90 = ORIENTED_EDGE ( 'NONE', *, *, #103, .F. ) ;
#91 = VERTEX_POINT ( 'NONE', #1724 ) ;
#92 = VECTOR ( 'NONE', #1463, 1000.000000000000000 ) ;
#93 = VERTEX_POINT ( 'NONE', #2277 ) ;
#94 = LINE ( 'NONE', #1537, #1997 ) ;
#95 = CARTESIAN_POINT ( 'NONE',  ( 67.22964756100378736, -88.61081457866461619, 0.000000000000000000 ) ) ;
#96 = PLANE ( 'NONE',  #339 ) ;
#97 = DIRECTION ( 'NONE',  ( 1.000000000000000000, 0.000000000000000000, 1.807003620809173954E-17 ) ) ;
#98 = CYLINDRICAL_SURFACE ( 'NONE', #12, 2.999999999999996447 ) ;
#99 = CARTESIAN_POINT ( 'NONE',  ( 15.77106405415978507, -17.00000000000006395, -9.542848448528470584 ) ) ;
#100 = VECTOR ( 'NONE', #736, 1000.000000000000000 ) ;
#101 = ADVANCED_FACE ( 'NONE', ( #1199 ), #96, .F. ) ;
#102 = LINE ( 'NONE', #296, #662 ) ;
#103 = EDGE_CURVE ( 'NONE', #658, #409, #2095, .T. ) ;
#104 = VERTEX_POINT ( 'NONE', #477 ) ;
#105 = ORIENTED_EDGE ( 'NONE', *, *, #1106, .T. ) ;
#106 = EDGE_CURVE ( 'NONE', #882, #2004, #944, .T. ) ;
#107 = ORIENTED_EDGE ( 'NONE', *, *, #2308, .T. ) ;
#108 = DIRECTION ( 'NONE',  ( 0.9848077530122086864, -0.1736481776669269450, 0.000000000000000000 ) ) ;
#109 = CARTESIAN_POINT ( 'NONE',  ( 0.000000000000000000, 0.000000000000000000, 0.000000000000000000 ) ) ;
#110 = CARTESIAN_POINT ( 'NONE',  ( 25.99999999999999645, 1.344859659226506645E-14, -5.000000000000000000 ) ) ;
#111 = ORIENTED_EDGE ( 'NONE', *, *, #4, .F. ) ;
#112 = CARTESIAN_POINT ( 'NONE',  ( 0.000000000000000000, -3.000000000000002665, 0.000000000000000000 ) ) ;
#113 = DIRECTION ( 'NONE',  ( -0.000000000000000000, 0.000000000000000000, 1.000000000000000000 ) ) ;
#114 = DIRECTION ( 'NONE',  ( -0.000000000000000000, -0.000000000000000000, 1.000000000000000000 ) ) ;
#115 = DIRECTION ( 'NONE',  ( 0.000000000000000000, -1.000000000000000000, 0.000000000000000000 ) ) ;
#116 = CARTESIAN_POINT ( 'NONE',  ( 17.39576733195854885, -20.11746705314855532, 5.369578143024895667 ) ) ;
#117 = ORIENTED_EDGE ( 'NONE', *, *, #1794, .T. ) ;
#118 = ORIENTED_EDGE ( 'NONE', *, *, #1608, .T. ) ;
#119 = AXIS2_PLACEMENT_3D ( 'NONE', #573, #1872, #1128 ) ;
#120 = CARTESIAN_POINT ( 'NONE',  ( 37.32554530093764811, -0.4824590337127471762, 5.000000000000000000 ) ) ;
#121 = CARTESIAN_POINT ( 'NONE',  ( 20.49390153191920305, -90.00000000000000000, -15.99999999999999289 ) ) ;
#122 = AXIS2_PLACEMENT_3D ( 'NONE', #312, #683, #334 ) ;
#123 = FACE_OUTER_BOUND ( 'NONE', #1935, .T. ) ;
#124 = CARTESIAN_POINT ( 'NONE',  ( 62.82655332894356093, -84.78815043129331741, -18.00000000000000355 ) ) ;
#125 = ADVANCED_FACE ( 'NONE', ( #1346 ), #452, .T. ) ;
#126 = DIRECTION ( 'NONE',  ( 1.000000000000000000, 0.000000000000000000, 2.171784605454134916E-17 ) ) ;
#127 = CYLINDRICAL_SURFACE ( 'NONE', #1383, 18.00000000000000355 ) ;
#128 = AXIS2_PLACEMENT_3D ( 'NONE', #937, #1665, #1114 ) ;
#129 = ORIENTED_EDGE ( 'NONE', *, *, #555, .T. ) ;
#130 = EDGE_LOOP ( 'NONE', ( #639, #1558, #268, #2291 ) ) ;
#131 = VECTOR ( 'NONE', #856, 1000.000000000000000 ) ;
#132 = EDGE_CURVE ( 'NONE', #1769, #1623, #258, .T. ) ;
#133 = CARTESIAN_POINT ( 'NONE',  ( 92.91833624532839053, -23.90911349468243685, -18.00000000000000355 ) ) ;
#134 = DIRECTION ( 'NONE',  ( 0.1736481776669278054, 0.9848077530122085754, 3.771264390221982876E-18 ) ) ;
#135 = DIRECTION ( 'NONE',  ( -0.000000000000000000, -0.000000000000000000, 1.000000000000000000 ) ) ;
#136 = EDGE_CURVE ( 'NONE', #1535, #1685, #2267, .T. ) ;
#137 = CARTESIAN_POINT ( 'NONE',  ( 7.012583390127581140, -0.07939159586847920058, -14.14615072401453588 ) ) ;
#138 =( BOUNDED_SURFACE ( )  B_SPLINE_SURFACE ( 3, 2, ( 
 ( #298, #323, #1410 ),
 ( #999, #2134, #1586 ),
 ( #1013, #2316, #1735 ),
 ( #833, #510, #290 ),
 ( #1235, #2110, #1207 ),
 ( #1922, #1950, #1050 ),
 ( #1772, #848, #2263 ),
 ( #628, #2145, #916 ),
 ( #169, #2196, #1970 ),
 ( #2008, #1061, #228 ) ),
 .UNSPECIFIED., .F., .F., .T. ) 
 B_SPLINE_SURFACE_WITH_KNOTS ( ( 4, 2, 2, 2, 4 ),
 ( 3, 3 ),
 ( 0.000000000000000000, 0.003462585431144861794, 0.004328231788931076809, 0.005193878146717292692, 0.006925170862289723589 ),
 ( 0.000000000000000000, 1.000000000000000000 ),
 .UNSPECIFIED. ) 
 GEOMETRIC_REPRESENTATION_ITEM ( )  RATIONAL_B_SPLINE_SURFACE ( (
 ( 1.000000000000000000, 0.7071067811865483499, 1.000000000000000000),
 ( 1.000000000000000000, 0.7023497594545555778, 1.000000000000000000),
 ( 1.000000000000000000, 0.7002238360810041362, 1.000000000000000000),
 ( 1.000000000000000000, 0.7005027611696951206, 1.000000000000000000),
 ( 1.000000000000000000, 0.7007057340255945510, 1.000000000000000000),
 ( 1.000000000000000000, 0.7013716513914834971, 1.000000000000000000),
 ( 1.000000000000000000, 0.7018346731962517016, 1.000000000000000000),
 ( 1.000000000000000000, 0.7035647809525474861, 1.000000000000000000),
 ( 1.000000000000000000, 0.7051730162288906145, 1.000000000000000000),
 ( 1.000000000000000000, 0.7071067811865483499, 1.000000000000000000) ) ) 
 REPRESENTATION_ITEM ( '' )  SURFACE ( )  );
#139 = CIRCLE ( 'NONE', #657, 3.000000000000000444 ) ;
#140 = DIRECTION ( 'NONE',  ( 0.000000000000000000, 1.000000000000000000, -0.000000000000000000 ) ) ;
#141 = PERSON_AND_ORGANIZATION_ROLE ( 'creator' ) ;
#142 = AXIS2_PLACEMENT_3D ( 'NONE', #652, #2052, #2234 ) ;
#143 = ORIENTED_EDGE ( 'NONE', *, *, #571, .T. ) ;
#144 = ORIENTED_EDGE ( 'NONE', *, *, #165, .F. ) ;
#145 = ORIENTED_EDGE ( 'NONE', *, *, #691, .F. ) ;
#146 = EDGE_CURVE ( 'NONE', #1326, #460, #2009, .T. ) ;
#147 = DIRECTION ( 'NONE',  ( 0.9918602290218700990, -0.1273314025866508215, -4.417695465922342488E-16 ) ) ;
#148 = ADVANCED_FACE ( 'NONE', ( #1506 ), #1731, .T. ) ;
#149 = ORIENTED_EDGE ( 'NONE', *, *, #2228, .T. ) ;
#150 = DIRECTION ( 'NONE',  ( -1.084202172485504064E-16, -1.000000000000000000, 0.000000000000000000 ) ) ;
#151 = CARTESIAN_POINT ( 'NONE',  ( 7.749141512112640129, -1.016642234580816373, -15.42190681402017205 ) ) ;
#152 = DIRECTION ( 'NONE',  ( -2.171784605454134916E-17, 0.000000000000000000, 1.000000000000000000 ) ) ;
#153 = CIRCLE ( 'NONE', #1397, 48.00000000000000000 ) ;
#154 = ORIENTED_EDGE ( 'NONE', *, *, #2081, .T. ) ;
#155 = ORIENTED_EDGE ( 'NONE', *, *, #194, .T. ) ;
#156 = ORIENTED_EDGE ( 'NONE', *, *, #1683, .F. ) ;
#157 = FACE_OUTER_BOUND ( 'NONE', #130, .T. ) ;
#158 = EDGE_CURVE ( 'NONE', #1925, #1682, #2309, .T. ) ;
#159 = DIRECTION ( 'NONE',  ( -2.171784605454134916E-17, 0.000000000000000000, 1.000000000000000000 ) ) ;
#160 = AXIS2_PLACEMENT_3D ( 'NONE', #985, #1322, #1709 ) ;
#161 = ORIENTED_EDGE ( 'NONE', *, *, #1762, .F. ) ;
#162 = CARTESIAN_POINT ( 'NONE',  ( 34.58938415433227931, -8.000000000000001776, 5.000000000000000888 ) ) ;
#163 = AXIS2_PLACEMENT_3D ( 'NONE', #2094, #1600, #1208 ) ;
#164 = DIRECTION ( 'NONE',  ( 0.9396926207859080948, -0.3420201433256694901, 0.000000000000000000 ) ) ;
#165 = EDGE_CURVE ( 'NONE', #1842, #1768, #241, .T. ) ;
#166 = CALENDAR_DATE ( 2026, 17, 8 ) ;
#167 = ORIENTED_EDGE ( 'NONE', *, *, #2301, .F. ) ;
#168 = VECTOR ( 'NONE', #2139, 999.9999999999998863 ) ;
#169 = CARTESIAN_POINT ( 'NONE',  ( 14.44468080317511749, -20.00000000000005329, -6.775843985086509313 ) ) ;
#170 = DIRECTION ( 'NONE',  ( 0.000000000000000000, 0.000000000000000000, 1.000000000000000000 ) ) ;
#171 = VERTEX_POINT ( 'NONE', #436 ) ;
#172 = LINE ( 'NONE', #1964, #1638 ) ;
#173 = AXIS2_PLACEMENT_3D ( 'NONE', #649, #315, #1765 ) ;
#174 = CARTESIAN_POINT ( 'NONE',  ( 62.00000000000000711, -68.00000000000005684, -18.00000000000000355 ) ) ;
#175 = CARTESIAN_POINT ( 'NONE',  ( 17.93511502110155575, -20.15011251493096722, -5.182566820088087667 ) ) ;
#176 = EDGE_CURVE ( 'NONE', #1349, #1559, #1166, .T. ) ;
#177 = VECTOR ( 'NONE', #1289, 1000.000000000000000 ) ;
#178 = VERTEX_POINT ( 'NONE', #1494 ) ;
#179 = CIRCLE ( 'NONE', #1791, 48.00000000000000000 ) ;
#180 = EDGE_CURVE ( 'NONE', #2299, #807, #2025, .T. ) ;
#181 = DIRECTION ( 'NONE',  ( -1.000000000000000000, 0.000000000000000000, 0.000000000000000000 ) ) ;
#182 = CYLINDRICAL_SURFACE ( 'NONE', #472, 3.000000000000016431 ) ;
#183 = DIRECTION ( 'NONE',  ( 0.9396926207859082059, -0.3420201433256694346, 0.000000000000000000 ) ) ;
#184 = EDGE_CURVE ( 'NONE', #1869, #1167, #917, .T. ) ;
#185 = ORIENTED_EDGE ( 'NONE', *, *, #526, .T. ) ;
#186 = VECTOR ( 'NONE', #2070, 1000.000000000000000 ) ;
#187 = DIRECTION ( 'NONE',  ( -0.000000000000000000, -0.000000000000000000, 1.000000000000000000 ) ) ;
#188 = DIRECTION ( 'NONE',  ( -2.171784605454134916E-17, 0.000000000000000000, 1.000000000000000000 ) ) ;
#189 = ORIENTED_EDGE ( 'NONE', *, *, #2308, .F. ) ;
#190 = EDGE_LOOP ( 'NONE', ( #2136, #492, #118, #2150 ) ) ;
#191 = CARTESIAN_POINT ( 'NONE',  ( 9.544644070129189473, -18.82902908252116347, -14.53180846962473183 ) ) ;
#192 = CIRCLE ( 'NONE', #462, 3.000000000000002665 ) ;
#193 = ORIENTED_EDGE ( 'NONE', *, *, #1626, .T. ) ;
#194 = EDGE_CURVE ( 'NONE', #585, #605, #2345, .T. ) ;
#195 = CARTESIAN_POINT ( 'NONE',  ( 14.00000000000000711, -68.00000000000005684, 7.999999999999998224 ) ) ;
#196 = AXIS2_PLACEMENT_3D ( 'NONE', #751, #544, #10 ) ;
#197 = CARTESIAN_POINT ( 'NONE',  ( 36.29948487096064724, -3.301536896070471183, -5.000000000000001776 ) ) ;
#198 = CARTESIAN_POINT ( 'NONE',  ( 6.617289369763464713, 0.000000000000000000, -13.46148139681571720 ) ) ;
#199 = CARTESIAN_POINT ( 'NONE',  ( 89.56247938479677373, -19.49514816956316210, -5.000000000000000000 ) ) ;
#200 = ORIENTED_EDGE ( 'NONE', *, *, #912, .F. ) ;
#201 = EDGE_CURVE ( 'NONE', #1535, #692, #1952, .T. ) ;
#202 = TOROIDAL_SURFACE ( 'NONE', #35, 51.00000000000000711, 3.000000000000000000 ) ;
#203 = DIRECTION ( 'NONE',  ( 0.000000000000000000, 0.000000000000000000, -1.000000000000000000 ) ) ;
#204 = CARTESIAN_POINT ( 'NONE',  ( 81.61309937255398950, -32.56447705137477300, -5.000000000000000000 ) ) ;
#205 = DIRECTION ( 'NONE',  ( -0.1736481776669277777, -0.9848077530122085754, -3.771264390221982876E-18 ) ) ;
#206 = CIRCLE ( 'NONE', #1634, 3.000000000000000000 ) ;
#207 = CC_DESIGN_APPROVAL ( #789, ( #733 ) ) ;
#208 = CARTESIAN_POINT ( 'NONE',  ( 38.08938415433227931, -8.000000000000001776, -18.00000000000000355 ) ) ;
#209 = LINE ( 'NONE', #921, #1231 ) ;
#210 = CARTESIAN_POINT ( 'NONE',  ( 80.64359938784129156, -35.40414123224556420, -0.5587512416181331654 ) ) ;
#211 = ORIENTED_EDGE ( 'NONE', *, *, #2153, .T. ) ;
#212 = B_SPLINE_CURVE_WITH_KNOTS ( 'NONE', 3,
 ( #1474, #540, #895, #1823, #1249, #708, #1635, #1077, #920, #1433, #533, #1627, #1277, #1613, #1065, #1990 ),
 .UNSPECIFIED., .F., .F.,
 ( 4, 2, 2, 2, 2, 2, 2, 4 ),
 ( 3.878959614448864246E-18, 0.0005863696856909400047, 0.001172739371381876106, 0.001759109057072811991, 0.002345478742763748310, 0.002931848428454684411, 0.003518218114145623548, 0.004690957485527488813 ),
 .UNSPECIFIED. ) ;
#213 = CARTESIAN_POINT ( 'NONE',  ( 9.842379524004430280, -17.39322307410703061, -15.04750140295122129 ) ) ;
#214 = APPROVAL_STATUS ( 'not_yet_approved' ) ;
#215 = VERTEX_POINT ( 'NONE', #2020 ) ;
#216 = VERTEX_POINT ( 'NONE', #569 ) ;
#217 = CARTESIAN_POINT ( 'NONE',  ( 14.00000000000000711, -68.00000000000005684, -8.000000000000001776 ) ) ;
#218 = CARTESIAN_POINT ( 'NONE',  ( 73.63319872355253892, -86.69365358531172205, -5.000000000000000888 ) ) ;
#219 = ORIENTED_EDGE ( 'NONE', *, *, #2153, .F. ) ;
#220 = TOROIDAL_SURFACE ( 'NONE', #1585, 15.00000000000000355, 3.000000000000000000 ) ;
#221 = EDGE_CURVE ( 'NONE', #1637, #2107, #304, .T. ) ;
#222 = CARTESIAN_POINT ( 'NONE',  ( 34.58938415433227931, -3.000000000000002665, -8.000000000000001776 ) ) ;
#223 = DIRECTION ( 'NONE',  ( 1.000000000000000000, 0.000000000000000000, 2.171784605454134916E-17 ) ) ;
#224 = ORIENTED_EDGE ( 'NONE', *, *, #329, .F. ) ;
#225 = CARTESIAN_POINT ( 'NONE',  ( 20.49390153191920660, 0.000000000000000000, 4.999999999999989342 ) ) ;
#226 = TOROIDAL_SURFACE ( 'NONE', #872, 11.00000000000000000, 3.000000000000000000 ) ;
#227 = EDGE_CURVE ( 'NONE', #1572, #1409, #1832, .T. ) ;
#228 = CARTESIAN_POINT ( 'NONE',  ( 15.77106405415978507, -17.00000000000006040, -9.542848448528470584 ) ) ;
#229 = CARTESIAN_POINT ( 'NONE',  ( 19.65724023037418178, -17.27747163065807356, 8.032806844218196574 ) ) ;
#230 = EDGE_LOOP ( 'NONE', ( #863, #433, #52, #1850 ) ) ;
#231 = DIRECTION ( 'NONE',  ( 0.6153846153846149747, 0.000000000000000000, -0.7882269819968926727 ) ) ;
#232 = DIRECTION ( 'NONE',  ( -1.000000000000000000, 0.000000000000000000, -0.000000000000000000 ) ) ;
#233 = ORIENTED_EDGE ( 'NONE', *, *, #1335, .T. ) ;
#234 = CIRCLE ( 'NONE', #725, 11.00000000000000355 ) ;
#235 = AXIS2_PLACEMENT_3D ( 'NONE', #469, #483, #1518 ) ;
#236 = CARTESIAN_POINT ( 'NONE',  ( 80.58703894257698153, -35.38355491373248896, -0.8360777267679784241 ) ) ;
#237 = ORIENTED_EDGE ( 'NONE', *, *, #1439, .F. ) ;
#238 = EDGE_LOOP ( 'NONE', ( #1111, #772, #1630, #90 ) ) ;
#239 = CARTESIAN_POINT ( 'NONE',  ( 26.00000000000000355, -13.41487494727524776, -5.000000000000000000 ) ) ;
#240 = CIRCLE ( 'NONE', #509, 4.999999999999997335 ) ;
#241 = LINE ( 'NONE', #2208, #710 ) ;
#242 = ORIENTED_EDGE ( 'NONE', *, *, #1441, .F. ) ;
#243 = VERTEX_POINT ( 'NONE', #49 ) ;
#244 = EDGE_CURVE ( 'NONE', #2315, #91, #866, .T. ) ;
#245 = VECTOR ( 'NONE', #2318, 1000.000000000000114 ) ;
#246 = DIRECTION ( 'NONE',  ( 0.9918602290218700990, -0.1273314025866505161, 8.835390931844666240E-16 ) ) ;
#247 = CARTESIAN_POINT ( 'NONE',  ( 26.00000000000000000, -1.027984282060330001E-14, -5.000000000000000000 ) ) ;
#248 = CIRCLE ( 'NONE', #13, 3.000000000000002665 ) ;
#249 = FACE_OUTER_BOUND ( 'NONE', #1330, .T. ) ;
#250 = EDGE_CURVE ( 'NONE', #178, #406, #262, .T. ) ;
#251 = CARTESIAN_POINT ( 'NONE',  ( 0.8660254037844361541, -20.00000000000006040, 0.4999999999999956701 ) ) ;
#252 = ORIENTED_EDGE ( 'NONE', *, *, #158, .F. ) ;
#253 = EDGE_CURVE ( 'NONE', #1637, #2224, #2075, .T. ) ;
#254 = CARTESIAN_POINT ( 'NONE',  ( 14.18808567594406611, -90.00000000000000000, 11.07692307692307132 ) ) ;
#255 = DIRECTION ( 'NONE',  ( 0.9848077530122089085, -0.1736481776669261401, 0.000000000000000000 ) ) ;
#256 = VERTEX_POINT ( 'NONE', #1712 ) ;
#257 = ORIENTED_EDGE ( 'NONE', *, *, #2221, .F. ) ;
#258 = CIRCLE ( 'NONE', #371, 3.000000000000000000 ) ;
#259 = EDGE_CURVE ( 'NONE', #1445, #2285, #968, .T. ) ;
#260 = FACE_OUTER_BOUND ( 'NONE', #1110, .T. ) ;
#261 = DIRECTION ( 'NONE',  ( -0.000000000000000000, 0.000000000000000000, 1.000000000000000000 ) ) ;
#262 = CIRCLE ( 'NONE', #1281, 3.000000000000000444 ) ;
#263 = ORIENTED_EDGE ( 'NONE', *, *, #1929, .T. ) ;
#264 = DIRECTION ( 'NONE',  ( -0.000000000000000000, -0.000000000000000000, 1.000000000000000000 ) ) ;
#265 = LINE ( 'NONE', #1144, #2102 ) ;
#266 = CARTESIAN_POINT ( 'NONE',  ( 79.27590133273723438, -34.90633985072389578, -7.264831658695404037 ) ) ;
#267 = B_SPLINE_CURVE_WITH_KNOTS ( 'NONE', 3,
 ( #345, #578, #1122, #1840, #1783, #768, #2338, #884, #531, #928, #1654, #1493, #1318, #1610, #705, #592 ),
 .UNSPECIFIED., .F., .F.,
 ( 4, 2, 2, 2, 2, 2, 2, 4 ),
 ( 2.484379657880003501E-18, 0.0005863696856909436910, 0.001172739371381884780, 0.001759109057072825652, 0.002345478742763767391, 0.002931848428454708697, 0.003518218114145649136, 0.004690957485527528711 ),
 .UNSPECIFIED. ) ;
#268 = ORIENTED_EDGE ( 'NONE', *, *, #539, .F. ) ;
#269 = FACE_OUTER_BOUND ( 'NONE', #343, .T. ) ;
#270 = CARTESIAN_POINT ( 'NONE',  ( 19.56160751379832874, -20.32006352218726519, 4.999999999999990230 ) ) ;
#271 = CIRCLE ( 'NONE', #1657, 3.000000000000016431 ) ;
#272 = VERTEX_POINT ( 'NONE', #1887 ) ;
#273 = ORIENTED_EDGE ( 'NONE', *, *, #2101, .T. ) ;
#274 = AXIS2_PLACEMENT_3D ( 'NONE', #1172, #232, #587 ) ;
#275 = ORIENTED_EDGE ( 'NONE', *, *, #1762, .T. ) ;
#276 = DIRECTION ( 'NONE',  ( -0.7882269819968925617, 0.000000000000000000, -0.6153846153846148637 ) ) ;
#277 = CARTESIAN_POINT ( 'NONE',  ( 0.000000000000000000, -20.00000000000006040, 0.000000000000000000 ) ) ;
#278 = EDGE_CURVE ( 'NONE', #1326, #216, #1548, .T. ) ;
#279 = CARTESIAN_POINT ( 'NONE',  ( 8.120074974021296299, -3.000000000000030198, -16.06438241627336794 ) ) ;
#280 = CARTESIAN_POINT ( 'NONE',  ( 79.27590133273723438, -34.90633985072389578, 7.264831658695403149 ) ) ;
#281 = CARTESIAN_POINT ( 'NONE',  ( 16.47570849587264519, -17.00659195359120446, -9.069506113295847882 ) ) ;
#282 = AXIS2_PLACEMENT_3D ( 'NONE', #1293, #721, #1795 ) ;
#283 = VERTEX_POINT ( 'NONE', #279 ) ;
#284 = FACE_OUTER_BOUND ( 'NONE', #707, .T. ) ;
#285 = CARTESIAN_POINT ( 'NONE',  ( -0.8660254037844317132, -20.00000000000006040, -0.5000000000000015543 ) ) ;
#286 = EDGE_LOOP ( 'NONE', ( #1980, #1448, #143, #1408, #669, #1151, #145 ) ) ;
#287 = EDGE_LOOP ( 'NONE', ( #2261, #973, #336, #2131, #2007, #2324, #530, #567, #2300, #1796 ) ) ;
#288 = CIRCLE ( 'NONE', #945, 2.999999999999997780 ) ;
#289 = ORIENTED_EDGE ( 'NONE', *, *, #1154, .F. ) ;
#290 = CARTESIAN_POINT ( 'NONE',  ( 17.81587482492183838, -17.07680375607295886, -8.458574015144145974 ) ) ;
#291 = CARTESIAN_POINT ( 'NONE',  ( 14.00000000000000711, -68.00000000000005684, 7.999999999999998224 ) ) ;
#292 = AXIS2_PLACEMENT_3D ( 'NONE', #801, #42, #975 ) ;
#293 = LINE ( 'NONE', #550, #615 ) ;
#294 = CARTESIAN_POINT ( 'NONE',  ( 34.58938415433227931, -8.000000000000001776, -18.00000000000000355 ) ) ;
#295 = CARTESIAN_POINT ( 'NONE',  ( 65.00000000000001421, -68.00000000000005684, 4.999999999999998224 ) ) ;
#296 = CARTESIAN_POINT ( 'NONE',  ( 60.04082217254170217, -100.5868168929379749, -8.000000000000000000 ) ) ;
#297 = ORIENTED_EDGE ( 'NONE', *, *, #521, .T. ) ;
#298 = CARTESIAN_POINT ( 'NONE',  ( 20.11190732415925098, -20.39070900695030275, -4.999999999999994671 ) ) ;
#299 = DIRECTION ( 'NONE',  ( 0.000000000000000000, 0.000000000000000000, 1.000000000000000000 ) ) ;
#300 = EDGE_CURVE ( 'NONE', #1581, #1418, #153, .T. ) ;
#301 = DIRECTION ( 'NONE',  ( -2.171784605454134916E-17, 0.000000000000000000, 1.000000000000000000 ) ) ;
#302 = DIRECTION ( 'NONE',  ( -0.000000000000000000, -0.000000000000000000, 1.000000000000000000 ) ) ;
#303 = CARTESIAN_POINT ( 'NONE',  ( 8.120074974021296299, -2.801728189710968042, -16.06438241627337149 ) ) ;
#304 = CIRCLE ( 'NONE', #1917, 3.000000000000003109 ) ;
#305 = DIRECTION ( 'NONE',  ( 0.000000000000000000, 1.000000000000000000, -0.000000000000000000 ) ) ;
#306 = EDGE_CURVE ( 'NONE', #1843, #1445, #1771, .T. ) ;
#307 = ORIENTED_EDGE ( 'NONE', *, *, #735, .F. ) ;
#308 = EDGE_LOOP ( 'NONE', ( #237, #1276, #537 ) ) ;
#309 = ORIENTED_EDGE ( 'NONE', *, *, #184, .F. ) ;
#310 = VECTOR ( 'NONE', #782, 1000.000000000000000 ) ;
#311 = DIRECTION ( 'NONE',  ( -1.084202172485504064E-16, -1.000000000000000000, -0.000000000000000000 ) ) ;
#312 = CARTESIAN_POINT ( 'NONE',  ( 62.82655332894356093, -84.78815043129331741, -5.000000000000000888 ) ) ;
#313 = CIRCLE ( 'NONE', #1095, 3.000000000000001776 ) ;
#314 = FACE_OUTER_BOUND ( 'NONE', #287, .T. ) ;
#315 = DIRECTION ( 'NONE',  ( 0.000000000000000000, 1.000000000000000000, 0.000000000000000000 ) ) ;
#316 = LINE ( 'NONE', #1214, #650 ) ;
#317 = PERSON_AND_ORGANIZATION_ROLE ( 'design_supplier' ) ;
#318 = ORIENTED_EDGE ( 'NONE', *, *, #136, .T. ) ;
#319 = ORIENTED_EDGE ( 'NONE', *, *, #416, .F. ) ;
#320 = CIRCLE ( 'NONE', #607, 3.000000000000000000 ) ;
#321 = VECTOR ( 'NONE', #1543, 1000.000000000000000 ) ;
#322 = VERTEX_POINT ( 'NONE', #2085 ) ;
#323 = CARTESIAN_POINT ( 'NONE',  ( 20.11190732415925098, -20.39070900695029920, -7.999999999999988454 ) ) ;
#324 = CARTESIAN_POINT ( 'NONE',  ( 0.000000000000000000, -3.000000000000002665, 0.000000000000000000 ) ) ;
#325 = LINE ( 'NONE', #1003, #245 ) ;
#326 = CARTESIAN_POINT ( 'NONE',  ( 7.534961682232430569, -0.6159447238845852102, -15.05093646671118712 ) ) ;
#327 = AXIS2_PLACEMENT_3D ( 'NONE', #2343, #1767, #1215 ) ;
#328 = CARTESIAN_POINT ( 'NONE',  ( 34.58938415433227931, -8.000000000000001776, 4.999999999999997335 ) ) ;
#329 = EDGE_CURVE ( 'NONE', #2119, #1349, #1692, .T. ) ;
#330 = ORIENTED_EDGE ( 'NONE', *, *, #201, .T. ) ;
#331 = ORIENTED_EDGE ( 'NONE', *, *, #22, .T. ) ;
#332 = ORIENTED_EDGE ( 'NONE', *, *, #756, .F. ) ;
#333 = DIRECTION ( 'NONE',  ( -0.000000000000000000, 0.000000000000000000, 1.000000000000000000 ) ) ;
#334 = DIRECTION ( 'NONE',  ( -0.1736481776669261401, -0.9848077530122087975, 0.000000000000000000 ) ) ;
#335 = ADVANCED_FACE ( 'NONE', ( #1386 ), #2305, .F. ) ;
#336 = ORIENTED_EDGE ( 'NONE', *, *, #1069, .T. ) ;
#337 = CARTESIAN_POINT ( 'NONE',  ( 80.58703894257698153, -35.38355491373248896, -5.000000000000000000 ) ) ;
#338 = CARTESIAN_POINT ( 'NONE',  ( 85.35127936093836354, -31.06532514392085886, -5.000000000000000000 ) ) ;
#339 = AXIS2_PLACEMENT_3D ( 'NONE', #110, #1527, #644 ) ;
#340 = DIRECTION ( 'NONE',  ( -2.171784605454134916E-17, 0.000000000000000000, 1.000000000000000000 ) ) ;
#341 = APPLICATION_PROTOCOL_DEFINITION ( 'international standard', 'config_control_design', 1994, #1512 ) ;
#342 = CIRCLE ( 'NONE', #631, 8.000000000000000000 ) ;
#343 = EDGE_LOOP ( 'NONE', ( #318, #927, #766, #2314 ) ) ;
#344 = ORIENTED_EDGE ( 'NONE', *, *, #990, .T. ) ;
#345 = CARTESIAN_POINT ( 'NONE',  ( 8.349340177332337021, 0.000000000000000000, -12.46148139681571720 ) ) ;
#346 = DIRECTION ( 'NONE',  ( 0.000000000000000000, 1.000000000000000000, -0.000000000000000000 ) ) ;
#347 = CIRCLE ( 'NONE', #417, 3.000000000000001332 ) ;
#348 = DIRECTION ( 'NONE',  ( 0.000000000000000000, 0.000000000000000000, 1.000000000000000000 ) ) ;
#349 = DIRECTION ( 'NONE',  ( -2.171784605454134916E-17, 0.000000000000000000, 1.000000000000000000 ) ) ;
#350 = EDGE_CURVE ( 'NONE', #485, #1637, #813, .T. ) ;
#351 = CARTESIAN_POINT ( 'NONE',  ( -38.93843508107750040, -17.76160543239318912, 4.999999999999997335 ) ) ;
#352 = EDGE_CURVE ( 'NONE', #679, #658, #2265, .T. ) ;
#353 = ORIENTED_EDGE ( 'NONE', *, *, #671, .T. ) ;
#354 = AXIS2_PLACEMENT_3D ( 'NONE', #1639, #1081, #183 ) ;
#355 = DIRECTION ( 'NONE',  ( 1.000000000000000000, 0.000000000000000000, -9.251858538542962756E-15 ) ) ;
#356 = ORIENTED_EDGE ( 'NONE', *, *, #1158, .F. ) ;
#357 = ADVANCED_FACE ( 'NONE', ( #1187 ), #220, .T. ) ;
#358 = CARTESIAN_POINT ( 'NONE',  ( 26.00000000000000000, -1.027984282060330001E-14, -5.000000000000000000 ) ) ;
#359 = CIRCLE ( 'NONE', #1940, 4.000000000000001776 ) ;
#360 = CARTESIAN_POINT ( 'NONE',  ( 3.102601562812458358, 0.000000000000000000, -7.373863542433753970 ) ) ;
#361 = FACE_OUTER_BOUND ( 'NONE', #230, .T. ) ;
#362 = CIRCLE ( 'NONE', #1532, 2.999999999999999112 ) ;
#363 = ORIENTED_EDGE ( 'NONE', *, *, #1262, .F. ) ;
#364 = CIRCLE ( 'NONE', #1424, 3.500000000000003109 ) ;
#365 = CARTESIAN_POINT ( 'NONE',  ( 0.000000000000000000, -90.00000000000000000, 0.000000000000000000 ) ) ;
#366 = FACE_BOUND ( 'NONE', #1854, .T. ) ;
#367 = EDGE_LOOP ( 'NONE', ( #2065, #1466 ) ) ;
#368 = EDGE_CURVE ( 'NONE', #1744, #1460, #2312, .T. ) ;
#369 = ORIENTED_EDGE ( 'NONE', *, *, #176, .T. ) ;
#370 = DIRECTION ( 'NONE',  ( 1.000000000000000000, 0.000000000000000000, 0.000000000000000000 ) ) ;
#371 = AXIS2_PLACEMENT_3D ( 'NONE', #630, #1963, #388 ) ;
#372 = ORIENTED_EDGE ( 'NONE', *, *, #1415, .F. ) ;
#373 = AXIS2_PLACEMENT_3D ( 'NONE', #1016, #1912, #1926 ) ;
#374 = EDGE_CURVE ( 'NONE', #1934, #1283, #1649, .T. ) ;
#375 =( BOUNDED_CURVE ( )  B_SPLINE_CURVE ( 3, ( #1175, #280, #988, #590 ),
 .UNSPECIFIED., .F., .T. ) 
 B_SPLINE_CURVE_WITH_KNOTS ( ( 4, 4 ),
 ( 0.2105721352837645888, 3.141592653589793116 ),
 .UNSPECIFIED. ) 
 CURVE ( )  GEOMETRIC_REPRESENTATION_ITEM ( )  RATIONAL_B_SPLINE_CURVE ( ( 1.000000000000000000, 0.4033944377859105535, 0.4033944377859105535, 1.000000000000000000 ) ) 
 REPRESENTATION_ITEM ( '' )  );
#376 = B_SPLINE_CURVE_WITH_KNOTS ( 'NONE', 3,
 ( #1746, #670, #464, #1561 ),
 .UNSPECIFIED., .F., .F.,
 ( 4, 4 ),
 ( 0.0008392555098039878843, 0.001673860959730591978 ),
 .UNSPECIFIED. ) ;
#377 = PRODUCT_RELATED_PRODUCT_CATEGORY ( 'detail', '', ( #1031 ) ) ;
#378 = CARTESIAN_POINT ( 'NONE',  ( 0.000000000000000000, -90.00000000000000000, 0.000000000000000000 ) ) ;
#379 = CARTESIAN_POINT ( 'NONE',  ( -1.085892302727067212E-16, -3.000000000000000000, 4.999999999999999112 ) ) ;
#380 = LINE ( 'NONE', #1098, #1798 ) ;
#381 = CIRCLE ( 'NONE', #2161, 132.0000000000000000 ) ;
#382 = CARTESIAN_POINT ( 'NONE',  ( 9.102866461341101001, -19.60323505019773549, -13.76662720555747477 ) ) ;
#383 = CIRCLE ( 'NONE', #1700, 3.500000000000003109 ) ;
#384 = ORIENTED_EDGE ( 'NONE', *, *, #1170, .T. ) ;
#385 = EDGE_CURVE ( 'NONE', #1137, #93, #781, .T. ) ;
#386 = DIRECTION ( 'NONE',  ( 1.000000000000000000, 0.000000000000000000, 2.171784605454134916E-17 ) ) ;
#387 = ORIENTED_EDGE ( 'NONE', *, *, #840, .F. ) ;
#388 = DIRECTION ( 'NONE',  ( 0.000000000000000000, 0.000000000000000000, -1.000000000000000000 ) ) ;
#389 = DIRECTION ( 'NONE',  ( -0.9989149342909535711, 0.04657203077492015619, 0.000000000000000000 ) ) ;
#390 = FACE_OUTER_BOUND ( 'NONE', #2019, .T. ) ;
#391 = DIRECTION ( 'NONE',  ( 0.9848077530122086864, -0.1736481776669271948, 2.138790317323792862E-17 ) ) ;
#392 = VERTEX_POINT ( 'NONE', #198 ) ;
#393 = CIRCLE ( 'NONE', #1897, 2.999999999999997780 ) ;
#394 = CARTESIAN_POINT ( 'NONE',  ( 14.00000000000000711, -68.00000000000005684, -5.000000000000002665 ) ) ;
#395 = CARTESIAN_POINT ( 'NONE',  ( 95.91508104820125880, -24.04882958700719442, -18.00000000000000355 ) ) ;
#396 = DIRECTION ( 'NONE',  ( 0.8071439439339401778, -9.787749147131745427E-16, -0.5903546847199272474 ) ) ;
#397 = EDGE_CURVE ( 'NONE', #9, #1504, #1067, .T. ) ;
#398 = AXIS2_PLACEMENT_3D ( 'NONE', #2306, #2293, #660 ) ;
#399 = ORIENTED_EDGE ( 'NONE', *, *, #2012, .F. ) ;
#400 = DIRECTION ( 'NONE',  ( -0.000000000000000000, -1.000000000000000000, 0.000000000000000000 ) ) ;
#401 = ORIENTED_EDGE ( 'NONE', *, *, #146, .F. ) ;
#402 = EDGE_CURVE ( 'NONE', #1412, #653, #1169, .T. ) ;
#403 = ORIENTED_EDGE ( 'NONE', *, *, #1088, .T. ) ;
#404 = CARTESIAN_POINT ( 'NONE',  ( 11.82340472995338843, 0.000000000000000000, 9.230769230769226397 ) ) ;
#405 = ORIENTED_EDGE ( 'NONE', *, *, #2278, .F. ) ;
#406 = VERTEX_POINT ( 'NONE', #1697 ) ;
#407 = LINE ( 'NONE', #47, #2325 ) ;
#408 = DIRECTION ( 'NONE',  ( 1.000000000000000000, 0.000000000000000000, 2.171784605454134916E-17 ) ) ;
#409 = VERTEX_POINT ( 'NONE', #942 ) ;
#410 = AXIS2_PLACEMENT_3D ( 'NONE', #1184, #958, #784 ) ;
#411 = DIRECTION ( 'NONE',  ( -0.000000000000000000, -0.000000000000000000, 1.000000000000000000 ) ) ;
#412 = CARTESIAN_POINT ( 'NONE',  ( 15.77106405415978863, -17.00000000000006395, 9.542848448528467031 ) ) ;
#413 = CARTESIAN_POINT ( 'NONE',  ( 20.49390153191920305, -17.00000000000007105, -15.99999999999999289 ) ) ;
#414 = CARTESIAN_POINT ( 'NONE',  ( 20.49390153191920305, -3.000000000000016431, -15.99999999999999289 ) ) ;
#415 = DIRECTION ( 'NONE',  ( 1.000000000000000000, 0.000000000000000000, 0.000000000000000000 ) ) ;
#416 = EDGE_CURVE ( 'NONE', #724, #272, #342, .T. ) ;
#417 = AXIS2_PLACEMENT_3D ( 'NONE', #2212, #246, #956 ) ;
#418 = DIRECTION ( 'NONE',  ( -0.1736481776669306365, -0.9848077530122081313, 0.000000000000000000 ) ) ;
#419 = AXIS2_PLACEMENT_3D ( 'NONE', #1562, #2289, #2317 ) ;
#420 = ADVANCED_FACE ( 'NONE', ( #260 ), #1960, .T. ) ;
#421 = CARTESIAN_POINT ( 'NONE',  ( 34.58938415433227931, -8.000000000000001776, 5.000000000000000000 ) ) ;
#422 = ORIENTED_EDGE ( 'NONE', *, *, #1753, .F. ) ;
#423 = UNCERTAINTY_MEASURE_WITH_UNIT (LENGTH_MEASURE( 1.000000000000000082E-05 ), #1046, 'distance_accuracy_value', 'NONE');
#424 = ADVANCED_FACE ( 'NONE', ( #439 ), #2268, .T. ) ;
#425 = DIRECTION ( 'NONE',  ( 2.171784605454134916E-17, -0.000000000000000000, -1.000000000000000000 ) ) ;
#426 = CARTESIAN_POINT ( 'NONE',  ( 1.085892302727067951E-16, -3.000000000000002665, -5.000000000000002665 ) ) ;
#427 = AXIS2_PLACEMENT_3D ( 'NONE', #217, #1479, #2206 ) ;
#428 = EDGE_CURVE ( 'NONE', #392, #1445, #680, .T. ) ;
#429 = DIRECTION ( 'NONE',  ( -0.000000000000000000, -1.000000000000000000, 0.000000000000000000 ) ) ;
#430 = AXIS2_PLACEMENT_3D ( 'NONE', #664, #2296, #1068 ) ;
#431 = DIRECTION ( 'NONE',  ( -1.000000000000000000, 0.000000000000000000, 0.000000000000000000 ) ) ;
#432 = LINE ( 'NONE', #444, #1892 ) ;
#433 = ORIENTED_EDGE ( 'NONE', *, *, #912, .T. ) ;
#434 = EDGE_LOOP ( 'NONE', ( #627, #2117, #1492, #1152 ) ) ;
#435 = DIRECTION ( 'NONE',  ( -0.000000000000000000, -1.000000000000000000, -0.000000000000000000 ) ) ;
#436 = CARTESIAN_POINT ( 'NONE',  ( 20.11190732415925098, -20.39070900695030630, -5.000000000000003553 ) ) ;
#437 = CARTESIAN_POINT ( 'NONE',  ( 14.00000000000000355, -20.00000000000006040, 7.121416616726647497 ) ) ;
#438 = CIRCLE ( 'NONE', #1273, 8.000000000000000000 ) ;
#439 = FACE_OUTER_BOUND ( 'NONE', #1291, .T. ) ;
#440 = DIRECTION ( 'NONE',  ( -0.1736481776669272503, -0.9848077530122086864, 0.000000000000000000 ) ) ;
#441 = CYLINDRICAL_SURFACE ( 'NONE', #2073, 2.999999999999999112 ) ;
#442 = CIRCLE ( 'NONE', #1274, 8.000000000000000000 ) ;
#443 = CARTESIAN_POINT ( 'NONE',  ( 20.11190732415925453, -20.39070900695029920, 4.999999999999990230 ) ) ;
#444 = CARTESIAN_POINT ( 'NONE',  ( 25.99999999999999645, 1.344859659226506645E-14, 5.000000000000000000 ) ) ;
#445 = CARTESIAN_POINT ( 'NONE',  ( 18.20618479914671539, -20.17688207077817353, 8.321581361288371781 ) ) ;
#446 = DIRECTION ( 'NONE',  ( 1.000000000000000000, 0.000000000000000000, 1.807003620809173954E-17 ) ) ;
#447 = ORIENTED_EDGE ( 'NONE', *, *, #1901, .F. ) ;
#448 = EDGE_LOOP ( 'NONE', ( #1907, #826, #570, #1469 ) ) ;
#449 = EDGE_CURVE ( 'NONE', #2107, #1559, #381, .T. ) ;
#450 = FACE_OUTER_BOUND ( 'NONE', #1026, .T. ) ;
#451 = CYLINDRICAL_SURFACE ( 'NONE', #2199, 3.000000000000000000 ) ;
#452 = CYLINDRICAL_SURFACE ( 'NONE', #1503, 18.00000000000000355 ) ;
#453 = VECTOR ( 'NONE', #1540, 1000.000000000000000 ) ;
#454 = ORIENTED_EDGE ( 'NONE', *, *, #1871, .F. ) ;
#455 = DIRECTION ( 'NONE',  ( -0.1736481776669257238, -0.9848077530122089085, -0.000000000000000000 ) ) ;
#456 = FACE_OUTER_BOUND ( 'NONE', #858, .T. ) ;
#457 = CARTESIAN_POINT ( 'NONE',  ( 0.000000000000000000, -17.00000000000004263, 0.000000000000000000 ) ) ;
#458 = CARTESIAN_POINT ( 'NONE',  ( 18.40830676098472551, -17.12610444912740348, 8.265220332376637558 ) ) ;
#459 = FACE_OUTER_BOUND ( 'NONE', #1680, .T. ) ;
#460 = VERTEX_POINT ( 'NONE', #2239 ) ;
#461 = ORIENTED_EDGE ( 'NONE', *, *, #1507, .T. ) ;
#462 = AXIS2_PLACEMENT_3D ( 'NONE', #1723, #1923, #2327 ) ;
#463 = ORIENTED_EDGE ( 'NONE', *, *, #906, .T. ) ;
#464 = CARTESIAN_POINT ( 'NONE',  ( 80.64328177244959761, -35.40402562969703837, 0.5603085695316678549 ) ) ;
#465 = FACE_BOUND ( 'NONE', #1745, .T. ) ;
#466 = DIRECTION ( 'NONE',  ( 1.000000000000000000, -1.084202172485504064E-16, 0.000000000000000000 ) ) ;
#467 = DIRECTION ( 'NONE',  ( 5.172537150871180467E-16, -1.000000000000000000, 0.000000000000000000 ) ) ;
#468 = AXIS2_PLACEMENT_3D ( 'NONE', #1436, #535, #1741 ) ;
#469 = CARTESIAN_POINT ( 'NONE',  ( 14.00000000000000711, -68.00000000000005684, -5.000000000000002665 ) ) ;
#470 = LINE ( 'NONE', #285, #2257 ) ;
#471 = ORIENTED_EDGE ( 'NONE', *, *, #306, .T. ) ;
#472 = AXIS2_PLACEMENT_3D ( 'NONE', #574, #551, #1618 ) ;
#473 = EDGE_CURVE ( 'NONE', #969, #2079, #55, .T. ) ;
#474 = ORIENTED_EDGE ( 'NONE', *, *, #449, .F. ) ;
#475 = CYLINDRICAL_SURFACE ( 'NONE', #1882, 4.000000000000015099 ) ;
#476 = CYLINDRICAL_SURFACE ( 'NONE', #163, 3.000000000000003553 ) ;
#477 = CARTESIAN_POINT ( 'NONE',  ( 63.29041654895492286, -87.91622186799689587, 4.898587196589421703E-16 ) ) ;
#478 = DIRECTION ( 'NONE',  ( 0.000000000000000000, 1.000000000000000000, -0.000000000000000000 ) ) ;
#479 = LINE ( 'NONE', #499, #1715 ) ;
#480 = DIRECTION ( 'NONE',  ( 1.000000000000000000, 0.000000000000000000, 0.000000000000000000 ) ) ;
#481 = AXIS2_PLACEMENT_3D ( 'NONE', #195, #28, #909 ) ;
#482 = ADVANCED_FACE ( 'NONE', ( #1486 ), #1363, .T. ) ;
#483 = DIRECTION ( 'NONE',  ( -2.171784605454134916E-17, 0.000000000000000000, 1.000000000000000000 ) ) ;
#484 = DIRECTION ( 'NONE',  ( 1.000000000000000000, 0.000000000000000000, 0.000000000000000000 ) ) ;
#485 = VERTEX_POINT ( 'NONE', #2250 ) ;
#486 = FACE_OUTER_BOUND ( 'NONE', #667, .T. ) ;
#487 = DIRECTION ( 'NONE',  ( -1.000000000000000000, 0.000000000000000000, 0.000000000000000000 ) ) ;
#488 = DIRECTION ( 'NONE',  ( 0.9848077530122089085, -0.1736481776669261401, 0.000000000000000000 ) ) ;
#489 = CARTESIAN_POINT ( 'NONE',  ( 27.97393957002300269, -16.23395280963299214, 5.000000000000000000 ) ) ;
#490 = CARTESIAN_POINT ( 'NONE',  ( 7.610567394958239973, -0.7400536658257265143, -15.18188940249474506 ) ) ;
#491 = FACE_OUTER_BOUND ( 'NONE', #1985, .T. ) ;
#492 = ORIENTED_EDGE ( 'NONE', *, *, #929, .T. ) ;
#493 = CARTESIAN_POINT ( 'NONE',  ( 38.08938415433227931, -8.000000000000001776, 5.000000000000000888 ) ) ;
#494 = CARTESIAN_POINT ( 'NONE',  ( 62.00000000000000711, -68.00000000000005684, -5.000000000000003553 ) ) ;
#495 = AXIS2_PLACEMENT_3D ( 'NONE', #1198, #698, #299 ) ;
#496 = ADVANCED_FACE ( 'NONE', ( #2068 ), #1117, .F. ) ;
#497 = ORIENTED_EDGE ( 'NONE', *, *, #2346, .T. ) ;
#498 = DIRECTION ( 'NONE',  ( 0.000000000000000000, 1.000000000000000000, -0.000000000000000000 ) ) ;
#499 = CARTESIAN_POINT ( 'NONE',  ( 3.804306062987132681E-29, -3.700743415417188258E-14, -5.000000000000000000 ) ) ;
#500 = CARTESIAN_POINT ( 'NONE',  ( 20.49390153191920305, -3.000000000000002665, -15.99999999999999289 ) ) ;
#501 = ADVANCED_FACE ( 'NONE', ( #450 ), #1674, .T. ) ;
#502 = CARTESIAN_POINT ( 'NONE',  ( 14.00000000000000355, -20.00000000000006040, -18.00000000000000355 ) ) ;
#503 = DIRECTION ( 'NONE',  ( -2.171784605454134916E-17, 0.000000000000000000, 1.000000000000000000 ) ) ;
#504 = EDGE_LOOP ( 'NONE', ( #576, #37, #790, #1743 ) ) ;
#505 = EDGE_LOOP ( 'NONE', ( #1048, #263, #79, #1770, #331 ) ) ;
#506 = VECTOR ( 'NONE', #86, 1000.000000000000000 ) ;
#507 = EDGE_CURVE ( 'NONE', #1035, #215, #563, .T. ) ;
#508 = EDGE_LOOP ( 'NONE', ( #189, #2154, #454, #1671 ) ) ;
#509 = AXIS2_PLACEMENT_3D ( 'NONE', #1213, #2099, #480 ) ;
#510 = CARTESIAN_POINT ( 'NONE',  ( 17.66640678222528393, -20.12903359649861557, -8.512139005814221449 ) ) ;
#511 = CARTESIAN_POINT ( 'NONE',  ( 34.58938415433227931, -8.000000000000001776, 8.000000000000000000 ) ) ;
#512 = ORIENTED_EDGE ( 'NONE', *, *, #2284, .F. ) ;
#513 = CARTESIAN_POINT ( 'NONE',  ( 0.000000000000000000, 0.000000000000000000, 0.000000000000000000 ) ) ;
#514 = CARTESIAN_POINT ( 'NONE',  ( 7.967800711512675882, -1.669346715622021859, -15.80063565692335992 ) ) ;
#515 = AXIS2_PLACEMENT_3D ( 'NONE', #513, #2280, #1953 ) ;
#516 = CC_DESIGN_SECURITY_CLASSIFICATION ( #733, ( #1759 ) ) ;
#517 = FACE_BOUND ( 'NONE', #739, .T. ) ;
#518 = VERTEX_POINT ( 'NONE', #2039 ) ;
#519 = ORIENTED_EDGE ( 'NONE', *, *, #1439, .T. ) ;
#520 = EDGE_LOOP ( 'NONE', ( #994, #997, #2174, #1343, #2262 ) ) ;
#521 = EDGE_CURVE ( 'NONE', #870, #806, #94, .T. ) ;
#522 = DIRECTION ( 'NONE',  ( -0.000000000000000000, 0.000000000000000000, 1.000000000000000000 ) ) ;
#523 = EDGE_CURVE ( 'NONE', #93, #1843, #977, .T. ) ;
#524 = FACE_OUTER_BOUND ( 'NONE', #1653, .T. ) ;
#525 = DIRECTION ( 'NONE',  ( -1.084202172485504064E-16, -1.000000000000000000, -0.000000000000000000 ) ) ;
#526 = EDGE_CURVE ( 'NONE', #1136, #1035, #1834, .T. ) ;
#527 = DIRECTION ( 'NONE',  ( 0.3420201433256691570, 0.9396926207859083169, 0.000000000000000000 ) ) ;
#528 = CARTESIAN_POINT ( 'NONE',  ( 85.35127936093836354, -31.06532514392085886, -5.000000000000000000 ) ) ;
#529 = PERSON_AND_ORGANIZATION ( #1829, #1864 ) ;
#530 = ORIENTED_EDGE ( 'NONE', *, *, #2336, .T. ) ;
#531 = CARTESIAN_POINT ( 'NONE',  ( 9.341794749923259644, -0.7386097898215876478, -14.18046314074724989 ) ) ;
#532 = DIRECTION ( 'NONE',  ( 1.000000000000000000, 0.000000000000000000, 0.000000000000000000 ) ) ;
#533 = CARTESIAN_POINT ( 'NONE',  ( 7.810684107597095860, -18.83411088452484350, -15.52850171622889874 ) ) ;
#534 = DIRECTION ( 'NONE',  ( -0.3420201433256691570, -0.9396926207859083169, 0.000000000000000000 ) ) ;
#535 = DIRECTION ( 'NONE',  ( 0.000000000000000000, 1.000000000000000000, -0.000000000000000000 ) ) ;
#536 = MECHANICAL_CONTEXT ( 'NONE', #1512, 'mechanical' ) ;
#537 = ORIENTED_EDGE ( 'NONE', *, *, #2347, .F. ) ;
#538 = TOROIDAL_SURFACE ( 'NONE', #2050, 5.000000000000000000, 3.000000000000000000 ) ;
#539 = EDGE_CURVE ( 'NONE', #171, #518, #347, .T. ) ;
#540 = CARTESIAN_POINT ( 'NONE',  ( 6.716422803864107394, -20.00000000000006395, -13.63318554140681194 ) ) ;
#541 = AXIS2_PLACEMENT_3D ( 'NONE', #1636, #719, #2350 ) ;
#542 = DIRECTION ( 'NONE',  ( -0.1736481776669261401, -0.9848077530122087975, 0.000000000000000000 ) ) ;
#543 = ORIENTED_EDGE ( 'NONE', *, *, #743, .T. ) ;
#544 = DIRECTION ( 'NONE',  ( -2.171784605454134916E-17, 0.000000000000000000, 1.000000000000000000 ) ) ;
#545 = EDGE_CURVE ( 'NONE', #392, #1409, #1687, .T. ) ;
#546 = CIRCLE ( 'NONE', #1944, 11.00000000000000000 ) ;
#547 = ORIENTED_EDGE ( 'NONE', *, *, #1216, .F. ) ;
#548 = CC_DESIGN_DATE_AND_TIME_ASSIGNMENT ( #1579, #2333, ( #70 ) ) ;
#549 = AXIS2_PLACEMENT_3D ( 'NONE', #637, #1519, #1339 ) ;
#550 = CARTESIAN_POINT ( 'NONE',  ( 3.804306062987132681E-29, -3.700743415417188258E-14, 5.000000000000000000 ) ) ;
#551 = DIRECTION ( 'NONE',  ( -0.000000000000000000, -0.000000000000000000, 1.000000000000000000 ) ) ;
#552 = DIRECTION ( 'NONE',  ( -2.312964634635743529E-14, -1.000000000000000000, 1.156482317317871725E-15 ) ) ;
#553 = ORIENTED_EDGE ( 'NONE', *, *, #416, .T. ) ;
#554 = CARTESIAN_POINT ( 'NONE',  ( 8.349340177332333468, -20.00000000000006040, -12.46148139681571365 ) ) ;
#555 = EDGE_CURVE ( 'NONE', #2315, #283, #1513, .T. ) ;
#556 = AXIS2_PLACEMENT_3D ( 'NONE', #218, #1123, #755 ) ;
#557 = ORIENTED_EDGE ( 'NONE', *, *, #1341, .T. ) ;
#558 = CARTESIAN_POINT ( 'NONE',  ( 0.000000000000000000, 0.000000000000000000, 0.000000000000000000 ) ) ;
#559 = AXIS2_PLACEMENT_3D ( 'NONE', #1726, #478, #923 ) ;
#560 = CARTESIAN_POINT ( 'NONE',  ( 76.19164494638502561, -88.26029104333258601, -5.000000000000000888 ) ) ;
#561 = FACE_OUTER_BOUND ( 'NONE', #1219, .T. ) ;
#562 = CARTESIAN_POINT ( 'NONE',  ( 76.19164494638502561, -88.26029104333258601, 5.000000000000000888 ) ) ;
#563 = CIRCLE ( 'NONE', #160, 4.999999999999997335 ) ;
#564 = CARTESIAN_POINT ( 'NONE',  ( 9.804194380084952698, -17.77675702981887085, -14.98136279358836376 ) ) ;
#565 = ADVANCED_FACE ( 'NONE', ( #642 ), #682, .T. ) ;
#566 = AXIS2_PLACEMENT_3D ( 'NONE', #2276, #672, #1237 ) ;
#567 = ORIENTED_EDGE ( 'NONE', *, *, #2260, .T. ) ;
#568 = CYLINDRICAL_SURFACE ( 'NONE', #1967, 8.000000000000000000 ) ;
#569 = CARTESIAN_POINT ( 'NONE',  ( 64.22519540362264934, -76.85605706101335954, -8.000000000000000000 ) ) ;
#570 = ORIENTED_EDGE ( 'NONE', *, *, #44, .T. ) ;
#571 = EDGE_CURVE ( 'NONE', #9, #1733, #376, .T. ) ;
#572 = VECTOR ( 'NONE', #989, 1000.000000000000000 ) ;
#573 = CARTESIAN_POINT ( 'NONE',  ( 0.000000000000000000, 0.000000000000000000, 0.000000000000000000 ) ) ;
#574 = CARTESIAN_POINT ( 'NONE',  ( 81.61309937255398950, -32.56447705137477300, -5.000000000000000000 ) ) ;
#575 = EDGE_LOOP ( 'NONE', ( #387, #758, #1648, #616 ) ) ;
#576 = ORIENTED_EDGE ( 'NONE', *, *, #1154, .T. ) ;
#577 = CARTESIAN_POINT ( 'NONE',  ( 20.49390153191920660, -20.00000000000006040, 15.99999999999998934 ) ) ;
#578 = CARTESIAN_POINT ( 'NONE',  ( 8.448473611432980590, 1.905824131322174993E-18, -12.63318554140681371 ) ) ;
#579 = CARTESIAN_POINT ( 'NONE',  ( -38.93843508107750040, -17.76160543239318912, 4.999999999999997335 ) ) ;
#580 = VECTOR ( 'NONE', #1663, 1000.000000000000000 ) ;
#581 = VERTEX_POINT ( 'NONE', #493 ) ;
#582 = ORIENTED_EDGE ( 'NONE', *, *, #158, .T. ) ;
#583 = VECTOR ( 'NONE', #187, 1000.000000000000000 ) ;
#584 = EDGE_CURVE ( 'NONE', #1302, #1168, #271, .T. ) ;
#585 = VERTEX_POINT ( 'NONE', #2120 ) ;
#586 = DIRECTION ( 'NONE',  ( 0.000000000000000000, 1.000000000000000000, -0.000000000000000000 ) ) ;
#587 = DIRECTION ( 'NONE',  ( 0.000000000000000000, 0.000000000000000000, 1.000000000000000000 ) ) ;
#588 = ORIENTED_EDGE ( 'NONE', *, *, #2172, .T. ) ;
#589 = EDGE_CURVE ( 'NONE', #679, #1581, #2274, .T. ) ;
#590 = CARTESIAN_POINT ( 'NONE',  ( 73.03783424313822081, -32.63586911075424979, 4.898587196589421703E-16 ) ) ;
#591 = CYLINDRICAL_SURFACE ( 'NONE', #1632, 3.000000000000000000 ) ;
#592 = CARTESIAN_POINT ( 'NONE',  ( 9.852125781590167719, -3.000000000000030198, -15.06438241627336794 ) ) ;
#593 = CARTESIAN_POINT ( 'NONE',  ( 11.82340472995338665, -17.00000000000006040, -9.230769230769229949 ) ) ;
#594 = EDGE_LOOP ( 'NONE', ( #1352, #1521 ) ) ;
#595 = VERTEX_POINT ( 'NONE', #1038 ) ;
#596 = AXIS2_PLACEMENT_3D ( 'NONE', #8, #728, #552 ) ;
#597 = EDGE_CURVE ( 'NONE', #581, #870, #1256, .T. ) ;
#598 = DIRECTION ( 'NONE',  ( -0.000000000000000000, -0.000000000000000000, 1.000000000000000000 ) ) ;
#599 = LINE ( 'NONE', #619, #1473 ) ;
#600 = DIRECTION ( 'NONE',  ( 0.9848077530122089085, -0.1736481776669261401, 0.000000000000000000 ) ) ;
#601 = CARTESIAN_POINT ( 'NONE',  ( 29.00000000000000000, -13.41487494727526197, -5.000000000000000000 ) ) ;
#602 = ORIENTED_EDGE ( 'NONE', *, *, #584, .F. ) ;
#603 = CARTESIAN_POINT ( 'NONE',  ( 17.47849839769222413, -20.11240950258391535, 8.578753051707035837 ) ) ;
#604 = DIRECTION ( 'NONE',  ( 0.000000000000000000, 1.000000000000000000, 0.000000000000000000 ) ) ;
#605 = VERTEX_POINT ( 'NONE', #120 ) ;
#606 = CARTESIAN_POINT ( 'NONE',  ( 65.00000000000001421, -68.00000000000005684, -8.000000000000000000 ) ) ;
#607 = AXIS2_PLACEMENT_3D ( 'NONE', #1145, #1530, #72 ) ;
#608 = LINE ( 'NONE', #633, #2058 ) ;
#609 = PLANE ( 'NONE',  #1226 ) ;
#610 = AXIS2_PLACEMENT_3D ( 'NONE', #457, #1678, #1132 ) ;
#611 = EDGE_CURVE ( 'NONE', #692, #1875, #1592, .T. ) ;
#612 = CARTESIAN_POINT ( 'NONE',  ( 14.44185924184717251, -20.00000000000005684, 6.778036689742046761 ) ) ;
#613 = DIRECTION ( 'NONE',  ( 0.1736481776669278054, 0.9848077530122085754, 3.771264390221982876E-18 ) ) ;
#614 = ORIENTED_EDGE ( 'NONE', *, *, #259, .F. ) ;
#615 = VECTOR ( 'NONE', #5, 1000.000000000000000 ) ;
#616 = ORIENTED_EDGE ( 'NONE', *, *, #1389, .F. ) ;
#617 = CIRCLE ( 'NONE', #2143, 2.999999999999996447 ) ;
#618 = DIRECTION ( 'NONE',  ( -1.084202172485504064E-16, -1.000000000000000000, -0.000000000000000000 ) ) ;
#619 = CARTESIAN_POINT ( 'NONE',  ( 0.000000000000000000, -90.00000000000000000, 18.00000000000000355 ) ) ;
#620 = CARTESIAN_POINT ( 'NONE',  ( 27.97393957002300269, -16.23395280963299214, -5.000000000000000000 ) ) ;
#621 = DIRECTION ( 'NONE',  ( -0.000000000000000000, 0.000000000000000000, 1.000000000000000000 ) ) ;
#622 = CARTESIAN_POINT ( 'NONE',  ( 59.87213006990693742, -84.26720589829253072, -18.00000000000000355 ) ) ;
#623 = CARTESIAN_POINT ( 'NONE',  ( 62.82655332894356093, -84.78815043129331741, -8.000000000000000000 ) ) ;
#624 = CARTESIAN_POINT ( 'NONE',  ( 16.36187670149613993, -20.05534716335887424, 5.730687608845264513 ) ) ;
#625 = ORIENTED_EDGE ( 'NONE', *, *, #1248, .T. ) ;
#626 = ORIENTED_EDGE ( 'NONE', *, *, #2184, .T. ) ;
#627 = ORIENTED_EDGE ( 'NONE', *, *, #1216, .T. ) ;
#628 = CARTESIAN_POINT ( 'NONE',  ( 14.90971966628569945, -20.00617300346059224, -6.471975799725282918 ) ) ;
#629 = DIRECTION ( 'NONE',  ( -0.9848077530122086864, 0.1736481776669271948, -2.138790317323792862E-17 ) ) ;
#630 = CARTESIAN_POINT ( 'NONE',  ( 65.00000000000001421, -68.00000000000005684, -5.000000000000001776 ) ) ;
#631 = AXIS2_PLACEMENT_3D ( 'NONE', #38, #2055, #1312 ) ;
#632 = CARTESIAN_POINT ( 'NONE',  ( 62.30560879594277424, -87.74257369032993381, 8.000000000000000000 ) ) ;
#633 = CARTESIAN_POINT ( 'NONE',  ( 61.27077214458601162, -76.33511252801257285, 4.999999999999997335 ) ) ;
#634 = CARTESIAN_POINT ( 'NONE',  ( 73.03783424313822081, -32.63586911075424979, -6.573962996452634044 ) ) ;
#635 = ADVANCED_FACE ( 'NONE', ( #486 ), #475, .F. ) ;
#636 = CARTESIAN_POINT ( 'NONE',  ( 17.94947986407646923, -20.15971288038558029, 5.227092939619280898 ) ) ;
#637 = CARTESIAN_POINT ( 'NONE',  ( 34.58938415433227931, -3.000000000000000000, 5.000000000000000000 ) ) ;
#638 = VECTOR ( 'NONE', #1246, 1000.000000000000000 ) ;
#639 = ORIENTED_EDGE ( 'NONE', *, *, #1158, .T. ) ;
#640 = ORIENTED_EDGE ( 'NONE', *, *, #1954, .T. ) ;
#641 = ADVANCED_FACE ( 'NONE', ( #860 ), #226, .T. ) ;
#642 = FACE_OUTER_BOUND ( 'NONE', #694, .T. ) ;
#643 = DIRECTION ( 'NONE',  ( 0.9396926207859083169, -0.3420201433256694346, 2.040809967681685592E-17 ) ) ;
#644 = DIRECTION ( 'NONE',  ( 5.172537150871180467E-16, -1.000000000000000000, 0.000000000000000000 ) ) ;
#645 = VERTEX_POINT ( 'NONE', #1221 ) ;
#646 = DIRECTION ( 'NONE',  ( 0.000000000000000000, 0.000000000000000000, 1.000000000000000000 ) ) ;
#647 = CARTESIAN_POINT ( 'NONE',  ( 20.49390153191920660, 0.000000000000000000, 15.99999999999998934 ) ) ;
#648 = CIRCLE ( 'NONE', #427, 51.00000000000000711 ) ;
#649 = CARTESIAN_POINT ( 'NONE',  ( 0.000000000000000000, -90.00000000000000000, 0.000000000000000000 ) ) ;
#650 = VECTOR ( 'NONE', #1932, 1000.000000000000000 ) ;
#651 = CARTESIAN_POINT ( 'NONE',  ( 17.41290232654599279, -20.11868654017252922, 5.364677957203610070 ) ) ;
#652 = CARTESIAN_POINT ( 'NONE',  ( -1.945162556003636078, -5.344290199788613194, -5.000000000000000000 ) ) ;
#653 = VERTEX_POINT ( 'NONE', #1936 ) ;
#654 = ORIENTED_EDGE ( 'NONE', *, *, #428, .F. ) ;
#655 = AXIS2_PLACEMENT_3D ( 'NONE', #1250, #349, #1787 ) ;
#656 = CARTESIAN_POINT ( 'NONE',  ( 62.82655332894356093, -84.78815043129331741, -5.000000000000000888 ) ) ;
#657 = AXIS2_PLACEMENT_3D ( 'NONE', #1212, #1552, #1413 ) ;
#658 = VERTEX_POINT ( 'NONE', #1197 ) ;
#659 = DIRECTION ( 'NONE',  ( 0.000000000000000000, -0.000000000000000000, -1.000000000000000000 ) ) ;
#660 = DIRECTION ( 'NONE',  ( 0.000000000000000000, 0.000000000000000000, 1.000000000000000000 ) ) ;
#661 = CARTESIAN_POINT ( 'NONE',  ( 80.58703894257698153, -35.38355491373248896, 5.000000000000000000 ) ) ;
#662 = VECTOR ( 'NONE', #613, 999.9999999999998863 ) ;
#663 = ADVANCED_FACE ( 'NONE', ( #157 ), #138, .T. ) ;
#664 = CARTESIAN_POINT ( 'NONE',  ( 34.58938415433227931, -3.000000000000001776, -5.000000000000002665 ) ) ;
#665 = CALENDAR_DATE ( 2026, 17, 8 ) ;
#666 = ORIENTED_EDGE ( 'NONE', *, *, #1484, .T. ) ;
#667 = EDGE_LOOP ( 'NONE', ( #1624, #1244, #2043, #796, #2192 ) ) ;
#668 = ADVANCED_FACE ( 'NONE', ( #21 ), #568, .F. ) ;
#669 = ORIENTED_EDGE ( 'NONE', *, *, #584, .T. ) ;
#670 = CARTESIAN_POINT ( 'NONE',  ( 80.67158075618654323, -35.41290516088245965, 0.2784833597092853386 ) ) ;
#671 = EDGE_CURVE ( 'NONE', #1670, #243, #754, .T. ) ;
#672 = DIRECTION ( 'NONE',  ( -2.171784605454134916E-17, 0.000000000000000000, 1.000000000000000000 ) ) ;
#673 = CIRCLE ( 'NONE', #742, 8.000000000000000000 ) ;
#674 = LINE ( 'NONE', #337, #1822 ) ;
#675 = CARTESIAN_POINT ( 'NONE',  ( 6.617289369763464713, 0.000000000000000000, -13.46148139681571720 ) ) ;
#676 = AXIS2_PLACEMENT_3D ( 'NONE', #852, #659, #1737 ) ;
#677 = CARTESIAN_POINT ( 'NONE',  ( 20.49390153191920660, -3.000000000000016431, 15.99999999999998934 ) ) ;
#678 = ORIENTED_EDGE ( 'NONE', *, *, #948, .T. ) ;
#679 = VERTEX_POINT ( 'NONE', #33 ) ;
#680 = CIRCLE ( 'NONE', #119, 15.00000000000000355 ) ;
#681 = ORIENTED_EDGE ( 'NONE', *, *, #44, .F. ) ;
#682 = CYLINDRICAL_SURFACE ( 'NONE', #2035, 3.000000000000002665 ) ;
#683 = DIRECTION ( 'NONE',  ( 0.000000000000000000, 0.000000000000000000, 1.000000000000000000 ) ) ;
#684 = CIRCLE ( 'NONE', #2238, 3.000000000000002665 ) ;
#685 = ORIENTED_EDGE ( 'NONE', *, *, #1587, .F. ) ;
#686 = FACE_OUTER_BOUND ( 'NONE', #823, .T. ) ;
#687 = DIRECTION ( 'NONE',  ( 0.5222124860069586871, 0.8528154076108334092, 0.000000000000000000 ) ) ;
#688 = ORIENTED_EDGE ( 'NONE', *, *, #194, .F. ) ;
#689 = CARTESIAN_POINT ( 'NONE',  ( 20.49390153191920660, -3.000000000000002665, 15.99999999999998934 ) ) ;
#690 = DIRECTION ( 'NONE',  ( 1.000000000000000000, 0.000000000000000000, 2.171784605454134916E-17 ) ) ;
#691 = EDGE_CURVE ( 'NONE', #1934, #984, #1072, .T. ) ;
#692 = VERTEX_POINT ( 'NONE', #1961 ) ;
#693 = ORIENTED_EDGE ( 'NONE', *, *, #53, .T. ) ;
#694 = EDGE_LOOP ( 'NONE', ( #1891, #734, #1483, #640 ) ) ;
#695 = APPROVAL ( #880, 'UNSPECIFIED' ) ;
#696 = AXIS2_PLACEMENT_3D ( 'NONE', #294, #114, #1317 ) ;
#697 = LINE ( 'NONE', #791, #321 ) ;
#698 = DIRECTION ( 'NONE',  ( 0.000000000000000000, 1.000000000000000000, -0.000000000000000000 ) ) ;
#699 = FACE_OUTER_BOUND ( 'NONE', #1656, .T. ) ;
#700 = CARTESIAN_POINT ( 'NONE',  ( 8.110328716435557084, -2.606776925893008912, -16.04750140295121597 ) ) ;
#701 = AXIS2_PLACEMENT_3D ( 'NONE', #365, #718, #749 ) ;
#702 = CARTESIAN_POINT ( 'NONE',  ( 14.89886519113639984, -20.00599951795182108, -6.478870959814315711 ) ) ;
#703 = DATE_AND_TIME ( #166, #1153 ) ;
#704 = ORIENTED_EDGE ( 'NONE', *, *, #1441, .T. ) ;
#705 = CARTESIAN_POINT ( 'NONE',  ( 9.852125781590165943, -2.603443661834296208, -15.06438241627336971 ) ) ;
#706 = CARTESIAN_POINT ( 'NONE',  ( 34.58938415433227931, -8.000000000000001776, -18.00000000000000355 ) ) ;
#707 = EDGE_LOOP ( 'NONE', ( #871, #898, #2080, #2036 ) ) ;
#708 = CARTESIAN_POINT ( 'NONE',  ( 7.282861044878642609, -19.69701334824913630, -14.61428535419392283 ) ) ;
#709 = DIRECTION ( 'NONE',  ( -0.9848077530122086864, 0.1736481776669271948, -2.138790317323792554E-17 ) ) ;
#710 = VECTOR ( 'NONE', #386, 1000.000000000000000 ) ;
#711 = DIRECTION ( 'NONE',  ( 0.000000000000000000, 2.312964634635742661E-15, -1.000000000000000000 ) ) ;
#712 = COORDINATED_UNIVERSAL_TIME_OFFSET ( 5, 30, .AHEAD. ) ;
#713 = EDGE_CURVE ( 'NONE', #1102, #1137, #1812, .T. ) ;
#714 = ADVANCED_FACE ( 'NONE', ( #1817 ), #1421, .T. ) ;
#715 = ORIENTED_EDGE ( 'NONE', *, *, #1359, .F. ) ;
#716 = EDGE_CURVE ( 'NONE', #93, #2285, #2005, .T. ) ;
#717 = VECTOR ( 'NONE', #629, 999.9999999999998863 ) ;
#718 = DIRECTION ( 'NONE',  ( 0.000000000000000000, 1.000000000000000000, 0.000000000000000000 ) ) ;
#719 = DIRECTION ( 'NONE',  ( -0.8660254037844380415, 0.000000000000000000, -0.5000000000000009992 ) ) ;
#720 = DIRECTION ( 'NONE',  ( -1.084202172485504064E-16, -1.000000000000000000, -0.000000000000000000 ) ) ;
#721 = DIRECTION ( 'NONE',  ( -0.000000000000000000, -0.000000000000000000, 1.000000000000000000 ) ) ;
#722 = DATE_AND_TIME ( #926, #1041 ) ;
#723 = ORIENTED_EDGE ( 'NONE', *, *, #948, .F. ) ;
#724 = VERTEX_POINT ( 'NONE', #1470 ) ;
#725 = AXIS2_PLACEMENT_3D ( 'NONE', #577, #1101, #1651 ) ;
#726 = LINE ( 'NONE', #1451, #177 ) ;
#727 = CARTESIAN_POINT ( 'NONE',  ( 14.18808567594406611, -17.00000000000007105, 11.07692307692307132 ) ) ;
#728 = DIRECTION ( 'NONE',  ( -5.642116254255908329E-17, -1.210167152602927041E-15, -1.000000000000000000 ) ) ;
#729 = ORIENTED_EDGE ( 'NONE', *, *, #2260, .F. ) ;
#730 = DIRECTION ( 'NONE',  ( 1.000000000000000000, 0.000000000000000000, 0.000000000000000000 ) ) ;
#731 = AXIS2_PLACEMENT_3D ( 'NONE', #162, #113, #1738 ) ;
#732 = EDGE_CURVE ( 'NONE', #2048, #692, #407, .T. ) ;
#733 = SECURITY_CLASSIFICATION ( '', '', #2311 ) ;
#734 = ORIENTED_EDGE ( 'NONE', *, *, #253, .F. ) ;
#735 = EDGE_CURVE ( 'NONE', #1623, #518, #648, .T. ) ;
#736 = DIRECTION ( 'NONE',  ( -0.000000000000000000, -0.000000000000000000, 1.000000000000000000 ) ) ;
#737 = DIRECTION ( 'NONE',  ( -0.9396926207859083169, 0.3420201433256691570, 2.468135420979326583E-15 ) ) ;
#738 = CARTESIAN_POINT ( 'NONE',  ( 31.08938415433227576, -8.000000000000001776, -5.000000000000000888 ) ) ;
#739 = EDGE_LOOP ( 'NONE', ( #111, #1855 ) ) ;
#740 = LINE ( 'NONE', #1620, #941 ) ;
#741 = B_SPLINE_CURVE_WITH_KNOTS ( 'NONE', 3,
 ( #1825, #210, #1646, #30 ),
 .UNSPECIFIED., .F., .F.,
 ( 4, 4 ),
 ( 4.553649124439118623E-18, 0.0008392555098039878843 ),
 .UNSPECIFIED. ) ;
#742 = AXIS2_PLACEMENT_3D ( 'NONE', #413, #720, #901 ) ;
#743 = EDGE_CURVE ( 'NONE', #1682, #1167, #267, .T. ) ;
#744 = ORIENTED_EDGE ( 'NONE', *, *, #1838, .T. ) ;
#745 = DIRECTION ( 'NONE',  ( 0.000000000000000000, 1.000000000000000000, 0.000000000000000000 ) ) ;
#746 = CARTESIAN_POINT ( 'NONE',  ( 16.47854449693967638, -17.00667777747104381, 9.067923136658869510 ) ) ;
#747 = AXIS2_PLACEMENT_3D ( 'NONE', #2279, #264, #1701 ) ;
#748 = EDGE_LOOP ( 'NONE', ( #981, #1482, #1195, #1839 ) ) ;
#749 = DIRECTION ( 'NONE',  ( 0.000000000000000000, 0.000000000000000000, 1.000000000000000000 ) ) ;
#750 = FACE_OUTER_BOUND ( 'NONE', #2272, .T. ) ;
#751 = CARTESIAN_POINT ( 'NONE',  ( 14.00000000000000711, -68.00000000000005684, 4.999999999999997335 ) ) ;
#752 = AXIS2_PLACEMENT_3D ( 'NONE', #39, #1129, #2083 ) ;
#753 = ORIENTED_EDGE ( 'NONE', *, *, #925, .F. ) ;
#754 = LINE ( 'NONE', #395, #638 ) ;
#755 = DIRECTION ( 'NONE',  ( 0.1736481776669261401, 0.9848077530122089085, 0.000000000000000000 ) ) ;
#756 = EDGE_CURVE ( 'NONE', #658, #1836, #1853, .T. ) ;
#757 = ORIENTED_EDGE ( 'NONE', *, *, #545, .T. ) ;
#758 = ORIENTED_EDGE ( 'NONE', *, *, #2184, .F. ) ;
#759 = CIRCLE ( 'NONE', #881, 8.000000000000000000 ) ;
#760 = EDGE_CURVE ( 'NONE', #645, #1298, #1134, .T. ) ;
#761 = CARTESIAN_POINT ( 'NONE',  ( 0.000000000000000000, -17.00000000000005684, 0.000000000000000000 ) ) ;
#762 = DIRECTION ( 'NONE',  ( 1.000000000000000000, 0.000000000000000000, 0.000000000000000000 ) ) ;
#763 = VERTEX_POINT ( 'NONE', #2326 ) ;
#764 = CARTESIAN_POINT ( 'NONE',  ( 92.91833624532837632, -23.90911349468242975, 8.000000000000000000 ) ) ;
#765 = PLANE ( 'NONE',  #354 ) ;
#766 = ORIENTED_EDGE ( 'NONE', *, *, #611, .F. ) ;
#767 = EDGE_CURVE ( 'NONE', #1326, #1581, #697, .T. ) ;
#768 = CARTESIAN_POINT ( 'NONE',  ( 9.014911852447516694, -0.3029866517509388624, -13.61428535419393349 ) ) ;
#769 = CARTESIAN_POINT ( 'NONE',  ( 0.000000000000000000, -17.00000000000004263, 0.000000000000000000 ) ) ;
#770 = CIRCLE ( 'NONE', #1381, 3.000000000000000444 ) ;
#771 = EDGE_LOOP ( 'NONE', ( #2164, #809, #2203, #626, #1311, #1465, #844, #1126, #24 ) ) ;
#772 = ORIENTED_EDGE ( 'NONE', *, *, #1626, .F. ) ;
#773 = CARTESIAN_POINT ( 'NONE',  ( 20.49390153191920305, -17.00000000000005684, -15.99999999999999289 ) ) ;
#774 = DIRECTION ( 'NONE',  ( 2.171784605454134916E-17, -0.000000000000000000, -1.000000000000000000 ) ) ;
#775 = SPHERICAL_SURFACE ( 'NONE', #996, 3.000000000000000000 ) ;
#776 = CARTESIAN_POINT ( 'NONE',  ( -3.252606517456513302E-16, -20.00000000000006040, 0.000000000000000000 ) ) ;
#777 = CARTESIAN_POINT ( 'NONE',  ( 20.49390153191920305, 0.000000000000000000, -5.000000000000001776 ) ) ;
#778 = ADVANCED_FACE ( 'NONE', ( #284 ), #1729, .F. ) ;
#779 = AXIS2_PLACEMENT_3D ( 'NONE', #1453, #16, #1619 ) ;
#780 = ORIENTED_EDGE ( 'NONE', *, *, #1088, .F. ) ;
#781 = CIRCLE ( 'NONE', #27, 18.00000000000000355 ) ;
#782 = DIRECTION ( 'NONE',  ( -0.5000000000000008882, 0.000000000000000000, 0.8660254037844381525 ) ) ;
#783 = CARTESIAN_POINT ( 'NONE',  ( 92.91833624532834790, -23.90911349468242264, 5.000000000000000888 ) ) ;
#784 = DIRECTION ( 'NONE',  ( 1.000000000000000000, 0.000000000000000000, 2.171784605454134916E-17 ) ) ;
#785 = ADVANCED_FACE ( 'NONE', ( #1866 ), #1104, .T. ) ;
#786 = ORIENTED_EDGE ( 'NONE', *, *, #221, .T. ) ;
#787 = CARTESIAN_POINT ( 'NONE',  ( 0.000000000000000000, -17.00000000000005684, 0.000000000000000000 ) ) ;
#788 = CARTESIAN_POINT ( 'NONE',  ( 19.65339980873802261, -17.26676506494533925, -7.999999999999991118 ) ) ;
#789 = APPROVAL ( #214, 'UNSPECIFIED' ) ;
#790 = ORIENTED_EDGE ( 'NONE', *, *, #888, .F. ) ;
#791 = CARTESIAN_POINT ( 'NONE',  ( 61.27077214458601162, -76.33511252801257285, -18.00000000000000355 ) ) ;
#792 = AXIS2_PLACEMENT_3D ( 'NONE', #1183, #261, #762 ) ;
#793 = DIRECTION ( 'NONE',  ( 1.000000000000000000, 2.602085213965210642E-15, 0.000000000000000000 ) ) ;
#794 = CARTESIAN_POINT ( 'NONE',  ( 62.30560879594277424, -87.74257369032993381, -5.000000000000000888 ) ) ;
#795 = ORIENTED_EDGE ( 'NONE', *, *, #1622, .F. ) ;
#796 = ORIENTED_EDGE ( 'NONE', *, *, #397, .T. ) ;
#797 = EDGE_LOOP ( 'NONE', ( #2118, #1528, #1073, #252 ) ) ;
#798 = DIRECTION ( 'NONE',  ( 1.000000000000000000, 0.000000000000000000, 2.628368902995162395E-17 ) ) ;
#799 = CARTESIAN_POINT ( 'NONE',  ( -0.8660254037844337116, -90.00000000000000000, -0.4999999999999982792 ) ) ;
#800 = B_SPLINE_CURVE_WITH_KNOTS ( 'NONE', 3,
 ( #1605, #2332, #702, #1426, #2151, #175, #891, #1615 ),
 .UNSPECIFIED., .F., .F.,
 ( 4, 2, 2, 4 ),
 ( 0.000000000000000000, 0.001646259302161529482, 0.003292518604323058963, 0.006585037208646117926 ),
 .UNSPECIFIED. ) ;
#801 = CARTESIAN_POINT ( 'NONE',  ( 34.58938415433227931, -8.000000000000001776, -5.000000000000000888 ) ) ;
#802 = CARTESIAN_POINT ( 'NONE',  ( 18.82897136578759145, -17.16145936501701641, -8.129285521975205597 ) ) ;
#803 = CIRCLE ( 'NONE', #2248, 3.000000000000000444 ) ;
#804 = CARTESIAN_POINT ( 'NONE',  ( 18.58175914074615420, -20.21369440765150927, 8.218472261018503033 ) ) ;
#805 = CARTESIAN_POINT ( 'NONE',  ( 0.000000000000000000, -20.00000000000006040, 0.000000000000000000 ) ) ;
#806 = VERTEX_POINT ( 'NONE', #1192 ) ;
#807 = VERTEX_POINT ( 'NONE', #623 ) ;
#808 = CIRCLE ( 'NONE', #731, 3.500000000000003109 ) ;
#809 = ORIENTED_EDGE ( 'NONE', *, *, #1893, .T. ) ;
#810 = DIRECTION ( 'NONE',  ( -0.1736481776669272226, -0.9848077530122086864, -0.000000000000000000 ) ) ;
#811 = FACE_OUTER_BOUND ( 'NONE', #1382, .T. ) ;
#812 = EDGE_CURVE ( 'NONE', #1520, #51, #2258, .T. ) ;
#813 = LINE ( 'NONE', #974, #453 ) ;
#814 = CARTESIAN_POINT ( 'NONE',  ( 59.87213006990693742, -84.26720589829253072, 4.999999999999997335 ) ) ;
#815 = CARTESIAN_POINT ( 'NONE',  ( 2.785731156401830777, -74.20133353835537093, -8.000000000000001776 ) ) ;
#816 = CARTESIAN_POINT ( 'NONE',  ( 16.37925822854439417, -20.05620779276318189, 5.723567759390530085 ) ) ;
#817 = CARTESIAN_POINT ( 'NONE',  ( 95.91833624532839053, -23.90911349468243685, -5.000000000000000888 ) ) ;
#818 = EDGE_CURVE ( 'NONE', #1412, #1137, #978, .T. ) ;
#819 = ORIENTED_EDGE ( 'NONE', *, *, #526, .F. ) ;
#820 = ORIENTED_EDGE ( 'NONE', *, *, #1341, .F. ) ;
#821 = DIRECTION ( 'NONE',  ( 0.1273314025866505161, 0.9918602290218699880, 0.000000000000000000 ) ) ;
#822 = CARTESIAN_POINT ( 'NONE',  ( 9.797174393178823685E-16, 0.000000000000000000, -8.000000000000000000 ) ) ;
#823 = EDGE_LOOP ( 'NONE', ( #31, #1279, #1510, #1959 ) ) ;
#824 = DIRECTION ( 'NONE',  ( 1.000000000000000000, 0.000000000000000000, 0.000000000000000000 ) ) ;
#825 = LINE ( 'NONE', #815, #907 ) ;
#826 = ORIENTED_EDGE ( 'NONE', *, *, #1269, .T. ) ;
#827 = LINE ( 'NONE', #1556, #1750 ) ;
#828 = SPHERICAL_SURFACE ( 'NONE', #1305, 3.000000000000000000 ) ;
#829 = AXIS2_PLACEMENT_3D ( 'NONE', #773, #1497, #1525 ) ;
#830 = EDGE_LOOP ( 'NONE', ( #681, #1488, #1292 ) ) ;
#831 = EDGE_LOOP ( 'NONE', ( #519, #723, #1707, #1233 ) ) ;
#832 = EDGE_CURVE ( 'NONE', #1368, #406, #2243, .T. ) ;
#833 = CARTESIAN_POINT ( 'NONE',  ( 16.64622570339590979, -20.07228588810524883, -5.630539271016895775 ) ) ;
#834 = CYLINDRICAL_SURFACE ( 'NONE', #1064, 8.000000000000000000 ) ;
#835 = ADVANCED_FACE ( 'NONE', ( #269 ), #1162, .T. ) ;
#836 = CYLINDRICAL_SURFACE ( 'NONE', #1113, 3.500000000000003109 ) ;
#837 = DIRECTION ( 'NONE',  ( -0.000000000000000000, 0.000000000000000000, 1.000000000000000000 ) ) ;
#838 = AXIS2_PLACEMENT_3D ( 'NONE', #351, #1404, #1788 ) ;
#839 = AXIS2_PLACEMENT_3D ( 'NONE', #74, #62, #2088 ) ;
#840 = EDGE_CURVE ( 'NONE', #1580, #1418, #1974, .T. ) ;
#841 = CARTESIAN_POINT ( 'NONE',  ( -1.737427684363307440E-16, -90.00000000000000000, 7.999999999999998224 ) ) ;
#842 = PERSON_AND_ORGANIZATION ( #1829, #1864 ) ;
#843 = EDGE_CURVE ( 'NONE', #2004, #1302, #827, .T. ) ;
#844 = ORIENTED_EDGE ( 'NONE', *, *, #103, .T. ) ;
#845 = VERTEX_POINT ( 'NONE', #1377 ) ;
#846 = EDGE_CURVE ( 'NONE', #1520, #645, #2103, .T. ) ;
#847 = CIRCLE ( 'NONE', #655, 48.00000000000000000 ) ;
#848 = CARTESIAN_POINT ( 'NONE',  ( 16.95171424591154974, -20.07251557462789648, -8.823670414085098557 ) ) ;
#849 = CARTESIAN_POINT ( 'NONE',  ( 8.349340177332337021, 0.000000000000000000, -12.46148139681571720 ) ) ;
#850 = AXIS2_PLACEMENT_3D ( 'NONE', #1029, #150, #864 ) ;
#851 = ORIENTED_EDGE ( 'NONE', *, *, #1092, .F. ) ;
#852 = CARTESIAN_POINT ( 'NONE',  ( 73.63319872355253892, -86.69365358531170784, -5.000000000000000888 ) ) ;
#853 = DIRECTION ( 'NONE',  ( 1.000000000000000000, 0.000000000000000000, 0.000000000000000000 ) ) ;
#854 = CARTESIAN_POINT ( 'NONE',  ( 31.08938415433227576, -8.000000000000001776, -18.00000000000000355 ) ) ;
#855 = CC_DESIGN_APPROVAL ( #1392, ( #70 ) ) ;
#856 = DIRECTION ( 'NONE',  ( -0.000000000000000000, -0.000000000000000000, 1.000000000000000000 ) ) ;
#857 = ORIENTED_EDGE ( 'NONE', *, *, #2011, .F. ) ;
#858 = EDGE_LOOP ( 'NONE', ( #962, #369, #873 ) ) ;
#859 = ORIENTED_EDGE ( 'NONE', *, *, #2221, .T. ) ;
#860 = FACE_OUTER_BOUND ( 'NONE', #2247, .T. ) ;
#861 = FACE_OUTER_BOUND ( 'NONE', #505, .T. ) ;
#862 = VECTOR ( 'NONE', #1103, 1000.000000000000000 ) ;
#863 = ORIENTED_EDGE ( 'NONE', *, *, #2, .T. ) ;
#864 = DIRECTION ( 'NONE',  ( 1.000000000000000000, -1.084202172485504064E-16, 0.000000000000000000 ) ) ;
#865 = DIRECTION ( 'NONE',  ( -0.000000000000000000, -0.000000000000000000, 1.000000000000000000 ) ) ;
#866 = CIRCLE ( 'NONE', #68, 18.00000000000000355 ) ;
#867 = ADVANCED_FACE ( 'NONE', ( #491 ), #538, .T. ) ;
#868 = CARTESIAN_POINT ( 'NONE',  ( 15.77106405415978507, -17.00000000000006395, -9.542848448528470584 ) ) ;
#869 = PERSON_AND_ORGANIZATION ( #1829, #1864 ) ;
#870 = VERTEX_POINT ( 'NONE', #2126 ) ;
#871 = ORIENTED_EDGE ( 'NONE', *, *, #767, .F. ) ;
#872 = AXIS2_PLACEMENT_3D ( 'NONE', #1909, #311, #1550 ) ;
#873 = ORIENTED_EDGE ( 'NONE', *, *, #1287, .F. ) ;
#874 = DIRECTION ( 'NONE',  ( 1.000000000000000000, 0.000000000000000000, 0.000000000000000000 ) ) ;
#875 = CARTESIAN_POINT ( 'NONE',  ( 32.11058202977570630, -1.776900947646042894, -5.000000000000001776 ) ) ;
#876 = CIRCLE ( 'NONE', #274, 3.000000000000000000 ) ;
#877 = DIRECTION ( 'NONE',  ( -0.000000000000000000, -0.000000000000000000, 1.000000000000000000 ) ) ;
#878 = DIRECTION ( 'NONE',  ( -0.000000000000000000, -0.000000000000000000, 1.000000000000000000 ) ) ;
#879 = CARTESIAN_POINT ( 'NONE',  ( 4.834652370381328446, -20.00000000000006040, -6.373863542433756635 ) ) ;
#880 = APPROVAL_STATUS ( 'not_yet_approved' ) ;
#881 = AXIS2_PLACEMENT_3D ( 'NONE', #913, #936, #1664 ) ;
#882 = VERTEX_POINT ( 'NONE', #1568 ) ;
#883 = CIRCLE ( 'NONE', #1105, 15.00000000000000355 ) ;
#884 = CARTESIAN_POINT ( 'NONE',  ( 9.264439911654697823, -0.6121123596368717168, -14.04648063065481978 ) ) ;
#885 = DIRECTION ( 'NONE',  ( -0.000000000000000000, -1.000000000000000000, 0.000000000000000000 ) ) ;
#886 = LINE ( 'NONE', #358, #100 ) ;
#887 = CARTESIAN_POINT ( 'NONE',  ( 7.921640546095417790, -1.497041696502151575, -15.72068390513488900 ) ) ;
#888 = EDGE_CURVE ( 'NONE', #984, #1948, #2162, .T. ) ;
#889 = VECTOR ( 'NONE', #1644, 1000.000000000000114 ) ;
#890 = LOCAL_TIME ( 19, 57, 12.00000000000000000, #1933 ) ;
#891 = CARTESIAN_POINT ( 'NONE',  ( 19.00930396909877729, -20.24916080530998386, -4.999999999999993783 ) ) ;
#892 = CARTESIAN_POINT ( 'NONE',  ( 1.737427684363308180E-16, -90.00000000000000000, -8.000000000000001776 ) ) ;
#893 = VERTEX_POINT ( 'NONE', #868 ) ;
#894 = EDGE_CURVE ( 'NONE', #2048, #1137, #2166, .T. ) ;
#895 = CARTESIAN_POINT ( 'NONE',  ( 6.813907466148179992, -19.98062381165991752, -13.80203392944151730 ) ) ;
#896 = CARTESIAN_POINT ( 'NONE',  ( 2.785731156401831665, -74.20133353835537093, -5.000000000000002665 ) ) ;
#897 = CARTESIAN_POINT ( 'NONE',  ( 20.49390153191920305, -3.000000000000002665, -8.000000000000001776 ) ) ;
#898 = ORIENTED_EDGE ( 'NONE', *, *, #146, .T. ) ;
#899 = CARTESIAN_POINT ( 'NONE',  ( 38.08938415433227931, -8.000000000000001776, 8.000000000000000000 ) ) ;
#900 = CARTESIAN_POINT ( 'NONE',  ( 73.63319872355253892, -86.69365358531170784, 5.000000000000000888 ) ) ;
#901 = DIRECTION ( 'NONE',  ( 1.000000000000000000, 0.000000000000000000, 0.000000000000000000 ) ) ;
#902 = EDGE_LOOP ( 'NONE', ( #2237, #1142, #1802, #2182 ) ) ;
#903 = CARTESIAN_POINT ( 'NONE',  ( 9.267012489801306430, -19.38405527611546830, -14.05093646671119245 ) ) ;
#904 = ADVANCED_FACE ( 'NONE', ( #517, #1778 ), #1968, .T. ) ;
#905 = ORIENTED_EDGE ( 'NONE', *, *, #1826, .T. ) ;
#906 = EDGE_CURVE ( 'NONE', #724, #1035, #1032, .T. ) ;
#907 = VECTOR ( 'NONE', #1176, 1000.000000000000000 ) ;
#908 = AXIS2_PLACEMENT_3D ( 'NONE', #124, #837, #1097 ) ;
#909 = DIRECTION ( 'NONE',  ( 1.000000000000000000, 8.163404592832031993E-16, 3.401418580346680203E-17 ) ) ;
#910 = DIRECTION ( 'NONE',  ( -0.1736481776669272503, -0.9848077530122086864, 0.000000000000000000 ) ) ;
#911 = LINE ( 'NONE', #199, #1021 ) ;
#912 = EDGE_CURVE ( 'NONE', #1076, #485, #1956, .T. ) ;
#913 = CARTESIAN_POINT ( 'NONE',  ( 0.000000000000000000, -20.00000000000006040, 0.000000000000000000 ) ) ;
#914 = CIRCLE ( 'NONE', #2334, 3.500000000000003109 ) ;
#915 = CIRCLE ( 'NONE', #2105, 3.000000000000002665 ) ;
#916 = CARTESIAN_POINT ( 'NONE',  ( 16.47402925084180936, -17.00655881596318508, -9.070527854350626029 ) ) ;
#917 = LINE ( 'NONE', #1148, #862 ) ;
#918 = ADVANCED_FACE ( 'NONE', ( #1057 ), #1447, .T. ) ;
#919 = EDGE_CURVE ( 'NONE', #1589, #104, #316, .T. ) ;
#920 = CARTESIAN_POINT ( 'NONE',  ( 7.609743942354382007, -19.26139021017848663, -15.18046314074724101 ) ) ;
#921 = CARTESIAN_POINT ( 'NONE',  ( 4.211200023858411079, 11.57017697435772341, 5.000000000000000000 ) ) ;
#922 = DIRECTION ( 'NONE',  ( -0.1736481776669272226, -0.9848077530122086864, -0.000000000000000000 ) ) ;
#923 = DIRECTION ( 'NONE',  ( 0.000000000000000000, 0.000000000000000000, 1.000000000000000000 ) ) ;
#924 = CARTESIAN_POINT ( 'NONE',  ( 9.015528489235480336, -19.69631413708188106, -13.61535340044050102 ) ) ;
#925 = EDGE_CURVE ( 'NONE', #967, #1685, #1033, .T. ) ;
#926 = CALENDAR_DATE ( 2026, 17, 8 ) ;
#927 = ORIENTED_EDGE ( 'NONE', *, *, #2346, .F. ) ;
#928 = CARTESIAN_POINT ( 'NONE',  ( 9.480489680242978778, -1.015042276136661314, -14.42068980681321655 ) ) ;
#929 = EDGE_CURVE ( 'NONE', #91, #763, #1185, .T. ) ;
#930 = CARTESIAN_POINT ( 'NONE',  ( 16.11494446480857334, -17.00000000000007105, 9.291330224380661917 ) ) ;
#931 = AXIS2_PLACEMENT_3D ( 'NONE', #761, #618, #83 ) ;
#932 = DIRECTION ( 'NONE',  ( 0.9396926207859082059, -0.3420201433256694346, 0.000000000000000000 ) ) ;
#933 = ORIENTED_EDGE ( 'NONE', *, *, #176, .F. ) ;
#934 = VECTOR ( 'NONE', #1659, 1000.000000000000000 ) ;
#935 = LINE ( 'NONE', #1516, #580 ) ;
#936 = DIRECTION ( 'NONE',  ( 1.084202172485504064E-16, 1.000000000000000000, 0.000000000000000000 ) ) ;
#937 = CARTESIAN_POINT ( 'NONE',  ( 11.82340472995338843, -3.000000000000000000, 9.230769230769226397 ) ) ;
#938 = CARTESIAN_POINT ( 'NONE',  ( 3.102601562812458358, -90.00000000000000000, -7.373863542433753970 ) ) ;
#939 = ORIENTED_EDGE ( 'NONE', *, *, #523, .F. ) ;
#940 = ORIENTED_EDGE ( 'NONE', *, *, #180, .T. ) ;
#941 = VECTOR ( 'NONE', #1837, 1000.000000000000114 ) ;
#942 = CARTESIAN_POINT ( 'NONE',  ( 73.63319872355253892, -86.69365358531172205, 8.000000000000000000 ) ) ;
#943 = DIRECTION ( 'NONE',  ( 0.000000000000000000, -0.000000000000000000, 1.000000000000000000 ) ) ;
#944 = LINE ( 'NONE', #620, #1089 ) ;
#945 = AXIS2_PLACEMENT_3D ( 'NONE', #900, #2202, #2190 ) ;
#946 = CARTESIAN_POINT ( 'NONE',  ( 14.00000000000000711, -68.00000000000005684, -8.000000000000001776 ) ) ;
#947 = LINE ( 'NONE', #251, #1191 ) ;
#948 = EDGE_CURVE ( 'NONE', #243, #73, #6, .T. ) ;
#949 = EDGE_CURVE ( 'NONE', #1011, #1906, #1138, .T. ) ;
#950 = ORIENTED_EDGE ( 'NONE', *, *, #1749, .T. ) ;
#951 = DIRECTION ( 'NONE',  ( 0.000000000000000000, 0.000000000000000000, -1.000000000000000000 ) ) ;
#952 = AXIS2_PLACEMENT_3D ( 'NONE', #2339, #885, #1431 ) ;
#953 = ORIENTED_EDGE ( 'NONE', *, *, #1643, .F. ) ;
#954 = ORIENTED_EDGE ( 'NONE', *, *, #1359, .T. ) ;
#955 = EDGE_CURVE ( 'NONE', #882, #1934, #1766, .T. ) ;
#956 = DIRECTION ( 'NONE',  ( 0.1273314025866505161, 0.9918602290218699880, 0.000000000000000000 ) ) ;
#957 = CARTESIAN_POINT ( 'NONE',  ( 65.00000000000001421, -68.00000000000005684, 8.000000000000000000 ) ) ;
#958 = DIRECTION ( 'NONE',  ( -2.171784605454134916E-17, 0.000000000000000000, 1.000000000000000000 ) ) ;
#959 = CC_DESIGN_PERSON_AND_ORGANIZATION_ASSIGNMENT ( #1082, #141, ( #1759 ) ) ;
#960 = CARTESIAN_POINT ( 'NONE',  ( 89.56247938479677373, -19.49514816956316210, -5.000000000000000000 ) ) ;
#961 = CARTESIAN_POINT ( 'NONE',  ( 75.10810958510150215, -90.00000000000000000, -18.00000000000000355 ) ) ;
#962 = ORIENTED_EDGE ( 'NONE', *, *, #329, .T. ) ;
#963 = CARTESIAN_POINT ( 'NONE',  ( 15.87897393831079462, -20.03434938681752087, 5.944857041192553204 ) ) ;
#964 = CARTESIAN_POINT ( 'NONE',  ( 92.91833624532837632, -23.90911349468245106, -5.000000000000000000 ) ) ;
#965 = SPHERICAL_SURFACE ( 'NONE', #1455, 3.000000000000000000 ) ;
#966 = ORIENTED_EDGE ( 'NONE', *, *, #955, .F. ) ;
#967 = VERTEX_POINT ( 'NONE', #1242 ) ;
#968 = CIRCLE ( 'NONE', #1354, 15.00000000000000355 ) ;
#969 = VERTEX_POINT ( 'NONE', #879 ) ;
#970 = MANIFOLD_SOLID_BREP ( 'Fillet2', #1966 ) ;
#971 = DIRECTION ( 'NONE',  ( 0.000000000000000000, 1.000000000000000000, 0.000000000000000000 ) ) ;
#972 = PLANE ( 'NONE',  #1999 ) ;
#973 = ORIENTED_EDGE ( 'NONE', *, *, #1285, .T. ) ;
#974 = CARTESIAN_POINT ( 'NONE',  ( 93.94439667530539850, -21.09003563232471024, -18.00000000000000355 ) ) ;
#975 = DIRECTION ( 'NONE',  ( 1.000000000000000000, 0.000000000000000000, 0.000000000000000000 ) ) ;
#976 = DIRECTION ( 'NONE',  ( -0.000000000000000000, -0.000000000000000000, 1.000000000000000000 ) ) ;
#977 = CIRCLE ( 'NONE', #1286, 18.00000000000000355 ) ;
#978 = LINE ( 'NONE', #254, #2167 ) ;
#979 = CIRCLE ( 'NONE', #1440, 48.00000000000000000 ) ;
#980 = FACE_OUTER_BOUND ( 'NONE', #1047, .T. ) ;
#981 = ORIENTED_EDGE ( 'NONE', *, *, #1560, .T. ) ;
#982 = EDGE_LOOP ( 'NONE', ( #704, #1734, #1181, #553 ) ) ;
#983 = EDGE_CURVE ( 'NONE', #967, #171, #800, .T. ) ;
#984 = VERTEX_POINT ( 'NONE', #2342 ) ;
#985 = CARTESIAN_POINT ( 'NONE',  ( 34.58938415433227931, -8.000000000000001776, -8.000000000000000000 ) ) ;
#986 = CARTESIAN_POINT ( 'NONE',  ( 34.58938415433227931, -3.000000000000001776, 7.999999999999998224 ) ) ;
#987 = CARTESIAN_POINT ( 'NONE',  ( 14.00000000000000711, -68.00000000000005684, 4.999999999999997335 ) ) ;
#988 = CARTESIAN_POINT ( 'NONE',  ( 73.03783424313822081, -32.63586911075424979, 6.573962996452637597 ) ) ;
#989 = DIRECTION ( 'NONE',  ( -0.000000000000000000, 0.000000000000000000, 1.000000000000000000 ) ) ;
#990 = EDGE_CURVE ( 'NONE', #1460, #2079, #1296, .T. ) ;
#991 = CIRCLE ( 'NONE', #2329, 132.0000000000000000 ) ;
#992 = CARTESIAN_POINT ( 'NONE',  ( 14.00000000000000355, -20.00000000000005684, 7.121416616726651050 ) ) ;
#993 = CARTESIAN_POINT ( 'NONE',  ( 19.01616536122569556, -20.25973492417791633, 5.046326304199969748 ) ) ;
#994 = ORIENTED_EDGE ( 'NONE', *, *, #1266, .F. ) ;
#995 = ORIENTED_EDGE ( 'NONE', *, *, #2179, .T. ) ;
#996 = AXIS2_PLACEMENT_3D ( 'NONE', #1501, #2229, #431 ) ;
#997 = ORIENTED_EDGE ( 'NONE', *, *, #919, .T. ) ;
#998 = AXIS2_PLACEMENT_3D ( 'NONE', #1695, #2078, #1203 ) ;
#999 = CARTESIAN_POINT ( 'NONE',  ( 19.01926916995666161, -20.25044010149019869, -5.000000001366465163 ) ) ;
#1000 = CYLINDRICAL_SURFACE ( 'NONE', #1178, 3.000000000000000000 ) ;
#1001 = DIRECTION ( 'NONE',  ( 1.000000000000000000, 0.000000000000000000, 0.000000000000000000 ) ) ;
#1002 = CARTESIAN_POINT ( 'NONE',  ( 0.000000000000000000, 0.000000000000000000, 0.000000000000000000 ) ) ;
#1003 = CARTESIAN_POINT ( 'NONE',  ( 0.8660254037844342667, 0.000000000000000000, 0.4999999999999989453 ) ) ;
#1004 = LINE ( 'NONE', #2027, #506 ) ;
#1005 = EDGE_CURVE ( 'NONE', #215, #2107, #740, .T. ) ;
#1006 = CARTESIAN_POINT ( 'NONE',  ( 17.12526365416632856, -20.08457874495751838, 8.732541820392611953 ) ) ;
#1007 = DIRECTION ( 'NONE',  ( 1.000000000000000000, 0.000000000000000000, 0.000000000000000000 ) ) ;
#1008 = ORIENTED_EDGE ( 'NONE', *, *, #1560, .F. ) ;
#1009 = ORIENTED_EDGE ( 'NONE', *, *, #713, .F. ) ;
#1010 = ADVANCED_FACE ( 'NONE', ( #32 ), #591, .T. ) ;
#1011 = VERTEX_POINT ( 'NONE', #1446 ) ;
#1012 = AXIS2_PLACEMENT_3D ( 'NONE', #1819, #23, #75 ) ;
#1013 = CARTESIAN_POINT ( 'NONE',  ( 17.95044937869479540, -20.15142011361556840, -5.179413902837965544 ) ) ;
#1014 = CARTESIAN_POINT ( 'NONE',  ( 14.00000000000000711, -68.00000000000005684, -18.00000000000000355 ) ) ;
#1015 = ORIENTED_EDGE ( 'NONE', *, *, #1920, .T. ) ;
#1016 = CARTESIAN_POINT ( 'NONE',  ( 1.836970198721029983E-15, -3.000000000000002665, -15.00000000000000355 ) ) ;
#1017 = DIRECTION ( 'NONE',  ( 1.000000000000000000, 1.027984282060330159E-15, 0.000000000000000000 ) ) ;
#1018 = DIRECTION ( 'NONE',  ( 0.8528154076108321879, -0.5222124860069606855, 0.000000000000000000 ) ) ;
#1019 = ADVANCED_FACE ( 'NONE', ( #1120 ), #18, .T. ) ;
#1020 = DIRECTION ( 'NONE',  ( 1.000000000000000000, 0.000000000000000000, 2.171784605454134916E-17 ) ) ;
#1021 = VECTOR ( 'NONE', #2016, 1000.000000000000000 ) ;
#1022 = DIRECTION ( 'NONE',  ( 1.000000000000000000, 0.000000000000000000, 0.000000000000000000 ) ) ;
#1024 = ORIENTED_EDGE ( 'NONE', *, *, #2000, .F. ) ;
#1023 = VECTOR ( 'NONE', #943, 1000.000000000000000 ) ;
#1025 = ORIENTED_EDGE ( 'NONE', *, *, #1971, .F. ) ;
#1026 = EDGE_LOOP ( 'NONE', ( #1865, #2067, #224, #219 ) ) ;
#1027 = CARTESIAN_POINT ( 'NONE',  ( 8.120074974021296299, -90.00000000000000000, -16.06438241627336794 ) ) ;
#1028 = CYLINDRICAL_SURFACE ( 'NONE', #2037, 2.999999999999996447 ) ;
#1029 = CARTESIAN_POINT ( 'NONE',  ( -18.00000000000000355, -20.00000000000005684, -18.00000000000000355 ) ) ;
#1030 = CYLINDRICAL_SURFACE ( 'NONE', #173, 8.000000000000000000 ) ;
#1031 = PRODUCT ( 'CSWA_10_6', 'CSWA_10_6', '', ( #536 ) ) ;
#1032 = CIRCLE ( 'NONE', #430, 3.000000000000000000 ) ;
#1033 = LINE ( 'NONE', #502, #131 ) ;
#1034 = PERSON_AND_ORGANIZATION ( #1829, #1864 ) ;
#1035 = VERTEX_POINT ( 'NONE', #2171 ) ;
#1036 = ORIENTED_EDGE ( 'NONE', *, *, #1996, .F. ) ;
#1037 = ADVANCED_FACE ( 'NONE', ( #1112 ), #1786, .T. ) ;
#1038 = CARTESIAN_POINT ( 'NONE',  ( 73.11225419055175223, -89.64807684434835267, 4.999999999999997335 ) ) ;
#1040 = DIRECTION ( 'NONE',  ( 0.000000000000000000, 0.000000000000000000, 1.000000000000000000 ) ) ;
#1039 = TOROIDAL_SURFACE ( 'NONE', #1150, 132.0000000000000000, 3.000000000000000000 ) ;
#1041 = LOCAL_TIME ( 19, 57, 12.00000000000000000, #1814 ) ;
#1042 = DIRECTION ( 'NONE',  ( -0.000000000000000000, -0.000000000000000000, 1.000000000000000000 ) ) ;
#1043 = CC_DESIGN_PERSON_AND_ORGANIZATION_ASSIGNMENT ( #529, #317, ( #1759 ) ) ;
#1044 = CARTESIAN_POINT ( 'NONE',  ( 73.63319872355252471, -86.69365358531170784, -5.000000000000000000 ) ) ;
#1045 = DIRECTION ( 'NONE',  ( -2.139922160430263149E-29, -1.000000000000000000, -2.312964634635743450E-15 ) ) ;
#1046 =( LENGTH_UNIT ( ) NAMED_UNIT ( * ) SI_UNIT ( .MILLI., .METRE. ) );
#1047 = EDGE_LOOP ( 'NONE', ( #1093, #588, #1597, #1958 ) ) ;
#1048 = ORIENTED_EDGE ( 'NONE', *, *, #832, .F. ) ;
#1049 = ORIENTED_EDGE ( 'NONE', *, *, #1170, .F. ) ;
#1050 = CARTESIAN_POINT ( 'NONE',  ( 17.22672886322527930, -17.03858549903244679, -8.694514393128111251 ) ) ;
#1051 = DIRECTION ( 'NONE',  ( -0.000000000000000000, -0.000000000000000000, 1.000000000000000000 ) ) ;
#1052 = TOROIDAL_SURFACE ( 'NONE', #410, 5.000000000000000000, 3.000000000000000000 ) ;
#1053 = ORIENTED_EDGE ( 'NONE', *, *, #1807, .F. ) ;
#1054 = DIRECTION ( 'NONE',  ( 0.000000000000000000, 0.000000000000000000, 1.000000000000000000 ) ) ;
#1055 = CARTESIAN_POINT ( 'NONE',  ( 8.072143572516081278, -2.223242970181168232, -15.98136279358835310 ) ) ;
#1056 = VECTOR ( 'NONE', #1360, 999.9999999999998863 ) ;
#1057 = FACE_OUTER_BOUND ( 'NONE', #1232, .T. ) ;
#1058 = APPROVAL_DATE_TIME ( #1405, #1392 ) ;
#1059 = ORIENTED_EDGE ( 'NONE', *, *, #545, .F. ) ;
#1060 = ORIENTED_EDGE ( 'NONE', *, *, #1229, .F. ) ;
#1061 = CARTESIAN_POINT ( 'NONE',  ( 15.77106405415978152, -20.00000000000005329, -9.542848448528465255 ) ) ;
#1062 = EDGE_CURVE ( 'NONE', #1412, #1535, #2287, .T. ) ;
#1063 = DIRECTION ( 'NONE',  ( -0.000000000000000000, 0.000000000000000000, 1.000000000000000000 ) ) ;
#1064 = AXIS2_PLACEMENT_3D ( 'NONE', #121, #1247, #1040 ) ;
#1065 = CARTESIAN_POINT ( 'NONE',  ( 8.120074974021298075, -17.39655633816575175, -16.06438241627337504 ) ) ;
#1066 = LINE ( 'NONE', #174, #48 ) ;
#1067 = LINE ( 'NONE', #2337, #2188 ) ;
#1068 = DIRECTION ( 'NONE',  ( 0.000000000000000000, 0.000000000000000000, 1.000000000000000000 ) ) ;
#1069 = EDGE_CURVE ( 'NONE', #178, #967, #1852, .T. ) ;
#1070 = DATE_AND_TIME ( #1391, #2215 ) ;
#1071 = AXIS2_PLACEMENT_3D ( 'NONE', #1228, #1045, #711 ) ;
#1072 = CIRCLE ( 'NONE', #1522, 3.000000000000016431 ) ;
#1073 = ORIENTED_EDGE ( 'NONE', *, *, #743, .F. ) ;
#1074 = AXIS2_PLACEMENT_3D ( 'NONE', #379, #1628, #7 ) ;
#1075 = DIRECTION ( 'NONE',  ( -1.000000000000000000, 0.000000000000000000, 0.000000000000000000 ) ) ;
#1076 = VERTEX_POINT ( 'NONE', #2193 ) ;
#1077 = CARTESIAN_POINT ( 'NONE',  ( 7.532389104085814857, -19.38788764036319989, -15.04648063065480557 ) ) ;
#1078 = CARTESIAN_POINT ( 'NONE',  ( -38.93843508107750040, -17.76160543239318912, 7.999999999999996447 ) ) ;
#1079 = CIRCLE ( 'NONE', #292, 3.500000000000003109 ) ;
#1080 =( GEOMETRIC_REPRESENTATION_CONTEXT ( 3 ) GLOBAL_UNCERTAINTY_ASSIGNED_CONTEXT ( ( #423 ) ) GLOBAL_UNIT_ASSIGNED_CONTEXT ( ( #1046, #1427, #1416 ) ) REPRESENTATION_CONTEXT ( 'NONE', 'WORKASPACE' ) );
#1081 = DIRECTION ( 'NONE',  ( -0.3420201433256694346, -0.9396926207859082059, 0.000000000000000000 ) ) ;
#1082 = PERSON_AND_ORGANIZATION ( #1829, #1864 ) ;
#1083 = ORIENTED_EDGE ( 'NONE', *, *, #2081, .F. ) ;
#1084 = ADVANCED_FACE ( 'NONE', ( #43 ), #1563, .T. ) ;
#1085 = DIRECTION ( 'NONE',  ( 1.000000000000000000, 0.000000000000000000, 0.000000000000000000 ) ) ;
#1086 = FACE_OUTER_BOUND ( 'NONE', #1945, .T. ) ;
#1087 = ORIENTED_EDGE ( 'NONE', *, *, #955, .T. ) ;
#1088 = EDGE_CURVE ( 'NONE', #1869, #845, #2074, .T. ) ;
#1089 = VECTOR ( 'NONE', #1539, 1000.000000000000000 ) ;
#1090 = AXIS2_PLACEMENT_3D ( 'NONE', #1998, #2292, #1211 ) ;
#1091 = CARTESIAN_POINT ( 'NONE',  ( 9.699851519081549966, -18.33065328437802322, -14.80063565692336525 ) ) ;
#1092 = EDGE_CURVE ( 'NONE', #1685, #653, #234, .T. ) ;
#1093 = ORIENTED_EDGE ( 'NONE', *, *, #253, .T. ) ;
#1094 = VECTOR ( 'NONE', #1722, 1000.000000000000000 ) ;
#1095 = AXIS2_PLACEMENT_3D ( 'NONE', #2226, #1698, #1345 ) ;
#1096 = LINE ( 'NONE', #1617, #889 ) ;
#1097 = DIRECTION ( 'NONE',  ( 1.000000000000000000, 0.000000000000000000, 0.000000000000000000 ) ) ;
#1098 = CARTESIAN_POINT ( 'NONE',  ( 75.10810958510150215, -90.00000000000000000, -5.000000000000000888 ) ) ;
#1099 = ORIENTED_EDGE ( 'NONE', *, *, #812, .T. ) ;
#1100 = ORIENTED_EDGE ( 'NONE', *, *, #1847, .T. ) ;
#1101 = DIRECTION ( 'NONE',  ( 1.084202172485504064E-16, 1.000000000000000000, 0.000000000000000000 ) ) ;
#1102 = VERTEX_POINT ( 'NONE', #404 ) ;
#1103 = DIRECTION ( 'NONE',  ( 0.000000000000000000, 1.000000000000000000, 0.000000000000000000 ) ) ;
#1104 = TOROIDAL_SURFACE ( 'NONE', #235, 51.00000000000000711, 3.000000000000000000 ) ;
#1105 = AXIS2_PLACEMENT_3D ( 'NONE', #776, #1502, #1388 ) ;
#1106 = EDGE_CURVE ( 'NONE', #1842, #2048, #1523, .T. ) ;
#1107 = LINE ( 'NONE', #208, #583 ) ;
#1108 = CARTESIAN_POINT ( 'NONE',  ( 0.000000000000000000, 0.000000000000000000, -5.000000000000000000 ) ) ;
#1109 = FACE_OUTER_BOUND ( 'NONE', #982, .T. ) ;
#1110 = EDGE_LOOP ( 'NONE', ( #780, #363, #3, #1259 ) ) ;
#1111 = ORIENTED_EDGE ( 'NONE', *, *, #2278, .T. ) ;
#1112 = FACE_OUTER_BOUND ( 'NONE', #575, .T. ) ;
#1113 = AXIS2_PLACEMENT_3D ( 'NONE', #1751, #877, #824 ) ;
#1114 = DIRECTION ( 'NONE',  ( -0.7882269819968928948, 0.000000000000000000, -0.6153846153846145306 ) ) ;
#1115 = DIRECTION ( 'NONE',  ( -2.171784605454134916E-17, 0.000000000000000000, 1.000000000000000000 ) ) ;
#1116 = ORIENTED_EDGE ( 'NONE', *, *, #402, .T. ) ;
#1117 = CYLINDRICAL_SURFACE ( 'NONE', #1554, 4.000000000000015099 ) ;
#1118 = FACE_OUTER_BOUND ( 'NONE', #1546, .T. ) ;
#1119 = ORIENTED_EDGE ( 'NONE', *, *, #832, .T. ) ;
#1120 = FACE_OUTER_BOUND ( 'NONE', #448, .T. ) ;
#1121 = EDGE_LOOP ( 'NONE', ( #156, #471, #654, #820 ) ) ;
#1122 = CARTESIAN_POINT ( 'NONE',  ( 8.545958273717051412, -0.01937618834014076530, -12.80203392944151730 ) ) ;
#1123 = DIRECTION ( 'NONE',  ( 0.9848077530122087975, -0.1736481776669261401, 4.555651009264662121E-15 ) ) ;
#1124 = ORIENTED_EDGE ( 'NONE', *, *, #949, .F. ) ;
#1125 = ORIENTED_EDGE ( 'NONE', *, *, #1621, .F. ) ;
#1126 = ORIENTED_EDGE ( 'NONE', *, *, #1434, .T. ) ;
#1127 = EDGE_CURVE ( 'NONE', #82, #322, #759, .T. ) ;
#1128 = DIRECTION ( 'NONE',  ( 0.000000000000000000, 0.000000000000000000, 1.000000000000000000 ) ) ;
#1129 = DIRECTION ( 'NONE',  ( -0.000000000000000000, -1.000000000000000000, 0.000000000000000000 ) ) ;
#1130 = EDGE_LOOP ( 'NONE', ( #2053, #330, #2214, #1280, #1496 ) ) ;
#1131 = CIRCLE ( 'NONE', #752, 11.00000000000000000 ) ;
#1132 = DIRECTION ( 'NONE',  ( 1.000000000000000000, -1.927470528863118556E-16, 0.000000000000000000 ) ) ;
#1133 = ADVANCED_FACE ( 'NONE', ( #361 ), #765, .F. ) ;
#1134 = LINE ( 'NONE', #239, #1667 ) ;
#1135 = DIRECTION ( 'NONE',  ( 0.7882269819968923397, 0.000000000000000000, -0.6153846153846153078 ) ) ;
#1136 = VERTEX_POINT ( 'NONE', #897 ) ;
#1137 = VERTEX_POINT ( 'NONE', #2045 ) ;
#1138 = CIRCLE ( 'NONE', #1071, 3.000000000000000000 ) ;
#1139 = AXIS2_PLACEMENT_3D ( 'NONE', #295, #115, #951 ) ;
#1140 = CARTESIAN_POINT ( 'NONE',  ( 0.000000000000000000, -3.000000000000002665, 0.000000000000000000 ) ) ;
#1141 = DIRECTION ( 'NONE',  ( 0.000000000000000000, 1.000000000000000000, 0.000000000000000000 ) ) ;
#1142 = ORIENTED_EDGE ( 'NONE', *, *, #106, .F. ) ;
#1143 = DIRECTION ( 'NONE',  ( -1.776356839400250465E-15, 0.000000000000000000, 1.000000000000000000 ) ) ;
#1144 = CARTESIAN_POINT ( 'NONE',  ( 2.204364238465235428E-15, -90.00000000000000000, -18.00000000000000355 ) ) ;
#1145 = CARTESIAN_POINT ( 'NONE',  ( 14.00000000000000355, -17.00000000000006040, -7.121416616726651050 ) ) ;
#1146 = ORIENTED_EDGE ( 'NONE', *, *, #1949, .F. ) ;
#1147 = CIRCLE ( 'NONE', #952, 18.00000000000000355 ) ;
#1148 = CARTESIAN_POINT ( 'NONE',  ( 9.852125781590167719, -90.00000000000000000, -15.06438241627336794 ) ) ;
#1149 = DIRECTION ( 'NONE',  ( 1.084202172485504064E-16, 1.000000000000000000, 0.000000000000000000 ) ) ;
#1150 = AXIS2_PLACEMENT_3D ( 'NONE', #2123, #2148, #1899 ) ;
#1151 = ORIENTED_EDGE ( 'NONE', *, *, #2038, .F. ) ;
#1152 = ORIENTED_EDGE ( 'NONE', *, *, #2157, .T. ) ;
#1153 = LOCAL_TIME ( 19, 57, 12.00000000000000000, #712 ) ;
#1154 = EDGE_CURVE ( 'NONE', #1168, #1076, #1517, .T. ) ;
#1155 = CARTESIAN_POINT ( 'NONE',  ( 4.834652370381328446, -90.00000000000000000, -6.373863542433755747 ) ) ;
#1156 = FACE_OUTER_BOUND ( 'NONE', #1789, .T. ) ;
#1157 = DIRECTION ( 'NONE',  ( -0.000000000000000000, -0.000000000000000000, 1.000000000000000000 ) ) ;
#1158 = EDGE_CURVE ( 'NONE', #967, #893, #320, .T. ) ;
#1159 = CARTESIAN_POINT ( 'NONE',  ( 2.204364238465235428E-15, -3.000000000000002665, -18.00000000000000355 ) ) ;
#1160 = EDGE_CURVE ( 'NONE', #1559, #807, #825, .T. ) ;
#1161 = LINE ( 'NONE', #1703, #1417 ) ;
#1162 =( BOUNDED_SURFACE ( )  B_SPLINE_SURFACE ( 3, 2, ( 
 ( #992, #1716, #1338 ),
 ( #612, #2077, #1693 ),
 ( #2232, #1202, #88 ),
 ( #963, #1006, #2063 ),
 ( #816, #603, #2049 ),
 ( #651, #445, #458 ),
 ( #636, #804, #1177 ),
 ( #1350, #1164, #1533 ),
 ( #1889, #2269, #1916 ),
 ( #1327, #1364, #1903 ) ),
 .UNSPECIFIED., .F., .F., .F. ) 
 B_SPLINE_SURFACE_WITH_KNOTS ( ( 4, 2, 2, 2, 4 ),
 ( 3, 3 ),
 ( 0.003030059117053529507, 0.004759109579992225336, 0.006488160042930921599, 0.008217210505869617862, 0.009946260968808313258 ),
 ( 0.000000000000000000, 1.000000000000000000 ),
 .UNSPECIFIED. ) 
 GEOMETRIC_REPRESENTATION_ITEM ( )  RATIONAL_B_SPLINE_SURFACE ( (
 ( 1.000000000000000000, 0.7071067811865483499, 1.000000000000000000),
 ( 1.000000000000000000, 0.7051831106330985754, 1.000000000000000000),
 ( 1.000000000000000000, 0.7035598021161493243, 1.000000000000000000),
 ( 1.000000000000000000, 0.7012584201062188605, 1.000000000000000000),
 ( 1.000000000000000000, 0.7005681009001862858, 1.000000000000000000),
 ( 1.000000000000000000, 0.7003307256707009820, 1.000000000000000000),
 ( 1.000000000000000000, 0.7007977515357085574, 1.000000000000000000),
 ( 1.000000000000000000, 0.7030029905647260380, 1.000000000000000000),
 ( 1.000000000000000000, 0.7047332991115762280, 1.000000000000000000),
 ( 1.000000000000000000, 0.7071067811865483499, 1.000000000000000000) ) ) 
 REPRESENTATION_ITEM ( '' )  SURFACE ( )  );
#1163 = ADVANCED_FACE ( 'NONE', ( #2230, #2242 ), #609, .F. ) ;
#1164 = CARTESIAN_POINT ( 'NONE',  ( 19.33841493803341649, -20.29548639580407965, 8.068298753152078007 ) ) ;
#1165 = DIRECTION ( 'NONE',  ( -0.5000000000000008882, 5.421010862427529566E-17, 0.8660254037844381525 ) ) ;
#1166 = CIRCLE ( 'NONE', #556, 2.999999999999996447 ) ;
#1167 = VERTEX_POINT ( 'NONE', #1690 ) ;
#1168 = VERTEX_POINT ( 'NONE', #2072 ) ;
#1169 = CIRCLE ( 'NONE', #1467, 2.999999999999999556 ) ;
#1170 = EDGE_CURVE ( 'NONE', #82, #1744, #1004, .T. ) ;
#1171 = CARTESIAN_POINT ( 'NONE',  ( 83.25052158953386083, 2.248077033725246032, 0.000000000000000000 ) ) ;
#1172 = CARTESIAN_POINT ( 'NONE',  ( 20.49390153191920305, -3.000000000000000000, -5.000000000000001776 ) ) ;
#1173 = CARTESIAN_POINT ( 'NONE',  ( 0.000000000000000000, -90.00000000000000000, 0.000000000000000000 ) ) ;
#1174 = DIRECTION ( 'NONE',  ( 0.000000000000000000, 0.000000000000000000, 1.000000000000000000 ) ) ;
#1175 = CARTESIAN_POINT ( 'NONE',  ( 80.58703894257698153, -35.38355491373248896, 0.8360777267679766478 ) ) ;
#1176 = DIRECTION ( 'NONE',  ( -0.9848077530122086864, 0.1736481776669271671, -2.138790317323792554E-17 ) ) ;
#1177 = CARTESIAN_POINT ( 'NONE',  ( 18.82293485820664714, -17.16969493535171765, 8.165158501437458582 ) ) ;
#1178 = AXIS2_PLACEMENT_3D ( 'NONE', #875, #643, #2135 ) ;
#1179 = CARTESIAN_POINT ( 'NONE',  ( 15.86337582392944867, -20.03377415632060021, 5.952489615004886048 ) ) ;
#1180 = ORIENTED_EDGE ( 'NONE', *, *, #352, .F. ) ;
#1181 = ORIENTED_EDGE ( 'NONE', *, *, #906, .F. ) ;
#1182 = CARTESIAN_POINT ( 'NONE',  ( 64.22519540362264934, -76.85605706101335954, 5.000000000000000000 ) ) ;
#1183 = CARTESIAN_POINT ( 'NONE',  ( 0.000000000000000000, 0.000000000000000000, 5.000000000000000000 ) ) ;
#1184 = CARTESIAN_POINT ( 'NONE',  ( 34.58938415433227931, -8.000000000000001776, -5.000000000000002665 ) ) ;
#1185 = CIRCLE ( 'NONE', #2204, 18.00000000000000355 ) ;
#1186 = EDGE_CURVE ( 'NONE', #460, #1836, #1325, .T. ) ;
#1187 = FACE_OUTER_BOUND ( 'NONE', #797, .T. ) ;
#1188 = FACE_OUTER_BOUND ( 'NONE', #238, .T. ) ;
#1189 = CYLINDRICAL_SURFACE ( 'NONE', #696, 3.500000000000003109 ) ;
#1190 = CC_DESIGN_PERSON_AND_ORGANIZATION_ASSIGNMENT ( #1034, #1779, ( #70 ) ) ;
#1191 = VECTOR ( 'NONE', #1542, 1000.000000000000000 ) ;
#1192 = CARTESIAN_POINT ( 'NONE',  ( 31.08938415433227576, -8.000000000000001776, 8.000000000000000000 ) ) ;
#1193 = CARTESIAN_POINT ( 'NONE',  ( 14.00000000000000711, -68.00000000000005684, -5.000000000000004441 ) ) ;
#1194 = ORIENTED_EDGE ( 'NONE', *, *, #1005, .T. ) ;
#1195 = ORIENTED_EDGE ( 'NONE', *, *, #1332, .F. ) ;
#1196 = AXIS2_PLACEMENT_3D ( 'NONE', #787, #1676, #466 ) ;
#1197 = CARTESIAN_POINT ( 'NONE',  ( 62.82655332894356093, -84.78815043129333162, 8.000000000000000000 ) ) ;
#1198 = CARTESIAN_POINT ( 'NONE',  ( 0.000000000000000000, -3.000000000000002665, 0.000000000000000000 ) ) ;
#1199 = FACE_OUTER_BOUND ( 'NONE', #434, .T. ) ;
#1200 = LINE ( 'NONE', #1401, #2140 ) ;
#1201 = FACE_OUTER_BOUND ( 'NONE', #2106, .T. ) ;
#1202 = CARTESIAN_POINT ( 'NONE',  ( 16.43423769250271249, -20.03655514020356776, 9.095474499501159826 ) ) ;
#1203 = DIRECTION ( 'NONE',  ( -0.1736481776669283605, -0.9848077530122084644, 0.000000000000000000 ) ) ;
#1204 = ORIENTED_EDGE ( 'NONE', *, *, #929, .F. ) ;
#1205 = ORIENTED_EDGE ( 'NONE', *, *, #1901, .T. ) ;
#1206 = CIRCLE ( 'NONE', #596, 2.999999999999999112 ) ;
#1207 = CARTESIAN_POINT ( 'NONE',  ( 17.61643934427493363, -17.06245418626613741, -8.532420167286435486 ) ) ;
#1208 = DIRECTION ( 'NONE',  ( 0.9848077530122089085, -0.1736481776669257238, 0.000000000000000000 ) ) ;
#1209 = EDGE_CURVE ( 'NONE', #518, #893, #2109, .T. ) ;
#1210 = ORIENTED_EDGE ( 'NONE', *, *, #22, .F. ) ;
#1211 = DIRECTION ( 'NONE',  ( -1.000000000000000000, 0.000000000000000000, 0.000000000000000000 ) ) ;
#1212 = CARTESIAN_POINT ( 'NONE',  ( 92.91833624532837632, -23.90911349468243330, -5.000000000000000888 ) ) ;
#1213 = CARTESIAN_POINT ( 'NONE',  ( 34.58938415433227931, -8.000000000000001776, 8.000000000000000000 ) ) ;
#1214 = CARTESIAN_POINT ( 'NONE',  ( 79.31129057748501054, 2.942669744392956144, 4.898587196589421703E-16 ) ) ;
#1215 = DIRECTION ( 'NONE',  ( 1.000000000000000000, 0.000000000000000000, 0.000000000000000000 ) ) ;
#1216 = EDGE_CURVE ( 'NONE', #1768, #1298, #432, .T. ) ;
#1217 = ORIENTED_EDGE ( 'NONE', *, *, #1924, .T. ) ;
#1218 = VERTEX_POINT ( 'NONE', #1728 ) ;
#1219 = EDGE_LOOP ( 'NONE', ( #940, #1881, #933, #1306 ) ) ;
#1220 = CC_DESIGN_PERSON_AND_ORGANIZATION_ASSIGNMENT ( #869, #2152, ( #1031 ) ) ;
#1221 = CARTESIAN_POINT ( 'NONE',  ( 26.00000000000000355, -13.41487494727524776, -5.000000000000000000 ) ) ;
#1222 = FACE_OUTER_BOUND ( 'NONE', #2322, .T. ) ;
#1223 = ORIENTED_EDGE ( 'NONE', *, *, #589, .T. ) ;
#1224 = DIRECTION ( 'NONE',  ( 0.000000000000000000, 1.000000000000000000, 0.000000000000000000 ) ) ;
#1225 = CARTESIAN_POINT ( 'NONE',  ( 26.00000000000000355, -13.41487494727524776, 5.000000000000000000 ) ) ;
#1226 = AXIS2_PLACEMENT_3D ( 'NONE', #961, #1900, #2281 ) ;
#1227 = AXIS2_PLACEMENT_3D ( 'NONE', #2031, #418, #1257 ) ;
#1228 = CARTESIAN_POINT ( 'NONE',  ( 92.91833624532834790, -23.90911349468242264, 5.000000000000000888 ) ) ;
#1229 = EDGE_CURVE ( 'NONE', #1637, #1948, #1362, .T. ) ;
#1230 = APPROVAL_STATUS ( 'not_yet_approved' ) ;
#1231 = VECTOR ( 'NONE', #932, 1000.000000000000000 ) ;
#1232 = EDGE_LOOP ( 'NONE', ( #1805, #1803, #36, #1036 ) ) ;
#1233 = ORIENTED_EDGE ( 'NONE', *, *, #1434, .F. ) ;
#1234 = ORIENTED_EDGE ( 'NONE', *, *, #402, .F. ) ;
#1235 = CARTESIAN_POINT ( 'NONE',  ( 16.38813272842454438, -20.05878041049572857, -5.732077730109540248 ) ) ;
#1237 = DIRECTION ( 'NONE',  ( 1.000000000000000000, 0.000000000000000000, 1.927470528863118925E-17 ) ) ;
#1236 = TOROIDAL_SURFACE ( 'NONE', #1196, 15.00000000000000355, 3.000000000000000000 ) ;
#1238 = AXIS2_PLACEMENT_3D ( 'NONE', #892, #503, #690 ) ;
#1239 = EDGE_LOOP ( 'NONE', ( #1049, #729, #1571, #1969 ) ) ;
#1240 = DIRECTION ( 'NONE',  ( -5.642116254255908329E-17, -1.210167152602927041E-15, -1.000000000000000000 ) ) ;
#1241 = FACE_OUTER_BOUND ( 'NONE', #504, .T. ) ;
#1242 = CARTESIAN_POINT ( 'NONE',  ( 14.00000000000000355, -20.00000000000006040, -7.121416616726651050 ) ) ;
#1243 = EDGE_CURVE ( 'NONE', #645, #882, #1376, .T. ) ;
#1244 = ORIENTED_EDGE ( 'NONE', *, *, #1838, .F. ) ;
#1245 = ORIENTED_EDGE ( 'NONE', *, *, #1243, .T. ) ;
#1246 = DIRECTION ( 'NONE',  ( -0.000000000000000000, -0.000000000000000000, 1.000000000000000000 ) ) ;
#1247 = DIRECTION ( 'NONE',  ( 0.000000000000000000, 1.000000000000000000, 0.000000000000000000 ) ) ;
#1248 = EDGE_CURVE ( 'NONE', #845, #969, #947, .T. ) ;
#1249 = CARTESIAN_POINT ( 'NONE',  ( 7.101018161071289470, -19.84719519890164108, -14.29932424044474537 ) ) ;
#1250 = CARTESIAN_POINT ( 'NONE',  ( 14.00000000000000711, -68.00000000000005684, 4.999999999999997335 ) ) ;
#1251 = AXIS2_PLACEMENT_3D ( 'NONE', #1300, #586, #2022 ) ;
#1252 = ORIENTED_EDGE ( 'NONE', *, *, #843, .F. ) ;
#1253 = DIRECTION ( 'NONE',  ( 1.084202172485504064E-16, 1.000000000000000000, 0.000000000000000000 ) ) ;
#1254 = PERSON_AND_ORGANIZATION_ROLE ( 'classification_officer' ) ;
#1255 = ORIENTED_EDGE ( 'NONE', *, *, #597, .T. ) ;
#1256 = CIRCLE ( 'NONE', #78, 3.500000000000003109 ) ;
#1257 = DIRECTION ( 'NONE',  ( 0.9848077530122080203, -0.1736481776669306087, 0.000000000000000000 ) ) ;
#1258 = CARTESIAN_POINT ( 'NONE',  ( 34.58938415433227931, -8.000000000000001776, -5.000000000000000888 ) ) ;
#1259 = ORIENTED_EDGE ( 'NONE', *, *, #1285, .F. ) ;
#1260 = DIRECTION ( 'NONE',  ( 0.000000000000000000, 0.000000000000000000, -1.000000000000000000 ) ) ;
#1261 = CARTESIAN_POINT ( 'NONE',  ( 0.000000000000000000, -90.00000000000000000, 8.000000000000000000 ) ) ;
#1262 = EDGE_CURVE ( 'NONE', #406, #1869, #2207, .T. ) ;
#1263 = DIRECTION ( 'NONE',  ( 5.172537150871180467E-16, -1.000000000000000000, 0.000000000000000000 ) ) ;
#1264 = PERSON_AND_ORGANIZATION ( #1829, #1864 ) ;
#1265 = AXIS2_PLACEMENT_3D ( 'NONE', #1468, #2183, #730 ) ;
#1266 = EDGE_CURVE ( 'NONE', #1589, #1283, #1423, .T. ) ;
#1267 = ORIENTED_EDGE ( 'NONE', *, *, #165, .T. ) ;
#1268 = TOROIDAL_SURFACE ( 'NONE', #1485, 11.00000000000000000, 3.000000000000000000 ) ;
#1269 = EDGE_CURVE ( 'NONE', #2224, #1011, #1161, .T. ) ;
#1270 = ADVANCED_FACE ( 'NONE', ( #2256 ), #1189, .F. ) ;
#1271 = FACE_OUTER_BOUND ( 'NONE', #1239, .T. ) ;
#1272 = EDGE_LOOP ( 'NONE', ( #1816, #1642, #1918, #1718 ) ) ;
#1273 = AXIS2_PLACEMENT_3D ( 'NONE', #414, #85, #2071 ) ;
#1274 = AXIS2_PLACEMENT_3D ( 'NONE', #805, #1149, #1007 ) ;
#1275 = DIRECTION ( 'NONE',  ( -2.171784605454134916E-17, 0.000000000000000000, 1.000000000000000000 ) ) ;
#1276 = ORIENTED_EDGE ( 'NONE', *, *, #1915, .T. ) ;
#1277 = CARTESIAN_POINT ( 'NONE',  ( 7.967445097116115704, -18.33190799508499325, -15.80001971472061051 ) ) ;
#1278 = LINE ( 'NONE', #1991, #1023 ) ;
#1279 = ORIENTED_EDGE ( 'NONE', *, *, #1732, .T. ) ;
#1280 = ORIENTED_EDGE ( 'NONE', *, *, #894, .T. ) ;
#1281 = AXIS2_PLACEMENT_3D ( 'NONE', #593, #1319, #1135 ) ;
#1282 = CARTESIAN_POINT ( 'NONE',  ( 36.29948487096064724, -3.301536896070471183, 4.999999999999997335 ) ) ;
#1283 = VERTEX_POINT ( 'NONE', #236 ) ;
#1284 = DIRECTION ( 'NONE',  ( 1.084202172485504064E-16, 1.000000000000000000, 0.000000000000000000 ) ) ;
#1285 = EDGE_CURVE ( 'NONE', #845, #178, #883, .T. ) ;
#1286 = AXIS2_PLACEMENT_3D ( 'NONE', #1140, #400, #1858 ) ;
#1287 = EDGE_CURVE ( 'NONE', #2119, #1559, #393, .T. ) ;
#1288 = AXIS2_PLACEMENT_3D ( 'NONE', #277, #2056, #1313 ) ;
#1289 = DIRECTION ( 'NONE',  ( -0.000000000000000000, -0.000000000000000000, -1.000000000000000000 ) ) ;
#1290 = CARTESIAN_POINT ( 'NONE',  ( 2.020667218593133100E-15, 0.000000000000000000, -15.00000000000000355 ) ) ;
#1291 = EDGE_LOOP ( 'NONE', ( #2271, #939, #2335, #614 ) ) ;
#1292 = ORIENTED_EDGE ( 'NONE', *, *, #2128, .T. ) ;
#1293 = CARTESIAN_POINT ( 'NONE',  ( 92.91833624532839053, -23.90911349468243685, -18.00000000000000355 ) ) ;
#1294 = ORIENTED_EDGE ( 'NONE', *, *, #19, .F. ) ;
#1295 = DIRECTION ( 'NONE',  ( 0.000000000000000000, -1.000000000000000000, 0.000000000000000000 ) ) ;
#1296 = CIRCLE ( 'NONE', #468, 8.000000000000000000 ) ;
#1297 = DIRECTION ( 'NONE',  ( 0.000000000000000000, -0.000000000000000000, -1.000000000000000000 ) ) ;
#1298 = VERTEX_POINT ( 'NONE', #1225 ) ;
#1299 = AXIS2_PLACEMENT_3D ( 'NONE', #601, #1849, #415 ) ;
#1300 = CARTESIAN_POINT ( 'NONE',  ( 0.000000000000000000, -3.000000000000002665, 0.000000000000000000 ) ) ;
#1301 = CARTESIAN_POINT ( 'NONE',  ( 67.22964756100378736, -88.61081457866461619, 0.000000000000000000 ) ) ;
#1302 = VERTEX_POINT ( 'NONE', #661 ) ;
#1303 = ORIENTED_EDGE ( 'NONE', *, *, #1807, .T. ) ;
#1304 = AXIS2_PLACEMENT_3D ( 'NONE', #946, #1347, #2266 ) ;
#1305 = AXIS2_PLACEMENT_3D ( 'NONE', #1904, #77, #1868 ) ;
#1306 = ORIENTED_EDGE ( 'NONE', *, *, #53, .F. ) ;
#1307 = DIRECTION ( 'NONE',  ( 0.000000000000000000, 0.000000000000000000, 1.000000000000000000 ) ) ;
#1308 = CARTESIAN_POINT ( 'NONE',  ( 20.49390153191920660, -17.41512831988470467, 7.999999999999998224 ) ) ;
#1309 = ADVANCED_FACE ( 'NONE', ( #1914 ), #1268, .T. ) ;
#1310 = EDGE_LOOP ( 'NONE', ( #693, #461, #193, #273 ) ) ;
#1311 = ORIENTED_EDGE ( 'NONE', *, *, #1622, .T. ) ;
#1312 = DIRECTION ( 'NONE',  ( 1.000000000000000000, 2.602085213965210642E-15, 0.000000000000000000 ) ) ;
#1313 = DIRECTION ( 'NONE',  ( 1.000000000000000000, 0.000000000000000000, 0.000000000000000000 ) ) ;
#1314 = ORIENTED_EDGE ( 'NONE', *, *, #2108, .F. ) ;
#1315 = ADVANCED_FACE ( 'NONE', ( #1614 ), #1030, .F. ) ;
#1316 = CARTESIAN_POINT ( 'NONE',  ( 4.211200023858411079, 11.57017697435772341, -5.000000000000000000 ) ) ;
#1317 = DIRECTION ( 'NONE',  ( 1.000000000000000000, 0.000000000000000000, 0.000000000000000000 ) ) ;
#1318 = CARTESIAN_POINT ( 'NONE',  ( 9.699495904684992453, -1.668092004915090243, -14.80001971472062650 ) ) ;
#1319 = DIRECTION ( 'NONE',  ( 0.6153846153846153078, 0.000000000000000000, 0.7882269819968924507 ) ) ;
#1320 = ORIENTED_EDGE ( 'NONE', *, *, #2100, .F. ) ;
#1321 = ORIENTED_EDGE ( 'NONE', *, *, #1683, .T. ) ;
#1322 = DIRECTION ( 'NONE',  ( 2.171784605454134916E-17, -0.000000000000000000, -1.000000000000000000 ) ) ;
#1323 = SPHERICAL_SURFACE ( 'NONE', #1781, 3.000000000000000000 ) ;
#1324 = CARTESIAN_POINT ( 'NONE',  ( 75.62905411810227463, -87.04557674096336939, 4.999999999999997335 ) ) ;
#1325 = LINE ( 'NONE', #622, #572 ) ;
#1326 = VERTEX_POINT ( 'NONE', #1752 ) ;
#1327 = CARTESIAN_POINT ( 'NONE',  ( 20.11190732415925453, -20.39070900695030986, 4.999999999999989342 ) ) ;
#1328 = CARTESIAN_POINT ( 'NONE',  ( 14.90254410188287615, -20.00607949654228079, 6.476681714277295221 ) ) ;
#1329 = ORIENTED_EDGE ( 'NONE', *, *, #1971, .T. ) ;
#1330 = EDGE_LOOP ( 'NONE', ( #1821, #857, #1234, #2029, #1204, #1536 ) ) ;
#1331 = VECTOR ( 'NONE', #2060, 999.9999999999998863 ) ;
#1332 = EDGE_CURVE ( 'NONE', #1925, #1368, #803, .T. ) ;
#1333 = CARTESIAN_POINT ( 'NONE',  ( 59.35118553690615073, -87.22162915732916133, 4.999999999999997335 ) ) ;
#1334 = CARTESIAN_POINT ( 'NONE',  ( 9.797174393178823685E-16, -20.00000000000006040, -8.000000000000000000 ) ) ;
#1335 = EDGE_CURVE ( 'NONE', #1769, #1418, #1066, .T. ) ;
#1336 = DIRECTION ( 'NONE',  ( 0.1736481776669261401, 0.9848077530122089085, 0.000000000000000000 ) ) ;
#1337 = CARTESIAN_POINT ( 'NONE',  ( 20.49390153191920305, -17.41512831988469046, -8.000000000000001776 ) ) ;
#1338 = CARTESIAN_POINT ( 'NONE',  ( 15.77106405415978507, -17.00000000000006395, 9.542848448528470584 ) ) ;
#1339 = DIRECTION ( 'NONE',  ( 0.000000000000000000, 0.000000000000000000, -1.000000000000000000 ) ) ;
#1340 = AXIS2_PLACEMENT_3D ( 'NONE', #378, #1972, #348 ) ;
#1341 = EDGE_CURVE ( 'NONE', #283, #392, #2170, .T. ) ;
#1342 = EDGE_LOOP ( 'NONE', ( #2210, #1524, #1629, #307 ) ) ;
#1343 = ORIENTED_EDGE ( 'NONE', *, *, #397, .F. ) ;
#1344 = CARTESIAN_POINT ( 'NONE',  ( -38.93843508107750040, -17.76160543239318912, -8.000000000000003553 ) ) ;
#1345 = DIRECTION ( 'NONE',  ( 0.3420201433256689905, 0.9396926207859083169, 0.000000000000000000 ) ) ;
#1346 = FACE_OUTER_BOUND ( 'NONE', #1811, .T. ) ;
#1347 = DIRECTION ( 'NONE',  ( -2.171784605454134916E-17, 0.000000000000000000, 1.000000000000000000 ) ) ;
#1348 = CARTESIAN_POINT ( 'NONE',  ( 37.32554530093765521, -0.4824590337127463990, -5.000000000000000888 ) ) ;
#1349 = VERTEX_POINT ( 'NONE', #1566 ) ;
#1350 = CARTESIAN_POINT ( 'NONE',  ( 19.02449798566578565, -20.26064639235329068, 5.045571161598624066 ) ) ;
#1351 = PLANE ( 'NONE',  #142 ) ;
#1352 = ORIENTED_EDGE ( 'NONE', *, *, #1461, .F. ) ;
#1353 = ORIENTED_EDGE ( 'NONE', *, *, #1924, .F. ) ;
#1354 = AXIS2_PLACEMENT_3D ( 'NONE', #1002, #498, #1174 ) ;
#1355 = ADVANCED_FACE ( 'NONE', ( #1414 ), #1711, .T. ) ;
#1356 = CARTESIAN_POINT ( 'NONE',  ( 83.25052158953386083, 2.248077033725246032, 0.000000000000000000 ) ) ;
#1357 = EDGE_CURVE ( 'NONE', #1547, #1604, #240, .T. ) ;
#1358 = DIRECTION ( 'NONE',  ( 1.000000000000000000, 0.000000000000000000, -9.251858538542962756E-15 ) ) ;
#1359 = EDGE_CURVE ( 'NONE', #256, #61, #1928, .T. ) ;
#1360 = DIRECTION ( 'NONE',  ( -0.1736481776669278054, -0.9848077530122085754, -3.771264390221982106E-18 ) ) ;
#1361 = DIRECTION ( 'NONE',  ( 0.1736481776669277777, 0.9848077530122085754, 3.771264390221982876E-18 ) ) ;
#1362 = LINE ( 'NONE', #1348, #2290 ) ;
#1363 = TOROIDAL_SURFACE ( 'NONE', #829, 11.00000000000000000, 3.000000000000000000 ) ;
#1364 = CARTESIAN_POINT ( 'NONE',  ( 20.11190732415925453, -20.39070900695030630, 7.999999999999984013 ) ) ;
#1365 = AXIS2_PLACEMENT_3D ( 'NONE', #291, #67, #1514 ) ;
#1366 = DIRECTION ( 'NONE',  ( -2.171784605454134916E-17, 0.000000000000000000, 1.000000000000000000 ) ) ;
#1367 = ORIENTED_EDGE ( 'NONE', *, *, #1357, .F. ) ;
#1368 = VERTEX_POINT ( 'NONE', #2138 ) ;
#1369 = ORIENTED_EDGE ( 'NONE', *, *, #1127, .F. ) ;
#1370 = DIRECTION ( 'NONE',  ( -0.000000000000000000, -0.000000000000000000, 1.000000000000000000 ) ) ;
#1371 = DIRECTION ( 'NONE',  ( 1.000000000000000000, 0.000000000000000000, 0.000000000000000000 ) ) ;
#1372 = AXIS2_PLACEMENT_3D ( 'NONE', #1976, #1813, #203 ) ;
#1373 = DIRECTION ( 'NONE',  ( 0.000000000000000000, 1.000000000000000000, -0.000000000000000000 ) ) ;
#1374 = FACE_OUTER_BOUND ( 'NONE', #2144, .T. ) ;
#1375 = CARTESIAN_POINT ( 'NONE',  ( 0.000000000000000000, -3.000000000000002665, 0.000000000000000000 ) ) ;
#1376 = CIRCLE ( 'NONE', #1299, 2.999999999999999112 ) ;
#1377 = CARTESIAN_POINT ( 'NONE',  ( 8.349340177332333468, -20.00000000000006040, -12.46148139681571365 ) ) ;
#1378 = CARTESIAN_POINT ( 'NONE',  ( 6.617289369763464713, -20.00000000000006040, -13.46148139681571898 ) ) ;
#1379 = ORIENTED_EDGE ( 'NONE', *, *, #589, .F. ) ;
#1380 = ADVANCED_FACE ( 'NONE', ( #1241 ), #1955, .F. ) ;
#1381 = AXIS2_PLACEMENT_3D ( 'NONE', #2002, #2340, #389 ) ;
#1382 = EDGE_LOOP ( 'NONE', ( #1124, #2090, #1719 ) ) ;
#1383 = AXIS2_PLACEMENT_3D ( 'NONE', #2246, #604, #2283 ) ;
#1384 = CARTESIAN_POINT ( 'NONE',  ( 14.00000000000000355, -20.00000000000006040, 7.121416616726647497 ) ) ;
#1385 = ORIENTED_EDGE ( 'NONE', *, *, #812, .F. ) ;
#1386 = FACE_OUTER_BOUND ( 'NONE', #1272, .T. ) ;
#1387 = CYLINDRICAL_SURFACE ( 'NONE', #2177, 48.00000000000000000 ) ;
#1388 = DIRECTION ( 'NONE',  ( 1.000000000000000000, 0.000000000000000000, 0.000000000000000000 ) ) ;
#1389 = EDGE_CURVE ( 'NONE', #1418, #1875, #847, .T. ) ;
#1390 = DIRECTION ( 'NONE',  ( 0.000000000000000000, 0.000000000000000000, 1.000000000000000000 ) ) ;
#1391 = CALENDAR_DATE ( 2026, 17, 8 ) ;
#1392 = APPROVAL ( #1230, 'UNSPECIFIED' ) ;
#1393 = APPLICATION_CONTEXT ( 'configuration controlled 3d designs of mechanical parts and assemblies' ) ;
#1394 = ORIENTED_EDGE ( 'NONE', *, *, #2017, .F. ) ;
#1395 = ORIENTED_EDGE ( 'NONE', *, *, #250, .T. ) ;
#1396 = ORIENTED_EDGE ( 'NONE', *, *, #1826, .F. ) ;
#1397 = AXIS2_PLACEMENT_3D ( 'NONE', #987, #301, #97 ) ;
#1398 = DIRECTION ( 'NONE',  ( 1.000000000000000000, 0.000000000000000000, 0.000000000000000000 ) ) ;
#1399 = CARTESIAN_POINT ( 'NONE',  ( 80.58703894257698153, -35.38355491373248896, 0.8360777267679766478 ) ) ;
#1400 = ADVANCED_FACE ( 'NONE', ( #1201 ), #1739, .T. ) ;
#1401 = CARTESIAN_POINT ( 'NONE',  ( 84.43217723491171967, -33.59053748135178807, -5.000000000000000000 ) ) ;
#1402 = CARTESIAN_POINT ( 'NONE',  ( 11.82340472995338487, -3.000000000000000000, -9.230769230769228173 ) ) ;
#1403 = VECTOR ( 'NONE', #971, 1000.000000000000000 ) ;
#1404 = DIRECTION ( 'NONE',  ( 2.171784605454134916E-17, -0.000000000000000000, -1.000000000000000000 ) ) ;
#1405 = DATE_AND_TIME ( #1606, #1681 ) ;
#1407 = ORIENTED_EDGE ( 'NONE', *, *, #184, .T. ) ;
#1406 = AXIS2_PLACEMENT_3D ( 'NONE', #95, #440, #1538 ) ;
#1408 = ORIENTED_EDGE ( 'NONE', *, *, #2000, .T. ) ;
#1409 = VERTEX_POINT ( 'NONE', #360 ) ;
#1410 = CARTESIAN_POINT ( 'NONE',  ( 20.49390153191920305, -17.41512831988470111, -7.999999999999994671 ) ) ;
#1411 = CARTESIAN_POINT ( 'NONE',  ( 60.04082217254170217, -100.5868168929379749, -5.000000000000000888 ) ) ;
#1412 = VERTEX_POINT ( 'NONE', #727 ) ;
#1413 = DIRECTION ( 'NONE',  ( -0.9989149342909535711, 0.04657203077491899740, 0.000000000000000000 ) ) ;
#1414 = FACE_OUTER_BOUND ( 'NONE', #1121, .T. ) ;
#1415 = EDGE_CURVE ( 'NONE', #322, #1460, #1452, .T. ) ;
#1416 =( NAMED_UNIT ( * ) SI_UNIT ( $, .STERADIAN. ) SOLID_ANGLE_UNIT ( ) );
#1417 = VECTOR ( 'NONE', #976, 1000.000000000000000 ) ;
#1418 = VERTEX_POINT ( 'NONE', #1975 ) ;
#1419 = EDGE_LOOP ( 'NONE', ( #1633, #257, #64, #401 ) ) ;
#1420 = ADVANCED_FACE ( 'NONE', ( #750 ), #1810, .T. ) ;
#1421 = SPHERICAL_SURFACE ( 'NONE', #2133, 3.000000000000000000 ) ;
#1422 = FACE_OUTER_BOUND ( 'NONE', #2122, .T. ) ;
#1423 =( BOUNDED_CURVE ( )  B_SPLINE_CURVE ( 3, ( #1877, #634, #266, #2087 ),
 .UNSPECIFIED., .F., .F. ) 
 B_SPLINE_CURVE_WITH_KNOTS ( ( 4, 4 ),
 ( 3.141592653589793116, 6.072613171895821615 ),
 .UNSPECIFIED. ) 
 CURVE ( )  GEOMETRIC_REPRESENTATION_ITEM ( )  RATIONAL_B_SPLINE_CURVE ( ( 1.000000000000000000, 0.4033944377859105535, 0.4033944377859105535, 1.000000000000000000 ) ) 
 REPRESENTATION_ITEM ( '' )  );
#1424 = AXIS2_PLACEMENT_3D ( 'NONE', #1706, #1366, #1022 ) ;
#1425 = CARTESIAN_POINT ( 'NONE',  ( 4.834652370381328446, 0.000000000000000000, -6.373863542433755747 ) ) ;
#1426 = CARTESIAN_POINT ( 'NONE',  ( 15.86187921575306348, -20.03370509734335414, -5.953124905958024016 ) ) ;
#1427 =( NAMED_UNIT ( * ) PLANE_ANGLE_UNIT ( ) SI_UNIT ( $, .RADIAN. ) );
#1428 = ORIENTED_EDGE ( 'NONE', *, *, #1725, .T. ) ;
#1429 = ADVANCED_FACE ( 'NONE', ( #561 ), #1475, .T. ) ;
#1430 = CARTESIAN_POINT ( 'NONE',  ( 20.49390153191920660, -90.00000000000000000, 15.99999999999998934 ) ) ;
#1431 = DIRECTION ( 'NONE',  ( 5.329070518200751394E-15, 0.000000000000000000, 1.000000000000000000 ) ) ;
#1432 = ORIENTED_EDGE ( 'NONE', *, *, #473, .T. ) ;
#1433 = CARTESIAN_POINT ( 'NONE',  ( 7.748438872674096700, -18.98495772386340974, -15.42068980681320767 ) ) ;
#1434 = EDGE_CURVE ( 'NONE', #409, #1906, #991, .T. ) ;
#1435 = DIRECTION ( 'NONE',  ( -0.1736481776669273891, -0.9848077530122085754, 0.000000000000000000 ) ) ;
#1436 = CARTESIAN_POINT ( 'NONE',  ( 0.000000000000000000, 0.000000000000000000, 0.000000000000000000 ) ) ;
#1437 = DIRECTION ( 'NONE',  ( 1.000000000000000000, -4.625929269271481378E-15, 1.156482317317870344E-15 ) ) ;
#1438 = ORIENTED_EDGE ( 'NONE', *, *, #888, .T. ) ;
#1439 = EDGE_CURVE ( 'NONE', #409, #73, #288, .T. ) ;
#1440 = AXIS2_PLACEMENT_3D ( 'NONE', #1498, #774, #1895 ) ;
#1441 = EDGE_CURVE ( 'NONE', #272, #215, #1607, .T. ) ;
#1442 = EDGE_LOOP ( 'NONE', ( #167, #954, #1205, #1720 ) ) ;
#1443 = CYLINDRICAL_SURFACE ( 'NONE', #1457, 135.0000000000000000 ) ;
#1444 = CARTESIAN_POINT ( 'NONE',  ( 0.000000000000000000, 0.000000000000000000, 8.000000000000000000 ) ) ;
#1445 = VERTEX_POINT ( 'NONE', #1290 ) ;
#1446 = CARTESIAN_POINT ( 'NONE',  ( 95.91833624532836211, -23.90911349468242264, 5.000000000000001776 ) ) ;
#1447 = TOROIDAL_SURFACE ( 'NONE', #1973, 11.00000000000000000, 3.000000000000000000 ) ;
#1448 = ORIENTED_EDGE ( 'NONE', *, *, #76, .T. ) ;
#1449 = ADVANCED_FACE ( 'NONE', ( #2003 ), #182, .F. ) ;
#1450 = AXIS2_PLACEMENT_3D ( 'NONE', #1489, #600, #1336 ) ;
#1451 = CARTESIAN_POINT ( 'NONE',  ( 62.30560879594277424, -87.74257369032993381, -18.00000000000000355 ) ) ;
#1452 = LINE ( 'NONE', #1261, #92 ) ;
#1453 = CARTESIAN_POINT ( 'NONE',  ( 34.58938415433227931, -8.000000000000001776, 8.000000000000000000 ) ) ;
#1454 = ADVANCED_FACE ( 'NONE', ( #366, #2160 ), #1793, .T. ) ;
#1455 = AXIS2_PLACEMENT_3D ( 'NONE', #2104, #1557, #484 ) ;
#1456 = ORIENTED_EDGE ( 'NONE', *, *, #716, .F. ) ;
#1457 = AXIS2_PLACEMENT_3D ( 'NONE', #2165, #1983, #1085 ) ;
#1458 = CARTESIAN_POINT ( 'NONE',  ( 9.481192319681518654, -18.98335776541924247, -14.42190681402017560 ) ) ;
#1459 = ADVANCED_FACE ( 'NONE', ( #1086 ), #1801, .T. ) ;
#1460 = VERTEX_POINT ( 'NONE', #1444 ) ;
#1461 = EDGE_CURVE ( 'NONE', #1504, #104, #359, .T. ) ;
#1462 = CARTESIAN_POINT ( 'NONE',  ( 92.91833624532839053, -23.90911349468243685, -5.000000000000000888 ) ) ;
#1463 = DIRECTION ( 'NONE',  ( 0.000000000000000000, 1.000000000000000000, 0.000000000000000000 ) ) ;
#1464 = EDGE_LOOP ( 'NONE', ( #715, #1294, #995, #1303 ) ) ;
#1465 = ORIENTED_EDGE ( 'NONE', *, *, #352, .T. ) ;
#1466 = ORIENTED_EDGE ( 'NONE', *, *, #2301, .T. ) ;
#1467 = AXIS2_PLACEMENT_3D ( 'NONE', #1844, #231, #276 ) ;
#1468 = CARTESIAN_POINT ( 'NONE',  ( 20.49390153191920660, -17.00000000000007105, 15.99999999999998934 ) ) ;
#1469 = ORIENTED_EDGE ( 'NONE', *, *, #671, .F. ) ;
#1470 = CARTESIAN_POINT ( 'NONE',  ( 34.58938415433224378, -1.450090917371689895E-15, -5.000000000000000000 ) ) ;
#1471 = CARTESIAN_POINT ( 'NONE',  ( 17.22731404910779673, -17.03672064450667278, 8.685207591819919415 ) ) ;
#1472 = ORIENTED_EDGE ( 'NONE', *, *, #2108, .T. ) ;
#1473 = VECTOR ( 'NONE', #1141, 1000.000000000000000 ) ;
#1474 = CARTESIAN_POINT ( 'NONE',  ( 6.617289369763464713, -20.00000000000006040, -13.46148139681571898 ) ) ;
#1475 = CYLINDRICAL_SURFACE ( 'NONE', #1818, 2.999999999999997335 ) ;
#1476 = CARTESIAN_POINT ( 'NONE',  ( 34.58938415433227931, -8.000000000000001776, -8.000000000000001776 ) ) ;
#1477 = DIRECTION ( 'NONE',  ( -0.3420201433256691570, -0.9396926207859083169, 0.000000000000000000 ) ) ;
#1478 = ADVANCED_FACE ( 'NONE', ( #390 ), #1824, .T. ) ;
#1479 = DIRECTION ( 'NONE',  ( -2.171784605454134916E-17, 0.000000000000000000, 1.000000000000000000 ) ) ;
#1480 = AXIS2_PLACEMENT_3D ( 'NONE', #677, #305, #2310 ) ;
#1481 = CARTESIAN_POINT ( 'NONE',  ( 20.07433648890499711, -17.34106775138906187, 7.999999999999989342 ) ) ;
#1482 = ORIENTED_EDGE ( 'NONE', *, *, #1929, .F. ) ;
#1483 = ORIENTED_EDGE ( 'NONE', *, *, #350, .F. ) ;
#1484 = EDGE_CURVE ( 'NONE', #605, #1076, #209, .T. ) ;
#1485 = AXIS2_PLACEMENT_3D ( 'NONE', #500, #1776, #1603 ) ;
#1486 = FACE_OUTER_BOUND ( 'NONE', #11, .T. ) ;
#1487 = CARTESIAN_POINT ( 'NONE',  ( 73.63319872355255313, -86.69365358531172205, -8.000000000000000000 ) ) ;
#1488 = ORIENTED_EDGE ( 'NONE', *, *, #949, .T. ) ;
#1489 = CARTESIAN_POINT ( 'NONE',  ( 73.63319872355253892, -86.69365358531172205, 5.000000000000000000 ) ) ;
#1490 = CARTESIAN_POINT ( 'NONE',  ( 8.744634197696454336, -19.92060840413158473, -13.14615072401453766 ) ) ;
#1491 = CIRCLE ( 'NONE', #54, 15.00000000000000355 ) ;
#1492 = ORIENTED_EDGE ( 'NONE', *, *, #846, .F. ) ;
#1493 = CARTESIAN_POINT ( 'NONE',  ( 9.652689064376355432, -1.493434166155718001, -14.71894788916430841 ) ) ;
#1494 = CARTESIAN_POINT ( 'NONE',  ( 11.82340472995338487, -20.00000000000006040, -9.230769230769228173 ) ) ;
#1495 = ORIENTED_EDGE ( 'NONE', *, *, #1996, .T. ) ;
#1496 = ORIENTED_EDGE ( 'NONE', *, *, #818, .F. ) ;
#1497 = DIRECTION ( 'NONE',  ( -1.084202172485504064E-16, -1.000000000000000000, -0.000000000000000000 ) ) ;
#1498 = CARTESIAN_POINT ( 'NONE',  ( 14.00000000000000711, -68.00000000000005684, -5.000000000000004441 ) ) ;
#1499 = DIRECTION ( 'NONE',  ( -0.000000000000000000, -0.000000000000000000, 1.000000000000000000 ) ) ;
#1500 = ADVANCED_FACE ( 'NONE', ( #1118 ), #202, .T. ) ;
#1501 = CARTESIAN_POINT ( 'NONE',  ( 73.63319872355253892, -86.69365358531172205, -5.000000000000000888 ) ) ;
#1502 = DIRECTION ( 'NONE',  ( -1.084202172485504064E-16, -1.000000000000000000, -0.000000000000000000 ) ) ;
#1503 = AXIS2_PLACEMENT_3D ( 'NONE', #1173, #2041, #1885 ) ;
#1504 = VERTEX_POINT ( 'NONE', #1835 ) ;
#1505 = DIRECTION ( 'NONE',  ( 0.000000000000000000, 1.000000000000000000, 0.000000000000000000 ) ) ;
#1506 = FACE_OUTER_BOUND ( 'NONE', #831, .T. ) ;
#1507 = EDGE_CURVE ( 'NONE', #1349, #595, #1278, .T. ) ;
#1508 = CARTESIAN_POINT ( 'NONE',  ( 20.11190732415925453, -20.39070900695029920, 4.999999999999990230 ) ) ;
#1509 = ORIENTED_EDGE ( 'NONE', *, *, #2336, .F. ) ;
#1510 = ORIENTED_EDGE ( 'NONE', *, *, #818, .T. ) ;
#1511 = ADVANCED_FACE ( 'NONE', ( #1884 ), #972, .F. ) ;
#1512 = APPLICATION_CONTEXT ( 'configuration controlled 3d designs of mechanical parts and assemblies' ) ;
#1513 = LINE ( 'NONE', #1027, #1094 ) ;
#1514 = DIRECTION ( 'NONE',  ( 1.000000000000000000, 0.000000000000000000, 3.401418580346680203E-17 ) ) ;
#1515 = TOROIDAL_SURFACE ( 'NONE', #495, 15.00000000000000355, 3.000000000000000000 ) ;
#1516 = CARTESIAN_POINT ( 'NONE',  ( -1.737427684363307440E-16, -3.000000000000002665, 7.999999999999998224 ) ) ;
#1517 = LINE ( 'NONE', #1714, #1331 ) ;
#1518 = DIRECTION ( 'NONE',  ( 1.000000000000000000, 0.000000000000000000, 2.171784605454134916E-17 ) ) ;
#1519 = DIRECTION ( 'NONE',  ( 1.000000000000000000, 0.000000000000000000, 0.000000000000000000 ) ) ;
#1520 = VERTEX_POINT ( 'NONE', #247 ) ;
#1521 = ORIENTED_EDGE ( 'NONE', *, *, #1652, .F. ) ;
#1522 = AXIS2_PLACEMENT_3D ( 'NONE', #204, #522, #2219 ) ;
#1523 = CIRCLE ( 'NONE', #1372, 3.000000000000000000 ) ;
#1524 = ORIENTED_EDGE ( 'NONE', *, *, #1582, .F. ) ;
#1525 = DIRECTION ( 'NONE',  ( 1.000000000000000000, -1.084202172485504187E-16, 0.000000000000000000 ) ) ;
#1526 = DIRECTION ( 'NONE',  ( -1.000000000000000000, 0.000000000000000000, -2.171784605454134916E-17 ) ) ;
#1527 = DIRECTION ( 'NONE',  ( -1.000000000000000000, -5.172537150871180467E-16, 0.000000000000000000 ) ) ;
#1528 = ORIENTED_EDGE ( 'NONE', *, *, #1794, .F. ) ;
#1529 = CARTESIAN_POINT ( 'NONE',  ( 11.82340472995338487, 0.000000000000000000, -9.230769230769228173 ) ) ;
#1530 = DIRECTION ( 'NONE',  ( 0.8071439439339400668, 0.000000000000000000, 0.5903546847199273584 ) ) ;
#1531 = EDGE_CURVE ( 'NONE', #51, #1925, #1131, .T. ) ;
#1532 = AXIS2_PLACEMENT_3D ( 'NONE', #1913, #1240, #1727 ) ;
#1533 = CARTESIAN_POINT ( 'NONE',  ( 19.65363067945921216, -17.27693679193333764, 8.033142663084651858 ) ) ;
#1534 = CARTESIAN_POINT ( 'NONE',  ( 17.93494144708314764, -20.15847974563364531, 5.230213612929595968 ) ) ;
#1535 = VERTEX_POINT ( 'NONE', #412 ) ;
#1536 = ORIENTED_EDGE ( 'NONE', *, *, #244, .F. ) ;
#1537 = CARTESIAN_POINT ( 'NONE',  ( 31.08938415433227576, -8.000000000000001776, -18.00000000000000355 ) ) ;
#1538 = DIRECTION ( 'NONE',  ( 0.9848077530122084644, -0.1736481776669281663, 0.000000000000000000 ) ) ;
#1539 = DIRECTION ( 'NONE',  ( -0.000000000000000000, -0.000000000000000000, 1.000000000000000000 ) ) ;
#1540 = DIRECTION ( 'NONE',  ( -0.000000000000000000, -0.000000000000000000, -1.000000000000000000 ) ) ;
#1541 = CARTESIAN_POINT ( 'NONE',  ( 9.852125781590167719, -17.00000000000007105, -15.06438241627336794 ) ) ;
#1542 = DIRECTION ( 'NONE',  ( -0.5000000000000009992, 5.421010862427531415E-17, 0.8660254037844380415 ) ) ;
#1543 = DIRECTION ( 'NONE',  ( -0.000000000000000000, -0.000000000000000000, 1.000000000000000000 ) ) ;
#1544 = DIRECTION ( 'NONE',  ( -0.1736481776669261401, -0.9848077530122087975, -0.000000000000000000 ) ) ;
#1545 = AXIS2_PLACEMENT_3D ( 'NONE', #1476, #2169, #2351 ) ;
#1546 = EDGE_LOOP ( 'NONE', ( #795, #2046, #1833, #1379 ) ) ;
#1547 = VERTEX_POINT ( 'NONE', #2264 ) ;
#1548 = CIRCLE ( 'NONE', #1650, 2.999999999999996447 ) ;
#1549 = ORIENTED_EDGE ( 'NONE', *, *, #259, .T. ) ;
#1550 = DIRECTION ( 'NONE',  ( 1.000000000000000000, -1.084202172485503941E-16, 0.000000000000000000 ) ) ;
#1551 = DIRECTION ( 'NONE',  ( 1.000000000000000000, 0.000000000000000000, 0.000000000000000000 ) ) ;
#1552 = DIRECTION ( 'NONE',  ( 0.04657203077491899740, 0.9989149342909535711, -5.776137290061157738E-15 ) ) ;
#1553 = CARTESIAN_POINT ( 'NONE',  ( 17.61835084212301439, -17.06025797117021980, -8.522617908413149479 ) ) ;
#1554 = AXIS2_PLACEMENT_3D ( 'NONE', #1171, #810, #2225 ) ;
#1555 = ADVANCED_FACE ( 'NONE', ( #811 ), #1323, .T. ) ;
#1556 = CARTESIAN_POINT ( 'NONE',  ( -1.945162556003636078, -5.344290199788613194, 5.000000000000000000 ) ) ;
#1557 = DIRECTION ( 'NONE',  ( 0.000000000000000000, 1.000000000000000000, 0.000000000000000000 ) ) ;
#1558 = ORIENTED_EDGE ( 'NONE', *, *, #1209, .F. ) ;
#1559 = VERTEX_POINT ( 'NONE', #1487 ) ;
#1560 = EDGE_CURVE ( 'NONE', #51, #1136, #876, .T. ) ;
#1561 = CARTESIAN_POINT ( 'NONE',  ( 80.58703894257698153, -35.38355491373248896, 0.8360777267679766478 ) ) ;
#1562 = CARTESIAN_POINT ( 'NONE',  ( 0.000000000000000000, -17.00000000000004263, 0.000000000000000000 ) ) ;
#1563 = TOROIDAL_SURFACE ( 'NONE', #1938, 51.00000000000000711, 3.000000000000000000 ) ;
#1564 = ORIENTED_EDGE ( 'NONE', *, *, #2111, .T. ) ;
#1565 = CARTESIAN_POINT ( 'NONE',  ( 20.49390153191920660, -3.000000000000009770, 7.999999999999998224 ) ) ;
#1566 = CARTESIAN_POINT ( 'NONE',  ( 73.11225419055175223, -89.64807684434835267, -5.000000000000000888 ) ) ;
#1567 = AXIS2_PLACEMENT_3D ( 'NONE', #1108, #1984, #15 ) ;
#1568 = CARTESIAN_POINT ( 'NONE',  ( 27.97393957002300269, -16.23395280963299214, -5.000000000000000000 ) ) ;
#1569 = PERSON_AND_ORGANIZATION ( #1829, #1864 ) ;
#1570 = ORIENTED_EDGE ( 'NONE', *, *, #756, .T. ) ;
#1571 = ORIENTED_EDGE ( 'NONE', *, *, #227, .T. ) ;
#1572 = VERTEX_POINT ( 'NONE', #1675 ) ;
#1573 = CIRCLE ( 'NONE', #998, 2.999999999999997780 ) ;
#1574 = DIRECTION ( 'NONE',  ( -0.1736481776669257515, -0.9848077530122090195, 0.000000000000000000 ) ) ;
#1575 = DIRECTION ( 'NONE',  ( -0.000000000000000000, -1.000000000000000000, 0.000000000000000000 ) ) ;
#1576 = CARTESIAN_POINT ( 'NONE',  ( 7.370815653772225140, -0.3967649498023287924, -14.76662720555746589 ) ) ;
#1577 = CC_DESIGN_DATE_AND_TIME_ASSIGNMENT ( #1070, #2115, ( #733 ) ) ;
#1578 = DIRECTION ( 'NONE',  ( 1.000000000000000000, -1.927470528863118556E-16, 0.000000000000000000 ) ) ;
#1579 = DATE_AND_TIME ( #665, #890 ) ;
#1580 = VERTEX_POINT ( 'NONE', #957 ) ;
#1581 = VERTEX_POINT ( 'NONE', #2213 ) ;
#1582 = EDGE_CURVE ( 'NONE', #171, #1769, #979, .T. ) ;
#1583 = AXIS2_PLACEMENT_3D ( 'NONE', #558, #1641, #2032 ) ;
#1584 = ORIENTED_EDGE ( 'NONE', *, *, #2284, .T. ) ;
#1585 = AXIS2_PLACEMENT_3D ( 'NONE', #112, #1373, #646 ) ;
#1586 = CARTESIAN_POINT ( 'NONE',  ( 19.64959143607606862, -17.26609282091302688, -7.999999999999994671 ) ) ;
#1587 = EDGE_CURVE ( 'NONE', #485, #1906, #313, .T. ) ;
#1588 = SPHERICAL_SURFACE ( 'NONE', #122, 3.000000000000000000 ) ;
#1589 = VERTEX_POINT ( 'NONE', #84 ) ;
#1590 = CARTESIAN_POINT ( 'NONE',  ( -3.252606517456513302E-16, -20.00000000000006040, 0.000000000000000000 ) ) ;
#1591 = CARTESIAN_POINT ( 'NONE',  ( 7.283477681666607140, -0.3036858629181773406, -14.61535340044049747 ) ) ;
#1592 = CIRCLE ( 'NONE', #1696, 3.000000000000001332 ) ;
#1593 = CARTESIAN_POINT ( 'NONE',  ( 96.00000000000001421, -21.83821405597219822, 4.999999999999998224 ) ) ;
#1594 = ADVANCED_FACE ( 'NONE', ( #2040 ), #451, .T. ) ;
#1595 = COORDINATED_UNIVERSAL_TIME_OFFSET ( 5, 30, .AHEAD. ) ;
#1597 = ORIENTED_EDGE ( 'NONE', *, *, #1993, .T. ) ;
#1596 = CIRCLE ( 'NONE', #566, 135.0000000000000000 ) ;
#1598 = ORIENTED_EDGE ( 'NONE', *, *, #1753, .T. ) ;
#1599 = DIRECTION ( 'NONE',  ( -0.000000000000000000, -0.000000000000000000, 1.000000000000000000 ) ) ;
#1600 = DIRECTION ( 'NONE',  ( -0.1736481776669278054, -0.9848077530122085754, -3.771264390221982876E-18 ) ) ;
#1601 = PLANE ( 'NONE',  #850 ) ;
#1602 = VECTOR ( 'NONE', #1942, 1000.000000000000000 ) ;
#1603 = DIRECTION ( 'NONE',  ( 0.000000000000000000, 0.000000000000000000, 1.000000000000000000 ) ) ;
#1604 = VERTEX_POINT ( 'NONE', #986 ) ;
#1605 = CARTESIAN_POINT ( 'NONE',  ( 14.00000000000000355, -20.00000000000006040, -7.121416616726651050 ) ) ;
#1606 = CALENDAR_DATE ( 2026, 17, 8 ) ;
#1607 = CIRCLE ( 'NONE', #1673, 3.000000000000000000 ) ;
#1608 = EDGE_CURVE ( 'NONE', #763, #93, #599, .T. ) ;
#1609 = ORIENTED_EDGE ( 'NONE', *, *, #1186, .F. ) ;
#1610 = CARTESIAN_POINT ( 'NONE',  ( 9.812179561429591246, -2.209428153350297297, -14.99519353338492245 ) ) ;
#1612 = FACE_OUTER_BOUND ( 'NONE', #1464, .T. ) ;
#1611 = CIRCLE ( 'NONE', #1863, 2.999999999999999112 ) ;
#1613 = CARTESIAN_POINT ( 'NONE',  ( 8.080128753860718049, -17.79057184664979729, -15.99519353338492067 ) ) ;
#1614 = FACE_OUTER_BOUND ( 'NONE', #1946, .T. ) ;
#1615 = CARTESIAN_POINT ( 'NONE',  ( 20.11190732415925098, -20.39070900695030630, -5.000000000000003553 ) ) ;
#1616 = ORIENTED_EDGE ( 'NONE', *, *, #1582, .T. ) ;
#1617 = CARTESIAN_POINT ( 'NONE',  ( 36.29948487096064724, -3.301536896070470739, 7.999999999999998224 ) ) ;
#1618 = DIRECTION ( 'NONE',  ( 1.000000000000000000, 0.000000000000000000, 0.000000000000000000 ) ) ;
#1619 = DIRECTION ( 'NONE',  ( 1.000000000000000000, 0.000000000000000000, 0.000000000000000000 ) ) ;
#1620 = CARTESIAN_POINT ( 'NONE',  ( 32.11058202977569920, -1.776900947646042894, -8.000000000000001776 ) ) ;
#1621 = EDGE_CURVE ( 'NONE', #581, #2191, #1710, .T. ) ;
#1622 = EDGE_CURVE ( 'NONE', #1580, #679, #1625, .T. ) ;
#1623 = VERTEX_POINT ( 'NONE', #606 ) ;
#1624 = ORIENTED_EDGE ( 'NONE', *, *, #919, .F. ) ;
#1625 = CIRCLE ( 'NONE', #1365, 51.00000000000000711 ) ;
#1626 = EDGE_CURVE ( 'NONE', #595, #1218, #1660, .T. ) ;
#1627 = CARTESIAN_POINT ( 'NONE',  ( 7.920638256807476907, -18.50656583384436260, -15.71894788916429775 ) ) ;
#1628 = DIRECTION ( 'NONE',  ( 1.000000000000000000, 0.000000000000000000, 2.171784605454134916E-17 ) ) ;
#1629 = ORIENTED_EDGE ( 'NONE', *, *, #539, .T. ) ;
#1630 = ORIENTED_EDGE ( 'NONE', *, *, #1915, .F. ) ;
#1631 = CARTESIAN_POINT ( 'NONE',  ( 8.547601447796647989, -20.00000000000005684, -12.80487999043306324 ) ) ;
#1632 = AXIS2_PLACEMENT_3D ( 'NONE', #1282, #2353, #1477 ) ;
#1633 = ORIENTED_EDGE ( 'NONE', *, *, #278, .T. ) ;
#1634 = AXIS2_PLACEMENT_3D ( 'NONE', #1876, #1702, #59 ) ;
#1635 = CARTESIAN_POINT ( 'NONE',  ( 7.369118896831494681, -19.60509288231984826, -14.76368833632801802 ) ) ;
#1636 = CARTESIAN_POINT ( 'NONE',  ( 0.8660254037844342667, -90.00000000000000000, 0.4999999999999989453 ) ) ;
#1637 = VERTEX_POINT ( 'NONE', #2069 ) ;
#1638 = VECTOR ( 'NONE', #1260, 1000.000000000000000 ) ;
#1639 = CARTESIAN_POINT ( 'NONE',  ( 37.32554530093765521, -0.4824590337127465101, -18.00000000000000355 ) ) ;
#1640 = CARTESIAN_POINT ( 'NONE',  ( 0.000000000000000000, -3.000000000000002665, 15.00000000000000355 ) ) ;
#1641 = DIRECTION ( 'NONE',  ( 0.000000000000000000, 1.000000000000000000, -0.000000000000000000 ) ) ;
#1642 = ORIENTED_EDGE ( 'NONE', *, *, #597, .F. ) ;
#1643 = EDGE_CURVE ( 'NONE', #322, #969, #1806, .T. ) ;
#1644 = DIRECTION ( 'NONE',  ( -0.9396926207859082059, 0.3420201433256693235, -2.040809967681685284E-17 ) ) ;
#1645 = DIRECTION ( 'NONE',  ( -1.138912752316166516E-15, 2.008210469062724048E-16, 1.000000000000000000 ) ) ;
#1646 = CARTESIAN_POINT ( 'NONE',  ( 80.67158075618654323, -35.41290516088245965, -0.2800349483043695353 ) ) ;
#1647 = CIRCLE ( 'NONE', #779, 3.500000000000003109 ) ;
#1648 = ORIENTED_EDGE ( 'NONE', *, *, #611, .T. ) ;
#1649 = LINE ( 'NONE', #1662, #1878 ) ;
#1650 = AXIS2_PLACEMENT_3D ( 'NONE', #1898, #455, #488 ) ;
#1651 = DIRECTION ( 'NONE',  ( 1.000000000000000000, 0.000000000000000000, 3.469446951953613006E-15 ) ) ;
#1652 = EDGE_CURVE ( 'NONE', #104, #1504, #2354, .T. ) ;
#1653 = EDGE_LOOP ( 'NONE', ( #1598, #149, #2218 ) ) ;
#1654 = CARTESIAN_POINT ( 'NONE',  ( 9.542734915165972609, -1.165889115475224447, -14.52850171622891828 ) ) ;
#1655 = CARTESIAN_POINT ( 'NONE',  ( 18.41348853958413301, -17.12660962380579477, 8.263817843576028110 ) ) ;
#1656 = EDGE_LOOP ( 'NONE', ( #2033, #107, #2021, #17 ) ) ;
#1657 = AXIS2_PLACEMENT_3D ( 'NONE', #2082, #333, #1398 ) ;
#1658 = ORIENTED_EDGE ( 'NONE', *, *, #1266, .T. ) ;
#1659 = DIRECTION ( 'NONE',  ( 1.000000000000000000, -0.000000000000000000, 2.171784605454134916E-17 ) ) ;
#1660 = LINE ( 'NONE', #1333, #717 ) ;
#1661 = ORIENTED_EDGE ( 'NONE', *, *, #1874, .F. ) ;
#1662 = CARTESIAN_POINT ( 'NONE',  ( 80.58703894257698153, -35.38355491373248896, -5.000000000000000000 ) ) ;
#1663 = DIRECTION ( 'NONE',  ( -1.000000000000000000, -0.000000000000000000, -2.171784605454134916E-17 ) ) ;
#1664 = DIRECTION ( 'NONE',  ( 1.000000000000000000, 0.000000000000000000, 0.000000000000000000 ) ) ;
#1665 = DIRECTION ( 'NONE',  ( 0.6153846153846146416, 0.000000000000000000, -0.7882269819968927838 ) ) ;
#1666 = AXIS2_PLACEMENT_3D ( 'NONE', #841, #340, #1020 ) ;
#1667 = VECTOR ( 'NONE', #1599, 1000.000000000000000 ) ;
#1668 = DIRECTION ( 'NONE',  ( 0.000000000000000000, 1.000000000000000000, 0.000000000000000000 ) ) ;
#1669 = ADVANCED_FACE ( 'NONE', ( #465, #1156 ), #1873, .F. ) ;
#1670 = VERTEX_POINT ( 'NONE', #1951 ) ;
#1671 = ORIENTED_EDGE ( 'NONE', *, *, #278, .F. ) ;
#1672 = ADVANCED_FACE ( 'NONE', ( #524 ), #1588, .T. ) ;
#1673 = AXIS2_PLACEMENT_3D ( 'NONE', #197, #737, #534 ) ;
#1674 = CYLINDRICAL_SURFACE ( 'NONE', #2194, 3.000000000000002665 ) ;
#1675 = CARTESIAN_POINT ( 'NONE',  ( 3.102601562812459246, -20.00000000000006040, -7.373863542433755747 ) ) ;
#1676 = DIRECTION ( 'NONE',  ( -1.084202172485504064E-16, -1.000000000000000000, -0.000000000000000000 ) ) ;
#1677 = ADVANCED_FACE ( 'NONE', ( #1962 ), #1028, .T. ) ;
#1678 = DIRECTION ( 'NONE',  ( 1.084202172485504064E-16, 1.000000000000000000, 0.000000000000000000 ) ) ;
#1679 = CIRCLE ( 'NONE', #1304, 51.00000000000000711 ) ;
#1680 = EDGE_LOOP ( 'NONE', ( #1407, #117, #1119, #69 ) ) ;
#1681 = LOCAL_TIME ( 19, 57, 12.00000000000000000, #1595 ) ;
#1682 = VERTEX_POINT ( 'NONE', #849 ) ;
#1683 = EDGE_CURVE ( 'NONE', #1843, #283, #2084, .T. ) ;
#1684 = CARTESIAN_POINT ( 'NONE',  ( 25.99999999999999645, 1.344859659226506645E-14, -5.000000000000000000 ) ) ;
#1685 = VERTEX_POINT ( 'NONE', #1384 ) ;
#1686 = ORIENTED_EDGE ( 'NONE', *, *, #2017, .T. ) ;
#1687 = LINE ( 'NONE', #66, #310 ) ;
#1688 = CARTESIAN_POINT ( 'NONE',  ( 38.08938415433227931, -8.000000000000001776, -18.00000000000000355 ) ) ;
#1689 = DIRECTION ( 'NONE',  ( 1.000000000000000000, 0.000000000000000000, 0.000000000000000000 ) ) ;
#1690 = CARTESIAN_POINT ( 'NONE',  ( 9.852125781590167719, -3.000000000000030198, -15.06438241627336794 ) ) ;
#1691 = AXIS2_PLACEMENT_3D ( 'NONE', #579, #1115, #408 ) ;
#1692 = CIRCLE ( 'NONE', #676, 3.000000000000002665 ) ;
#1693 = CARTESIAN_POINT ( 'NONE',  ( 16.11249434050754559, -16.99999999942897944, 9.293122274448224474 ) ) ;
#1694 = CARTESIAN_POINT ( 'NONE',  ( 59.35118553690615073, -87.22162915732916133, -5.000000000000000888 ) ) ;
#1695 = CARTESIAN_POINT ( 'NONE',  ( 62.82655332894356093, -84.78815043129331741, 4.999999999999997335 ) ) ;
#1696 = AXIS2_PLACEMENT_3D ( 'NONE', #2288, #147, #821 ) ;
#1697 = CARTESIAN_POINT ( 'NONE',  ( 14.18808567594406256, -17.00000000000009948, -11.07692307692307487 ) ) ;
#1698 = DIRECTION ( 'NONE',  ( 0.9396926207859084279, -0.3420201433256690460, 5.138032094457281060E-15 ) ) ;
#1699 = ADVANCED_FACE ( 'NONE', ( #861 ), #834, .F. ) ;
#1700 = AXIS2_PLACEMENT_3D ( 'NONE', #511, #159, #1371 ) ;
#1701 = DIRECTION ( 'NONE',  ( 1.000000000000000000, 0.000000000000000000, 0.000000000000000000 ) ) ;
#1702 = DIRECTION ( 'NONE',  ( 0.9396926207859074287, -0.3420201433256716550, -2.569016047228644080E-15 ) ) ;
#1703 = CARTESIAN_POINT ( 'NONE',  ( 95.91833624532839053, -23.90911349468243685, -18.00000000000000355 ) ) ;
#1704 = ADVANCED_FACE ( 'NONE', ( #1736 ), #1761, .F. ) ;
#1705 = DIRECTION ( 'NONE',  ( -1.000000000000000000, -0.000000000000000000, -2.171784605454134916E-17 ) ) ;
#1706 = CARTESIAN_POINT ( 'NONE',  ( 34.58938415433227931, -8.000000000000001776, -8.000000000000001776 ) ) ;
#1707 = ORIENTED_EDGE ( 'NONE', *, *, #2128, .F. ) ;
#1708 = ORIENTED_EDGE ( 'NONE', *, *, #2101, .F. ) ;
#1709 = DIRECTION ( 'NONE',  ( 1.000000000000000000, 0.000000000000000000, 0.000000000000000000 ) ) ;
#1710 = LINE ( 'NONE', #1688, #1740 ) ;
#1711 = TOROIDAL_SURFACE ( 'NONE', #2173, 15.00000000000000355, 3.000000000000000000 ) ;
#1712 = CARTESIAN_POINT ( 'NONE',  ( 31.08938415433227576, -8.000000000000001776, -8.000000000000001776 ) ) ;
#1713 = DIRECTION ( 'NONE',  ( 0.000000000000000000, 1.000000000000000000, 0.000000000000000000 ) ) ;
#1714 = CARTESIAN_POINT ( 'NONE',  ( 85.35127936093836354, -31.06532514392085886, 5.000000000000000000 ) ) ;
#1715 = VECTOR ( 'NONE', #1017, 1000.000000000000000 ) ;
#1716 = CARTESIAN_POINT ( 'NONE',  ( 15.77106405415978152, -20.00000000000005684, 9.542848448528465255 ) ) ;
#1717 = CARTESIAN_POINT ( 'NONE',  ( 14.43784820097530464, -20.00000000000006395, 6.781153771113872963 ) ) ;
#1718 = ORIENTED_EDGE ( 'NONE', *, *, #4, .T. ) ;
#1719 = ORIENTED_EDGE ( 'NONE', *, *, #1587, .T. ) ;
#1720 = ORIENTED_EDGE ( 'NONE', *, *, #2179, .F. ) ;
#1721 = ADVANCED_BREP_SHAPE_REPRESENTATION ( 'CSWA_10_6', ( #970, #327 ), #1080 ) ;
#1722 = DIRECTION ( 'NONE',  ( 0.000000000000000000, 1.000000000000000000, 0.000000000000000000 ) ) ;
#1723 = CARTESIAN_POINT ( 'NONE',  ( 62.82655332894356093, -84.78815043129331741, 4.999999999999997335 ) ) ;
#1724 = CARTESIAN_POINT ( 'NONE',  ( 2.204364238465237006E-15, -17.00000000000004263, -18.00000000000000355 ) ) ;
#1725 = EDGE_CURVE ( 'NONE', #2119, #1670, #1596, .T. ) ;
#1726 = CARTESIAN_POINT ( 'NONE',  ( 0.000000000000000000, 0.000000000000000000, 0.000000000000000000 ) ) ;
#1727 = DIRECTION ( 'NONE',  ( 0.000000000000000000, -1.000000000000000000, 1.156482317317871725E-15 ) ) ;
#1728 = CARTESIAN_POINT ( 'NONE',  ( 62.30560879594277424, -87.74257369032993381, 4.999999999999997335 ) ) ;
#1729 = PLANE ( 'NONE',  #839 ) ;
#1730 = CARTESIAN_POINT ( 'NONE',  ( 38.08938415433227931, -8.000000000000001776, -5.000000000000000888 ) ) ;
#1731 = TOROIDAL_SURFACE ( 'NONE', #1691, 132.0000000000000000, 3.000000000000000000 ) ;
#1732 = EDGE_CURVE ( 'NONE', #763, #1412, #1886, .T. ) ;
#1733 = VERTEX_POINT ( 'NONE', #1399 ) ;
#1734 = ORIENTED_EDGE ( 'NONE', *, *, #507, .F. ) ;
#1735 = CARTESIAN_POINT ( 'NONE',  ( 18.82368402878125480, -17.16088387087203415, -8.130482838991083483 ) ) ;
#1736 = FACE_OUTER_BOUND ( 'NONE', #1758, .T. ) ;
#1737 = DIRECTION ( 'NONE',  ( -1.000000000000000000, 0.000000000000000000, 0.000000000000000000 ) ) ;
#1738 = DIRECTION ( 'NONE',  ( 1.000000000000000000, 0.000000000000000000, 0.000000000000000000 ) ) ;
#1739 = CYLINDRICAL_SURFACE ( 'NONE', #908, 3.000000000000002665 ) ;
#1740 = VECTOR ( 'NONE', #1859, 1000.000000000000000 ) ;
#1741 = DIRECTION ( 'NONE',  ( 0.000000000000000000, 0.000000000000000000, 1.000000000000000000 ) ) ;
#1742 = DIRECTION ( 'NONE',  ( 2.171784605454134916E-17, -0.000000000000000000, -1.000000000000000000 ) ) ;
#1743 = ORIENTED_EDGE ( 'NONE', *, *, #2038, .T. ) ;
#1744 = VERTEX_POINT ( 'NONE', #822 ) ;
#1745 = EDGE_LOOP ( 'NONE', ( #1255, #1686 ) ) ;
#1746 = CARTESIAN_POINT ( 'NONE',  ( 80.67158075618654323, -35.41290516088245965, -1.686004013736280575E-21 ) ) ;
#1747 = ADVANCED_FACE ( 'NONE', ( #1422 ), #1000, .T. ) ;
#1748 = DIRECTION ( 'NONE',  ( -0.9848077530122089085, 0.1736481776669261401, 0.000000000000000000 ) ) ;
#1749 = EDGE_CURVE ( 'NONE', #806, #2191, #383, .T. ) ;
#1750 = VECTOR ( 'NONE', #2282, 1000.000000000000114 ) ;
#1751 = CARTESIAN_POINT ( 'NONE',  ( 34.58938415433227931, -8.000000000000001776, -18.00000000000000355 ) ) ;
#1752 = CARTESIAN_POINT ( 'NONE',  ( 61.27077214458601162, -76.33511252801257285, -5.000000000000002665 ) ) ;
#1753 = EDGE_CURVE ( 'NONE', #2299, #460, #684, .T. ) ;
#1754 = CARTESIAN_POINT ( 'NONE',  ( 0.000000000000000000, -17.00000000000004263, 0.000000000000000000 ) ) ;
#1755 = APPROVAL_DATE_TIME ( #703, #695 ) ;
#1756 = ADVANCED_FACE ( 'NONE', ( #1773 ), #476, .T. ) ;
#1757 = AXIS2_PLACEMENT_3D ( 'NONE', #2328, #1224, #1775 ) ;
#1758 = EDGE_LOOP ( 'NONE', ( #1616, #233, #1987, #497, #753, #2130 ) ) ;
#1759 = PRODUCT_DEFINITION_FORMATION_WITH_SPECIFIED_SOURCE ( 'ANY', '', #1031, .NOT_KNOWN. ) ;
#1760 = DIRECTION ( 'NONE',  ( -0.1736481776669272226, -0.9848077530122086864, -0.000000000000000000 ) ) ;
#1761 = CYLINDRICAL_SURFACE ( 'NONE', #81, 48.00000000000000000 ) ;
#1762 = EDGE_CURVE ( 'NONE', #1218, #1836, #192, .T. ) ;
#1763 = ORIENTED_EDGE ( 'NONE', *, *, #449, .T. ) ;
#1764 = CYLINDRICAL_SURFACE ( 'NONE', #1757, 8.000000000000000000 ) ;
#1765 = DIRECTION ( 'NONE',  ( 0.000000000000000000, 0.000000000000000000, 1.000000000000000000 ) ) ;
#1766 = LINE ( 'NONE', #2320, #2244 ) ;
#1767 = DIRECTION ( 'NONE',  ( 0.000000000000000000, 0.000000000000000000, 1.000000000000000000 ) ) ;
#1768 = VERTEX_POINT ( 'NONE', #2121 ) ;
#1769 = VERTEX_POINT ( 'NONE', #494 ) ;
#1770 = ORIENTED_EDGE ( 'NONE', *, *, #1209, .T. ) ;
#1771 = CIRCLE ( 'NONE', #373, 2.999999999999999112 ) ;
#1772 = CARTESIAN_POINT ( 'NONE',  ( 15.63659517993183279, -20.02729618701625469, -6.076621902760920513 ) ) ;
#1773 = FACE_OUTER_BOUND ( 'NONE', #2141, .T. ) ;
#1774 = ORIENTED_EDGE ( 'NONE', *, *, #990, .F. ) ;
#1775 = DIRECTION ( 'NONE',  ( 0.000000000000000000, 0.000000000000000000, 1.000000000000000000 ) ) ;
#1776 = DIRECTION ( 'NONE',  ( 0.000000000000000000, 1.000000000000000000, -0.000000000000000000 ) ) ;
#1777 = ADVANCED_FACE ( 'NONE', ( #1222 ), #1515, .T. ) ;
#1778 = FACE_OUTER_BOUND ( 'NONE', #771, .T. ) ;
#1779 = PERSON_AND_ORGANIZATION_ROLE ( 'creator' ) ;
#1780 = ADVANCED_FACE ( 'NONE', ( #2146 ), #1910, .T. ) ;
#1782 = EDGE_LOOP ( 'NONE', ( #463, #819, #1008, #1385, #1908 ) ) ;
#1781 = AXIS2_PLACEMENT_3D ( 'NONE', #783, #2240, #1358 ) ;
#1783 = CARTESIAN_POINT ( 'NONE',  ( 8.833068968640162666, -0.1528048010984228433, -13.29932424044475248 ) ) ;
#1784 = CYLINDRICAL_SURFACE ( 'NONE', #2211, 3.500000000000003109 ) ;
#1785 = CARTESIAN_POINT ( 'NONE',  ( 38.08938415433227931, -8.000000000000001776, -8.000000000000001776 ) ) ;
#1786 = TOROIDAL_SURFACE ( 'NONE', #196, 51.00000000000000711, 3.000000000000000000 ) ;
#1787 = DIRECTION ( 'NONE',  ( 1.000000000000000000, 0.000000000000000000, 1.807003620809173954E-17 ) ) ;
#1788 = DIRECTION ( 'NONE',  ( 1.000000000000000000, 0.000000000000000000, 1.927470528863118925E-17 ) ) ;
#1789 = EDGE_LOOP ( 'NONE', ( #666, #289, #602, #1252, #2158, #547, #154, #155 ) ) ;
#1790 = AXIS2_PLACEMENT_3D ( 'NONE', #1590, #525, #1927 ) ;
#1791 = AXIS2_PLACEMENT_3D ( 'NONE', #1193, #1742, #446 ) ;
#1792 = DIRECTION ( 'NONE',  ( 0.000000000000000000, 0.000000000000000000, -1.000000000000000000 ) ) ;
#1793 = PLANE ( 'NONE',  #1567 ) ;
#1794 = EDGE_CURVE ( 'NONE', #1167, #1368, #1147, .T. ) ;
#1795 = DIRECTION ( 'NONE',  ( 1.000000000000000000, 0.000000000000000000, 0.000000000000000000 ) ) ;
#1796 = ORIENTED_EDGE ( 'NONE', *, *, #1643, .T. ) ;
#1797 = ADVANCED_FACE ( 'NONE', ( #1612 ), #1784, .F. ) ;
#1798 = VECTOR ( 'NONE', #391, 999.9999999999998863 ) ;
#1799 = ORIENTED_EDGE ( 'NONE', *, *, #385, .F. ) ;
#1800 = DIRECTION ( 'NONE',  ( 0.000000000000000000, 1.000000000000000000, -0.000000000000000000 ) ) ;
#1801 = CYLINDRICAL_SURFACE ( 'NONE', #1074, 3.000000000000000000 ) ;
#1802 = ORIENTED_EDGE ( 'NONE', *, *, #1243, .F. ) ;
#1803 = ORIENTED_EDGE ( 'NONE', *, *, #894, .F. ) ;
#1804 = CARTESIAN_POINT ( 'NONE',  ( 9.775289724630860988, -17.96733200193320812, -14.93129846176659647 ) ) ;
#1805 = ORIENTED_EDGE ( 'NONE', *, *, #713, .T. ) ;
#1806 = CIRCLE ( 'NONE', #1288, 8.000000000000000000 ) ;
#1807 = EDGE_CURVE ( 'NONE', #2344, #61, #914, .T. ) ;
#1808 = ORIENTED_EDGE ( 'NONE', *, *, #106, .T. ) ;
#1809 = FACE_OUTER_BOUND ( 'NONE', #2304, .T. ) ;
#1810 = PLANE ( 'NONE',  #541 ) ;
#1811 = EDGE_LOOP ( 'NONE', ( #40, #1100, #1321, #20 ) ) ;
#1812 = CIRCLE ( 'NONE', #128, 3.000000000000000444 ) ;
#1813 = DIRECTION ( 'NONE',  ( 1.000000000000000000, 0.000000000000000000, -0.000000000000000000 ) ) ;
#1814 = COORDINATED_UNIVERSAL_TIME_OFFSET ( 5, 30, .AHEAD. ) ;
#1815 = VECTOR ( 'NONE', #1705, 1000.000000000000000 ) ;
#1816 = ORIENTED_EDGE ( 'NONE', *, *, #521, .F. ) ;
#1817 = FACE_OUTER_BOUND ( 'NONE', #830, .T. ) ;
#1818 = AXIS2_PLACEMENT_3D ( 'NONE', #896, #709, #1435 ) ;
#1819 = CARTESIAN_POINT ( 'NONE',  ( 62.82655332894356093, -84.78815043129331741, -5.000000000000000000 ) ) ;
#1820 = EDGE_CURVE ( 'NONE', #1298, #2004, #1611, .T. ) ;
#1821 = ORIENTED_EDGE ( 'NONE', *, *, #2111, .F. ) ;
#1822 = VECTOR ( 'NONE', #302, 1000.000000000000000 ) ;
#1823 = CARTESIAN_POINT ( 'NONE',  ( 7.005711827112124368, -19.90467712448259618, -14.13424882774435432 ) ) ;
#1824 = SPHERICAL_SURFACE ( 'NONE', #1857, 3.000000000000000000 ) ;
#1825 = CARTESIAN_POINT ( 'NONE',  ( 80.58703894257698153, -35.38355491373248896, -0.8360777267679784241 ) ) ;
#1826 = EDGE_CURVE ( 'NONE', #272, #1948, #71, .T. ) ;
#1827 = DIRECTION ( 'NONE',  ( 1.084202172485504064E-16, 1.000000000000000000, 0.000000000000000000 ) ) ;
#1828 = APPROVAL_ROLE ( '' ) ;
#1829 = PERSON ( 'UNSPECIFIED', 'UNSPECIFIED', 'UNSPECIFIED', ('UNSPECIFIED'), ('UNSPECIFIED'), ('UNSPECIFIED') ) ;
#1830 = ORIENTED_EDGE ( 'NONE', *, *, #1993, .F. ) ;
#1831 = DIRECTION ( 'NONE',  ( 2.139922160430260346E-29, 1.000000000000000000, 2.312964634635743450E-15 ) ) ;
#1832 = LINE ( 'NONE', #938, #2116 ) ;
#1833 = ORIENTED_EDGE ( 'NONE', *, *, #300, .F. ) ;
#1834 = LINE ( 'NONE', #222, #934 ) ;
#1835 = CARTESIAN_POINT ( 'NONE',  ( 71.16887857305262344, -89.30540728933232231, 0.000000000000000000 ) ) ;
#1836 = VERTEX_POINT ( 'NONE', #814 ) ;
#1837 = DIRECTION ( 'NONE',  ( 0.9396926207859082059, -0.3420201433256693235, 2.040809967681685284E-17 ) ) ;
#1838 = EDGE_CURVE ( 'NONE', #1733, #1589, #375, .T. ) ;
#1839 = ORIENTED_EDGE ( 'NONE', *, *, #1531, .F. ) ;
#1840 = CARTESIAN_POINT ( 'NONE',  ( 8.737762634680999341, -0.09532287551746256027, -13.13424882774436142 ) ) ;
#1841 = DIRECTION ( 'NONE',  ( 0.3420201433256734869, 0.9396926207859067626, 0.000000000000000000 ) ) ;
#1842 = VERTEX_POINT ( 'NONE', #225 ) ;
#1843 = VERTEX_POINT ( 'NONE', #1159 ) ;
#1844 = CARTESIAN_POINT ( 'NONE',  ( 11.82340472995339020, -17.00000000000005329, 9.230769230769226397 ) ) ;
#1845 = ORIENTED_EDGE ( 'NONE', *, *, #136, .F. ) ;
#1846 = ADVANCED_FACE ( 'NONE', ( #249 ), #1236, .T. ) ;
#1847 = EDGE_CURVE ( 'NONE', #91, #1843, #265, .T. ) ;
#1848 = CARTESIAN_POINT ( 'NONE',  ( 80.58703894257698153, -35.38355491373248896, -5.000000000000000000 ) ) ;
#1849 = DIRECTION ( 'NONE',  ( -0.000000000000000000, 0.000000000000000000, 1.000000000000000000 ) ) ;
#1850 = ORIENTED_EDGE ( 'NONE', *, *, #1229, .T. ) ;
#1851 = DIRECTION ( 'NONE',  ( 0.000000000000000000, 0.000000000000000000, 1.000000000000000000 ) ) ;
#1852 = CIRCLE ( 'NONE', #2092, 11.00000000000000000 ) ;
#1853 = CIRCLE ( 'NONE', #1227, 2.999999999999999112 ) ;
#1854 = EDGE_LOOP ( 'NONE', ( #1053, #447 ) ) ;
#1855 = ORIENTED_EDGE ( 'NONE', *, *, #1749, .F. ) ;
#1856 = ORIENTED_EDGE ( 'NONE', *, *, #691, .T. ) ;
#1857 = AXIS2_PLACEMENT_3D ( 'NONE', #2168, #1645, #542 ) ;
#1858 = DIRECTION ( 'NONE',  ( 0.000000000000000000, 0.000000000000000000, 1.000000000000000000 ) ) ;
#1859 = DIRECTION ( 'NONE',  ( -0.000000000000000000, -0.000000000000000000, 1.000000000000000000 ) ) ;
#1860 = CARTESIAN_POINT ( 'NONE',  ( 29.00000000000000000, -13.41487494727526197, 5.000000000000000000 ) ) ;
#1861 = CARTESIAN_POINT ( 'NONE',  ( 16.11553984380467597, -17.00000000000007816, -9.290894757098554280 ) ) ;
#1862 = ADVANCED_FACE ( 'NONE', ( #1188 ), #98, .T. ) ;
#1863 = AXIS2_PLACEMENT_3D ( 'NONE', #1860, #621, #1689 ) ;
#1864 = ORGANIZATION ( 'UNSPECIFIED', 'UNSPECIFIED', '' ) ;
#1865 = ORIENTED_EDGE ( 'NONE', *, *, #2347, .T. ) ;
#1866 = FACE_OUTER_BOUND ( 'NONE', #508, .T. ) ;
#1867 = CARTESIAN_POINT ( 'NONE',  ( 15.77106405415978863, -17.00000000000006395, 9.542848448528467031 ) ) ;
#1868 = DIRECTION ( 'NONE',  ( -1.000000000000000000, 0.000000000000000000, -9.251858538542962756E-15 ) ) ;
#1869 = VERTEX_POINT ( 'NONE', #1541 ) ;
#1870 = ORIENTED_EDGE ( 'NONE', *, *, #428, .T. ) ;
#1871 = EDGE_CURVE ( 'NONE', #216, #1623, #1679, .T. ) ;
#1872 = DIRECTION ( 'NONE',  ( 0.000000000000000000, 1.000000000000000000, -0.000000000000000000 ) ) ;
#1873 = PLANE ( 'NONE',  #792 ) ;
#1874 = EDGE_CURVE ( 'NONE', #1836, #1581, #608, .T. ) ;
#1875 = VERTEX_POINT ( 'NONE', #443 ) ;
#1876 = CARTESIAN_POINT ( 'NONE',  ( 36.29948487096064724, -3.301536896070467186, 4.999999999999999112 ) ) ;
#1877 = CARTESIAN_POINT ( 'NONE',  ( 73.03783424313822081, -32.63586911075424979, 4.898587196589421703E-16 ) ) ;
#1878 = VECTOR ( 'NONE', #1499, 1000.000000000000000 ) ;
#1879 = CARTESIAN_POINT ( 'NONE',  ( 14.18808567594406256, -90.00000000000000000, -11.07692307692307487 ) ) ;
#1880 = CARTESIAN_POINT ( 'NONE',  ( 8.120074974021296299, -17.00000000000007105, -16.06438241627336794 ) ) ;
#1881 = ORIENTED_EDGE ( 'NONE', *, *, #1160, .F. ) ;
#1882 = AXIS2_PLACEMENT_3D ( 'NONE', #1356, #1760, #108 ) ;
#1883 = CARTESIAN_POINT ( 'NONE',  ( 73.63319872355253892, -86.69365358531170784, -18.00000000000000355 ) ) ;
#1884 = FACE_OUTER_BOUND ( 'NONE', #2147, .T. ) ;
#1885 = DIRECTION ( 'NONE',  ( 0.000000000000000000, 0.000000000000000000, 1.000000000000000000 ) ) ;
#1886 = CIRCLE ( 'NONE', #419, 18.00000000000000355 ) ;
#1887 = CARTESIAN_POINT ( 'NONE',  ( 37.32554530093764811, -0.4824590337127471762, -5.000000000000000000 ) ) ;
#1888 = CARTESIAN_POINT ( 'NONE',  ( 17.22614494511071825, -17.03664592048205861, -8.685672438429731912 ) ) ;
#1889 = CARTESIAN_POINT ( 'NONE',  ( 19.56615298468912201, -20.32064705317985442, 5.000000000453319160 ) ) ;
#1890 = CARTESIAN_POINT ( 'NONE',  ( 62.82655332894356093, -84.78815043129331741, -5.000000000000000888 ) ) ;
#1891 = ORIENTED_EDGE ( 'NONE', *, *, #1269, .F. ) ;
#1892 = VECTOR ( 'NONE', #467, 1000.000000000000000 ) ;
#1893 = EDGE_CURVE ( 'NONE', #1604, #2048, #935, .T. ) ;
#1894 = CARTESIAN_POINT ( 'NONE',  ( 34.58938415433227931, -8.000000000000001776, 5.000000000000000888 ) ) ;
#1895 = DIRECTION ( 'NONE',  ( 1.000000000000000000, 8.673617379884035472E-16, 1.807003620809173954E-17 ) ) ;
#1896 = CARTESIAN_POINT ( 'NONE',  ( 29.00000000000000000, -13.41487494727526197, -5.000000000000000000 ) ) ;
#1897 = AXIS2_PLACEMENT_3D ( 'NONE', #1044, #687, #1018 ) ;
#1898 = CARTESIAN_POINT ( 'NONE',  ( 64.22519540362264934, -76.85605706101335954, -5.000000000000002665 ) ) ;
#1899 = DIRECTION ( 'NONE',  ( 1.000000000000000000, 0.000000000000000000, 2.171784605454134916E-17 ) ) ;
#1900 = DIRECTION ( 'NONE',  ( 0.1736481776669271948, 0.9848077530122086864, 0.000000000000000000 ) ) ;
#1901 = EDGE_CURVE ( 'NONE', #61, #2344, #1079, .T. ) ;
#1902 = CIRCLE ( 'NONE', #1790, 15.00000000000000355 ) ;
#1903 = CARTESIAN_POINT ( 'NONE',  ( 20.49390153191920660, -17.41512831988470467, 7.999999999999989342 ) ) ;
#1904 = CARTESIAN_POINT ( 'NONE',  ( 92.91833624532834790, -23.90911349468242264, -5.000000000000000888 ) ) ;
#1905 = CIRCLE ( 'NONE', #549, 3.000000000000000000 ) ;
#1906 = VERTEX_POINT ( 'NONE', #764 ) ;
#1907 = ORIENTED_EDGE ( 'NONE', *, *, #2172, .F. ) ;
#1908 = ORIENTED_EDGE ( 'NONE', *, *, #2012, .T. ) ;
#1909 = CARTESIAN_POINT ( 'NONE',  ( 20.49390153191920660, -17.00000000000005684, 15.99999999999998934 ) ) ;
#1910 = PLANE ( 'NONE',  #2125 ) ;
#1911 = ORIENTED_EDGE ( 'NONE', *, *, #1484, .F. ) ;
#1912 = DIRECTION ( 'NONE',  ( 1.000000000000000000, 0.000000000000000000, 1.224646799147353207E-16 ) ) ;
#1913 = CARTESIAN_POINT ( 'NONE',  ( 92.91833624532837632, -23.90911349468243330, 5.000000000000001776 ) ) ;
#1914 = FACE_OUTER_BOUND ( 'NONE', #748, .T. ) ;
#1915 = EDGE_CURVE ( 'NONE', #409, #595, #2253, .T. ) ;
#1916 = CARTESIAN_POINT ( 'NONE',  ( 20.07218238441528868, -17.34068751439503586, 7.999999999999989342 ) ) ;
#1917 = AXIS2_PLACEMENT_3D ( 'NONE', #964, #2186, #1841 ) ;
#1918 = ORIENTED_EDGE ( 'NONE', *, *, #1621, .T. ) ;
#1919 = EDGE_LOOP ( 'NONE', ( #1921, #474, #1830, #2235 ) ) ;
#1920 = EDGE_CURVE ( 'NONE', #518, #1136, #2044, .T. ) ;
#1921 = ORIENTED_EDGE ( 'NONE', *, *, #1287, .T. ) ;
#1922 = CARTESIAN_POINT ( 'NONE',  ( 15.88380151757394465, -20.03631576390293034, -5.954957290460465735 ) ) ;
#1923 = DIRECTION ( 'NONE',  ( -0.000000000000000000, -0.000000000000000000, -1.000000000000000000 ) ) ;
#1924 = EDGE_CURVE ( 'NONE', #605, #1547, #206, .T. ) ;
#1925 = VERTEX_POINT ( 'NONE', #1529 ) ;
#1926 = DIRECTION ( 'NONE',  ( 1.224646799147353454E-16, 0.000000000000000000, -1.000000000000000000 ) ) ;
#1927 = DIRECTION ( 'NONE',  ( 1.000000000000000000, 0.000000000000000000, 0.000000000000000000 ) ) ;
#1928 = LINE ( 'NONE', #854, #1979 ) ;
#1929 = EDGE_CURVE ( 'NONE', #1368, #1136, #438, .T. ) ;
#1930 = AXIS2_PLACEMENT_3D ( 'NONE', #324, #1575, #2303 ) ;
#1931 = ADVANCED_FACE ( 'NONE', ( #456 ), #775, .T. ) ;
#1932 = DIRECTION ( 'NONE',  ( -0.1736481776669272226, -0.9848077530122086864, -0.000000000000000000 ) ) ;
#1933 = COORDINATED_UNIVERSAL_TIME_OFFSET ( 5, 30, .AHEAD. ) ;
#1934 = VERTEX_POINT ( 'NONE', #1848 ) ;
#1935 = EDGE_LOOP ( 'NONE', ( #1394, #297, #950, #1125 ) ) ;
#1936 = CARTESIAN_POINT ( 'NONE',  ( 11.82340472995339020, -20.00000000000006040, 9.230769230769226397 ) ) ;
#1937 = PRODUCT_DEFINITION_SHAPE ( 'NONE', 'NONE',  #70 ) ;
#1938 = AXIS2_PLACEMENT_3D ( 'NONE', #394, #1275, #1986 ) ;
#1939 = FACE_OUTER_BOUND ( 'NONE', #1919, .T. ) ;
#1940 = AXIS2_PLACEMENT_3D ( 'NONE', #1301, #910, #2015 ) ;
#1941 = CARTESIAN_POINT ( 'NONE',  ( 6.815550640227777457, -2.795208725939191119E-15, -13.80487999043305791 ) ) ;
#1942 = DIRECTION ( 'NONE',  ( 0.9396926207859082059, -0.3420201433256694346, 2.040809967681685592E-17 ) ) ;
#1943 = PLANE ( 'NONE',  #1238 ) ;
#1944 = AXIS2_PLACEMENT_3D ( 'NONE', #647, #2098, #1054 ) ;
#1945 = EDGE_LOOP ( 'NONE', ( #105, #2034, #512, #1083, #144 ) ) ;
#1946 = EDGE_LOOP ( 'NONE', ( #953, #2231, #344, #2323 ) ) ;
#1947 = APPROVAL_PERSON_ORGANIZATION ( #1264, #1392, #1957 ) ;
#1948 = VERTEX_POINT ( 'NONE', #960 ) ;
#1949 = EDGE_CURVE ( 'NONE', #1409, #1744, #1981, .T. ) ;
#1950 = CARTESIAN_POINT ( 'NONE',  ( 17.12734647343465966, -20.08554651898602117, -8.739432184184739327 ) ) ;
#1951 = CARTESIAN_POINT ( 'NONE',  ( 95.91508104820123037, -24.04882958700719087, -5.000000000000000888 ) ) ;
#1952 = B_SPLINE_CURVE_WITH_KNOTS ( 'NONE', 3,
 ( #1867, #930, #746, #1471, #2197, #1655, #34, #229, #1481, #1308 ),
 .UNSPECIFIED., .F., .F.,
 ( 4, 2, 2, 2, 4 ),
 ( 0.000000000000000000, 0.001277578158776151432, 0.002555156317552302863, 0.003832734476328454078, 0.005110312635104605726 ),
 .UNSPECIFIED. ) ;
#1953 = DIRECTION ( 'NONE',  ( 0.000000000000000000, 0.000000000000000000, 1.000000000000000000 ) ) ;
#1954 = EDGE_CURVE ( 'NONE', #485, #1011, #362, .T. ) ;
#1955 = PLANE ( 'NONE',  #2096 ) ;
#1956 = LINE ( 'NONE', #1593, #1602 ) ;
#1957 = APPROVAL_ROLE ( '' ) ;
#1958 = ORIENTED_EDGE ( 'NONE', *, *, #221, .F. ) ;
#1959 = ORIENTED_EDGE ( 'NONE', *, *, #385, .T. ) ;
#1960 = TOROIDAL_SURFACE ( 'NONE', #931, 15.00000000000000355, 3.000000000000000000 ) ;
#1961 = CARTESIAN_POINT ( 'NONE',  ( 20.49390153191920660, -17.41512831988470467, 7.999999999999998224 ) ) ;
#1962 = FACE_OUTER_BOUND ( 'NONE', #1419, .T. ) ;
#1963 = DIRECTION ( 'NONE',  ( 0.000000000000000000, -1.000000000000000000, 0.000000000000000000 ) ) ;
#1964 = CARTESIAN_POINT ( 'NONE',  ( 76.19164494638502561, -88.26029104333260022, -18.00000000000000355 ) ) ;
#1965 = DIRECTION ( 'NONE',  ( -0.6153846153846153078, 0.000000000000000000, -0.7882269819968924507 ) ) ;
#1966 = CLOSED_SHELL ( 'NONE', ( #1019, #714, #785, #1355, #424, #1500, #496, #1270, #2047, #1704, #1977, #1315, #125, #2132, #1133, #2349, #904, #2062, #1511, #2097, #1420, #2331, #1780, #778, #2066, #2176, #1163, #2054, #1380, #1449, #2252, #87, #101, #1454, #1669, #335, #1797, #635, #1699, #668, #1846, #641, #420, #835, #482, #1037, #663, #1756, #1777, #1084, #1478, #918, #1677, #1400, #1862, #1459, #1672, #2273, #867, #1429, #501, #148, #1010, #1931, #1555, #2076, #565, #2198, #1747, #80, #1594, #1309, #357 ) ) ;
#1967 = AXIS2_PLACEMENT_3D ( 'NONE', #1430, #745, #1851 ) ;
#1968 = PLANE ( 'NONE',  #1666 ) ;
#1969 = ORIENTED_EDGE ( 'NONE', *, *, #1949, .T. ) ;
#1970 = CARTESIAN_POINT ( 'NONE',  ( 16.11468482661079449, -16.99999999961317343, -9.291520126847927941 ) ) ;
#1971 = EDGE_CURVE ( 'NONE', #1682, #2079, #325, .T. ) ;
#1972 = DIRECTION ( 'NONE',  ( 0.000000000000000000, 1.000000000000000000, 0.000000000000000000 ) ) ;
#1973 = AXIS2_PLACEMENT_3D ( 'NONE', #689, #140, #1390 ) ;
#1974 = CIRCLE ( 'NONE', #1139, 3.000000000000000000 ) ;
#1975 = CARTESIAN_POINT ( 'NONE',  ( 62.00000000000000711, -68.00000000000005684, 4.999999999999998224 ) ) ;
#1976 = CARTESIAN_POINT ( 'NONE',  ( 20.49390153191920660, -3.000000000000000000, 4.999999999999989342 ) ) ;
#1977 = ADVANCED_FACE ( 'NONE', ( #1374 ), #1764, .F. ) ;
#1978 = APPROVAL_ROLE ( '' ) ;
#1979 = VECTOR ( 'NONE', #865, 1000.000000000000000 ) ;
#1980 = ORIENTED_EDGE ( 'NONE', *, *, #374, .T. ) ;
#1981 = CIRCLE ( 'NONE', #515, 8.000000000000000000 ) ;
#1982 = CC_DESIGN_APPROVAL ( #695, ( #1759 ) ) ;
#1983 = DIRECTION ( 'NONE',  ( -0.000000000000000000, -0.000000000000000000, 1.000000000000000000 ) ) ;
#1984 = DIRECTION ( 'NONE',  ( -0.000000000000000000, 0.000000000000000000, 1.000000000000000000 ) ) ;
#1985 = EDGE_LOOP ( 'NONE', ( #1584, #1367, #1353, #688 ) ) ;
#1986 = DIRECTION ( 'NONE',  ( 1.000000000000000000, 0.000000000000000000, 2.171784605454134916E-17 ) ) ;
#1987 = ORIENTED_EDGE ( 'NONE', *, *, #1389, .T. ) ;
#1988 = CC_DESIGN_PERSON_AND_ORGANIZATION_ASSIGNMENT ( #1569, #1254, ( #733 ) ) ;
#1989 = AXIS2_PLACEMENT_3D ( 'NONE', #2178, #396, #2233 ) ;
#1990 = CARTESIAN_POINT ( 'NONE',  ( 8.120074974021296299, -17.00000000000007105, -16.06438241627336794 ) ) ;
#1991 = CARTESIAN_POINT ( 'NONE',  ( 73.11225419055175223, -89.64807684434835267, -18.00000000000000355 ) ) ;
#1992 = CARTESIAN_POINT ( 'NONE',  ( 20.49390153191920305, 0.000000000000000000, -5.000000000000001776 ) ) ;
#1993 = EDGE_CURVE ( 'NONE', #1670, #2107, #139, .T. ) ;
#1994 = ORIENTED_EDGE ( 'NONE', *, *, #368, .T. ) ;
#1995 = CARTESIAN_POINT ( 'NONE',  ( 9.342618202527113169, -19.25994633417433022, -14.18188940249475394 ) ) ;
#1996 = EDGE_CURVE ( 'NONE', #1102, #1842, #546, .T. ) ;
#1997 = VECTOR ( 'NONE', #411, 1000.000000000000000 ) ;
#1998 = CARTESIAN_POINT ( 'NONE',  ( 92.91833624532839053, -23.90911349468243685, -5.000000000000000888 ) ) ;
#1999 = AXIS2_PLACEMENT_3D ( 'NONE', #799, #56, #2023 ) ;
#2000 = EDGE_CURVE ( 'NONE', #1733, #1302, #674, .T. ) ;
#2001 = DESIGN_CONTEXT ( 'detailed design', #1393, 'design' ) ;
#2002 = CARTESIAN_POINT ( 'NONE',  ( 92.91833624532837632, -23.90911349468242975, 5.000000000000000000 ) ) ;
#2003 = FACE_OUTER_BOUND ( 'NONE', #286, .T. ) ;
#2004 = VERTEX_POINT ( 'NONE', #489 ) ;
#2005 = CIRCLE ( 'NONE', #41, 2.999999999999999112 ) ;
#2006 = CARTESIAN_POINT ( 'NONE',  ( 20.49390153191920305, -20.00000000000006040, -15.99999999999999289 ) ) ;
#2007 = ORIENTED_EDGE ( 'NONE', *, *, #1092, .T. ) ;
#2008 = CARTESIAN_POINT ( 'NONE',  ( 14.00000000000000533, -20.00000000000005329, -7.121416616726651050 ) ) ;
#2009 = LINE ( 'NONE', #1694, #26 ) ;
#2010 = ORIENTED_EDGE ( 'NONE', *, *, #1160, .T. ) ;
#2011 = EDGE_CURVE ( 'NONE', #653, #2249, #1902, .T. ) ;
#2012 = EDGE_CURVE ( 'NONE', #1520, #724, #479, .T. ) ;
#2013 = VECTOR ( 'NONE', #2086, 1000.000000000000000 ) ;
#2014 = DIRECTION ( 'NONE',  ( 1.000000000000000000, 0.000000000000000000, 0.000000000000000000 ) ) ;
#2015 = DIRECTION ( 'NONE',  ( 0.9848077530122084644, -0.1736481776669281663, 0.000000000000000000 ) ) ;
#2016 = DIRECTION ( 'NONE',  ( -0.000000000000000000, -0.000000000000000000, 1.000000000000000000 ) ) ;
#2017 = EDGE_CURVE ( 'NONE', #870, #581, #808, .T. ) ;
#2018 = CARTESIAN_POINT ( 'NONE',  ( 9.852125781590169495, -17.19827181028907859, -15.06438241627337149 ) ) ;
#2019 = EDGE_LOOP ( 'NONE', ( #405, #1570, #161 ) ) ;
#2020 = CARTESIAN_POINT ( 'NONE',  ( 36.29948487096064014, -3.301536896070487614, -8.000000000000001776 ) ) ;
#2021 = ORIENTED_EDGE ( 'NONE', *, *, #767, .T. ) ;
#2022 = DIRECTION ( 'NONE',  ( 0.000000000000000000, 0.000000000000000000, 1.000000000000000000 ) ) ;
#2023 = DIRECTION ( 'NONE',  ( -0.5000000000000008882, 0.000000000000000000, 0.8660254037844381525 ) ) ;
#2024 = CARTESIAN_POINT ( 'NONE',  ( 80.67158075618654323, -35.41290516088245965, -1.686004013736280575E-21 ) ) ;
#2025 = CIRCLE ( 'NONE', #1012, 2.999999999999997780 ) ;
#2026 = DIRECTION ( 'NONE',  ( 0.1736481776669261401, 0.9848077530122089085, 0.000000000000000000 ) ) ;
#2027 = CARTESIAN_POINT ( 'NONE',  ( 9.797174393178823685E-16, -90.00000000000000000, -8.000000000000000000 ) ) ;
#2028 = APPROVAL_DATE_TIME ( #722, #789 ) ;
#2029 = ORIENTED_EDGE ( 'NONE', *, *, #1732, .F. ) ;
#2030 = ORIENTED_EDGE ( 'NONE', *, *, #1062, .F. ) ;
#2031 = CARTESIAN_POINT ( 'NONE',  ( 62.82655332894356093, -84.78815043129333162, 5.000000000000000000 ) ) ;
#2032 = DIRECTION ( 'NONE',  ( 0.000000000000000000, 0.000000000000000000, 1.000000000000000000 ) ) ;
#2033 = ORIENTED_EDGE ( 'NONE', *, *, #1335, .F. ) ;
#2034 = ORIENTED_EDGE ( 'NONE', *, *, #1893, .F. ) ;
#2035 = AXIS2_PLACEMENT_3D ( 'NONE', #133, #1370, #874 ) ;
#2036 = ORIENTED_EDGE ( 'NONE', *, *, #1874, .T. ) ;
#2037 = AXIS2_PLACEMENT_3D ( 'NONE', #1411, #134, #1748 ) ;
#2038 = EDGE_CURVE ( 'NONE', #984, #1168, #1200, .T. ) ;
#2039 = CARTESIAN_POINT ( 'NONE',  ( 20.49390153191920305, -17.41512831988469046, -8.000000000000001776 ) ) ;
#2040 = FACE_OUTER_BOUND ( 'NONE', #1782, .T. ) ;
#2041 = DIRECTION ( 'NONE',  ( 0.000000000000000000, 1.000000000000000000, 0.000000000000000000 ) ) ;
#2042 = CARTESIAN_POINT ( 'NONE',  ( 0.000000000000000000, -3.000000000000002665, 0.000000000000000000 ) ) ;
#2043 = ORIENTED_EDGE ( 'NONE', *, *, #571, .F. ) ;
#2044 = LINE ( 'NONE', #2241, #2295 ) ;
#2045 = CARTESIAN_POINT ( 'NONE',  ( 14.18808567594406611, -3.000000000000030198, 11.07692307692307132 ) ) ;
#2046 = ORIENTED_EDGE ( 'NONE', *, *, #840, .T. ) ;
#2047 = ADVANCED_FACE ( 'NONE', ( #123 ), #836, .F. ) ;
#2048 = VERTEX_POINT ( 'NONE', #1565 ) ;
#2049 = CARTESIAN_POINT ( 'NONE',  ( 17.60958177626832111, -17.05972077961679645, 8.526231097873642639 ) ) ;
#2050 = AXIS2_PLACEMENT_3D ( 'NONE', #328, #152, #126 ) ;
#2051 = VECTOR ( 'NONE', #1263, 1000.000000000000000 ) ;
#2052 = DIRECTION ( 'NONE',  ( -0.3420201433256694901, -0.9396926207859080948, 0.000000000000000000 ) ) ;
#2053 = ORIENTED_EDGE ( 'NONE', *, *, #1062, .T. ) ;
#2054 = ADVANCED_FACE ( 'NONE', ( #314 ), #1601, .T. ) ;
#2055 = DIRECTION ( 'NONE',  ( 0.000000000000000000, -0.000000000000000000, -1.000000000000000000 ) ) ;
#2056 = DIRECTION ( 'NONE',  ( 1.084202172485504064E-16, 1.000000000000000000, 0.000000000000000000 ) ) ;
#2057 = FACE_OUTER_BOUND ( 'NONE', #902, .T. ) ;
#2058 = VECTOR ( 'NONE', #1361, 1000.000000000000000 ) ;
#2059 = DIRECTION ( 'NONE',  ( 0.000000000000000000, 1.000000000000000000, 0.000000000000000000 ) ) ;
#2060 = DIRECTION ( 'NONE',  ( 0.3420201433256691570, 0.9396926207859083169, 0.000000000000000000 ) ) ;
#2061 = APPROVAL_PERSON_ORGANIZATION ( #45, #789, #1828 ) ;
#2062 = ADVANCED_FACE ( 'NONE', ( #686 ), #2137, .T. ) ;
#2063 = CARTESIAN_POINT ( 'NONE',  ( 17.22299846109111243, -17.03649622367591121, 8.687168757345192560 ) ) ;
#2064 = CARTESIAN_POINT ( 'NONE',  ( 0.000000000000000000, 0.000000000000000000, 15.00000000000000355 ) ) ;
#2065 = ORIENTED_EDGE ( 'NONE', *, *, #19, .T. ) ;
#2066 = ADVANCED_FACE ( 'NONE', ( #699 ), #1387, .F. ) ;
#2067 = ORIENTED_EDGE ( 'NONE', *, *, #1507, .F. ) ;
#2068 = FACE_OUTER_BOUND ( 'NONE', #520, .T. ) ;
#2069 = CARTESIAN_POINT ( 'NONE',  ( 93.94439667530539850, -21.09003563232471024, -5.000000000000000888 ) ) ;
#2070 = DIRECTION ( 'NONE',  ( 0.9848077530122086864, -0.1736481776669271671, 2.138790317323792554E-17 ) ) ;
#2071 = DIRECTION ( 'NONE',  ( 0.000000000000000000, 0.000000000000000000, 1.000000000000000000 ) ) ;
#2072 = CARTESIAN_POINT ( 'NONE',  ( 84.43217723491171967, -33.59053748135178807, 5.000000000000000000 ) ) ;
#2073 = AXIS2_PLACEMENT_3D ( 'NONE', #1896, #1157, #1001 ) ;
#2074 = B_SPLINE_CURVE_WITH_KNOTS ( 'NONE', 3,
 ( #2217, #2018, #213, #564, #1804, #1091, #2205, #191, #1458, #1995, #903, #382, #924, #1490, #1631, #554 ),
 .UNSPECIFIED., .F., .F.,
 ( 4, 2, 2, 2, 2, 2, 2, 4 ),
 ( 2.117499858742978245E-17, 0.0005863683447107110192, 0.001172736689421401005, 0.001759105034132090774, 0.002345473378842780759, 0.002931841723553470745, 0.003518210068264160297, 0.004690946757685541570 ),
 .UNSPECIFIED. ) ;
#2075 = CIRCLE ( 'NONE', #1090, 3.000000000000002665 ) ;
#2076 = ADVANCED_FACE ( 'NONE', ( #1939 ), #1039, .T. ) ;
#2077 = CARTESIAN_POINT ( 'NONE',  ( 16.09542457937989468, -20.01634948933248026, 9.305607300964586770 ) ) ;
#2078 = DIRECTION ( 'NONE',  ( 0.9848077530122084644, -0.1736481776669284161, -8.032841876250984937E-16 ) ) ;
#2079 = VERTEX_POINT ( 'NONE', #1425 ) ;
#2080 = ORIENTED_EDGE ( 'NONE', *, *, #1186, .T. ) ;
#2081 = EDGE_CURVE ( 'NONE', #1768, #585, #293, .T. ) ;
#2082 = CARTESIAN_POINT ( 'NONE',  ( 81.61309937255398950, -32.56447705137477300, 5.000000000000000000 ) ) ;
#2083 = DIRECTION ( 'NONE',  ( 0.000000000000000000, 0.000000000000000000, 1.000000000000000000 ) ) ;
#2084 = CIRCLE ( 'NONE', #1930, 18.00000000000000355 ) ;
#2085 = CARTESIAN_POINT ( 'NONE',  ( 0.000000000000000000, -20.00000000000006040, 8.000000000000000000 ) ) ;
#2086 = DIRECTION ( 'NONE',  ( 0.9396926207859082059, -0.3420201433256694346, 0.000000000000000000 ) ) ;
#2087 = CARTESIAN_POINT ( 'NONE',  ( 80.58703894257698153, -35.38355491373248896, -0.8360777267679784241 ) ) ;
#2088 = DIRECTION ( 'NONE',  ( 0.1736481776669277777, 0.9848077530122085754, 0.000000000000000000 ) ) ;
#2089 = FACE_OUTER_BOUND ( 'NONE', #308, .T. ) ;
#2090 = ORIENTED_EDGE ( 'NONE', *, *, #1954, .F. ) ;
#2091 = ORIENTED_EDGE ( 'NONE', *, *, #227, .F. ) ;
#2092 = AXIS2_PLACEMENT_3D ( 'NONE', #2006, #1827, #370 ) ;
#2093 = DIRECTION ( 'NONE',  ( 1.000000000000000000, 0.000000000000000000, 0.000000000000000000 ) ) ;
#2094 = CARTESIAN_POINT ( 'NONE',  ( 62.30560879594277424, -87.74257369032993381, 4.999999999999997335 ) ) ;
#2095 = LINE ( 'NONE', #57, #186 ) ;
#2096 = AXIS2_PLACEMENT_3D ( 'NONE', #338, #2149, #527 ) ;
#2097 = ADVANCED_FACE ( 'NONE', ( #1271 ), #14, .F. ) ;
#2098 = DIRECTION ( 'NONE',  ( -0.000000000000000000, -1.000000000000000000, 0.000000000000000000 ) ) ;
#2099 = DIRECTION ( 'NONE',  ( -2.171784605454134916E-17, 0.000000000000000000, 1.000000000000000000 ) ) ;
#2100 = EDGE_CURVE ( 'NONE', #1906, #1547, #1096, .T. ) ;
#2101 = EDGE_CURVE ( 'NONE', #1218, #2299, #726, .T. ) ;
#2102 = VECTOR ( 'NONE', #1713, 1000.000000000000000 ) ;
#2103 = LINE ( 'NONE', #1684, #2051 ) ;
#2104 = CARTESIAN_POINT ( 'NONE',  ( 73.63319872355253892, -86.69365358531172205, 5.000000000000000888 ) ) ;
#2105 = AXIS2_PLACEMENT_3D ( 'NONE', #89, #2259, #1437 ) ;
#2106 = EDGE_LOOP ( 'NONE', ( #275, #1609, #422, #1708 ) ) ;
#2107 = VERTEX_POINT ( 'NONE', #2201 ) ;
#2108 = EDGE_CURVE ( 'NONE', #2285, #1102, #1491, .T. ) ;
#2109 = B_SPLINE_CURVE_WITH_KNOTS ( 'NONE', 3,
 ( #1337, #788, #802, #1553, #1888, #281, #1861, #99 ),
 .UNSPECIFIED., .F., .F.,
 ( 4, 2, 2, 4 ),
 ( 3.469446951953614189E-18, 0.002523248213718825260, 0.003784872320578236155, 0.005046496427437647050 ),
 .UNSPECIFIED. ) ;
#2110 = CARTESIAN_POINT ( 'NONE',  ( 17.48441621329268258, -20.11377951627545713, -8.583748626294820383 ) ) ;
#2111 = EDGE_CURVE ( 'NONE', #2249, #2315, #212, .T. ) ;
#2112 = DIRECTION ( 'NONE',  ( -0.000000000000000000, 0.000000000000000000, -1.000000000000000000 ) ) ;
#2113 = CARTESIAN_POINT ( 'NONE',  ( 14.00000000000000711, -68.00000000000005684, -18.00000000000000355 ) ) ;
#2114 = CARTESIAN_POINT ( 'NONE',  ( 7.812593262560322493, -1.170970917478886930, -15.53180846962473360 ) ) ;
#2115 = DATE_TIME_ROLE ( 'classification_date' ) ;
#2116 = VECTOR ( 'NONE', #1668, 1000.000000000000000 ) ;
#2117 = ORIENTED_EDGE ( 'NONE', *, *, #760, .F. ) ;
#2118 = ORIENTED_EDGE ( 'NONE', *, *, #1332, .T. ) ;
#2119 = VERTEX_POINT ( 'NONE', #560 ) ;
#2120 = CARTESIAN_POINT ( 'NONE',  ( 34.58938415433224378, -1.450090917371689895E-15, 5.000000000000000000 ) ) ;
#2121 = CARTESIAN_POINT ( 'NONE',  ( 26.00000000000000000, -1.027984282060330001E-14, 5.000000000000000000 ) ) ;
#2122 = EDGE_LOOP ( 'NONE', ( #786, #50, #242, #905, #1060 ) ) ;
#2123 = CARTESIAN_POINT ( 'NONE',  ( -38.93843508107750040, -17.76160543239318912, -5.000000000000002665 ) ) ;
#2124 = DIRECTION ( 'NONE',  ( 0.000000000000000000, 1.000000000000000000, -0.000000000000000000 ) ) ;
#2125 = AXIS2_PLACEMENT_3D ( 'NONE', #109, #346, #170 ) ;
#2126 = CARTESIAN_POINT ( 'NONE',  ( 31.08938415433227576, -8.000000000000001776, 5.000000000000000888 ) ) ;
#2127 = APPLICATION_PROTOCOL_DEFINITION ( 'international standard', 'config_control_design', 1994, #1393 ) ;
#2128 = EDGE_CURVE ( 'NONE', #1906, #243, #770, .T. ) ;
#2129 = VERTEX_POINT ( 'NONE', #1785 ) ;
#2130 = ORIENTED_EDGE ( 'NONE', *, *, #983, .T. ) ;
#2131 = ORIENTED_EDGE ( 'NONE', *, *, #925, .T. ) ;
#2132 = ADVANCED_FACE ( 'NONE', ( #2180 ), #2348, .T. ) ;
#2133 = AXIS2_PLACEMENT_3D ( 'NONE', #2155, #1831, #355 ) ;
#2134 = CARTESIAN_POINT ( 'NONE',  ( 19.32549313526869028, -20.28975201883767099, -8.040586690191057428 ) ) ;
#2135 = DIRECTION ( 'NONE',  ( 0.3420201433256691570, 0.9396926207859083169, 0.000000000000000000 ) ) ;
#2136 = ORIENTED_EDGE ( 'NONE', *, *, #1847, .F. ) ;
#2137 = CYLINDRICAL_SURFACE ( 'NONE', #398, 18.00000000000000355 ) ;
#2138 = CARTESIAN_POINT ( 'NONE',  ( 14.18808567594406256, -3.000000000000044409, -11.07692307692307487 ) ) ;
#2139 = DIRECTION ( 'NONE',  ( 0.3420201433256691570, 0.9396926207859083169, 0.000000000000000000 ) ) ;
#2140 = VECTOR ( 'NONE', #1042, 1000.000000000000000 ) ;
#2141 = EDGE_LOOP ( 'NONE', ( #1223, #1661, #332, #1180 ) ) ;
#2142 = ORIENTED_EDGE ( 'NONE', *, *, #374, .F. ) ;
#2143 = AXIS2_PLACEMENT_3D ( 'NONE', #1890, #1544, #255 ) ;
#2144 = EDGE_LOOP ( 'NONE', ( #1369, #384, #1994, #372 ) ) ;
#2145 = CARTESIAN_POINT ( 'NONE',  ( 16.43293789284316730, -20.03646914020483649, -9.096199232162149428 ) ) ;
#2146 = FACE_OUTER_BOUND ( 'NONE', #2254, .T. ) ;
#2147 = EDGE_LOOP ( 'NONE', ( #1509, #1564, #129, #557, #757, #2091 ) ) ;
#2148 = DIRECTION ( 'NONE',  ( -2.171784605454134916E-17, 0.000000000000000000, 1.000000000000000000 ) ) ;
#2149 = DIRECTION ( 'NONE',  ( 0.9396926207859083169, -0.3420201433256691570, 0.000000000000000000 ) ) ;
#2150 = ORIENTED_EDGE ( 'NONE', *, *, #523, .T. ) ;
#2151 = CARTESIAN_POINT ( 'NONE',  ( 16.36699633428875700, -20.05553687865275592, -5.728226116592291639 ) ) ;
#2152 = PERSON_AND_ORGANIZATION_ROLE ( 'design_owner' ) ;
#2153 = EDGE_CURVE ( 'NONE', #73, #2119, #172, .T. ) ;
#2154 = ORIENTED_EDGE ( 'NONE', *, *, #132, .T. ) ;
#2155 = CARTESIAN_POINT ( 'NONE',  ( 92.91833624532834790, -23.90911349468242264, 5.000000000000000888 ) ) ;
#2156 = DIRECTION ( 'NONE',  ( -0.000000000000000000, -0.000000000000000000, 1.000000000000000000 ) ) ;
#2157 = EDGE_CURVE ( 'NONE', #1520, #1768, #886, .T. ) ;
#2158 = ORIENTED_EDGE ( 'NONE', *, *, #1820, .F. ) ;
#2159 = DIRECTION ( 'NONE',  ( 0.000000000000000000, 0.000000000000000000, 1.000000000000000000 ) ) ;
#2160 = FACE_OUTER_BOUND ( 'NONE', #2209, .T. ) ;
#2161 = AXIS2_PLACEMENT_3D ( 'NONE', #1344, #425, #798 ) ;
#2162 = LINE ( 'NONE', #528, #168 ) ;
#2163 = FACE_BOUND ( 'NONE', #367, .T. ) ;
#2164 = ORIENTED_EDGE ( 'NONE', *, *, #1357, .T. ) ;
#2165 = CARTESIAN_POINT ( 'NONE',  ( -38.93843508107750040, -17.76160543239318912, -18.00000000000000355 ) ) ;
#2166 = CIRCLE ( 'NONE', #1480, 8.000000000000000000 ) ;
#2167 = VECTOR ( 'NONE', #1505, 1000.000000000000000 ) ;
#2168 = CARTESIAN_POINT ( 'NONE',  ( 62.82655332894356093, -84.78815043129331741, 5.000000000000000888 ) ) ;
#2169 = DIRECTION ( 'NONE',  ( -2.171784605454134916E-17, 0.000000000000000000, 1.000000000000000000 ) ) ;
#2170 = B_SPLINE_CURVE_WITH_KNOTS ( 'NONE', 3,
 ( #2307, #303, #700, #1055, #2319, #514, #887, #2114, #151, #490, #326, #1576, #1591, #137, #1941, #675 ),
 .UNSPECIFIED., .F., .F.,
 ( 4, 2, 2, 2, 2, 2, 2, 4 ),
 ( 3.203666068100662451E-17, 0.0005863683447107177413, 0.001172736689421403607, 0.001759105034132089256, 0.002345473378842775122, 0.002931841723553462072, 0.003518210068264149021, 0.004690946757685523355 ),
 .UNSPECIFIED. ) ;
#2171 = CARTESIAN_POINT ( 'NONE',  ( 34.58938415433227931, -3.000000000000001776, -8.000000000000001776 ) ) ;
#2172 = EDGE_CURVE ( 'NONE', #2224, #1670, #248, .T. ) ;
#2173 = AXIS2_PLACEMENT_3D ( 'NONE', #1375, #2124, #2294 ) ;
#2174 = ORIENTED_EDGE ( 'NONE', *, *, #1652, .T. ) ;
#2175 = ORIENTED_EDGE ( 'NONE', *, *, #1069, .F. ) ;
#2176 = ADVANCED_FACE ( 'NONE', ( #1809 ), #1443, .T. ) ;
#2177 = AXIS2_PLACEMENT_3D ( 'NONE', #2113, #135, #853 ) ;
#2178 = CARTESIAN_POINT ( 'NONE',  ( 14.00000000000000711, -17.00000000000005329, 7.121416616726646609 ) ) ;
#2179 = EDGE_CURVE ( 'NONE', #2129, #2344, #1107, .T. ) ;
#2180 = FACE_OUTER_BOUND ( 'NONE', #190, .T. ) ;
#2181 = DIRECTION ( 'NONE',  ( -2.171784605454134916E-17, 0.000000000000000000, 1.000000000000000000 ) ) ;
#2182 = ORIENTED_EDGE ( 'NONE', *, *, #760, .T. ) ;
#2183 = DIRECTION ( 'NONE',  ( -1.084202172485504064E-16, -1.000000000000000000, -0.000000000000000000 ) ) ;
#2184 = EDGE_CURVE ( 'NONE', #692, #1580, #2298, .T. ) ;
#2185 = ORIENTED_EDGE ( 'NONE', *, *, #846, .T. ) ;
#2186 = DIRECTION ( 'NONE',  ( -0.9396926207859073177, 0.3420201433256715995, -0.000000000000000000 ) ) ;
#2187 = AXIS2_PLACEMENT_3D ( 'NONE', #421, #1297, #793 ) ;
#2188 = VECTOR ( 'NONE', #922, 1000.000000000000000 ) ;
#2189 = CARTESIAN_POINT ( 'NONE',  ( 0.000000000000000000, 0.000000000000000000, 0.000000000000000000 ) ) ;
#2190 = DIRECTION ( 'NONE',  ( 0.8528154076108321879, -0.5222124860069606855, 8.673617379884042375E-16 ) ) ;
#2191 = VERTEX_POINT ( 'NONE', #899 ) ;
#2192 = ORIENTED_EDGE ( 'NONE', *, *, #1461, .T. ) ;
#2193 = CARTESIAN_POINT ( 'NONE',  ( 89.56247938479675952, -19.49514816956315855, 4.999999999999997335 ) ) ;
#2194 = AXIS2_PLACEMENT_3D ( 'NONE', #1883, #598, #2014 ) ;
#2195 = ORIENTED_EDGE ( 'NONE', *, *, #2157, .F. ) ;
#2196 = CARTESIAN_POINT ( 'NONE',  ( 16.09749160010634839, -20.01645367822668220, -9.304095458454570533 ) ) ;
#2197 = CARTESIAN_POINT ( 'NONE',  ( 17.61434304420702190, -17.06004291318153321, 8.524387952020655135 ) ) ;
#2198 = ADVANCED_FACE ( 'NONE', ( #980 ), #828, .T. ) ;
#2199 = AXIS2_PLACEMENT_3D ( 'NONE', #426, #1526, #2251 ) ;
#2200 = ORIENTED_EDGE ( 'NONE', *, *, #843, .T. ) ;
#2201 = CARTESIAN_POINT ( 'NONE',  ( 92.91833624532837632, -23.90911349468245106, -8.000000000000000000 ) ) ;
#2202 = DIRECTION ( 'NONE',  ( 0.5222124860069606855, 0.8528154076108322990, 3.945063755352642487E-15 ) ) ;
#2203 = ORIENTED_EDGE ( 'NONE', *, *, #732, .T. ) ;
#2204 = AXIS2_PLACEMENT_3D ( 'NONE', #1754, #1253, #1578 ) ;
#2205 = CARTESIAN_POINT ( 'NONE',  ( 9.653691353664290986, -18.50295830349789838, -14.72068390513489433 ) ) ;
#2206 = DIRECTION ( 'NONE',  ( 1.000000000000000000, 0.000000000000000000, 3.401418580346680203E-17 ) ) ;
#2207 = CIRCLE ( 'NONE', #610, 18.00000000000000355 ) ;
#2208 = CARTESIAN_POINT ( 'NONE',  ( -1.085892302727067212E-16, 0.000000000000000000, 4.999999999999999112 ) ) ;
#2209 = EDGE_LOOP ( 'NONE', ( #1396, #319, #399, #2185, #1245, #1087, #1856, #1438 ) ) ;
#2210 = ORIENTED_EDGE ( 'NONE', *, *, #132, .F. ) ;
#2211 = AXIS2_PLACEMENT_3D ( 'NONE', #706, #2156, #532 ) ;
#2212 = CARTESIAN_POINT ( 'NONE',  ( 20.49390153191920305, -17.41512831988468690, -4.999999999999993783 ) ) ;
#2213 = CARTESIAN_POINT ( 'NONE',  ( 61.27077214458601162, -76.33511252801257285, 4.999999999999997335 ) ) ;
#2214 = ORIENTED_EDGE ( 'NONE', *, *, #732, .F. ) ;
#2215 = LOCAL_TIME ( 19, 57, 12.00000000000000000, #2297 ) ;
#2216 = DIRECTION ( 'NONE',  ( 0.9848077530122086864, -0.1736481776669271948, 2.138790317323792554E-17 ) ) ;
#2217 = CARTESIAN_POINT ( 'NONE',  ( 9.852125781590167719, -17.00000000000007105, -15.06438241627336794 ) ) ;
#2218 = ORIENTED_EDGE ( 'NONE', *, *, #180, .F. ) ;
#2219 = DIRECTION ( 'NONE',  ( 1.000000000000000000, 0.000000000000000000, 0.000000000000000000 ) ) ;
#2220 = DIRECTION ( 'NONE',  ( 1.000000000000000000, -1.927470528863118556E-16, 0.000000000000000000 ) ) ;
#2221 = EDGE_CURVE ( 'NONE', #807, #216, #102, .T. ) ;
#2222 = ORIENTED_EDGE ( 'NONE', *, *, #368, .F. ) ;
#2223 = EDGE_LOOP ( 'NONE', ( #1024, #744, #1658, #2142, #966, #1808, #2200 ) ) ;
#2224 = VERTEX_POINT ( 'NONE', #817 ) ;
#2225 = DIRECTION ( 'NONE',  ( 0.9848077530122086864, -0.1736481776669269450, 0.000000000000000000 ) ) ;
#2226 = CARTESIAN_POINT ( 'NONE',  ( 92.91833624532839053, -23.90911349468243685, 4.999999999999998224 ) ) ;
#2227 = CIRCLE ( 'NONE', #1545, 3.500000000000003109 ) ;
#2228 = EDGE_CURVE ( 'NONE', #460, #807, #617, .T. ) ;
#2229 = DIRECTION ( 'NONE',  ( 0.000000000000000000, 1.000000000000000000, 0.000000000000000000 ) ) ;
#2230 = FACE_OUTER_BOUND ( 'NONE', #1310, .T. ) ;
#2231 = ORIENTED_EDGE ( 'NONE', *, *, #1415, .T. ) ;
#2232 = CARTESIAN_POINT ( 'NONE',  ( 14.91153621383580408, -20.00621619899500203, 6.470920847982937651 ) ) ;
#2233 = DIRECTION ( 'NONE',  ( -0.5903546847199271363, 0.000000000000000000, -0.8071439439339401778 ) ) ;
#2234 = DIRECTION ( 'NONE',  ( 0.9396926207859080948, -0.3420201433256694901, 0.000000000000000000 ) ) ;
#2235 = ORIENTED_EDGE ( 'NONE', *, *, #1725, .F. ) ;
#2236 = ORIENTED_EDGE ( 'NONE', *, *, #507, .T. ) ;
#2237 = ORIENTED_EDGE ( 'NONE', *, *, #1820, .T. ) ;
#2238 = AXIS2_PLACEMENT_3D ( 'NONE', #656, #2112, #487 ) ;
#2239 = CARTESIAN_POINT ( 'NONE',  ( 59.87213006990693742, -84.26720589829253072, -5.000000000000000888 ) ) ;
#2240 = DIRECTION ( 'NONE',  ( 2.139922160430260346E-29, 1.000000000000000000, 2.312964634635743450E-15 ) ) ;
#2241 = CARTESIAN_POINT ( 'NONE',  ( 20.49390153191920305, -90.00000000000000000, -8.000000000000001776 ) ) ;
#2242 = FACE_BOUND ( 'NONE', #594, .T. ) ;
#2243 = LINE ( 'NONE', #1879, #2245 ) ;
#2244 = VECTOR ( 'NONE', #164, 1000.000000000000114 ) ;
#2245 = VECTOR ( 'NONE', #435, 1000.000000000000000 ) ;
#2246 = CARTESIAN_POINT ( 'NONE',  ( 0.000000000000000000, -90.00000000000000000, 0.000000000000000000 ) ) ;
#2247 = EDGE_LOOP ( 'NONE', ( #1116, #851, #1845, #2030 ) ) ;
#2248 = AXIS2_PLACEMENT_3D ( 'NONE', #1402, #1965, #2330 ) ;
#2249 = VERTEX_POINT ( 'NONE', #1378 ) ;
#2250 = CARTESIAN_POINT ( 'NONE',  ( 93.94439667530539850, -21.09003563232471024, 4.999999999999998224 ) ) ;
#2251 = DIRECTION ( 'NONE',  ( -2.171784605454134916E-17, 0.000000000000000000, 1.000000000000000000 ) ) ;
#2252 = ADVANCED_FACE ( 'NONE', ( #2270 ), #1351, .F. ) ;
#2253 = CIRCLE ( 'NONE', #1450, 2.999999999999996447 ) ;
#2254 = EDGE_LOOP ( 'NONE', ( #2286, #582, #1329, #1774, #2222, #1146, #1059, #1870, #1549, #1472, #1495, #1267, #2195, #1099 ) ) ;
#2255 = DIRECTION ( 'NONE',  ( 1.000000000000000000, 0.000000000000000000, 0.000000000000000000 ) ) ;
#2256 = FACE_OUTER_BOUND ( 'NONE', #1442, .T. ) ;
#2257 = VECTOR ( 'NONE', #1165, 1000.000000000000114 ) ;
#2258 = LINE ( 'NONE', #777, #1815 ) ;
#2259 = DIRECTION ( 'NONE',  ( 1.223926080343067193E-15, -2.158111903572337460E-16, -1.000000000000000000 ) ) ;
#2260 = EDGE_CURVE ( 'NONE', #1572, #82, #442, .T. ) ;
#2261 = ORIENTED_EDGE ( 'NONE', *, *, #1248, .F. ) ;
#2262 = ORIENTED_EDGE ( 'NONE', *, *, #76, .F. ) ;
#2263 = CARTESIAN_POINT ( 'NONE',  ( 17.03570578410374736, -17.02900219881162514, -8.782997747460001392 ) ) ;
#2264 = CARTESIAN_POINT ( 'NONE',  ( 36.29948487096064724, -3.301536896070470739, 7.999999999999998224 ) ) ;
#2265 = LINE ( 'NONE', #632, #1056 ) ;
#2266 = DIRECTION ( 'NONE',  ( 1.000000000000000000, 0.000000000000000000, 3.401418580346680203E-17 ) ) ;
#2267 = CIRCLE ( 'NONE', #1989, 3.000000000000000444 ) ;
#2268 = TOROIDAL_SURFACE ( 'NONE', #1251, 15.00000000000000355, 3.000000000000000000 ) ;
#2269 = CARTESIAN_POINT ( 'NONE',  ( 19.72041230899606390, -20.34045030336717019, 8.020204984856729169 ) ) ;
#2270 = FACE_OUTER_BOUND ( 'NONE', #2223, .T. ) ;
#2271 = ORIENTED_EDGE ( 'NONE', *, *, #306, .F. ) ;
#2272 = EDGE_LOOP ( 'NONE', ( #1025, #543, #309, #403, #625, #1432 ) ) ;
#2273 = ADVANCED_FACE ( 'NONE', ( #2089 ), #965, .T. ) ;
#2274 = CIRCLE ( 'NONE', #2352, 2.999999999999996447 ) ;
#2275 = DIRECTION ( 'NONE',  ( 0.9848077530122089085, -0.1736481776669261401, 0.000000000000000000 ) ) ;
#2276 = CARTESIAN_POINT ( 'NONE',  ( -38.93843508107750040, -17.76160543239318912, -5.000000000000004441 ) ) ;
#2277 = CARTESIAN_POINT ( 'NONE',  ( 0.000000000000000000, -3.000000000000002665, 18.00000000000000355 ) ) ;
#2278 = EDGE_CURVE ( 'NONE', #658, #1218, #1573, .T. ) ;
#2279 = CARTESIAN_POINT ( 'NONE',  ( 34.58938415433227931, -8.000000000000001776, -18.00000000000000355 ) ) ;
#2280 = DIRECTION ( 'NONE',  ( 0.000000000000000000, 1.000000000000000000, -0.000000000000000000 ) ) ;
#2281 = DIRECTION ( 'NONE',  ( -0.9848077530122086864, 0.1736481776669271948, 0.000000000000000000 ) ) ;
#2282 = DIRECTION ( 'NONE',  ( 0.9396926207859080948, -0.3420201433256694901, 0.000000000000000000 ) ) ;
#2283 = DIRECTION ( 'NONE',  ( 0.000000000000000000, 0.000000000000000000, 1.000000000000000000 ) ) ;
#2284 = EDGE_CURVE ( 'NONE', #585, #1604, #1905, .T. ) ;
#2285 = VERTEX_POINT ( 'NONE', #2064 ) ;
#2286 = ORIENTED_EDGE ( 'NONE', *, *, #1531, .T. ) ;
#2287 = CIRCLE ( 'NONE', #1265, 8.000000000000000000 ) ;
#2288 = CARTESIAN_POINT ( 'NONE',  ( 20.49390153191920660, -17.41512831988469401, 4.999999999999989342 ) ) ;
#2289 = DIRECTION ( 'NONE',  ( 1.084202172485504064E-16, 1.000000000000000000, 0.000000000000000000 ) ) ;
#2290 = VECTOR ( 'NONE', #60, 1000.000000000000000 ) ;
#2291 = ORIENTED_EDGE ( 'NONE', *, *, #983, .F. ) ;
#2292 = DIRECTION ( 'NONE',  ( 0.000000000000000000, 0.000000000000000000, -1.000000000000000000 ) ) ;
#2293 = DIRECTION ( 'NONE',  ( 0.000000000000000000, 1.000000000000000000, 0.000000000000000000 ) ) ;
#2294 = DIRECTION ( 'NONE',  ( 0.000000000000000000, 0.000000000000000000, 1.000000000000000000 ) ) ;
#2295 = VECTOR ( 'NONE', #2059, 1000.000000000000000 ) ;
#2296 = DIRECTION ( 'NONE',  ( -1.000000000000000000, 0.000000000000000000, 0.000000000000000000 ) ) ;
#2297 = COORDINATED_UNIVERSAL_TIME_OFFSET ( 5, 30, .AHEAD. ) ;
#2298 = CIRCLE ( 'NONE', #481, 51.00000000000000711 ) ;
#2299 = VERTEX_POINT ( 'NONE', #794 ) ;
#2300 = ORIENTED_EDGE ( 'NONE', *, *, #1127, .T. ) ;
#2301 = EDGE_CURVE ( 'NONE', #256, #2129, #364, .T. ) ;
#2302 = DIRECTION ( 'NONE',  ( -0.000000000000000000, 0.000000000000000000, 1.000000000000000000 ) ) ;
#2303 = DIRECTION ( 'NONE',  ( 0.000000000000000000, 0.000000000000000000, 1.000000000000000000 ) ) ;
#2304 = EDGE_LOOP ( 'NONE', ( #353, #678, #211, #1428 ) ) ;
#2305 = CYLINDRICAL_SURFACE ( 'NONE', #747, 3.500000000000003109 ) ;
#2306 = CARTESIAN_POINT ( 'NONE',  ( 0.000000000000000000, -90.00000000000000000, 0.000000000000000000 ) ) ;
#2307 = CARTESIAN_POINT ( 'NONE',  ( 8.120074974021296299, -3.000000000000030198, -16.06438241627336794 ) ) ;
#2308 = EDGE_CURVE ( 'NONE', #1769, #1326, #179, .T. ) ;
#2309 = CIRCLE ( 'NONE', #1583, 15.00000000000000355 ) ;
#2310 = DIRECTION ( 'NONE',  ( 0.000000000000000000, 0.000000000000000000, 1.000000000000000000 ) ) ;
#2311 = SECURITY_CLASSIFICATION_LEVEL ( 'unclassified' ) ;
#2312 = CIRCLE ( 'NONE', #559, 8.000000000000000000 ) ;
#2313 = EDGE_LOOP ( 'NONE', ( #1217, #1320, #685, #200, #1911 ) ) ;
#2314 = ORIENTED_EDGE ( 'NONE', *, *, #201, .F. ) ;
#2315 = VERTEX_POINT ( 'NONE', #1880 ) ;
#2316 = CARTESIAN_POINT ( 'NONE',  ( 18.58474949227809248, -20.21052323774921078, -8.188636561373559886 ) ) ;
#2317 = DIRECTION ( 'NONE',  ( 1.000000000000000000, -1.927470528863118556E-16, -8.881784197001252323E-16 ) ) ;
#2318 = DIRECTION ( 'NONE',  ( -0.5000000000000011102, 0.000000000000000000, 0.8660254037844379305 ) ) ;
#2319 = CARTESIAN_POINT ( 'NONE',  ( 8.043238917061984239, -2.032667998066829185, -15.93129846176659292 ) ) ;
#2320 = CARTESIAN_POINT ( 'NONE',  ( -1.945162556003636078, -5.344290199788613194, -5.000000000000000000 ) ) ;
#2321 = FACE_OUTER_BOUND ( 'NONE', #46, .T. ) ;
#2322 = EDGE_LOOP ( 'NONE', ( #1456, #1799, #1009, #1314 ) ) ;
#2323 = ORIENTED_EDGE ( 'NONE', *, *, #473, .F. ) ;
#2324 = ORIENTED_EDGE ( 'NONE', *, *, #2011, .T. ) ;
#2325 = VECTOR ( 'NONE', #1295, 1000.000000000000000 ) ;
#2326 = CARTESIAN_POINT ( 'NONE',  ( 3.009265538105054969E-30, -17.00000000000004263, 18.00000000000000355 ) ) ;
#2327 = DIRECTION ( 'NONE',  ( 1.000000000000000000, 0.000000000000000000, 0.000000000000000000 ) ) ;
#2328 = CARTESIAN_POINT ( 'NONE',  ( 0.000000000000000000, -90.00000000000000000, 0.000000000000000000 ) ) ;
#2329 = AXIS2_PLACEMENT_3D ( 'NONE', #1078, #188, #29 ) ;
#2330 = DIRECTION ( 'NONE',  ( -0.7882269819968923397, 0.000000000000000000, 0.6153846153846153078 ) ) ;
#2331 = ADVANCED_FACE ( 'NONE', ( #459 ), #127, .T. ) ;
#2332 = CARTESIAN_POINT ( 'NONE',  ( 14.43864451317005582, -20.00000000000006395, -6.780534936885984187 ) ) ;
#2333 = DATE_TIME_ROLE ( 'creation_date' ) ;
#2334 = AXIS2_PLACEMENT_3D ( 'NONE', #1258, #1063, #2255 ) ;
#2335 = ORIENTED_EDGE ( 'NONE', *, *, #716, .T. ) ;
#2336 = EDGE_CURVE ( 'NONE', #2249, #1572, #470, .T. ) ;
#2337 = CARTESIAN_POINT ( 'NONE',  ( 87.18975260158271112, 1.553484323057535477, 0.000000000000000000 ) ) ;
#2338 = CARTESIAN_POINT ( 'NONE',  ( 9.101169704400371430, -0.3949071176802187999, -13.76368833632802691 ) ) ;
#2339 = CARTESIAN_POINT ( 'NONE',  ( 0.000000000000000000, -3.000000000000002665, 0.000000000000000000 ) ) ;
#2340 = DIRECTION ( 'NONE',  ( 0.04657203077492014925, 0.9989149342909535711, -0.000000000000000000 ) ) ;
#2341 = CARTESIAN_POINT ( 'NONE',  ( 14.00000000000000711, -68.00000000000005684, 4.999999999999997335 ) ) ;
#2342 = CARTESIAN_POINT ( 'NONE',  ( 84.43217723491171967, -33.59053748135178807, -5.000000000000000000 ) ) ;
#2343 = CARTESIAN_POINT ( 'NONE',  ( 0.000000000000000000, 0.000000000000000000, 0.000000000000000000 ) ) ;
#2344 = VERTEX_POINT ( 'NONE', #1730 ) ;
#2345 = CIRCLE ( 'NONE', #2187, 8.000000000000000000 ) ;
#2346 = EDGE_CURVE ( 'NONE', #1875, #1685, #25, .T. ) ;
#2347 = EDGE_CURVE ( 'NONE', #73, #595, #915, .T. ) ;
#2348 = CYLINDRICAL_SURFACE ( 'NONE', #1340, 18.00000000000000355 ) ;
#2349 = ADVANCED_FACE ( 'NONE', ( #2163, #2321 ), #1943, .F. ) ;
#2350 = DIRECTION ( 'NONE',  ( -0.5000000000000009992, 0.000000000000000000, 0.8660254037844380415 ) ) ;
#2351 = DIRECTION ( 'NONE',  ( 1.000000000000000000, 0.000000000000000000, 0.000000000000000000 ) ) ;
#2352 = AXIS2_PLACEMENT_3D ( 'NONE', #1182, #1574, #2275 ) ;
#2353 = DIRECTION ( 'NONE',  ( -0.9396926207859083169, 0.3420201433256694346, -2.040809967681685592E-17 ) ) ;
#2354 = CIRCLE ( 'NONE', #1406, 4.000000000000001776 ) ;
ENDSEC;
END-ISO-10303-21;
