ISO-10303-21;
HEADER;
FILE_DESCRIPTION (( 'STEP AP203' ),
    '1' );
FILE_NAME ('CSWA_10_1.STEP',
    '2026-08-11T14:41:33',
    ( '' ),
    ( '' ),
    'SwSTEP 2.0',
    'SolidWorks 2026',
    '' );
FILE_SCHEMA (( 'CONFIG_CONTROL_DESIGN' ));
ENDSEC;

DATA;
#1 = CARTESIAN_POINT ( 'NONE',  ( 50.00000000000002132, -24.12132034355964905, -11.23401871576772848 ) ) ;
#2 = DIRECTION ( 'NONE',  ( 1.000000000000000000, -0.000000000000000000, -0.000000000000000000 ) ) ;
#3 = CARTESIAN_POINT ( 'NONE',  ( 47.00000000000000000, -9.112698372208042130, 22.00000000000000711 ) ) ;
#4 = CARTESIAN_POINT ( 'NONE',  ( -35.76987939157871921, -11.23401871576941069, -24.12132034355796861 ) ) ;
#5 = VECTOR ( 'NONE', #1442, 1000.000000000000000 ) ;
#6 = CARTESIAN_POINT ( 'NONE',  ( -18.13664457375184469, -25.00000000000000355, 19.97687848145971046 ) ) ;
#7 = VERTEX_POINT ( 'NONE', #1870 ) ;
#8 = EDGE_CURVE ( 'NONE', #1098, #2310, #3485, .T. ) ;
#9 = CARTESIAN_POINT ( 'NONE',  ( 50.00000000000000000, 7.322330470336320118, -42.67766952966368876 ) ) ;
#10 = EDGE_CURVE ( 'NONE', #1416, #1655, #3458, .T. ) ;
#11 = ORIENTED_EDGE ( 'NONE', *, *, #282, .T. ) ;
#12 = EDGE_LOOP ( 'NONE', ( #3182, #3557, #2636, #3138 ) ) ;
#13 = CARTESIAN_POINT ( 'NONE',  ( -22.74034536924885685, 14.94953755801486217, -25.00000000000000355 ) ) ;
#14 = EDGE_LOOP ( 'NONE', ( #2026, #2929, #2225, #934 ) ) ;
#15 = DIRECTION ( 'NONE',  ( -2.044391222244495695E-15, 0.7071067811865501263, 0.7071067811865449082 ) ) ;
#16 = ADVANCED_FACE ( 'NONE', ( #2930 ), #1627, .T. ) ;
#17 = CARTESIAN_POINT ( 'NONE',  ( 47.00000000000000000, 9.112698372208056341, -25.00000000000000000 ) ) ;
#18 = DIRECTION ( 'NONE',  ( -1.000000000000000000, -0.000000000000000000, -0.000000000000000000 ) ) ;
#19 = FACE_OUTER_BOUND ( 'NONE', #1469, .T. ) ;
#20 = PLANE ( 'NONE',  #1605 ) ;
#21 = FACE_OUTER_BOUND ( 'NONE', #2541, .T. ) ;
#22 = ORIENTED_EDGE ( 'NONE', *, *, #2086, .F. ) ;
#23 = CIRCLE ( 'NONE', #2960, 2.999999999999999112 ) ;
#24 = DIRECTION ( 'NONE',  ( 0.000000000000000000, 0.000000000000000000, 1.000000000000000000 ) ) ;
#25 = EDGE_LOOP ( 'NONE', ( #1758, #1368, #2240 ) ) ;
#26 = ORIENTED_EDGE ( 'NONE', *, *, #3053, .F. ) ;
#27 = FACE_OUTER_BOUND ( 'NONE', #2617, .T. ) ;
#28 = CARTESIAN_POINT ( 'NONE',  ( 30.37302948602507513, 24.12132034355964905, 11.23401871576773914 ) ) ;
#29 = ORIENTED_EDGE ( 'NONE', *, *, #1107, .T. ) ;
#30 = DIRECTION ( 'NONE',  ( 0.000000000000000000, 0.000000000000000000, 1.000000000000000000 ) ) ;
#31 = ADVANCED_FACE ( 'NONE', ( #1246 ), #3443, .F. ) ;
#32 = DIRECTION ( 'NONE',  ( -0.000000000000000000, 0.7071067811865477948, 0.7071067811865472397 ) ) ;
#33 = CIRCLE ( 'NONE', #3487, 3.000000000000001332 ) ;
#34 = DIRECTION ( 'NONE',  ( -1.000000000000000000, 5.551115123125783688E-16, 0.000000000000000000 ) ) ;
#35 = DIRECTION ( 'NONE',  ( 0.000000000000000000, 0.7071067811865450192, -0.7071067811865501263 ) ) ;
#36 = CARTESIAN_POINT ( 'NONE',  ( 37.50000000000000711, -9.112698372208079434, -25.00000000000000000 ) ) ;
#37 = VECTOR ( 'NONE', #1859, 1000.000000000000000 ) ;
#38 = DIRECTION ( 'NONE',  ( 0.000000000000000000, 1.000000000000000000, -3.469446951953615372E-15 ) ) ;
#39 = ORIENTED_EDGE ( 'NONE', *, *, #2129, .T. ) ;
#40 = ADVANCED_FACE ( 'NONE', ( #423 ), #3480, .T. ) ;
#41 = DIRECTION ( 'NONE',  ( 0.000000000000000000, -0.7071067811865475727, 0.7071067811865474617 ) ) ;
#42 = VERTEX_POINT ( 'NONE', #2327 ) ;
#43 = ORIENTED_EDGE ( 'NONE', *, *, #2766, .F. ) ;
#44 = CARTESIAN_POINT ( 'NONE',  ( -37.50000000000000711, -60.35533905932735621, 10.35533905932757293 ) ) ;
#45 = CARTESIAN_POINT ( 'NONE',  ( 19.04419066270325445, 23.43092918492793686, 23.43092918492793331 ) ) ;
#46 = ORIENTED_EDGE ( 'NONE', *, *, #3245, .F. ) ;
#47 = CARTESIAN_POINT ( 'NONE',  ( -37.50000000000000711, 11.23401871576774980, 24.12132034355963484 ) ) ;
#48 = CIRCLE ( 'NONE', #3508, 3.000000000000001332 ) ;
#49 = EDGE_CURVE ( 'NONE', #3317, #2857, #23, .T. ) ;
#50 = COORDINATED_UNIVERSAL_TIME_OFFSET ( 5, 30, .AHEAD. ) ;
#51 = CARTESIAN_POINT ( 'NONE',  ( -16.82949354222763816, 25.00000000000000000, 22.00000000000000355 ) ) ;
#52 = PLANE ( 'NONE',  #3031 ) ;
#53 = DIRECTION ( 'NONE',  ( -1.000000000000000000, 0.000000000000000000, 0.000000000000000000 ) ) ;
#54 = EDGE_CURVE ( 'NONE', #231, #1989, #2034, .T. ) ;
#55 = AXIS2_PLACEMENT_3D ( 'NONE', #625, #3052, #24 ) ;
#56 = AXIS2_PLACEMENT_3D ( 'NONE', #3113, #2845, #106 ) ;
#57 = DIRECTION ( 'NONE',  ( -0.8399349719120068336, 0.5426870580354541396, 0.000000000000000000 ) ) ;
#58 = ORIENTED_EDGE ( 'NONE', *, *, #3150, .T. ) ;
#59 = DIRECTION ( 'NONE',  ( 1.000000000000000000, 3.486305596842064505E-32, 5.551115123125764953E-16 ) ) ;
#60 = CC_DESIGN_APPROVAL ( #2848, ( #2344 ) ) ;
#61 = ADVANCED_FACE ( 'NONE', ( #1482 ), #983, .T. ) ;
#62 = ORIENTED_EDGE ( 'NONE', *, *, #2875, .T. ) ;
#63 = VERTEX_POINT ( 'NONE', #2306 ) ;
#64 = DIRECTION ( 'NONE',  ( -1.000000000000000000, 2.312964634635743450E-15, -0.000000000000000000 ) ) ;
#65 = ORIENTED_EDGE ( 'NONE', *, *, #904, .F. ) ;
#66 = CARTESIAN_POINT ( 'NONE',  ( -19.04419066270325445, 23.43092918492793686, 23.43092918492793331 ) ) ;
#67 = CARTESIAN_POINT ( 'NONE',  ( -37.50000000000000711, 24.12132034355964905, -11.23401871576777644 ) ) ;
#68 = COORDINATED_UNIVERSAL_TIME_OFFSET ( 5, 30, .AHEAD. ) ;
#69 = DIRECTION ( 'NONE',  ( 0.000000000000000000, 0.000000000000000000, 1.000000000000000000 ) ) ;
#70 = CARTESIAN_POINT ( 'NONE',  ( 37.50000000000000711, 9.112698372208043907, -25.00000000000000000 ) ) ;
#71 = CARTESIAN_POINT ( 'NONE',  ( 21.51127130665674159, 19.78398749108447774, -23.63735984684349134 ) ) ;
#72 = DIRECTION ( 'NONE',  ( 0.000000000000000000, -1.000000000000000000, 0.000000000000000000 ) ) ;
#73 = CARTESIAN_POINT ( 'NONE',  ( -47.00000000000000000, 24.12132034355964194, -11.23401871576779243 ) ) ;
#74 = ORIENTED_EDGE ( 'NONE', *, *, #929, .T. ) ;
#75 = DIRECTION ( 'NONE',  ( -1.000000000000000000, -5.551115123125783688E-16, 0.000000000000000000 ) ) ;
#76 = EDGE_CURVE ( 'NONE', #3107, #1289, #3172, .T. ) ;
#77 = EDGE_CURVE ( 'NONE', #1563, #704, #1265, .T. ) ;
#78 = VERTEX_POINT ( 'NONE', #462 ) ;
#79 = ORIENTED_EDGE ( 'NONE', *, *, #2657, .T. ) ;
#80 = CARTESIAN_POINT ( 'NONE',  ( -29.51779302434806951, -25.00000000000000000, -9.112698372208086539 ) ) ;
#81 = EDGE_CURVE ( 'NONE', #1918, #231, #2369, .T. ) ;
#82 = VERTEX_POINT ( 'NONE', #2653 ) ;
#83 = CARTESIAN_POINT ( 'NONE',  ( -47.00000000000000000, 25.00000000000000000, 9.112698372208106079 ) ) ;
#84 =( BOUNDED_SURFACE ( )  B_SPLINE_SURFACE ( 3, 2, ( 
 ( #1861, #516, #3206 ),
 ( #2922, #2110, #2902 ),
 ( #2146, #980, #498 ),
 ( #1844, #2938, #2385 ),
 ( #3478, #2650, #2072 ),
 ( #1013, #746, #1243 ),
 ( #167, #3513, #1589 ),
 ( #435, #3240, #1035 ),
 ( #762, #998, #2345 ),
 ( #1804, #2092, #1298 ) ),
 .UNSPECIFIED., .F., .F., .F. ) 
 B_SPLINE_SURFACE_WITH_KNOTS ( ( 4, 2, 2, 2, 4 ),
 ( 3, 3 ),
 ( 0.000000000000000000, 0.2076115300928356167, 0.4152230601856712333, 0.6228345902785068500, 0.8304461203713424666 ),
 ( 0.000000000000000000, 1.000000000000000000 ),
 .UNSPECIFIED. ) 
 GEOMETRIC_REPRESENTATION_ITEM ( )  RATIONAL_B_SPLINE_SURFACE ( (
 ( 1.000000000000000000, 0.9238795325112874046, 1.000000000000000000),
 ( 1.000000000000000000, 0.9238802365527807314, 1.000000000000000000),
 ( 1.000000000000000000, 0.9225031065366428029, 1.000000000000000000),
 ( 1.000000000000000000, 0.9170198683929958738, 1.000000000000000000),
 ( 1.000000000000000000, 0.9129130246141635707, 1.000000000000000000),
 ( 1.000000000000000000, 0.9020367518872943746, 1.000000000000000000),
 ( 1.000000000000000000, 0.8952672519918176697, 1.000000000000000000),
 ( 1.000000000000000000, 0.8791803030590781276, 1.000000000000000000),
 ( 1.000000000000000000, 0.8698635397554128623, 1.000000000000000000),
 ( 1.000000000000000000, 0.8593533600841912756, 1.000000000000000000) ) ) 
 REPRESENTATION_ITEM ( '' )  SURFACE ( )  );
#85 = DIRECTION ( 'NONE',  ( 0.000000000000000000, 1.000000000000000000, -0.000000000000000000 ) ) ;
#86 = DIRECTION ( 'NONE',  ( -1.000000000000000000, 5.551115123125802424E-16, -4.718900761249917346E-32 ) ) ;
#87 = SPHERICAL_SURFACE ( 'NONE', #1253, 3.000000000000000000 ) ;
#88 = CARTESIAN_POINT ( 'NONE',  ( -47.00000000000000000, -11.23401871576774980, -24.12132034355964549 ) ) ;
#89 = AXIS2_PLACEMENT_3D ( 'NONE', #236, #580, #3514 ) ;
#90 = AXIS2_PLACEMENT_3D ( 'NONE', #1682, #2302, #599 ) ;
#91 = VECTOR ( 'NONE', #2895, 1000.000000000000000 ) ;
#92 = DIRECTION ( 'NONE',  ( 1.000000000000000000, 0.000000000000000000, 0.000000000000000000 ) ) ;
#93 = ORIENTED_EDGE ( 'NONE', *, *, #1038, .T. ) ;
#94 = TOROIDAL_SURFACE ( 'NONE', #159, 11.00000000000000000, 3.000000000000000000 ) ;
#95 = AXIS2_PLACEMENT_3D ( 'NONE', #3258, #2, #817 ) ;
#96 = EDGE_CURVE ( 'NONE', #2517, #814, #2470, .T. ) ;
#97 = ORIENTED_EDGE ( 'NONE', *, *, #1971, .F. ) ;
#98 = VERTEX_POINT ( 'NONE', #2940 ) ;
#99 = CARTESIAN_POINT ( 'NONE',  ( -37.50000000000000711, -25.00000000000000000, -9.112698372208107855 ) ) ;
#100 = CARTESIAN_POINT ( 'NONE',  ( 19.59262386345608320, 18.14662764423691499, 25.00000000000000000 ) ) ;
#101 = AXIS2_PLACEMENT_3D ( 'NONE', #727, #1822, #250 ) ;
#102 = ORIENTED_EDGE ( 'NONE', *, *, #115, .F. ) ;
#103 = CARTESIAN_POINT ( 'NONE',  ( 30.37302948602507513, 24.12132034355963484, -11.23401871576778532 ) ) ;
#104 = DIRECTION ( 'NONE',  ( -1.000000000000000000, 0.000000000000000000, 0.000000000000000000 ) ) ;
#105 = CALENDAR_DATE ( 2026, 11, 8 ) ;
#106 = DIRECTION ( 'NONE',  ( 0.000000000000000000, -1.000000000000000000, -1.156482317317871725E-15 ) ) ;
#107 =( BOUNDED_CURVE ( )  B_SPLINE_CURVE ( 3, ( #195, #430, #973, #1525 ),
 .UNSPECIFIED., .F., .F. ) 
 B_SPLINE_CURVE_WITH_KNOTS ( ( 4, 4 ),
 ( 2.311146533218450649, 3.141592653589793116 ),
 .UNSPECIFIED. ) 
 CURVE ( )  GEOMETRIC_REPRESENTATION_ITEM ( )  RATIONAL_B_SPLINE_CURVE ( ( 1.000000000000000000, 0.9433509080723008200, 0.9433509080723008200, 1.000000000000000000 ) ) 
 REPRESENTATION_ITEM ( '' )  );
#108 = CARTESIAN_POINT ( 'NONE',  ( -16.82949354222763461, -22.00000000000000355, 22.00000000000000355 ) ) ;
#109 = CARTESIAN_POINT ( 'NONE',  ( -19.04419066270325445, 23.43092918492793686, 23.43092918492793331 ) ) ;
#110 = AXIS2_PLACEMENT_3D ( 'NONE', #3171, #747, #1283 ) ;
#111 = CARTESIAN_POINT ( 'NONE',  ( 30.31488166380941962, 25.00000000000344613, 11.74582625983904371 ) ) ;
#112 = CARTESIAN_POINT ( 'NONE',  ( -10.00000000000000000, 0.000000000000000000, 22.00000000000000000 ) ) ;
#113 = CARTESIAN_POINT ( 'NONE',  ( 16.82949354222763461, -22.00000000000000355, -25.00000000000000000 ) ) ;
#114 = ORIENTED_EDGE ( 'NONE', *, *, #2505, .T. ) ;
#115 = EDGE_CURVE ( 'NONE', #3157, #1009, #1895, .T. ) ;
#116 = CARTESIAN_POINT ( 'NONE',  ( 20.81825009609682553, 24.99999999999999289, -19.22081494769551924 ) ) ;
#117 = ORIENTED_EDGE ( 'NONE', *, *, #2342, .F. ) ;
#118 = ORIENTED_EDGE ( 'NONE', *, *, #904, .T. ) ;
#119 = CARTESIAN_POINT ( 'NONE',  ( 28.99823236639988977, 13.37233269735911634, 24.00028370309137671 ) ) ;
#120 = CIRCLE ( 'NONE', #2136, 3.000000000000000444 ) ;
#121 = ORIENTED_EDGE ( 'NONE', *, *, #1487, .T. ) ;
#122 = DIRECTION ( 'NONE',  ( -1.000000000000000000, 0.000000000000000000, 0.000000000000000000 ) ) ;
#123 = EDGE_CURVE ( 'NONE', #1085, #2517, #200, .T. ) ;
#124 = CARTESIAN_POINT ( 'NONE',  ( 25.83206531510528592, -23.88184437057781651, 15.46476090515097290 ) ) ;
#125 = ADVANCED_FACE ( 'NONE', ( #1591 ), #3528, .T. ) ;
#126 = CALENDAR_DATE ( 2026, 11, 8 ) ;
#127 = CARTESIAN_POINT ( 'NONE',  ( -37.50000000000000711, 22.00000000000000711, -9.112698372208138053 ) ) ;
#128 = DIRECTION ( 'NONE',  ( 2.312964634635743450E-15, 0.000000000000000000, 1.000000000000000000 ) ) ;
#129 = DIRECTION ( 'NONE',  ( -1.000000000000000000, 5.551115123125783688E-16, 0.000000000000000000 ) ) ;
#130 = EDGE_CURVE ( 'NONE', #1954, #1085, #2975, .T. ) ;
#131 = CARTESIAN_POINT ( 'NONE',  ( 27.97802025037341522, 25.00000000000000355, 11.37204899426050275 ) ) ;
#132 =( BOUNDED_CURVE ( )  B_SPLINE_CURVE ( 3, ( #530, #3558, #2209, #1346 ),
 .UNSPECIFIED., .F., .F. ) 
 B_SPLINE_CURVE_WITH_KNOTS ( ( 4, 4 ),
 ( 3.141592653589793116, 3.972038773961135583 ),
 .UNSPECIFIED. ) 
 CURVE ( )  GEOMETRIC_REPRESENTATION_ITEM ( )  RATIONAL_B_SPLINE_CURVE ( ( 1.000000000000000000, 0.9433509080723008200, 0.9433509080723008200, 1.000000000000000000 ) ) 
 REPRESENTATION_ITEM ( '' )  );
#133 = CARTESIAN_POINT ( 'NONE',  ( 22.21386321382058426, -25.00000000000000000, -13.66643036367052311 ) ) ;
#134 = CARTESIAN_POINT ( 'NONE',  ( -37.50000000000000711, 11.23401871576769295, -24.12132034355964549 ) ) ;
#135 = ORIENTED_EDGE ( 'NONE', *, *, #1200, .F. ) ;
#136 = DIRECTION ( 'NONE',  ( -1.000000000000000000, 0.000000000000000000, 0.000000000000000000 ) ) ;
#137 = ORIENTED_EDGE ( 'NONE', *, *, #77, .T. ) ;
#138 = ORIENTED_EDGE ( 'NONE', *, *, #3048, .T. ) ;
#139 = FACE_OUTER_BOUND ( 'NONE', #751, .T. ) ;
#140 = DIRECTION ( 'NONE',  ( 1.734723475976805714E-15, 1.000000000000000000, -0.000000000000000000 ) ) ;
#141 = CC_DESIGN_DATE_AND_TIME_ASSIGNMENT ( #1735, #925, ( #2344 ) ) ;
#142 = ORIENTED_EDGE ( 'NONE', *, *, #1754, .F. ) ;
#143 = CARTESIAN_POINT ( 'NONE',  ( 9.999999999999998224, -7.999999999999996447, -22.00000000000000355 ) ) ;
#144 = DIRECTION ( 'NONE',  ( 0.000000000000000000, 0.000000000000000000, 1.000000000000000000 ) ) ;
#145 = CARTESIAN_POINT ( 'NONE',  ( -47.00000000000000000, -10.35533905932738641, -25.00000000000000711 ) ) ;
#146 = DIRECTION ( 'NONE',  ( 1.000000000000000000, 0.000000000000000000, -0.000000000000000000 ) ) ;
#147 = FACE_OUTER_BOUND ( 'NONE', #2962, .T. ) ;
#148 = EDGE_CURVE ( 'NONE', #2945, #196, #798, .T. ) ;
#149 = CARTESIAN_POINT ( 'NONE',  ( 24.32173693682814530, 23.80863253003742486, 16.75817008804063946 ) ) ;
#150 = DIRECTION ( 'NONE',  ( 1.000000000000000000, -0.000000000000000000, 0.000000000000000000 ) ) ;
#151 = CARTESIAN_POINT ( 'NONE',  ( -23.71167745533302096, 24.99999999999614531, 16.09257051418417461 ) ) ;
#152 = ORIENTED_EDGE ( 'NONE', *, *, #2361, .T. ) ;
#153 = EDGE_CURVE ( 'NONE', #2230, #227, #832, .T. ) ;
#154 = CARTESIAN_POINT ( 'NONE',  ( 18.13664457375758943, 25.00000000000000000, -19.97687848145688605 ) ) ;
#155 = ORIENTED_EDGE ( 'NONE', *, *, #2964, .F. ) ;
#156 = ORIENTED_EDGE ( 'NONE', *, *, #2067, .F. ) ;
#157 = DIRECTION ( 'NONE',  ( 0.000000000000000000, 0.000000000000000000, 1.000000000000000000 ) ) ;
#158 = EDGE_CURVE ( 'NONE', #809, #3124, #222, .T. ) ;
#159 = AXIS2_PLACEMENT_3D ( 'NONE', #2675, #2961, #2639 ) ;
#160 = CIRCLE ( 'NONE', #2283, 2.999999999999999112 ) ;
#161 = ORIENTED_EDGE ( 'NONE', *, *, #1721, .T. ) ;
#162 = DIRECTION ( 'NONE',  ( 0.000000000000000000, 0.000000000000000000, 1.000000000000000000 ) ) ;
#163 = AXIS2_PLACEMENT_3D ( 'NONE', #2403, #460, #480 ) ;
#164 = AXIS2_PLACEMENT_3D ( 'NONE', #1865, #1354, #2452 ) ;
#165 = CARTESIAN_POINT ( 'NONE',  ( 33.62464464701999844, -25.00000000000000355, 9.398178028108546300 ) ) ;
#166 = FACE_OUTER_BOUND ( 'NONE', #2803, .T. ) ;
#167 = CARTESIAN_POINT ( 'NONE',  ( -24.32173693682669580, -16.75817008804530772, 23.80863253003421676 ) ) ;
#168 = DIRECTION ( 'NONE',  ( -1.156482317317870542E-15, 1.000000000000000000, -0.000000000000000000 ) ) ;
#169 = ADVANCED_FACE ( 'NONE', ( #1320 ), #3097, .T. ) ;
#170 = CARTESIAN_POINT ( 'NONE',  ( 33.62464464701998423, 25.00000000000000355, 9.398178028108505444 ) ) ;
#171 = CARTESIAN_POINT ( 'NONE',  ( -21.51127130666102971, 19.78398749108021448, 23.63735984684340963 ) ) ;
#172 = DIRECTION ( 'NONE',  ( -0.000000000000000000, 0.7071067811865499042, 0.7071067811865451302 ) ) ;
#173 = ORIENTED_EDGE ( 'NONE', *, *, #881, .T. ) ;
#174 = FACE_OUTER_BOUND ( 'NONE', #1428, .T. ) ;
#175 = VERTEX_POINT ( 'NONE', #1643 ) ;
#176 = ORIENTED_EDGE ( 'NONE', *, *, #3288, .F. ) ;
#177 = CARTESIAN_POINT ( 'NONE',  ( 24.32173693682685567, -16.75817008804711250, -23.80863253003225211 ) ) ;
#178 = SPHERICAL_SURFACE ( 'NONE', #3202, 3.000000000000000000 ) ;
#179 = AXIS2_PLACEMENT_3D ( 'NONE', #3068, #1672, #604 ) ;
#180 = ADVANCED_FACE ( 'NONE', ( #2738 ), #269, .T. ) ;
#181 = CIRCLE ( 'NONE', #2046, 2.999999999999999112 ) ;
#182 = EDGE_LOOP ( 'NONE', ( #2261, #161, #2087 ) ) ;
#183 = DIRECTION ( 'NONE',  ( 3.925231146709439766E-16, 0.7071067811865451302, -0.7071067811865499042 ) ) ;
#184 = DIRECTION ( 'NONE',  ( -0.000000000000000000, 0.000000000000000000, 1.000000000000000000 ) ) ;
#185 = DIRECTION ( 'NONE',  ( -1.000000000000000000, 0.000000000000000000, 0.000000000000000000 ) ) ;
#186 = DIRECTION ( 'NONE',  ( -0.5426870580354593576, 0.000000000000000000, 0.8399349719120035029 ) ) ;
#187 = CARTESIAN_POINT ( 'NONE',  ( -10.00000000000000000, 11.00000000000000000, 22.00000000000000000 ) ) ;
#188 = CARTESIAN_POINT ( 'NONE',  ( -25.83206531510981208, 15.46476090515056256, 23.88184437057535803 ) ) ;
#189 = DIRECTION ( 'NONE',  ( 0.000000000000000000, 0.000000000000000000, 1.000000000000000000 ) ) ;
#190 = EDGE_LOOP ( 'NONE', ( #2039, #758, #2825 ) ) ;
#191 = FACE_OUTER_BOUND ( 'NONE', #656, .T. ) ;
#192 = ORIENTED_EDGE ( 'NONE', *, *, #290, .T. ) ;
#193 = DIRECTION ( 'NONE',  ( 0.000000000000000000, 0.000000000000000000, -1.000000000000000000 ) ) ;
#194 = CARTESIAN_POINT ( 'NONE',  ( 19.59262386345570306, -18.14662764423321661, -25.00000000000000355 ) ) ;
#195 = CARTESIAN_POINT ( 'NONE',  ( -16.82949354222763105, -22.00000000000000355, -25.00000000000000000 ) ) ;
#196 = VERTEX_POINT ( 'NONE', #17 ) ;
#197 = ORIENTED_EDGE ( 'NONE', *, *, #10, .F. ) ;
#198 = DIRECTION ( 'NONE',  ( 0.000000000000000000, 0.7071067811865451302, -0.7071067811865499042 ) ) ;
#199 = CARTESIAN_POINT ( 'NONE',  ( -20.81825009609815780, 25.00000000000393285, -19.22081494768718102 ) ) ;
#200 = CIRCLE ( 'NONE', #3298, 3.000000000000000888 ) ;
#201 = DIRECTION ( 'NONE',  ( 5.782411586589358625E-16, -1.000000000000000000, 0.000000000000000000 ) ) ;
#202 = FACE_OUTER_BOUND ( 'NONE', #3339, .T. ) ;
#203 = ADVANCED_FACE ( 'NONE', ( #3346 ), #854, .T. ) ;
#204 = CARTESIAN_POINT ( 'NONE',  ( -22.74034536924853711, -25.00000000000000000, -14.94953755801111939 ) ) ;
#205 = LINE ( 'NONE', #2905, #1366 ) ;
#206 = DIRECTION ( 'NONE',  ( 0.000000000000000000, 0.000000000000000000, 1.000000000000000000 ) ) ;
#207 = DIRECTION ( 'NONE',  ( -1.000000000000000000, -1.734723475976807341E-16, 0.000000000000000000 ) ) ;
#208 = ORIENTED_EDGE ( 'NONE', *, *, #2296, .F. ) ;
#209 = ORIENTED_EDGE ( 'NONE', *, *, #505, .T. ) ;
#210 = CARTESIAN_POINT ( 'NONE',  ( 27.97802025037188400, -25.00000000000000000, -11.37204899426737725 ) ) ;
#211 = CIRCLE ( 'NONE', #2221, 2.999999999999999112 ) ;
#212 = CIRCLE ( 'NONE', #2402, 2.999999999999999112 ) ;
#213 = ADVANCED_FACE ( 'NONE', ( #890 ), #3061, .T. ) ;
#214 = AXIS2_PLACEMENT_3D ( 'NONE', #317, #2823, #372 ) ;
#215 = ORIENTED_EDGE ( 'NONE', *, *, #2567, .T. ) ;
#216 = CIRCLE ( 'NONE', #1941, 3.000000000000000888 ) ;
#217 = CARTESIAN_POINT ( 'NONE',  ( 27.97802025036827089, -11.37204899426735594, 25.00000000000000000 ) ) ;
#218 = TOROIDAL_SURFACE ( 'NONE', #3378, 11.00000000000000000, 3.000000000000000000 ) ;
#219 = CARTESIAN_POINT ( 'NONE',  ( 49.99999999999999289, -9.112698372208051012, -25.00000000000000000 ) ) ;
#220 = CARTESIAN_POINT ( 'NONE',  ( 50.00000000000000000, -22.00000000000000355, -9.112698372208088315 ) ) ;
#221 = EDGE_CURVE ( 'NONE', #883, #1029, #1926, .T. ) ;
#222 = LINE ( 'NONE', #237, #2842 ) ;
#223 = CARTESIAN_POINT ( 'NONE',  ( -19.59262386346026119, 18.14662764423291463, 25.00000000000000000 ) ) ;
#224 = CARTESIAN_POINT ( 'NONE',  ( -50.00000000000002132, 11.23401871576774269, 24.12132034355964549 ) ) ;
#225 = CARTESIAN_POINT ( 'NONE',  ( 30.37302948602507513, -24.12132034355964905, -11.23401871576773559 ) ) ;
#226 = LINE ( 'NONE', #1043, #1772 ) ;
#227 = VERTEX_POINT ( 'NONE', #2549 ) ;
#228 = CYLINDRICAL_SURFACE ( 'NONE', #1731, 3.000000000000002665 ) ;
#229 = CIRCLE ( 'NONE', #692, 2.999999999999999556 ) ;
#230 = ADVANCED_FACE ( 'NONE', ( #3098 ), #3021, .T. ) ;
#231 = VERTEX_POINT ( 'NONE', #305 ) ;
#232 = CARTESIAN_POINT ( 'NONE',  ( -20.21129770927403513, 21.51617619707593931, -23.53931142952244215 ) ) ;
#233 = AXIS2_PLACEMENT_3D ( 'NONE', #2667, #2901, #2886 ) ;
#234 = CARTESIAN_POINT ( 'NONE',  ( 24.43191315292498089, -13.58291653457155768, 25.00000000000000000 ) ) ;
#235 = CARTESIAN_POINT ( 'NONE',  ( 9.999999999999998224, -10.99999999999999645, 25.00000000000000000 ) ) ;
#236 = CARTESIAN_POINT ( 'NONE',  ( 16.82949354222763816, 22.00000000000000355, 22.00000000000000355 ) ) ;
#237 = CARTESIAN_POINT ( 'NONE',  ( -10.00000000000000000, -8.000000000000000000, -25.00000000000000000 ) ) ;
#238 = CARTESIAN_POINT ( 'NONE',  ( -37.49999999999996447, 10.35533905932737930, 24.99999999999999645 ) ) ;
#239 = LINE ( 'NONE', #3045, #733 ) ;
#240 = DIRECTION ( 'NONE',  ( 0.000000000000000000, -0.7071067811865451302, 0.7071067811865500152 ) ) ;
#241 = DIRECTION ( 'NONE',  ( 1.000000000000000000, 0.000000000000000000, -0.000000000000000000 ) ) ;
#242 = ORIENTED_EDGE ( 'NONE', *, *, #1512, .T. ) ;
#243 = FACE_OUTER_BOUND ( 'NONE', #866, .T. ) ;
#244 =( BOUNDED_CURVE ( )  B_SPLINE_CURVE ( 3, ( #47, #3381, #1697, #2826 ),
 .UNSPECIFIED., .F., .F. ) 
 B_SPLINE_CURVE_WITH_KNOTS ( ( 4, 4 ),
 ( 0.000000000000000000, 0.8304461203713422446 ),
 .UNSPECIFIED. ) 
 CURVE ( )  GEOMETRIC_REPRESENTATION_ITEM ( )  RATIONAL_B_SPLINE_CURVE ( ( 1.000000000000000000, 0.9433509080723010420, 0.9433509080723010420, 1.000000000000000000 ) ) 
 REPRESENTATION_ITEM ( '' )  );
#245 = ORIENTED_EDGE ( 'NONE', *, *, #76, .T. ) ;
#246 = CARTESIAN_POINT ( 'NONE',  ( 30.37302948602507513, -24.12132034355963839, 11.23401871576778888 ) ) ;
#247 = CC_DESIGN_DATE_AND_TIME_ASSIGNMENT ( #2030, #1699, ( #2391 ) ) ;
#248 = CARTESIAN_POINT ( 'NONE',  ( 47.00000000000000000, -9.112698372208082986, -22.00000000000000355 ) ) ;
#249 = ORIENTED_EDGE ( 'NONE', *, *, #130, .T. ) ;
#250 = DIRECTION ( 'NONE',  ( 1.000000000000000000, 1.776356839400250070E-15, 0.000000000000000000 ) ) ;
#251 = CYLINDRICAL_SURFACE ( 'NONE', #3022, 2.999999999999999112 ) ;
#252 = CARTESIAN_POINT ( 'NONE',  ( -23.71167745532764926, -25.00000000000000000, -16.09257051418101625 ) ) ;
#253 = DIRECTION ( 'NONE',  ( 0.4006291549168351507, -0.8789161044352995500, -0.2588489165418706439 ) ) ;
#254 = DIRECTION ( 'NONE',  ( 0.000000000000000000, -0.000000000000000000, -1.000000000000000000 ) ) ;
#255 = CARTESIAN_POINT ( 'NONE',  ( 50.00000000000002132, 25.00000000000000000, -9.112698372208086539 ) ) ;
#256 = FACE_BOUND ( 'NONE', #1908, .T. ) ;
#257 = DIRECTION ( 'NONE',  ( 0.000000000000000000, 0.000000000000000000, 1.000000000000000000 ) ) ;
#258 = ORIENTED_EDGE ( 'NONE', *, *, #3250, .T. ) ;
#259 = CARTESIAN_POINT ( 'NONE',  ( 18.13664457374290251, -25.00000000000000000, -19.97687848145264766 ) ) ;
#260 = ORIENTED_EDGE ( 'NONE', *, *, #1496, .T. ) ;
#261 = CARTESIAN_POINT ( 'NONE',  ( 37.50000000000000711, 11.23401871576774980, 24.12132034355963484 ) ) ;
#262 = CIRCLE ( 'NONE', #2275, 2.999999999999999112 ) ;
#263 = VECTOR ( 'NONE', #2025, 1000.000000000000000 ) ;
#264 = VERTEX_POINT ( 'NONE', #2791 ) ;
#265 = CARTESIAN_POINT ( 'NONE',  ( -29.51779302434806951, -9.112698372208059894, 25.00000000000000000 ) ) ;
#266 = DIRECTION ( 'NONE',  ( 1.000000000000000000, -5.551115123125802424E-16, 0.000000000000000000 ) ) ;
#267 = CIRCLE ( 'NONE', #1026, 3.000000000000002665 ) ;
#268 = CIRCLE ( 'NONE', #2800, 8.000000000000000000 ) ;
#269 = CYLINDRICAL_SURFACE ( 'NONE', #1584, 2.999999999999999112 ) ;
#270 = CARTESIAN_POINT ( 'NONE',  ( 50.00000000000002132, -25.00000000000000000, -9.112698372208058117 ) ) ;
#271 = CARTESIAN_POINT ( 'NONE',  ( -16.82949354222764171, 22.00000000000000355, -22.00000000000000000 ) ) ;
#272 = CARTESIAN_POINT ( 'NONE',  ( -25.28089044475478531, -14.74614857549823199, -25.00000000000000711 ) ) ;
#273 = AXIS2_PLACEMENT_3D ( 'NONE', #1160, #3152, #694 ) ;
#274 = CARTESIAN_POINT ( 'NONE',  ( 16.82949354222763816, 25.00000000000000000, 22.00000000000000355 ) ) ;
#275 = CARTESIAN_POINT ( 'NONE',  ( -37.49999999999996447, -25.00000000000000355, 10.35533905932743615 ) ) ;
#276 = ORIENTED_EDGE ( 'NONE', *, *, #827, .T. ) ;
#277 = CARTESIAN_POINT ( 'NONE',  ( 16.82949354222763461, -25.00000000000000000, 22.00000000000000355 ) ) ;
#278 = EDGE_CURVE ( 'NONE', #3553, #814, #1715, .T. ) ;
#279 = ORIENTED_EDGE ( 'NONE', *, *, #3358, .T. ) ;
#280 = VERTEX_POINT ( 'NONE', #3043 ) ;
#281 = CARTESIAN_POINT ( 'NONE',  ( -27.97802025037344364, 11.37204899426045479, -25.00000000000000355 ) ) ;
#282 = EDGE_CURVE ( 'NONE', #1887, #1009, #2765, .T. ) ;
#283 = AXIS2_PLACEMENT_3D ( 'NONE', #2887, #481, #1862 ) ;
#284 = ORIENTED_EDGE ( 'NONE', *, *, #3492, .F. ) ;
#285 = DIRECTION ( 'NONE',  ( 0.5426870580354595797, 6.276079864552666601E-16, 0.8399349719120032809 ) ) ;
#286 = DIRECTION ( 'NONE',  ( 0.000000000000000000, -1.000000000000000000, 0.000000000000000000 ) ) ;
#287 = DIRECTION ( 'NONE',  ( 0.000000000000000000, 0.000000000000000000, -1.000000000000000000 ) ) ;
#288 = CARTESIAN_POINT ( 'NONE',  ( -29.83244999020648791, -10.52787079273798021, -25.00000000000000355 ) ) ;
#289 = CIRCLE ( 'NONE', #1676, 2.999999999999999112 ) ;
#290 = EDGE_CURVE ( 'NONE', #1580, #1490, #3394, .T. ) ;
#291 = CARTESIAN_POINT ( 'NONE',  ( 37.50000000000000711, -9.112698372208079434, -25.00000000000000000 ) ) ;
#292 = EDGE_CURVE ( 'NONE', #42, #1780, #872, .T. ) ;
#293 = CARTESIAN_POINT ( 'NONE',  ( -37.49999999999997868, -25.00000000000000355, 9.112698372208141606 ) ) ;
#294 = VERTEX_POINT ( 'NONE', #1982 ) ;
#295 = LINE ( 'NONE', #2527, #2707 ) ;
#296 = CIRCLE ( 'NONE', #2307, 10.99999999999999822 ) ;
#297 = EDGE_CURVE ( 'NONE', #1780, #642, #3224, .T. ) ;
#298 = ORIENTED_EDGE ( 'NONE', *, *, #2942, .F. ) ;
#299 = ORIENTED_EDGE ( 'NONE', *, *, #2674, .T. ) ;
#300 = FACE_OUTER_BOUND ( 'NONE', #2186, .T. ) ;
#301 = EDGE_CURVE ( 'NONE', #2732, #1398, #1852, .T. ) ;
#302 = VERTEX_POINT ( 'NONE', #1421 ) ;
#303 = CARTESIAN_POINT ( 'NONE',  ( -50.00000000000000000, -7.322330470336462227, -42.67766952966368166 ) ) ;
#304 = CARTESIAN_POINT ( 'NONE',  ( 49.99999999999997868, 22.00000000000000355, -9.112698372208141606 ) ) ;
#305 = CARTESIAN_POINT ( 'NONE',  ( 16.82949354222763816, 25.00000000000000000, -22.00000000000000355 ) ) ;
#306 = EDGE_CURVE ( 'NONE', #1438, #1398, #289, .T. ) ;
#307 = CARTESIAN_POINT ( 'NONE',  ( 16.82949354222763461, -22.00000000000000355, 25.00000000000000000 ) ) ;
#308 = CARTESIAN_POINT ( 'NONE',  ( -47.00000000000000000, -25.00000000000000000, 9.112698372208143383 ) ) ;
#309 = CARTESIAN_POINT ( 'NONE',  ( -35.56226491857050576, -9.112698372208086539, -25.00000000000000355 ) ) ;
#310 = ADVANCED_FACE ( 'NONE', ( #323 ), #1154, .T. ) ;
#311 = CARTESIAN_POINT ( 'NONE',  ( 16.82949354222763816, 22.00000000000000000, 25.00000000000000000 ) ) ;
#312 = VERTEX_POINT ( 'NONE', #3361 ) ;
#313 = VECTOR ( 'NONE', #779, 1000.000000000000000 ) ;
#314 = CARTESIAN_POINT ( 'NONE',  ( 22.21386321382058782, 13.66643036367049291, -25.00000000000000711 ) ) ;
#315 = ORIENTED_EDGE ( 'NONE', *, *, #605, .F. ) ;
#316 = ORIENTED_EDGE ( 'NONE', *, *, #1933, .T. ) ;
#317 = CARTESIAN_POINT ( 'NONE',  ( 37.50000000000000711, -9.112698372208095421, -22.00000000000000711 ) ) ;
#318 = EDGE_CURVE ( 'NONE', #3247, #471, #120, .T. ) ;
#319 = CARTESIAN_POINT ( 'NONE',  ( 23.71167745532765281, 24.99999999999999645, -16.09257051416946993 ) ) ;
#320 = ORIENTED_EDGE ( 'NONE', *, *, #784, .F. ) ;
#321 = DIRECTION ( 'NONE',  ( -0.000000000000000000, 3.469446951953615372E-15, -1.000000000000000000 ) ) ;
#322 = AXIS2_PLACEMENT_3D ( 'NONE', #924, #2016, #104 ) ;
#323 = FACE_OUTER_BOUND ( 'NONE', #1523, .T. ) ;
#324 = AXIS2_PLACEMENT_3D ( 'NONE', #2754, #266, #1319 ) ;
#325 = PERSON_AND_ORGANIZATION_ROLE ( 'design_owner' ) ;
#326 = CARTESIAN_POINT ( 'NONE',  ( -37.50000000000000711, 11.23401871576774980, 24.12132034355963484 ) ) ;
#327 = DIRECTION ( 'NONE',  ( 0.000000000000000000, 1.000000000000000000, -0.000000000000000000 ) ) ;
#328 = ADVANCED_FACE ( 'NONE', ( #2828 ), #2048, .T. ) ;
#329 = CC_DESIGN_APPROVAL ( #740, ( #1774 ) ) ;
#330 = CARTESIAN_POINT ( 'NONE',  ( 47.00000000000000000, -42.67766952966372429, -7.322330470336182451 ) ) ;
#331 = CARTESIAN_POINT ( 'NONE',  ( -10.00000000000000000, 0.000000000000000000, -22.00000000000000355 ) ) ;
#332 = AXIS2_PLACEMENT_3D ( 'NONE', #2032, #1477, #2050 ) ;
#333 = ORIENTED_EDGE ( 'NONE', *, *, #3162, .F. ) ;
#334 = SPHERICAL_SURFACE ( 'NONE', #1097, 3.000000000000000000 ) ;
#335 = EDGE_LOOP ( 'NONE', ( #2681, #3122, #2672, #3356 ) ) ;
#336 = EDGE_LOOP ( 'NONE', ( #1763, #898, #3466, #3270 ) ) ;
#337 = FACE_OUTER_BOUND ( 'NONE', #918, .T. ) ;
#338 = EDGE_CURVE ( 'NONE', #1563, #696, #181, .T. ) ;
#339 = DIRECTION ( 'NONE',  ( 0.000000000000000000, 0.000000000000000000, 1.000000000000000000 ) ) ;
#340 = VERTEX_POINT ( 'NONE', #1802 ) ;
#341 = DIRECTION ( 'NONE',  ( 1.000000000000000000, -5.551115123125802424E-16, 0.000000000000000000 ) ) ;
#342 =( BOUNDED_CURVE ( )  B_SPLINE_CURVE ( 3, ( #2686, #1318, #2423, #1050 ),
 .UNSPECIFIED., .F., .F. ) 
 B_SPLINE_CURVE_WITH_KNOTS ( ( 4, 4 ),
 ( 5.452739186808243765, 6.283185307179586232 ),
 .UNSPECIFIED. ) 
 CURVE ( )  GEOMETRIC_REPRESENTATION_ITEM ( )  RATIONAL_B_SPLINE_CURVE ( ( 1.000000000000000000, 0.9433509080723008200, 0.9433509080723008200, 1.000000000000000000 ) ) 
 REPRESENTATION_ITEM ( '' )  );
#343 = AXIS2_PLACEMENT_3D ( 'NONE', #689, #3477, #1034 ) ;
#344 = DIRECTION ( 'NONE',  ( 0.000000000000000000, 0.7071067811865472397, 0.7071067811865477948 ) ) ;
#345 = CARTESIAN_POINT ( 'NONE',  ( -37.50000000000000711, 25.00000000000000000, 9.112698372208097197 ) ) ;
#346 = ADVANCED_FACE ( 'NONE', ( #2300 ), #3444, .T. ) ;
#347 = DIRECTION ( 'NONE',  ( -0.000000000000000000, 0.7071067811865475727, -0.7071067811865474617 ) ) ;
#348 = CARTESIAN_POINT ( 'NONE',  ( 18.13664457376212624, 19.97687848146050982, -25.00000000000000355 ) ) ;
#349 = VECTOR ( 'NONE', #41, 1000.000000000000000 ) ;
#350 = EDGE_CURVE ( 'NONE', #3070, #42, #3402, .T. ) ;
#351 = DIRECTION ( 'NONE',  ( -1.000000000000000000, 1.156482317317871725E-15, 0.000000000000000000 ) ) ;
#352 = EDGE_CURVE ( 'NONE', #1918, #408, #3252, .T. ) ;
#353 = DIRECTION ( 'NONE',  ( -1.000000000000000000, 0.000000000000000000, 1.156482317317871725E-15 ) ) ;
#354 = ORIENTED_EDGE ( 'NONE', *, *, #1080, .F. ) ;
#355 = CARTESIAN_POINT ( 'NONE',  ( 49.99999999999997868, 9.112698372208107855, 22.00000000000000355 ) ) ;
#356 = EDGE_LOOP ( 'NONE', ( #2620, #3397, #1961, #2208 ) ) ;
#357 = ORIENTED_EDGE ( 'NONE', *, *, #3049, .F. ) ;
#358 = LINE ( 'NONE', #867, #1825 ) ;
#359 = CARTESIAN_POINT ( 'NONE',  ( 22.74034536924854777, 14.94953755801112116, 25.00000000000000000 ) ) ;
#360 = ADVANCED_FACE ( 'NONE', ( #1820 ), #2285, .F. ) ;
#361 = EDGE_LOOP ( 'NONE', ( #2277, #1562, #2560, #2873 ) ) ;
#362 = DIRECTION ( 'NONE',  ( 0.000000000000000000, -0.7071067811865474617, -0.7071067811865475727 ) ) ;
#363 = DIRECTION ( 'NONE',  ( 5.782411586589352708E-16, -0.000000000000000000, -1.000000000000000000 ) ) ;
#364 =( BOUNDED_SURFACE ( )  B_SPLINE_SURFACE ( 3, 2, ( 
 ( #1536, #1016, #1266 ),
 ( #463, #2958, #1847 ),
 ( #171, #780, #223 ),
 ( #1556, #1808, #1321 ),
 ( #188, #1285, #2426 ),
 ( #3516, #2149, #3243 ),
 ( #3044, #2976, #520 ),
 ( #3025, #1611, #1122 ),
 ( #1914, #536, #547 ),
 ( #2217, #238, #3327 ) ),
 .UNSPECIFIED., .F., .F., .F. ) 
 B_SPLINE_SURFACE_WITH_KNOTS ( ( 4, 2, 2, 2, 4 ),
 ( 3, 3 ),
 ( 5.452739186808243765, 5.660350716901080048, 5.867962246993915443, 6.075573777086750837, 6.283185307179586232 ),
 ( 0.000000000000000000, 1.000000000000000000 ),
 .UNSPECIFIED. ) 
 GEOMETRIC_REPRESENTATION_ITEM ( )  RATIONAL_B_SPLINE_SURFACE ( (
 ( 1.000000000000000000, 0.8593533600841906095, 1.000000000000000000),
 ( 1.000000000000000000, 0.8698635397553624582, 1.000000000000000000),
 ( 1.000000000000000000, 0.8791803030591439638, 1.000000000000000000),
 ( 1.000000000000000000, 0.8952672519917502791, 1.000000000000000000),
 ( 1.000000000000000000, 0.9020367518874528034, 1.000000000000000000),
 ( 1.000000000000000000, 0.9129130246140038096, 1.000000000000000000),
 ( 1.000000000000000000, 0.9170198683928056926, 1.000000000000000000),
 ( 1.000000000000000000, 0.9225031065368309857, 1.000000000000000000),
 ( 1.000000000000000000, 0.9238802365526378457, 1.000000000000000000),
 ( 1.000000000000000000, 0.9238795325112866275, 1.000000000000000000) ) ) 
 REPRESENTATION_ITEM ( '' )  SURFACE ( )  );
#365 = CARTESIAN_POINT ( 'NONE',  ( 23.85166358376838147, 15.54380077911606328, -23.87737041544560057 ) ) ;
#366 = CARTESIAN_POINT ( 'NONE',  ( 30.65397320553872618, 12.57337832805593791, -24.04550753531972518 ) ) ;
#367 = EDGE_CURVE ( 'NONE', #1381, #2517, #211, .T. ) ;
#368 = CARTESIAN_POINT ( 'NONE',  ( -16.82949354222763461, -22.00000000000000355, 22.00000000000000355 ) ) ;
#369 = ORIENTED_EDGE ( 'NONE', *, *, #2152, .T. ) ;
#370 = ORIENTED_EDGE ( 'NONE', *, *, #1014, .F. ) ;
#371 = VERTEX_POINT ( 'NONE', #419 ) ;
#372 = DIRECTION ( 'NONE',  ( 0.000000000000000000, 0.000000000000000000, -1.000000000000000000 ) ) ;
#373 = CARTESIAN_POINT ( 'NONE',  ( 20.21129770926845381, 21.51617619707006668, 23.53931142953695854 ) ) ;
#374 = EDGE_LOOP ( 'NONE', ( #932, #2780, #298 ) ) ;
#375 = DIRECTION ( 'NONE',  ( -0.5426870580354580254, 0.000000000000000000, -0.8399349719120042801 ) ) ;
#376 = CARTESIAN_POINT ( 'NONE',  ( 19.49043530613903386, -25.00000000000000711, 21.01920179886000994 ) ) ;
#377 = DIRECTION ( 'NONE',  ( -1.000000000000000000, 0.000000000000000000, 0.000000000000000000 ) ) ;
#378 = CARTESIAN_POINT ( 'NONE',  ( 37.50000000000000711, 11.23401871576768940, -24.12132034355964549 ) ) ;
#379 = CARTESIAN_POINT ( 'NONE',  ( 18.32897391849433433, 22.96882332703171059, -25.00000000000000355 ) ) ;
#380 = AXIS2_PLACEMENT_3D ( 'NONE', #632, #1749, #375 ) ;
#381 = CARTESIAN_POINT ( 'NONE',  ( 35.76987939157871921, 24.12132034356049104, 11.23401871576689537 ) ) ;
#382 = CARTESIAN_POINT ( 'NONE',  ( -19.04419066270324734, -23.43092918492793331, -23.43092918492793686 ) ) ;
#383 = AXIS2_PLACEMENT_3D ( 'NONE', #473, #140, #953 ) ;
#384 = DIRECTION ( 'NONE',  ( 0.000000000000000000, -0.7071067811865475727, 0.7071067811865474617 ) ) ;
#385 = EDGE_LOOP ( 'NONE', ( #3376, #718, #1603, #1047, #627 ) ) ;
#386 = EDGE_CURVE ( 'NONE', #98, #2512, #2341, .T. ) ;
#387 = EDGE_CURVE ( 'NONE', #2353, #3124, #670, .T. ) ;
#388 = TOROIDAL_SURFACE ( 'NONE', #1709, 11.00000000000000000, 3.000000000000000000 ) ;
#389 = CIRCLE ( 'NONE', #1420, 3.000000000000000000 ) ;
#390 = ORGANIZATION ( 'UNSPECIFIED', 'UNSPECIFIED', '' ) ;
#391 = ORIENTED_EDGE ( 'NONE', *, *, #416, .T. ) ;
#392 = ORIENTED_EDGE ( 'NONE', *, *, #2439, .T. ) ;
#393 = CARTESIAN_POINT ( 'NONE',  ( 49.99999999999997868, 9.112698372208107855, 25.00000000000000000 ) ) ;
#394 = CARTESIAN_POINT ( 'NONE',  ( 30.37302948602507513, -11.23401871576773736, -24.12132034355965615 ) ) ;
#395 = AXIS2_PLACEMENT_3D ( 'NONE', #1463, #2852, #2290 ) ;
#396 = ADVANCED_FACE ( 'NONE', ( #3112 ), #1082, .T. ) ;
#397 = ORIENTED_EDGE ( 'NONE', *, *, #2420, .F. ) ;
#398 = DIRECTION ( 'NONE',  ( 1.000000000000000000, -5.551115123125802424E-16, 0.000000000000000000 ) ) ;
#399 = DIRECTION ( 'NONE',  ( 0.000000000000000000, 1.000000000000000000, 0.000000000000000000 ) ) ;
#400 = COORDINATED_UNIVERSAL_TIME_OFFSET ( 5, 30, .AHEAD. ) ;
#401 = CARTESIAN_POINT ( 'NONE',  ( -21.51127130665972231, 23.63735984684211999, -19.78398749108284349 ) ) ;
#402 = CARTESIAN_POINT ( 'NONE',  ( -47.00000000000000000, -11.23401871576769651, 24.12132034355965260 ) ) ;
#403 = CARTESIAN_POINT ( 'NONE',  ( -47.00000000000000000, -24.12132034355963839, 11.23401871576779421 ) ) ;
#404 = VECTOR ( 'NONE', #129, 1000.000000000000000 ) ;
#405 = DIRECTION ( 'NONE',  ( 0.000000000000000000, -0.7071067811865474617, -0.7071067811865476838 ) ) ;
#406 = CARTESIAN_POINT ( 'NONE',  ( 22.21386321382059492, 13.66643036367052311, 25.00000000000000000 ) ) ;
#407 = CARTESIAN_POINT ( 'NONE',  ( -47.00000000000000000, -24.99999999999999645, 10.35533905932743792 ) ) ;
#408 = VERTEX_POINT ( 'NONE', #2159 ) ;
#409 = CC_DESIGN_PERSON_AND_ORGANIZATION_ASSIGNMENT ( #2574, #598, ( #2391 ) ) ;
#410 = CARTESIAN_POINT ( 'NONE',  ( 23.85166358376839213, 23.87737041544558991, 15.54380077911610236 ) ) ;
#411 = EDGE_LOOP ( 'NONE', ( #2293, #1162, #1294, #2481 ) ) ;
#412 = VERTEX_POINT ( 'NONE', #1622 ) ;
#413 = CARTESIAN_POINT ( 'NONE',  ( -47.00000000000000000, 22.00000000000000355, -9.112698372208148712 ) ) ;
#414 = CARTESIAN_POINT ( 'NONE',  ( 18.32897391849434143, 22.96882332703171770, 25.00000000000000355 ) ) ;
#415 = ADVANCED_FACE ( 'NONE', ( #793 ), #1049, .F. ) ;
#416 = EDGE_CURVE ( 'NONE', #2796, #417, #1130, .T. ) ;
#417 = VERTEX_POINT ( 'NONE', #1893 ) ;
#418 = LINE ( 'NONE', #3457, #1131 ) ;
#419 = CARTESIAN_POINT ( 'NONE',  ( 16.82949354222763105, -22.84753612443771686, -24.87779125681018044 ) ) ;
#420 = CARTESIAN_POINT ( 'NONE',  ( -37.50000000000000711, 9.112698372208100750, 25.00000000000000000 ) ) ;
#421 = SPHERICAL_SURFACE ( 'NONE', #2693, 3.000000000000000000 ) ;
#422 = DIRECTION ( 'NONE',  ( 1.000000000000000000, 1.734723475976807094E-16, 0.000000000000000000 ) ) ;
#423 = FACE_OUTER_BOUND ( 'NONE', #1449, .T. ) ;
#424 = DIRECTION ( 'NONE',  ( 0.4006291549168356503, -0.2588489165418714211, 0.8789161044352988839 ) ) ;
#425 = CARTESIAN_POINT ( 'NONE',  ( -25.28089044475501979, 25.00000000000000711, 14.74614857548896296 ) ) ;
#426 = EDGE_LOOP ( 'NONE', ( #2008, #1833, #659, #2100, #2281, #3175, #2273, #994, #1619, #2878, #2262, #2511 ) ) ;
#427 = DIRECTION ( 'NONE',  ( -0.5426870580354588025, 0.000000000000000000, -0.8399349719120037250 ) ) ;
#428 = EDGE_LOOP ( 'NONE', ( #1127, #11, #102, #320, #3234 ) ) ;
#429 = ORIENTED_EDGE ( 'NONE', *, *, #301, .T. ) ;
#430 = CARTESIAN_POINT ( 'NONE',  ( -22.21386321382058782, -13.66643036367051778, -25.00000000000000711 ) ) ;
#431 = ORIENTED_EDGE ( 'NONE', *, *, #3467, .F. ) ;
#432 = CARTESIAN_POINT ( 'NONE',  ( -10.00000000000000000, 11.00000000000000000, 25.00000000000000000 ) ) ;
#433 = CARTESIAN_POINT ( 'NONE',  ( 37.50000000000000711, -24.12132034355964194, 11.23401871576779243 ) ) ;
#434 = DIRECTION ( 'NONE',  ( -1.000000000000000000, 0.000000000000000000, 0.000000000000000000 ) ) ;
#435 = CARTESIAN_POINT ( 'NONE',  ( -21.51127130665958376, -19.78398749108098187, 23.63735984684409530 ) ) ;
#436 = CARTESIAN_POINT ( 'NONE',  ( -16.82949354222763816, 22.00000000000000000, 25.00000000000000000 ) ) ;
#437 = EDGE_CURVE ( 'NONE', #1152, #2752, #2382, .T. ) ;
#438 = ADVANCED_FACE ( 'NONE', ( #1588 ), #2144, .T. ) ;
#439 = CARTESIAN_POINT ( 'NONE',  ( 20.81825009609519128, 25.00000000000000355, 19.22081494768845644 ) ) ;
#440 = CARTESIAN_POINT ( 'NONE',  ( 10.00000000000000000, 3.673940397442059178E-15, -25.00000000000000000 ) ) ;
#441 = CARTESIAN_POINT ( 'NONE',  ( 49.99999999999999289, -9.112698372208006603, 25.00000000000000000 ) ) ;
#442 = ORIENTED_EDGE ( 'NONE', *, *, #158, .T. ) ;
#443 = EDGE_CURVE ( 'NONE', #1598, #3107, #2443, .T. ) ;
#444 = AXIS2_PLACEMENT_3D ( 'NONE', #2710, #548, #254 ) ;
#445 = AXIS2_PLACEMENT_3D ( 'NONE', #413, #3123, #2931 ) ;
#446 = AXIS2_PLACEMENT_3D ( 'NONE', #3096, #321, #938 ) ;
#447 = DIRECTION ( 'NONE',  ( 0.4006291549168362054, 0.8789161044352984398, -0.2588489165418720872 ) ) ;
#448 = ORIENTED_EDGE ( 'NONE', *, *, #2859, .T. ) ;
#449 = ORIENTED_EDGE ( 'NONE', *, *, #1602, .F. ) ;
#450 = CARTESIAN_POINT ( 'NONE',  ( 24.43191315291969801, -13.58291653457129300, -25.00000000000000355 ) ) ;
#451 = CARTESIAN_POINT ( 'NONE',  ( 49.99999999999999289, 25.00000000000000000, 9.112698372208051012 ) ) ;
#452 = VECTOR ( 'NONE', #1025, 1000.000000000000000 ) ;
#453 = CIRCLE ( 'NONE', #914, 2.999999999999999556 ) ;
#454 = EDGE_LOOP ( 'NONE', ( #2767, #701, #3521, #3469 ) ) ;
#455 = DIRECTION ( 'NONE',  ( 1.000000000000000000, 0.000000000000000000, 0.000000000000000000 ) ) ;
#456 = AXIS2_PLACEMENT_3D ( 'NONE', #303, #3305, #2468 ) ;
#457 = EDGE_CURVE ( 'NONE', #920, #1638, #1690, .T. ) ;
#458 = CARTESIAN_POINT ( 'NONE',  ( 23.71167745533302806, -24.99999999999614531, 16.09257051418420303 ) ) ;
#459 = DIRECTION ( 'NONE',  ( 0.000000000000000000, 0.000000000000000000, -1.000000000000000000 ) ) ;
#460 = DIRECTION ( 'NONE',  ( 0.000000000000000000, -0.7071067811865495711, -0.7071067811865454633 ) ) ;
#461 = DIRECTION ( 'NONE',  ( -0.000000000000000000, -0.000000000000000000, 1.000000000000000000 ) ) ;
#462 = CARTESIAN_POINT ( 'NONE',  ( -16.82949354222764171, 25.00000000000000000, -22.00000000000000000 ) ) ;
#463 = CARTESIAN_POINT ( 'NONE',  ( -20.21129770926582125, 21.51617619707194962, 23.53931142953913636 ) ) ;
#464 = CARTESIAN_POINT ( 'NONE',  ( -47.00000000000000000, -22.00000000000000355, 25.00000000000000000 ) ) ;
#465 = VERTEX_POINT ( 'NONE', #1910 ) ;
#466 = ADVANCED_FACE ( 'NONE', ( #1637 ), #1011, .T. ) ;
#467 = CIRCLE ( 'NONE', #1670, 2.999999999999999112 ) ;
#468 =( BOUNDED_CURVE ( )  B_SPLINE_CURVE ( 3, ( #622, #133, #2255, #1722 ),
 .UNSPECIFIED., .F., .F. ) 
 B_SPLINE_CURVE_WITH_KNOTS ( ( 4, 4 ),
 ( 5.452739186808243765, 6.283185307179586232 ),
 .UNSPECIFIED. ) 
 CURVE ( )  GEOMETRIC_REPRESENTATION_ITEM ( )  RATIONAL_B_SPLINE_CURVE ( ( 1.000000000000000000, 0.9433509080723008200, 0.9433509080723008200, 1.000000000000000000 ) ) 
 REPRESENTATION_ITEM ( '' )  );
#469 = DIRECTION ( 'NONE',  ( 1.000000000000000000, 0.000000000000000000, 0.000000000000000000 ) ) ;
#470 = ORIENTED_EDGE ( 'NONE', *, *, #2197, .F. ) ;
#471 = VERTEX_POINT ( 'NONE', #2936 ) ;
#472 = CARTESIAN_POINT ( 'NONE',  ( 37.50000000000000711, 11.23401871576773736, 24.12132034355964549 ) ) ;
#473 = CARTESIAN_POINT ( 'NONE',  ( 47.00000000000000000, 9.112698372208106079, 22.00000000000000355 ) ) ;
#474 = AXIS2_PLACEMENT_3D ( 'NONE', #2394, #285, #1387 ) ;
#475 = ORIENTED_EDGE ( 'NONE', *, *, #657, .T. ) ;
#476 = FACE_OUTER_BOUND ( 'NONE', #2248, .T. ) ;
#477 = MANIFOLD_SOLID_BREP ( 'Fillet1', #2075 ) ;
#478 = DIRECTION ( 'NONE',  ( 0.8399349719120049462, -2.312964634635742267E-15, -0.5426870580354571372 ) ) ;
#479 = DIRECTION ( 'NONE',  ( -0.8399349719120049462, -0.5426870580354571372, 0.000000000000000000 ) ) ;
#480 = DIRECTION ( 'NONE',  ( 0.000000000000000000, 0.7071067811865451302, -0.7071067811865499042 ) ) ;
#481 = DIRECTION ( 'NONE',  ( -1.734723475976807341E-16, 1.000000000000000000, 0.000000000000000000 ) ) ;
#482 = DIRECTION ( 'NONE',  ( 1.000000000000000000, 0.000000000000000000, -5.551115123125783688E-16 ) ) ;
#483 = CARTESIAN_POINT ( 'NONE',  ( -47.00000000000000000, 9.112698372208058117, -22.00000000000000355 ) ) ;
#484 = FACE_OUTER_BOUND ( 'NONE', #1706, .T. ) ;
#485 = ORIENTED_EDGE ( 'NONE', *, *, #2355, .F. ) ;
#486 = ADVANCED_FACE ( 'NONE', ( #2666 ), #3110, .T. ) ;
#487 = ADVANCED_FACE ( 'NONE', ( #2715 ), #3299, .T. ) ;
#488 = ADVANCED_FACE ( 'NONE', ( #541 ), #2461, .F. ) ;
#489 = FACE_OUTER_BOUND ( 'NONE', #2393, .T. ) ;
#490 = ORIENTED_EDGE ( 'NONE', *, *, #1005, .T. ) ;
#491 =( BOUNDED_SURFACE ( )  B_SPLINE_SURFACE ( 3, 2, ( 
 ( #875, #1683, #3011 ),
 ( #2726, #2183, #549 ),
 ( #1647, #1110, #2219 ),
 ( #2504, #2742, #3046 ),
 ( #564, #272, #2777 ),
 ( #3260, #1142, #584 ),
 ( #2759, #3312, #288 ),
 ( #3278, #1390, #1701 ),
 ( #4, #2201, #309 ),
 ( #857, #819, #1930 ) ),
 .UNSPECIFIED., .F., .F., .F. ) 
 B_SPLINE_SURFACE_WITH_KNOTS ( ( 4, 2, 2, 2, 4 ),
 ( 3, 3 ),
 ( 2.311146533218450649, 2.518758063311286044, 2.726369593404121883, 2.933981123496957721, 3.141592653589793116 ),
 ( 0.000000000000000000, 1.000000000000000000 ),
 .UNSPECIFIED. ) 
 GEOMETRIC_REPRESENTATION_ITEM ( )  RATIONAL_B_SPLINE_SURFACE ( (
 ( 1.000000000000000000, 0.8593533600841908315, 1.000000000000000000),
 ( 1.000000000000000000, 0.8698635397552754167, 1.000000000000000000),
 ( 1.000000000000000000, 0.8791803030592597601, 1.000000000000000000),
 ( 1.000000000000000000, 0.8952672519916344829, 1.000000000000000000),
 ( 1.000000000000000000, 0.9020367518871778012, 1.000000000000000000),
 ( 1.000000000000000000, 0.9129130246142788119, 1.000000000000000000),
 ( 1.000000000000000000, 0.9170198683931005679, 1.000000000000000000),
 ( 1.000000000000000000, 0.9225031065365365546, 1.000000000000000000),
 ( 1.000000000000000000, 0.9238802365528591132, 1.000000000000000000),
 ( 1.000000000000000000, 0.9238795325112867385, 1.000000000000000000) ) ) 
 REPRESENTATION_ITEM ( '' )  SURFACE ( )  );
#492 = ORIENTED_EDGE ( 'NONE', *, *, #3372, .F. ) ;
#493 = DIRECTION ( 'NONE',  ( 3.925231146709438780E-16, 0.7071067811865474617, 0.7071067811865475727 ) ) ;
#494 = VERTEX_POINT ( 'NONE', #1654 ) ;
#495 = CARTESIAN_POINT ( 'NONE',  ( -30.31488166380922067, 11.74582625984422890, -25.00000000000344613 ) ) ;
#496 = EDGE_CURVE ( 'NONE', #2952, #2583, #1871, .T. ) ;
#497 = DIRECTION ( 'NONE',  ( 0.000000000000000000, 0.000000000000000000, -1.000000000000000000 ) ) ;
#498 = CARTESIAN_POINT ( 'NONE',  ( -33.62464464702379985, -9.398178028109379412, 25.00000000000000000 ) ) ;
#499 = CYLINDRICAL_SURFACE ( 'NONE', #110, 2.999999999999999112 ) ;
#500 = ADVANCED_BREP_SHAPE_REPRESENTATION ( 'CSWA_10_1', ( #477, #3497 ), #2571 ) ;
#501 = DIRECTION ( 'NONE',  ( 0.000000000000000000, 0.000000000000000000, -1.000000000000000000 ) ) ;
#502 = CARTESIAN_POINT ( 'NONE',  ( -16.82949354222763816, 22.00000000000000355, 22.00000000000000355 ) ) ;
#503 = CARTESIAN_POINT ( 'NONE',  ( -16.82949354222765947, 25.00000000000000355, 21.99999999999997158 ) ) ;
#504 = EDGE_CURVE ( 'NONE', #1438, #2732, #3273, .T. ) ;
#505 = EDGE_CURVE ( 'NONE', #1112, #1096, #2819, .T. ) ;
#506 = FACE_OUTER_BOUND ( 'NONE', #2750, .T. ) ;
#507 = EDGE_LOOP ( 'NONE', ( #3536, #97, #1727 ) ) ;
#508 = CARTESIAN_POINT ( 'NONE',  ( -49.99999999999999289, -11.23401871576775335, -24.12132034355964549 ) ) ;
#509 = CARTESIAN_POINT ( 'NONE',  ( -23.85166358376837437, -15.54380077911608105, 23.87737041544558991 ) ) ;
#510 = AXIS2_PLACEMENT_3D ( 'NONE', #1711, #2809, #3125 ) ;
#511 = AXIS2_PLACEMENT_3D ( 'NONE', #2124, #757, #738 ) ;
#512 = EDGE_LOOP ( 'NONE', ( #2768, #3344, #192 ) ) ;
#513 = CARTESIAN_POINT ( 'NONE',  ( -24.43191315291969801, 13.58291653457851389, -25.00000000000000355 ) ) ;
#514 = DIRECTION ( 'NONE',  ( -0.5426870580354569151, 0.000000000000000000, -0.8399349719120049462 ) ) ;
#515 = VECTOR ( 'NONE', #1530, 1000.000000000000000 ) ;
#516 = CARTESIAN_POINT ( 'NONE',  ( -37.49999999999999289, -10.35533905932733667, 25.00000000000000355 ) ) ;
#517 = DIRECTION ( 'NONE',  ( 1.000000000000000000, 0.000000000000000000, -5.551115123125783688E-16 ) ) ;
#518 = CIRCLE ( 'NONE', #2806, 2.999999999999999112 ) ;
#519 = DIRECTION ( 'NONE',  ( 0.4006291549168362054, 0.8789161044352984398, -0.2588489165418720872 ) ) ;
#520 = CARTESIAN_POINT ( 'NONE',  ( -29.83244999020988075, 10.52787079273770487, 25.00000000000000000 ) ) ;
#521 = DIRECTION ( 'NONE',  ( -0.4006291549168359833, -0.2588489165418716986, 0.8789161044352987728 ) ) ;
#522 = FACE_OUTER_BOUND ( 'NONE', #2022, .T. ) ;
#523 = CARTESIAN_POINT ( 'NONE',  ( 47.00000000000000000, -11.23401871576767874, 24.12132034355965615 ) ) ;
#524 = ORIENTED_EDGE ( 'NONE', *, *, #1644, .T. ) ;
#525 = DIRECTION ( 'NONE',  ( -0.000000000000000000, 0.7071067811865461294, -0.7071067811865490160 ) ) ;
#526 = AXIS2_PLACEMENT_3D ( 'NONE', #2435, #1350, #1119 ) ;
#527 = ORIENTED_EDGE ( 'NONE', *, *, #2942, .T. ) ;
#528 = AXIS2_PLACEMENT_3D ( 'NONE', #2141, #1905, #2699 ) ;
#529 = ORIENTED_EDGE ( 'NONE', *, *, #2587, .T. ) ;
#530 = CARTESIAN_POINT ( 'NONE',  ( -37.50000000000000711, -11.23401871576773559, -24.12132034355965260 ) ) ;
#531 = AXIS2_PLACEMENT_3D ( 'NONE', #1170, #2503, #35 ) ;
#532 = CARTESIAN_POINT ( 'NONE',  ( 18.32897391849433433, -22.96882332703172480, 24.99999999999999645 ) ) ;
#533 = CARTESIAN_POINT ( 'NONE',  ( -37.50000000000000711, -9.112698372208051012, 25.00000000000000000 ) ) ;
#534 = DIRECTION ( 'NONE',  ( -0.000000000000000000, -1.000000000000000000, -0.000000000000000000 ) ) ;
#535 = CARTESIAN_POINT ( 'NONE',  ( -27.97802025037341522, -25.00000000000000000, -11.37204899426049742 ) ) ;
#536 = CARTESIAN_POINT ( 'NONE',  ( -35.68388219759663826, 10.35533905932738108, 25.00000000000000000 ) ) ;
#537 = CARTESIAN_POINT ( 'NONE',  ( 16.82949354222764171, 22.00000000000000355, 22.00000000000000355 ) ) ;
#538 = CARTESIAN_POINT ( 'NONE',  ( 50.00000000000000000, 22.00000000000000355, -9.112698372208152264 ) ) ;
#539 = CARTESIAN_POINT ( 'NONE',  ( -25.28089044475864355, -25.00000000000365219, 14.74614857550360369 ) ) ;
#540 = ORIENTED_EDGE ( 'NONE', *, *, #1496, .F. ) ;
#541 = FACE_OUTER_BOUND ( 'NONE', #2641, .T. ) ;
#542 = ORIENTED_EDGE ( 'NONE', *, *, #318, .T. ) ;
#543 = CARTESIAN_POINT ( 'NONE',  ( 10.00000000000000000, 3.673940397442059178E-15, -25.00000000000000000 ) ) ;
#544 = ORIENTED_EDGE ( 'NONE', *, *, #1851, .F. ) ;
#545 = DIRECTION ( 'NONE',  ( 0.000000000000000000, 0.000000000000000000, -1.000000000000000000 ) ) ;
#546 = CARTESIAN_POINT ( 'NONE',  ( -16.82949354222762750, -25.00000000000000000, -22.00000000000001421 ) ) ;
#547 = CARTESIAN_POINT ( 'NONE',  ( -35.56226491857312766, 9.112698372208093645, 25.00000000000000000 ) ) ;
#548 = DIRECTION ( 'NONE',  ( 0.000000000000000000, -1.000000000000000000, 0.000000000000000000 ) ) ;
#549 = CARTESIAN_POINT ( 'NONE',  ( -18.13664457375450567, -19.97687848145558576, -25.00000000000000355 ) ) ;
#550 = ADVANCED_FACE ( 'NONE', ( #243 ), #840, .T. ) ;
#551 = DIRECTION ( 'NONE',  ( -1.000000000000000000, 0.000000000000000000, 0.000000000000000000 ) ) ;
#552 = ORIENTED_EDGE ( 'NONE', *, *, #986, .F. ) ;
#553 = CARTESIAN_POINT ( 'NONE',  ( 25.83206531510864323, -23.88184437057934062, -15.46476090514730473 ) ) ;
#554 = ORIENTED_EDGE ( 'NONE', *, *, #1181, .T. ) ;
#555 = ORIENTED_EDGE ( 'NONE', *, *, #2766, .T. ) ;
#556 = CARTESIAN_POINT ( 'NONE',  ( -34.03986129198590760, 11.50420481866882660, -24.10602679056552944 ) ) ;
#557 = CIRCLE ( 'NONE', #1765, 2.999999999999999112 ) ;
#558 = VECTOR ( 'NONE', #3276, 1000.000000000000000 ) ;
#559 = EDGE_LOOP ( 'NONE', ( #2983, #1759, #3390 ) ) ;
#560 = FACE_OUTER_BOUND ( 'NONE', #2103, .T. ) ;
#561 = AXIS2_PLACEMENT_3D ( 'NONE', #3532, #1070, #1004 ) ;
#562 = DIRECTION ( 'NONE',  ( 1.000000000000000000, 0.000000000000000000, 5.551115123125783688E-16 ) ) ;
#563 = DIRECTION ( 'NONE',  ( 1.000000000000000000, 0.000000000000000000, -0.000000000000000000 ) ) ;
#564 = CARTESIAN_POINT ( 'NONE',  ( -25.83206531510688109, -15.46476090515315072, -23.88184437057460485 ) ) ;
#565 = CARTESIAN_POINT ( 'NONE',  ( -37.49999999999997868, 25.00000000000000000, -9.112698372208141606 ) ) ;
#566 = AXIS2_PLACEMENT_3D ( 'NONE', #1741, #1792, #72 ) ;
#567 = EDGE_CURVE ( 'NONE', #294, #841, #1840, .T. ) ;
#568 = ADVANCED_FACE ( 'NONE', ( #3235 ), #228, .T. ) ;
#569 = DIRECTION ( 'NONE',  ( -0.000000000000000000, -0.000000000000000000, 1.000000000000000000 ) ) ;
#570 = CARTESIAN_POINT ( 'NONE',  ( -47.00000000000000000, -9.112698372208059894, 25.00000000000000000 ) ) ;
#571 = ORIENTED_EDGE ( 'NONE', *, *, #3473, .T. ) ;
#572 = FACE_OUTER_BOUND ( 'NONE', #182, .T. ) ;
#573 = ORIENTED_EDGE ( 'NONE', *, *, #3229, .F. ) ;
#574 = EDGE_LOOP ( 'NONE', ( #2949, #249, #3108, #2907, #2245, #2297, #3067, #3192, #1993, #901, #1493, #2600 ) ) ;
#575 = SPHERICAL_SURFACE ( 'NONE', #734, 3.000000000000000000 ) ;
#576 = VECTOR ( 'NONE', #1244, 1000.000000000000114 ) ;
#577 = EDGE_CURVE ( 'NONE', #1580, #2226, #2089, .T. ) ;
#578 = EDGE_LOOP ( 'NONE', ( #1250, #544, #2190, #46 ) ) ;
#579 = CARTESIAN_POINT ( 'NONE',  ( 37.50000000000000711, 22.00000000000000355, 9.112698372208100750 ) ) ;
#580 = DIRECTION ( 'NONE',  ( -1.000000000000000000, -0.000000000000000000, 0.000000000000000000 ) ) ;
#581 = DIRECTION ( 'NONE',  ( -1.000000000000000000, 2.312964634635743450E-15, -0.000000000000000000 ) ) ;
#582 = DIRECTION ( 'NONE',  ( 0.000000000000000000, 0.000000000000000000, 1.000000000000000000 ) ) ;
#583 = CARTESIAN_POINT ( 'NONE',  ( -47.00000000000000000, 10.35533905932733312, -25.00000000000000000 ) ) ;
#584 = CARTESIAN_POINT ( 'NONE',  ( -27.97802025037341522, -11.37204899426049565, -25.00000000000000355 ) ) ;
#585 = CARTESIAN_POINT ( 'NONE',  ( -30.31488166381070215, 25.00000000000000355, -11.74582625984428930 ) ) ;
#586 = CARTESIAN_POINT ( 'NONE',  ( -30.31488166380899685, -25.00000000000000711, 11.74582625983751427 ) ) ;
#587 = ORIENTED_EDGE ( 'NONE', *, *, #853, .F. ) ;
#588 = ADVANCED_FACE ( 'NONE', ( #1344 ), #3282, .T. ) ;
#589 = LINE ( 'NONE', #2224, #349 ) ;
#590 = EDGE_LOOP ( 'NONE', ( #951, #2117, #540, #1255 ) ) ;
#591 = ORIENTED_EDGE ( 'NONE', *, *, #2119, .T. ) ;
#592 = DIRECTION ( 'NONE',  ( 0.000000000000000000, -0.7071067811865451302, 0.7071067811865499042 ) ) ;
#593 = CARTESIAN_POINT ( 'NONE',  ( 25.28089044475844105, 25.00000000000365219, -14.74614857549826574 ) ) ;
#594 = EDGE_CURVE ( 'NONE', #2915, #1903, #1267, .T. ) ;
#595 = ORIENTED_EDGE ( 'NONE', *, *, #2137, .F. ) ;
#596 = DIRECTION ( 'NONE',  ( 0.9099284479795608505, 0.4147652583781669122, 0.000000000000000000 ) ) ;
#597 =( BOUNDED_CURVE ( )  B_SPLINE_CURVE ( 3, ( #1815, #2912, #394, #3160 ),
 .UNSPECIFIED., .F., .F. ) 
 B_SPLINE_CURVE_WITH_KNOTS ( ( 4, 4 ),
 ( 2.311146533218450649, 3.141592653589793116 ),
 .UNSPECIFIED. ) 
 CURVE ( )  GEOMETRIC_REPRESENTATION_ITEM ( )  RATIONAL_B_SPLINE_CURVE ( ( 1.000000000000000000, 0.9433509080723008200, 0.9433509080723008200, 1.000000000000000000 ) ) 
 REPRESENTATION_ITEM ( '' )  );
#598 = PERSON_AND_ORGANIZATION_ROLE ( 'creator' ) ;
#599 = DIRECTION ( 'NONE',  ( 0.000000000000000000, 0.000000000000000000, 1.000000000000000000 ) ) ;
#600 = DIRECTION ( 'NONE',  ( -1.000000000000000000, 0.000000000000000000, -5.551115123125764953E-16 ) ) ;
#601 = CARTESIAN_POINT ( 'NONE',  ( 49.99999999999999289, 11.00000000000001066, 25.00000000000000000 ) ) ;
#602 = CARTESIAN_POINT ( 'NONE',  ( -19.04419066270324734, -23.43092918492793331, 23.43092918492794396 ) ) ;
#603 = ORIENTED_EDGE ( 'NONE', *, *, #1379, .F. ) ;
#604 = DIRECTION ( 'NONE',  ( 0.000000000000000000, 0.000000000000000000, -1.000000000000000000 ) ) ;
#605 = EDGE_CURVE ( 'NONE', #1378, #294, #1901, .T. ) ;
#606 = ORIENTED_EDGE ( 'NONE', *, *, #2067, .T. ) ;
#607 = VERTEX_POINT ( 'NONE', #1972 ) ;
#608 = CYLINDRICAL_SURFACE ( 'NONE', #1937, 2.999999999999999112 ) ;
#609 = EDGE_CURVE ( 'NONE', #1009, #2945, #617, .T. ) ;
#610 = CARTESIAN_POINT ( 'NONE',  ( 27.97802025037342233, 25.00000000000000000, -11.37204899426053295 ) ) ;
#611 = ORIENTED_EDGE ( 'NONE', *, *, #1178, .T. ) ;
#612 = DIRECTION ( 'NONE',  ( 0.000000000000000000, 0.7071067811865499042, 0.7071067811865451302 ) ) ;
#613 = DIRECTION ( 'NONE',  ( -4.088782444488999181E-16, 0.7071067811865477948, -0.7071067811865472397 ) ) ;
#614 = CIRCLE ( 'NONE', #1534, 2.999999999999999112 ) ;
#615 = DIRECTION ( 'NONE',  ( 0.000000000000000000, 0.000000000000000000, 1.000000000000000000 ) ) ;
#616 = CARTESIAN_POINT ( 'NONE',  ( 10.00000000000000000, 3.673940397442059178E-15, -22.00000000000000355 ) ) ;
#617 =( BOUNDED_CURVE ( )  B_SPLINE_CURVE ( 3, ( #880, #314, #3033, #1176 ),
 .UNSPECIFIED., .F., .T. ) 
 B_SPLINE_CURVE_WITH_KNOTS ( ( 4, 4 ),
 ( 2.311146533218450649, 3.141592653589793116 ),
 .UNSPECIFIED. ) 
 CURVE ( )  GEOMETRIC_REPRESENTATION_ITEM ( )  RATIONAL_B_SPLINE_CURVE ( ( 1.000000000000000000, 0.9433509080723008200, 0.9433509080723008200, 1.000000000000000000 ) ) 
 REPRESENTATION_ITEM ( '' )  );
#618 = DIRECTION ( 'NONE',  ( 0.000000000000000000, -0.7071067811865475727, -0.7071067811865475727 ) ) ;
#619 = CARTESIAN_POINT ( 'NONE',  ( -10.00000000000000000, 0.000000000000000000, -22.00000000000000355 ) ) ;
#620 = AXIS2_PLACEMENT_3D ( 'NONE', #2981, #3483, #3193 ) ;
#621 = VECTOR ( 'NONE', #2371, 1000.000000000000000 ) ;
#622 = CARTESIAN_POINT ( 'NONE',  ( 16.82949354222763461, -25.00000000000000000, -22.00000000000000355 ) ) ;
#623 = CIRCLE ( 'NONE', #2924, 8.000000000000001776 ) ;
#624 = ORIENTED_EDGE ( 'NONE', *, *, #123, .T. ) ;
#625 = CARTESIAN_POINT ( 'NONE',  ( 37.50000000000000711, 9.112698372208100750, 22.00000000000000355 ) ) ;
#626 = CIRCLE ( 'NONE', #1485, 2.999999999999999112 ) ;
#627 = ORIENTED_EDGE ( 'NONE', *, *, #3429, .T. ) ;
#628 = ORIENTED_EDGE ( 'NONE', *, *, #882, .F. ) ;
#629 = CARTESIAN_POINT ( 'NONE',  ( 34.03986129198443678, -11.50420481867079481, -24.10602679056403019 ) ) ;
#630 = CARTESIAN_POINT ( 'NONE',  ( 24.32173693682926441, 16.75817008804402519, 23.80863253003290936 ) ) ;
#631 = ORIENTED_EDGE ( 'NONE', *, *, #3155, .T. ) ;
#632 = CARTESIAN_POINT ( 'NONE',  ( 16.82949354222763461, 22.00000000000000355, -22.00000000000000355 ) ) ;
#633 = EDGE_CURVE ( 'NONE', #340, #2808, #1147, .T. ) ;
#634 = CARTESIAN_POINT ( 'NONE',  ( 47.00000000000000000, 22.00000000000000711, -9.112698372208141606 ) ) ;
#635 = SECURITY_CLASSIFICATION_LEVEL ( 'unclassified' ) ;
#636 = DIRECTION ( 'NONE',  ( 0.000000000000000000, 0.000000000000000000, -1.000000000000000000 ) ) ;
#637 = CARTESIAN_POINT ( 'NONE',  ( -37.50000000000000711, 24.12132034355964905, 11.23401871576773203 ) ) ;
#638 = VECTOR ( 'NONE', #3554, 1000.000000000000114 ) ;
#639 = AXIS2_PLACEMENT_3D ( 'NONE', #1186, #32, #2233 ) ;
#640 = CARTESIAN_POINT ( 'NONE',  ( 10.00000000000000000, 3.673940397442059178E-15, -22.00000000000000355 ) ) ;
#641 = CARTESIAN_POINT ( 'NONE',  ( -37.50000000000000711, 24.12132034355964905, 11.23401871576773559 ) ) ;
#642 = VERTEX_POINT ( 'NONE', #1955 ) ;
#643 = ORIENTED_EDGE ( 'NONE', *, *, #1929, .T. ) ;
#644 = VERTEX_POINT ( 'NONE', #3319 ) ;
#645 = DIRECTION ( 'NONE',  ( 0.000000000000000000, -1.000000000000000000, 0.000000000000000000 ) ) ;
#646 = ORIENTED_EDGE ( 'NONE', *, *, #859, .T. ) ;
#647 = CARTESIAN_POINT ( 'NONE',  ( 47.00000000000000000, 11.23401871576769295, -24.12132034355965260 ) ) ;
#648 = EDGE_CURVE ( 'NONE', #471, #1096, #589, .T. ) ;
#649 = APPROVAL_STATUS ( 'not_yet_approved' ) ;
#650 = LINE ( 'NONE', #1751, #2998 ) ;
#651 = FACE_OUTER_BOUND ( 'NONE', #574, .T. ) ;
#652 = DIRECTION ( 'NONE',  ( -1.000000000000000000, -0.000000000000000000, 0.000000000000000000 ) ) ;
#653 = ADVANCED_FACE ( 'NONE', ( #572 ), #334, .T. ) ;
#654 = CARTESIAN_POINT ( 'NONE',  ( -37.50000000000000711, -7.322330470336465780, -42.67766952966367455 ) ) ;
#655 = CARTESIAN_POINT ( 'NONE',  ( 47.00000000000000000, 15.55634918610405037, 15.55634918610405215 ) ) ;
#656 = EDGE_LOOP ( 'NONE', ( #721, #3428, #1313 ) ) ;
#657 = EDGE_CURVE ( 'NONE', #2583, #883, #295, .T. ) ;
#658 = VECTOR ( 'NONE', #2708, 1000.000000000000000 ) ;
#659 = ORIENTED_EDGE ( 'NONE', *, *, #3201, .T. ) ;
#660 = ORIENTED_EDGE ( 'NONE', *, *, #1037, .F. ) ;
#661 = CARTESIAN_POINT ( 'NONE',  ( 34.03986129198169408, 11.50420481867167055, 24.10602679056396980 ) ) ;
#662 = EDGE_LOOP ( 'NONE', ( #1216, #475, #2375, #3055 ) ) ;
#663 = LINE ( 'NONE', #2773, #2797 ) ;
#664 = ADVANCED_FACE ( 'NONE', ( #1689 ), #1163, .T. ) ;
#665 = CARTESIAN_POINT ( 'NONE',  ( -50.00000000000000000, -8.234018715767698282, 22.87867965644036161 ) ) ;
#666 = PERSON_AND_ORGANIZATION_ROLE ( 'classification_officer' ) ;
#667 = CARTESIAN_POINT ( 'NONE',  ( 37.50000000000000711, 9.112698372208100750, 25.00000000000000000 ) ) ;
#668 = LINE ( 'NONE', #2794, #1953 ) ;
#669 = PRODUCT_RELATED_PRODUCT_CATEGORY ( 'detail', '', ( #1713 ) ) ;
#670 = CIRCLE ( 'NONE', #322, 8.000000000000001776 ) ;
#671 = CIRCLE ( 'NONE', #3431, 2.999999999999999112 ) ;
#672 = CARTESIAN_POINT ( 'NONE',  ( 37.49999999999997868, 25.00000000000000355, 9.112698372208093645 ) ) ;
#673 = CARTESIAN_POINT ( 'NONE',  ( 29.51779302434808372, 9.112698372208095421, 25.00000000000000000 ) ) ;
#674 = AXIS2_PLACEMENT_3D ( 'NONE', #44, #1129, #592 ) ;
#675 = CARTESIAN_POINT ( 'NONE',  ( -30.31488166380943383, 25.00000000000344968, 11.74582625983904016 ) ) ;
#676 = VERTEX_POINT ( 'NONE', #2542 ) ;
#677 = EDGE_CURVE ( 'NONE', #78, #1029, #936, .T. ) ;
#678 = AXIS2_PLACEMENT_3D ( 'NONE', #2629, #2366, #3461 ) ;
#679 = DIRECTION ( 'NONE',  ( -3.925231146709438780E-16, 0.7071067811865474617, 0.7071067811865475727 ) ) ;
#680 = ORIENTED_EDGE ( 'NONE', *, *, #2679, .F. ) ;
#681 = ORIENTED_EDGE ( 'NONE', *, *, #2102, .T. ) ;
#682 = LINE ( 'NONE', #393, #3540 ) ;
#683 = DIRECTION ( 'NONE',  ( 0.000000000000000000, 0.000000000000000000, -1.000000000000000000 ) ) ;
#684 = VECTOR ( 'NONE', #1323, 1000.000000000000000 ) ;
#685 = ORIENTED_EDGE ( 'NONE', *, *, #2132, .F. ) ;
#686 = FACE_OUTER_BOUND ( 'NONE', #922, .T. ) ;
#687 = EDGE_CURVE ( 'NONE', #3069, #294, #899, .T. ) ;
#688 = DIRECTION ( 'NONE',  ( -1.000000000000000000, 0.000000000000000000, 0.000000000000000000 ) ) ;
#689 = CARTESIAN_POINT ( 'NONE',  ( -37.50000000000000711, 10.35533905932716259, -60.35533905932742726 ) ) ;
#690 = DIRECTION ( 'NONE',  ( -0.000000000000000000, -0.7071067811865475727, 0.7071067811865474617 ) ) ;
#691 = CARTESIAN_POINT ( 'NONE',  ( -22.21386321382058426, 13.66643036367052666, 25.00000000000000000 ) ) ;
#692 = AXIS2_PLACEMENT_3D ( 'NONE', #848, #2196, #2486 ) ;
#693 = DIRECTION ( 'NONE',  ( -0.8399349719120039470, 0.000000000000000000, 0.5426870580354584694 ) ) ;
#694 = DIRECTION ( 'NONE',  ( 0.000000000000000000, 0.000000000000000000, -1.000000000000000000 ) ) ;
#695 = CARTESIAN_POINT ( 'NONE',  ( -30.65397320553874039, 24.04550753531971807, 12.57337832805597699 ) ) ;
#696 = VERTEX_POINT ( 'NONE', #919 ) ;
#697 = CIRCLE ( 'NONE', #531, 2.999999999999999556 ) ;
#698 = EDGE_CURVE ( 'NONE', #78, #1778, #990, .T. ) ;
#699 = CARTESIAN_POINT ( 'NONE',  ( 19.49043530616276243, 25.00000000000000000, -21.01920179886573692 ) ) ;
#700 = ORIENTED_EDGE ( 'NONE', *, *, #577, .F. ) ;
#701 = ORIENTED_EDGE ( 'NONE', *, *, #1609, .F. ) ;
#702 = SPHERICAL_SURFACE ( 'NONE', #445, 3.000000000000000000 ) ;
#703 = CARTESIAN_POINT ( 'NONE',  ( 35.76987939158099294, 24.12132034355964194, -11.23401871576779065 ) ) ;
#704 = VERTEX_POINT ( 'NONE', #1395 ) ;
#705 = DIRECTION ( 'NONE',  ( -0.000000000000000000, -0.000000000000000000, 1.000000000000000000 ) ) ;
#706 = DIRECTION ( 'NONE',  ( 1.635512977795603025E-15, -0.7071067811865499042, -0.7071067811865453523 ) ) ;
#707 = ADVANCED_FACE ( 'NONE', ( #19 ), #856, .T. ) ;
#708 = DIRECTION ( 'NONE',  ( 0.000000000000000000, 0.000000000000000000, -1.000000000000000000 ) ) ;
#709 = FACE_OUTER_BOUND ( 'NONE', #828, .T. ) ;
#710 = DIRECTION ( 'NONE',  ( 1.000000000000000000, 1.156482317317870344E-15, 0.000000000000000000 ) ) ;
#711 = CARTESIAN_POINT ( 'NONE',  ( 19.59262386345568885, 25.00000000000000355, 18.14662764424102548 ) ) ;
#712 = DIRECTION ( 'NONE',  ( 0.000000000000000000, -5.782411586589358625E-16, -1.000000000000000000 ) ) ;
#713 = CARTESIAN_POINT ( 'NONE',  ( 16.82949354222763816, -22.00000000000000355, 22.00000000000000355 ) ) ;
#714 = ORIENTED_EDGE ( 'NONE', *, *, #1956, .F. ) ;
#715 =( BOUNDED_CURVE ( )  B_SPLINE_CURVE ( 3, ( #2523, #673, #406, #1462 ),
 .UNSPECIFIED., .F., .F. ) 
 B_SPLINE_CURVE_WITH_KNOTS ( ( 4, 4 ),
 ( 0.000000000000000000, 0.8304461203713424666 ),
 .UNSPECIFIED. ) 
 CURVE ( )  GEOMETRIC_REPRESENTATION_ITEM ( )  RATIONAL_B_SPLINE_CURVE ( ( 1.000000000000000000, 0.9433509080723008200, 0.9433509080723008200, 1.000000000000000000 ) ) 
 REPRESENTATION_ITEM ( '' )  );
#716 = CARTESIAN_POINT ( 'NONE',  ( 16.82949354222763816, -22.00000000000000355, -22.00000000000000355 ) ) ;
#717 = VERTEX_POINT ( 'NONE', #2741 ) ;
#718 = ORIENTED_EDGE ( 'NONE', *, *, #723, .T. ) ;
#719 = CARTESIAN_POINT ( 'NONE',  ( 22.74034536924885685, -14.94953755801486928, -25.00000000000000355 ) ) ;
#720 = DIRECTION ( 'NONE',  ( 1.000000000000000000, 0.000000000000000000, -5.551115123125783688E-16 ) ) ;
#721 = ORIENTED_EDGE ( 'NONE', *, *, #1005, .F. ) ;
#722 = CARTESIAN_POINT ( 'NONE',  ( 50.00000000000000000, 22.00000000000000000, 25.00000000000000000 ) ) ;
#723 = EDGE_CURVE ( 'NONE', #2415, #412, #296, .T. ) ;
#724 = CARTESIAN_POINT ( 'NONE',  ( 19.04419066270326866, -23.43092918492793331, 23.43092918492791554 ) ) ;
#725 = ADVANCED_FACE ( 'NONE', ( #1928 ), #2977, .T. ) ;
#726 = CARTESIAN_POINT ( 'NONE',  ( -16.82949354222763461, 25.00000000000000000, -22.00000000000001066 ) ) ;
#727 = CARTESIAN_POINT ( 'NONE',  ( 10.00000000000000000, 3.673940397442059178E-15, -22.00000000000000355 ) ) ;
#728 = CARTESIAN_POINT ( 'NONE',  ( -37.50000000000000711, -9.112698372208051012, 25.00000000000000000 ) ) ;
#729 = CARTESIAN_POINT ( 'NONE',  ( 49.99999999999999289, 11.23401871576769651, -24.12132034355965260 ) ) ;
#730 = CARTESIAN_POINT ( 'NONE',  ( 50.00000000000000000, -9.112698372208086539, -22.00000000000000355 ) ) ;
#731 = CARTESIAN_POINT ( 'NONE',  ( 37.50000000000000711, 10.35533905932716259, -60.35533905932742726 ) ) ;
#732 = ORIENTED_EDGE ( 'NONE', *, *, #3007, .F. ) ;
#733 = VECTOR ( 'NONE', #1897, 1000.000000000000000 ) ;
#734 = AXIS2_PLACEMENT_3D ( 'NONE', #2496, #1693, #3357 ) ;
#735 = CARTESIAN_POINT ( 'NONE',  ( -37.50000000000000711, -10.35533905932737042, -60.35533905932738463 ) ) ;
#736 = ORIENTED_EDGE ( 'NONE', *, *, #2986, .T. ) ;
#737 = CARTESIAN_POINT ( 'NONE',  ( 9.999999999999998224, -10.99999999999999645, -22.00000000000000355 ) ) ;
#738 = DIRECTION ( 'NONE',  ( 1.000000000000000000, 0.000000000000000000, 0.000000000000000000 ) ) ;
#739 = CIRCLE ( 'NONE', #2917, 3.000000000000000888 ) ;
#740 = APPROVAL ( #3347, 'UNSPECIFIED' ) ;
#741 = ORIENTED_EDGE ( 'NONE', *, *, #504, .T. ) ;
#742 = DIRECTION ( 'NONE',  ( 1.000000000000000000, 0.000000000000000000, 0.000000000000000000 ) ) ;
#743 = VECTOR ( 'NONE', #2579, 1000.000000000000000 ) ;
#744 = DIRECTION ( 'NONE',  ( 0.000000000000000000, 0.000000000000000000, -1.000000000000000000 ) ) ;
#745 = DIRECTION ( 'NONE',  ( 0.000000000000000000, 0.000000000000000000, 1.000000000000000000 ) ) ;
#746 = CARTESIAN_POINT ( 'NONE',  ( -25.28089044475500557, -14.74614857550535341, 25.00000000000000355 ) ) ;
#747 = DIRECTION ( 'NONE',  ( 0.000000000000000000, -0.7071067811865475727, 0.7071067811865474617 ) ) ;
#748 = CARTESIAN_POINT ( 'NONE',  ( -28.57882009854361272, -25.00000000000000355, -12.57886458901156068 ) ) ;
#749 = DIRECTION ( 'NONE',  ( -0.000000000000000000, -0.000000000000000000, 1.000000000000000000 ) ) ;
#750 = CARTESIAN_POINT ( 'NONE',  ( -20.81825009609189792, 25.00000000000392575, 19.22081494767990506 ) ) ;
#751 = EDGE_LOOP ( 'NONE', ( #2762, #933, #284 ) ) ;
#752 = AXIS2_PLACEMENT_3D ( 'NONE', #1805, #3423, #1299 ) ;
#753 = EDGE_CURVE ( 'NONE', #1112, #1817, #1857, .T. ) ;
#754 = FACE_OUTER_BOUND ( 'NONE', #2122, .T. ) ;
#755 = ORIENTED_EDGE ( 'NONE', *, *, #577, .T. ) ;
#756 = CARTESIAN_POINT ( 'NONE',  ( 18.32897391849433433, 25.00000000000000711, 22.96882332703171414 ) ) ;
#757 = DIRECTION ( 'NONE',  ( 0.000000000000000000, 0.000000000000000000, 1.000000000000000000 ) ) ;
#758 = ORIENTED_EDGE ( 'NONE', *, *, #1876, .T. ) ;
#759 = CARTESIAN_POINT ( 'NONE',  ( -47.00000000000000000, -25.00000000000000000, -10.35533905932740240 ) ) ;
#760 = CARTESIAN_POINT ( 'NONE',  ( 37.49999999999997158, -10.35533905932733667, 25.00000000000000355 ) ) ;
#761 = EDGE_CURVE ( 'NONE', #1810, #3433, #1219, .T. ) ;
#762 = CARTESIAN_POINT ( 'NONE',  ( -20.21129770927263891, -21.51617619707413454, 23.53931142952639632 ) ) ;
#763 = LINE ( 'NONE', #3499, #576 ) ;
#764 = VECTOR ( 'NONE', #1450, 1000.000000000000000 ) ;
#765 = EDGE_CURVE ( 'NONE', #1655, #1858, #239, .T. ) ;
#766 = CARTESIAN_POINT ( 'NONE',  ( -19.49043530616874520, -25.00000000000000000, -21.01920179887794760 ) ) ;
#767 = DIRECTION ( 'NONE',  ( 0.000000000000000000, 0.000000000000000000, 1.000000000000000000 ) ) ;
#768 = DIRECTION ( 'NONE',  ( 0.000000000000000000, 0.000000000000000000, -1.000000000000000000 ) ) ;
#769 = EDGE_CURVE ( 'NONE', #2336, #2891, #3538, .T. ) ;
#770 = DIRECTION ( 'NONE',  ( -0.000000000000000000, -0.7071067811865475727, 0.7071067811865474617 ) ) ;
#771 = EDGE_LOOP ( 'NONE', ( #2398, #1855, #552, #2735 ) ) ;
#772 = ORIENTED_EDGE ( 'NONE', *, *, #318, .F. ) ;
#773 = DIRECTION ( 'NONE',  ( -0.000000000000000000, 0.000000000000000000, 1.000000000000000000 ) ) ;
#774 = ORIENTED_EDGE ( 'NONE', *, *, #2484, .T. ) ;
#775 = CARTESIAN_POINT ( 'NONE',  ( -21.51127130665935994, 19.78398749107925170, -23.63735984684605995 ) ) ;
#776 = CARTESIAN_POINT ( 'NONE',  ( 47.00000000000000000, -40.55634918610408590, -9.443650813895832385 ) ) ;
#777 = LINE ( 'NONE', #219, #515 ) ;
#778 = DIRECTION ( 'NONE',  ( -0.5426870580354582474, 1.598977929168381038E-15, -0.8399349719120041691 ) ) ;
#779 = DIRECTION ( 'NONE',  ( -1.000000000000000000, -3.486305596842098443E-32, 5.551115123125783688E-16 ) ) ;
#780 = CARTESIAN_POINT ( 'NONE',  ( -20.81825009609795174, 19.22081494768738352, 25.00000000000000000 ) ) ;
#781 = FACE_OUTER_BOUND ( 'NONE', #356, .T. ) ;
#782 = FACE_OUTER_BOUND ( 'NONE', #807, .T. ) ;
#783 = VERTEX_POINT ( 'NONE', #1646 ) ;
#784 = EDGE_CURVE ( 'NONE', #78, #3157, #2449, .T. ) ;
#785 = CARTESIAN_POINT ( 'NONE',  ( -47.00000000000000000, -15.55634918610405570, -15.55634918610405748 ) ) ;
#786 = VECTOR ( 'NONE', #2070, 1000.000000000000000 ) ;
#787 = VECTOR ( 'NONE', #2014, 1000.000000000000000 ) ;
#788 = ADVANCED_FACE ( 'NONE', ( #1626 ), #2451, .F. ) ;
#789 = ORIENTED_EDGE ( 'NONE', *, *, #2964, .T. ) ;
#790 = FACE_OUTER_BOUND ( 'NONE', #1907, .T. ) ;
#791 = VECTOR ( 'NONE', #2881, 1000.000000000000000 ) ;
#792 = AXIS2_PLACEMENT_3D ( 'NONE', #2134, #1592, #2095 ) ;
#793 = FACE_OUTER_BOUND ( 'NONE', #3505, .T. ) ;
#794 = VECTOR ( 'NONE', #2037, 1000.000000000000000 ) ;
#795 = DIRECTION ( 'NONE',  ( -0.000000000000000000, 0.7071067811865499042, 0.7071067811865451302 ) ) ;
#796 = PERSON ( 'UNSPECIFIED', 'UNSPECIFIED', 'UNSPECIFIED', ('UNSPECIFIED'), ('UNSPECIFIED'), ('UNSPECIFIED') ) ;
#797 = CIRCLE ( 'NONE', #395, 2.999999999999999112 ) ;
#798 = LINE ( 'NONE', #2198, #658 ) ;
#799 = CARTESIAN_POINT ( 'NONE',  ( 16.82949354222763461, 22.00000000000000355, -22.00000000000000355 ) ) ;
#800 = DIRECTION ( 'NONE',  ( -1.000000000000000000, 0.000000000000000000, -5.782411586589352511E-15 ) ) ;
#801 = DIRECTION ( 'NONE',  ( 3.925231146709438780E-16, -0.7071067811865474617, -0.7071067811865475727 ) ) ;
#802 = CARTESIAN_POINT ( 'NONE',  ( -34.03986129197794952, 24.10602679056824371, -11.50420481866855482 ) ) ;
#803 = CARTESIAN_POINT ( 'NONE',  ( 47.00000000000000000, -9.112698372208047459, 22.00000000000000355 ) ) ;
#804 = ORIENTED_EDGE ( 'NONE', *, *, #1334, .F. ) ;
#805 = DIRECTION ( 'NONE',  ( 0.000000000000000000, 0.000000000000000000, -1.000000000000000000 ) ) ;
#806 = EDGE_CURVE ( 'NONE', #98, #1869, #1824, .T. ) ;
#807 = EDGE_LOOP ( 'NONE', ( #971, #3233, #391, #1470 ) ) ;
#808 = AXIS2_PLACEMENT_3D ( 'NONE', #1312, #773, #1113 ) ;
#809 = VERTEX_POINT ( 'NONE', #1109 ) ;
#810 = CARTESIAN_POINT ( 'NONE',  ( -25.83206531510387194, 15.46476090515405311, -23.88184437057555698 ) ) ;
#811 = CIRCLE ( 'NONE', #2074, 10.99999999999999822 ) ;
#812 = EDGE_CURVE ( 'NONE', #1061, #1289, #3024, .T. ) ;
#813 = DIRECTION ( 'NONE',  ( -0.000000000000000000, -0.000000000000000000, 1.000000000000000000 ) ) ;
#814 = VERTEX_POINT ( 'NONE', #3517 ) ;
#815 = ADVANCED_FACE ( 'NONE', ( #1593 ), #1090, .T. ) ;
#816 = CARTESIAN_POINT ( 'NONE',  ( -19.04419066270324024, -23.43092918492793331, -23.43092918492794752 ) ) ;
#817 = DIRECTION ( 'NONE',  ( 0.000000000000000000, -2.312964634635742661E-15, 1.000000000000000000 ) ) ;
#818 = CARTESIAN_POINT ( 'NONE',  ( 37.50000000000000711, 42.67766952966368876, -7.322330470336306796 ) ) ;
#819 = CARTESIAN_POINT ( 'NONE',  ( -37.49999999999997868, -10.35533905932737042, -25.00000000000001066 ) ) ;
#820 = CYLINDRICAL_SURFACE ( 'NONE', #1137, 3.000000000000002665 ) ;
#821 = ORIENTED_EDGE ( 'NONE', *, *, #1181, .F. ) ;
#822 = DIRECTION ( 'NONE',  ( 0.000000000000000000, 0.7071067811865475727, -0.7071067811865474617 ) ) ;
#823 = EDGE_CURVE ( 'NONE', #3523, #2808, #1067, .T. ) ;
#824 = EDGE_LOOP ( 'NONE', ( #1167, #3413, #2584, #1849, #628 ) ) ;
#825 = ORIENTED_EDGE ( 'NONE', *, *, #443, .F. ) ;
#826 = CARTESIAN_POINT ( 'NONE',  ( -37.50000000000000711, 9.112698372208051012, -25.00000000000000355 ) ) ;
#827 = EDGE_CURVE ( 'NONE', #3553, #920, #2182, .T. ) ;
#828 = EDGE_LOOP ( 'NONE', ( #2292, #3143, #208, #573, #3369 ) ) ;
#829 = CARTESIAN_POINT ( 'NONE',  ( -10.00000000000000000, -11.00000000000000000, 25.00000000000000000 ) ) ;
#830 = CYLINDRICAL_SURFACE ( 'NONE', #324, 3.000000000000000000 ) ;
#831 = EDGE_CURVE ( 'NONE', #7, #1903, #1373, .T. ) ;
#832 = CIRCLE ( 'NONE', #2673, 2.999999999999999112 ) ;
#833 = DIRECTION ( 'NONE',  ( -0.4006291549168349841, 0.8789161044352993279, 0.2588489165418707549 ) ) ;
#834 = CARTESIAN_POINT ( 'NONE',  ( -37.50000000000000711, -24.12132034355963128, 11.23401871576780131 ) ) ;
#835 = DIRECTION ( 'NONE',  ( -0.000000000000000000, -0.7071067811865475727, 0.7071067811865474617 ) ) ;
#836 = CARTESIAN_POINT ( 'NONE',  ( 29.51779302434808372, -9.112698372208084763, -25.00000000000000711 ) ) ;
#837 = CARTESIAN_POINT ( 'NONE',  ( 29.51779302434808372, 25.00000000000000711, 9.112698372208095421 ) ) ;
#838 = CARTESIAN_POINT ( 'NONE',  ( 47.00000000000000000, -22.00000000000000355, -9.112698372208088315 ) ) ;
#839 = ORIENTED_EDGE ( 'NONE', *, *, #1382, .T. ) ;
#840 = CYLINDRICAL_SURFACE ( 'NONE', #3454, 3.000000000000000000 ) ;
#841 = VERTEX_POINT ( 'NONE', #2234 ) ;
#842 = ORIENTED_EDGE ( 'NONE', *, *, #2679, .T. ) ;
#843 = DIRECTION ( 'NONE',  ( 0.000000000000000000, -1.000000000000000000, 0.000000000000000000 ) ) ;
#844 = VECTOR ( 'NONE', #795, 1000.000000000000114 ) ;
#845 = AXIS2_PLACEMENT_3D ( 'NONE', #2378, #1492, #2360 ) ;
#846 = ORIENTED_EDGE ( 'NONE', *, *, #2105, .T. ) ;
#847 = CARTESIAN_POINT ( 'NONE',  ( 50.00000000000002132, -11.23401871576767341, 24.12132034355965615 ) ) ;
#848 = CARTESIAN_POINT ( 'NONE',  ( -47.00000000000000000, -9.112698372208107855, -22.00000000000000355 ) ) ;
#849 =( BOUNDED_CURVE ( )  B_SPLINE_CURVE ( 3, ( #533, #265, #2736, #1623 ),
 .UNSPECIFIED., .F., .F. ) 
 B_SPLINE_CURVE_WITH_KNOTS ( ( 4, 4 ),
 ( 0.000000000000000000, 0.8304461203713426887 ),
 .UNSPECIFIED. ) 
 CURVE ( )  GEOMETRIC_REPRESENTATION_ITEM ( )  RATIONAL_B_SPLINE_CURVE ( ( 1.000000000000000000, 0.9433509080723008200, 0.9433509080723008200, 1.000000000000000000 ) ) 
 REPRESENTATION_ITEM ( '' )  );
#850 = AXIS2_PLACEMENT_3D ( 'NONE', #716, #447, #427 ) ;
#851 = VECTOR ( 'NONE', #3551, 1000.000000000000114 ) ;
#852 = CIRCLE ( 'NONE', #1658, 2.999999999999999112 ) ;
#853 = EDGE_CURVE ( 'NONE', #371, #2243, #262, .T. ) ;
#854 = SPHERICAL_SURFACE ( 'NONE', #1291, 3.000000000000000000 ) ;
#855 = DIRECTION ( 'NONE',  ( 1.000000000000000000, 1.734723475976807094E-16, -0.000000000000000000 ) ) ;
#856 = SPHERICAL_SURFACE ( 'NONE', #1391, 3.000000000000000000 ) ;
#857 = CARTESIAN_POINT ( 'NONE',  ( -37.49999999999997868, -11.23401871576772848, -24.12132034355964905 ) ) ;
#858 = CARTESIAN_POINT ( 'NONE',  ( -35.76987939158392749, 24.12132034355964194, -11.23401871576779243 ) ) ;
#859 = EDGE_CURVE ( 'NONE', #1563, #196, #3081, .T. ) ;
#860 = AXIS2_PLACEMENT_3D ( 'NONE', #368, #353, #1793 ) ;
#861 = CARTESIAN_POINT ( 'NONE',  ( -30.65397320553921645, -24.04550753531792395, 12.57337832805768230 ) ) ;
#862 = ORIENTED_EDGE ( 'NONE', *, *, #1621, .T. ) ;
#863 = CARTESIAN_POINT ( 'NONE',  ( -47.00000000000000000, -9.112698372208063446, 22.00000000000000355 ) ) ;
#864 = EDGE_CURVE ( 'NONE', #644, #3107, #1532, .T. ) ;
#865 = ORIENTED_EDGE ( 'NONE', *, *, #2483, .T. ) ;
#866 = EDGE_LOOP ( 'NONE', ( #2500, #2330, #2313, #3437 ) ) ;
#867 = CARTESIAN_POINT ( 'NONE',  ( -50.00000000000002132, -24.12132034355964549, -11.23401871576775513 ) ) ;
#868 = CIRCLE ( 'NONE', #1151, 2.999999999999999112 ) ;
#869 = CARTESIAN_POINT ( 'NONE',  ( 16.82949354222763816, 25.00000000000000000, -22.00000000000000711 ) ) ;
#870 = EDGE_LOOP ( 'NONE', ( #1660, #555, #2060 ) ) ;
#871 = PLANE ( 'NONE',  #1303 ) ;
#872 = LINE ( 'NONE', #2810, #5 ) ;
#873 = DIRECTION ( 'NONE',  ( -0.5426870580354576923, 0.000000000000000000, 0.8399349719120045021 ) ) ;
#874 = DIRECTION ( 'NONE',  ( -0.000000000000000000, 0.000000000000000000, -1.000000000000000000 ) ) ;
#875 = CARTESIAN_POINT ( 'NONE',  ( -19.04419066270324734, -23.43092918492792975, -23.43092918492794041 ) ) ;
#876 = CYLINDRICAL_SURFACE ( 'NONE', #1842, 2.999999999999999112 ) ;
#877 = EDGE_CURVE ( 'NONE', #2467, #2952, #3404, .T. ) ;
#878 = CARTESIAN_POINT ( 'NONE',  ( -35.56226491857050576, -25.00000000000000355, 9.112698372208141606 ) ) ;
#879 = ORIENTED_EDGE ( 'NONE', *, *, #677, .F. ) ;
#880 = CARTESIAN_POINT ( 'NONE',  ( 16.82949354222763461, 22.00000000000000355, -25.00000000000000000 ) ) ;
#881 = EDGE_CURVE ( 'NONE', #280, #3317, #910, .T. ) ;
#882 = EDGE_CURVE ( 'NONE', #841, #1490, #1966, .T. ) ;
#883 = VERTEX_POINT ( 'NONE', #1700 ) ;
#884 = ORIENTED_EDGE ( 'NONE', *, *, #677, .T. ) ;
#885 = CARTESIAN_POINT ( 'NONE',  ( -49.99999999999999289, 24.12132034355964194, 11.23401871576774980 ) ) ;
#886 = EDGE_CURVE ( 'NONE', #1580, #2168, #1653, .T. ) ;
#887 = CARTESIAN_POINT ( 'NONE',  ( 19.04419066270324734, 23.43092918492792975, -23.43092918492794396 ) ) ;
#888 = EDGE_LOOP ( 'NONE', ( #3324, #3411, #1599, #258, #1175 ) ) ;
#889 = PLANE ( 'NONE',  #1413 ) ;
#890 = FACE_OUTER_BOUND ( 'NONE', #1635, .T. ) ;
#891 = CALENDAR_DATE ( 2026, 11, 8 ) ;
#892 = FACE_OUTER_BOUND ( 'NONE', #374, .T. ) ;
#893 = CARTESIAN_POINT ( 'NONE',  ( -37.50000000000000711, 9.112698372208047459, -25.00000000000000000 ) ) ;
#894 = CARTESIAN_POINT ( 'NONE',  ( 25.83206531510688109, 15.46476090515312940, -23.88184437057461196 ) ) ;
#895 = CC_DESIGN_PERSON_AND_ORGANIZATION_ASSIGNMENT ( #3383, #3062, ( #1774 ) ) ;
#896 = CARTESIAN_POINT ( 'NONE',  ( 47.00000000000000000, 24.12132034355964194, 11.23401871576774447 ) ) ;
#897 = CARTESIAN_POINT ( 'NONE',  ( 50.00000000000000000, 22.00000000000000355, 0.000000000000000000 ) ) ;
#898 = ORIENTED_EDGE ( 'NONE', *, *, #2214, .F. ) ;
#899 = LINE ( 'NONE', #1990, #764 ) ;
#900 = ADVANCED_FACE ( 'NONE', ( #941 ), #2711, .T. ) ;
#901 = ORIENTED_EDGE ( 'NONE', *, *, #3512, .T. ) ;
#902 = ORIENTED_EDGE ( 'NONE', *, *, #1583, .T. ) ;
#903 = CARTESIAN_POINT ( 'NONE',  ( 35.68388219759533087, -10.35533905932569176, -25.00000000000000711 ) ) ;
#904 = EDGE_CURVE ( 'NONE', #1232, #3107, #1465, .T. ) ;
#905 = ORIENTED_EDGE ( 'NONE', *, *, #2348, .F. ) ;
#906 = CARTESIAN_POINT ( 'NONE',  ( 47.00000000000000000, 7.322330470336321007, -42.67766952966368876 ) ) ;
#907 = VECTOR ( 'NONE', #1053, 1000.000000000000000 ) ;
#908 = CARTESIAN_POINT ( 'NONE',  ( 16.82949354222763105, 22.00000000000000355, -22.00000000000000355 ) ) ;
#909 = PERSON_AND_ORGANIZATION ( #796, #390 ) ;
#910 = LINE ( 'NONE', #3078, #1184 ) ;
#911 = DIRECTION ( 'NONE',  ( -1.000000000000000000, 0.000000000000000000, 0.000000000000000000 ) ) ;
#912 = CARTESIAN_POINT ( 'NONE',  ( 24.43191315291966959, 13.58291653457853521, -25.00000000000000355 ) ) ;
#913 = AXIS2_PLACEMENT_3D ( 'NONE', #735, #1597, #2392 ) ;
#914 = AXIS2_PLACEMENT_3D ( 'NONE', #799, #253, #3292 ) ;
#915 = LINE ( 'NONE', #2851, #743 ) ;
#916 = DIRECTION ( 'NONE',  ( 0.000000000000000000, 0.000000000000000000, -1.000000000000000000 ) ) ;
#917 = VECTOR ( 'NONE', #569, 1000.000000000000000 ) ;
#918 = EDGE_LOOP ( 'NONE', ( #2139, #1213, #2965, #156 ) ) ;
#919 = CARTESIAN_POINT ( 'NONE',  ( 50.00000000000000000, 9.112698372208065223, -22.00000000000000355 ) ) ;
#920 = VERTEX_POINT ( 'NONE', #2031 ) ;
#921 = ORIENTED_EDGE ( 'NONE', *, *, #1933, .F. ) ;
#922 = EDGE_LOOP ( 'NONE', ( #2820, #3154, #22, #3286 ) ) ;
#923 = CARTESIAN_POINT ( 'NONE',  ( 47.00000000000000000, -9.112698372208086539, -22.00000000000000355 ) ) ;
#924 = CARTESIAN_POINT ( 'NONE',  ( -10.00000000000000000, 0.000000000000000000, 22.00000000000000000 ) ) ;
#925 = DATE_TIME_ROLE ( 'classification_date' ) ;
#926 = CARTESIAN_POINT ( 'NONE',  ( -22.21386321382059492, 25.00000000000000711, 13.66643036367052133 ) ) ;
#927 = DIRECTION ( 'NONE',  ( 1.156482317317871725E-15, 0.000000000000000000, 1.000000000000000000 ) ) ;
#928 = CARTESIAN_POINT ( 'NONE',  ( 23.71167745533280780, 16.09257051417281659, -25.00000000000385825 ) ) ;
#929 = EDGE_CURVE ( 'NONE', #1810, #3037, #1443, .T. ) ;
#930 = DIRECTION ( 'NONE',  ( 0.000000000000000000, 0.000000000000000000, 1.000000000000000000 ) ) ;
#931 = FACE_OUTER_BOUND ( 'NONE', #2207, .T. ) ;
#932 = ORIENTED_EDGE ( 'NONE', *, *, #1100, .T. ) ;
#933 = ORIENTED_EDGE ( 'NONE', *, *, #49, .T. ) ;
#934 = ORIENTED_EDGE ( 'NONE', *, *, #3358, .F. ) ;
#935 = CARTESIAN_POINT ( 'NONE',  ( 25.28089044475909475, -14.74614857549050129, -25.00000000000364864 ) ) ;
#936 = CIRCLE ( 'NONE', #2947, 2.999999999999998668 ) ;
#937 = ORIENTED_EDGE ( 'NONE', *, *, #3531, .F. ) ;
#938 = DIRECTION ( 'NONE',  ( 0.000000000000000000, -1.000000000000000000, -3.469446951953615372E-15 ) ) ;
#939 = CARTESIAN_POINT ( 'NONE',  ( 35.56226491857057681, -25.00000000000000355, 9.112698372208141606 ) ) ;
#940 = APPROVAL_ROLE ( '' ) ;
#941 = FACE_OUTER_BOUND ( 'NONE', #3265, .T. ) ;
#942 = CARTESIAN_POINT ( 'NONE',  ( -16.82949354222762395, 22.00000000000000355, -25.00000000000000000 ) ) ;
#943 = CARTESIAN_POINT ( 'NONE',  ( 25.28089044475479241, 14.74614857549637925, -25.00000000000000355 ) ) ;
#944 = CARTESIAN_POINT ( 'NONE',  ( 24.43191315291966959, 25.00000000000000355, 13.58291653457856185 ) ) ;
#945 = EDGE_CURVE ( 'NONE', #494, #471, #3277, .T. ) ;
#946 = CARTESIAN_POINT ( 'NONE',  ( -35.76987939157876184, 24.12132034356048749, 11.23401871576689537 ) ) ;
#947 = ORIENTED_EDGE ( 'NONE', *, *, #278, .T. ) ;
#948 = VECTOR ( 'NONE', #2996, 1000.000000000000000 ) ;
#949 = CYLINDRICAL_SURFACE ( 'NONE', #2744, 2.999999999999999112 ) ;
#950 = ORIENTED_EDGE ( 'NONE', *, *, #1292, .T. ) ;
#951 = ORIENTED_EDGE ( 'NONE', *, *, #153, .T. ) ;
#952 = CARTESIAN_POINT ( 'NONE',  ( 29.83244999020259058, 10.52787079273710269, 25.00000000000000000 ) ) ;
#953 = DIRECTION ( 'NONE',  ( -1.000000000000000000, 1.734723475976805517E-15, 0.000000000000000000 ) ) ;
#954 = ORIENTED_EDGE ( 'NONE', *, *, #2119, .F. ) ;
#955 = DIRECTION ( 'NONE',  ( 0.000000000000000000, 0.000000000000000000, 1.000000000000000000 ) ) ;
#956 = CARTESIAN_POINT ( 'NONE',  ( 28.57882009854745675, -25.00000000000000355, 12.57886458901866256 ) ) ;
#957 = CARTESIAN_POINT ( 'NONE',  ( -30.65397320554552607, 24.04550753531369267, -12.57337832806003242 ) ) ;
#958 = DIRECTION ( 'NONE',  ( -0.4006291549168359833, 0.8789161044352987728, -0.2588489165418716986 ) ) ;
#959 = CARTESIAN_POINT ( 'NONE',  ( -10.00000000000000000, -11.00000000000000000, 22.00000000000000355 ) ) ;
#960 = AXIS2_PLACEMENT_3D ( 'NONE', #2364, #688, #996 ) ;
#961 = CARTESIAN_POINT ( 'NONE',  ( 18.13664457376021844, 25.00000000000000355, 19.97687848145928058 ) ) ;
#962 = CARTESIAN_POINT ( 'NONE',  ( 50.00000000000000000, 0.000000000000000000, -22.00000000000000355 ) ) ;
#963 = CIRCLE ( 'NONE', #3436, 2.999999999999999112 ) ;
#964 = LINE ( 'NONE', #407, #1829 ) ;
#965 = ORIENTED_EDGE ( 'NONE', *, *, #3201, .F. ) ;
#966 =( BOUNDED_SURFACE ( )  B_SPLINE_SURFACE ( 3, 2, ( 
 ( #602, #2238, #2476 ),
 ( #2458, #3280, #6 ),
 ( #1376, #1669, #1687 ),
 ( #1969, #2204, #2506 ),
 ( #2491, #539, #2761 ),
 ( #1631, #1703, #1407 ),
 ( #861, #586, #1952 ),
 ( #1917, #3050, #1161 ),
 ( #1111, #3030, #878 ),
 ( #2779, #275, #293 ) ),
 .UNSPECIFIED., .F., .F., .T. ) 
 B_SPLINE_SURFACE_WITH_KNOTS ( ( 4, 2, 2, 2, 4 ),
 ( 3, 3 ),
 ( 2.311146533218450649, 2.518758063311286044, 2.726369593404121883, 2.933981123496957721, 3.141592653589793116 ),
 ( 0.000000000000000000, 1.000000000000000000 ),
 .UNSPECIFIED. ) 
 GEOMETRIC_REPRESENTATION_ITEM ( )  RATIONAL_B_SPLINE_SURFACE ( (
 ( 1.000000000000000000, 0.8593533600841902764, 1.000000000000000000),
 ( 1.000000000000000000, 0.8698635397554620452, 1.000000000000000000),
 ( 1.000000000000000000, 0.8791803030590099599, 1.000000000000000000),
 ( 1.000000000000000000, 0.8952672519918827287, 1.000000000000000000),
 ( 1.000000000000000000, 0.9020367518872928203, 1.000000000000000000),
 ( 1.000000000000000000, 0.9129130246141620164, 1.000000000000000000),
 ( 1.000000000000000000, 0.9170198683928800776, 1.000000000000000000),
 ( 1.000000000000000000, 0.9225031065367554906, 1.000000000000000000),
 ( 1.000000000000000000, 0.9238795325112860723, 1.000000000000000000),
 ( 1.000000000000000000, 0.9238795325112860723, 1.000000000000000000) ) ) 
 REPRESENTATION_ITEM ( '' )  SURFACE ( )  );
#967 = AXIS2_PLACEMENT_3D ( 'NONE', #2177, #3271, #1661 ) ;
#968 = EDGE_CURVE ( 'NONE', #642, #2380, #650, .T. ) ;
#969 = CARTESIAN_POINT ( 'NONE',  ( -22.21386321382058782, -25.00000000000000711, 13.66643036367055331 ) ) ;
#970 = ORIENTED_EDGE ( 'NONE', *, *, #2657, .F. ) ;
#971 = ORIENTED_EDGE ( 'NONE', *, *, #3531, .T. ) ;
#972 = CARTESIAN_POINT ( 'NONE',  ( 16.82949354222765947, -21.99999999999996803, -25.00000000000000355 ) ) ;
#973 = CARTESIAN_POINT ( 'NONE',  ( -29.51779302434808372, -9.112698372208088315, -25.00000000000000711 ) ) ;
#974 = AXIS2_PLACEMENT_3D ( 'NONE', #1448, #2833, #2007 ) ;
#975 = ADVANCED_FACE ( 'NONE', ( #892 ), #2776, .T. ) ;
#976 = VERTEX_POINT ( 'NONE', #1207 ) ;
#977 = DIRECTION ( 'NONE',  ( -0.000000000000000000, -1.000000000000000000, -0.000000000000000000 ) ) ;
#978 = DIRECTION ( 'NONE',  ( -2.312964634635743450E-15, -0.7071067811865475727, -0.7071067811865475727 ) ) ;
#979 = CARTESIAN_POINT ( 'NONE',  ( -19.04419066270325089, 23.43092918492792975, -23.43092918492794041 ) ) ;
#980 = CARTESIAN_POINT ( 'NONE',  ( -33.86260519532918067, -10.63726499475778375, 25.00000000000000000 ) ) ;
#981 = LINE ( 'NONE', #1572, #3042 ) ;
#982 = CIRCLE ( 'NONE', #3449, 2.999999999999999112 ) ;
#983 = SPHERICAL_SURFACE ( 'NONE', #2497, 3.000000000000000000 ) ;
#984 = CARTESIAN_POINT ( 'NONE',  ( -37.50000000000000711, 25.00000000000000355, 9.112698372208093645 ) ) ;
#985 = ORIENTED_EDGE ( 'NONE', *, *, #1117, .F. ) ;
#986 = EDGE_CURVE ( 'NONE', #494, #3247, #1327, .T. ) ;
#987 = CIRCLE ( 'NONE', #3455, 2.999999999999999112 ) ;
#988 = DIRECTION ( 'NONE',  ( 0.000000000000000000, -0.7071067811865475727, 0.7071067811865474617 ) ) ;
#989 = VERTEX_POINT ( 'NONE', #308 ) ;
#990 =( BOUNDED_CURVE ( )  B_SPLINE_CURVE ( 3, ( #2489, #3293, #2427, #1949 ),
 .UNSPECIFIED., .F., .T. ) 
 B_SPLINE_CURVE_WITH_KNOTS ( ( 4, 4 ),
 ( 5.452739186808243765, 6.283185307179586232 ),
 .UNSPECIFIED. ) 
 CURVE ( )  GEOMETRIC_REPRESENTATION_ITEM ( )  RATIONAL_B_SPLINE_CURVE ( ( 1.000000000000000000, 0.9433509080723008200, 0.9433509080723008200, 1.000000000000000000 ) ) 
 REPRESENTATION_ITEM ( '' )  );
#991 = ORIENTED_EDGE ( 'NONE', *, *, #2105, .F. ) ;
#992 = CARTESIAN_POINT ( 'NONE',  ( 47.00000000000000000, -25.00000000000000000, 25.00000000000000000 ) ) ;
#993 = EDGE_CURVE ( 'NONE', #3070, #1152, #697, .T. ) ;
#994 = ORIENTED_EDGE ( 'NONE', *, *, #2995, .T. ) ;
#995 = FACE_OUTER_BOUND ( 'NONE', #454, .T. ) ;
#996 = DIRECTION ( 'NONE',  ( 0.000000000000000000, 0.000000000000000000, 1.000000000000000000 ) ) ;
#997 = CARTESIAN_POINT ( 'NONE',  ( 47.00000000000000000, -25.00000000000000000, -9.112698372208077657 ) ) ;
#998 = CARTESIAN_POINT ( 'NONE',  ( -19.49043530614559927, -21.01920179886271001, 25.00000000000000000 ) ) ;
#999 = CYLINDRICAL_SURFACE ( 'NONE', #1435, 2.999999999999999112 ) ;
#1000 = CARTESIAN_POINT ( 'NONE',  ( 21.51127130665804188, 23.63735984684087654, 19.78398749108578869 ) ) ;
#1001 = DIRECTION ( 'NONE',  ( -1.000000000000000000, 3.486305596842098443E-32, -5.551115123125783688E-16 ) ) ;
#1002 = LINE ( 'NONE', #1848, #3262 ) ;
#1003 = ORIENTED_EDGE ( 'NONE', *, *, #1201, .F. ) ;
#1004 = DIRECTION ( 'NONE',  ( 0.000000000000000000, 0.000000000000000000, 1.000000000000000000 ) ) ;
#1005 = EDGE_CURVE ( 'NONE', #2952, #717, #1904, .T. ) ;
#1006 = ORIENTED_EDGE ( 'NONE', *, *, #292, .F. ) ;
#1007 = ORIENTED_EDGE ( 'NONE', *, *, #1742, .F. ) ;
#1008 = CARTESIAN_POINT ( 'NONE',  ( 37.50000000000000711, 24.12132034355964194, -11.23401871576779065 ) ) ;
#1009 = VERTEX_POINT ( 'NONE', #3100 ) ;
#1010 = DIRECTION ( 'NONE',  ( -0.000000000000000000, -0.000000000000000000, 1.000000000000000000 ) ) ;
#1011 = CYLINDRICAL_SURFACE ( 'NONE', #1436, 3.000000000000000000 ) ;
#1012 = DIRECTION ( 'NONE',  ( 0.000000000000000000, 0.000000000000000000, -1.000000000000000000 ) ) ;
#1013 = CARTESIAN_POINT ( 'NONE',  ( -25.83206531510500170, -15.46476090515734114, 23.88184437057157794 ) ) ;
#1014 = EDGE_CURVE ( 'NONE', #280, #1586, #3332, .T. ) ;
#1015 = CARTESIAN_POINT ( 'NONE',  ( 29.51779302434808017, 25.00000000000000000, -9.112698372208141606 ) ) ;
#1016 = CARTESIAN_POINT ( 'NONE',  ( -18.32897391849433433, 22.96882332703172480, 25.00000000000000355 ) ) ;
#1017 = CARTESIAN_POINT ( 'NONE',  ( -21.51127130666066023, 23.63735984684733182, 19.78398749107666177 ) ) ;
#1018 = ORIENTED_EDGE ( 'NONE', *, *, #3135, .T. ) ;
#1019 = CIRCLE ( 'NONE', #446, 2.999999999999999112 ) ;
#1020 = AXIS2_PLACEMENT_3D ( 'NONE', #2163, #563, #2218 ) ;
#1021 = CIRCLE ( 'NONE', #1132, 3.000000000000000888 ) ;
#1022 = CARTESIAN_POINT ( 'NONE',  ( 49.99999999999999289, 11.00000000000001599, -22.00000000000000355 ) ) ;
#1023 = ORIENTED_EDGE ( 'NONE', *, *, #1578, .T. ) ;
#1024 = EDGE_LOOP ( 'NONE', ( #2444, #624, #1329 ) ) ;
#1025 = DIRECTION ( 'NONE',  ( 0.000000000000000000, 0.000000000000000000, -1.000000000000000000 ) ) ;
#1026 = AXIS2_PLACEMENT_3D ( 'NONE', #2098, #1543, #2374 ) ;
#1027 = APPROVAL_PERSON_ORGANIZATION ( #1768, #1307, #940 ) ;
#1028 = EDGE_CURVE ( 'NONE', #3111, #175, #1791, .T. ) ;
#1029 = VERTEX_POINT ( 'NONE', #979 ) ;
#1030 = LINE ( 'NONE', #2898, #3253 ) ;
#1031 = CIRCLE ( 'NONE', #2570, 2.999999999999999112 ) ;
#1032 = ADVANCED_FACE ( 'NONE', ( #1297 ), #1843, .T. ) ;
#1033 = CARTESIAN_POINT ( 'NONE',  ( 28.99823236639918278, -13.37233269735912344, 24.00028370309178882 ) ) ;
#1034 = DIRECTION ( 'NONE',  ( 0.000000000000000000, -0.7071067811865451302, 0.7071067811865500152 ) ) ;
#1035 = CARTESIAN_POINT ( 'NONE',  ( -19.59262386345608320, -18.14662764423690078, 25.00000000000000000 ) ) ;
#1036 = CARTESIAN_POINT ( 'NONE',  ( -10.00000000000000000, -8.000000000000000000, -25.00000000000000000 ) ) ;
#1037 = EDGE_CURVE ( 'NONE', #175, #1705, #811, .T. ) ;
#1038 = EDGE_CURVE ( 'NONE', #465, #3380, #2244, .T. ) ;
#1039 = CARTESIAN_POINT ( 'NONE',  ( -25.28089044475822078, -25.00000000000000355, -14.74614857549836699 ) ) ;
#1040 = CARTESIAN_POINT ( 'NONE',  ( 19.04419066270324734, -23.43092918492793331, -23.43092918492793686 ) ) ;
#1041 = EDGE_CURVE ( 'NONE', #883, #1778, #987, .T. ) ;
#1042 = VECTOR ( 'NONE', #2651, 1000.000000000000000 ) ;
#1043 = CARTESIAN_POINT ( 'NONE',  ( 50.00000000000000000, -22.00000000000000355, -25.00000000000000000 ) ) ;
#1044 = ORIENTED_EDGE ( 'NONE', *, *, #1667, .F. ) ;
#1045 = ORIENTED_EDGE ( 'NONE', *, *, #2782, .F. ) ;
#1046 = CARTESIAN_POINT ( 'NONE',  ( 30.31488166380378146, -25.00000000000344613, -11.74582625984252182 ) ) ;
#1047 = ORIENTED_EDGE ( 'NONE', *, *, #2069, .T. ) ;
#1048 = CARTESIAN_POINT ( 'NONE',  ( -33.62464464701999844, 9.398178028101598969, -25.00000000000000355 ) ) ;
#1049 = CYLINDRICAL_SURFACE ( 'NONE', #2684, 8.000000000000001776 ) ;
#1050 = CARTESIAN_POINT ( 'NONE',  ( 37.50000000000000711, -9.112698372208056341, 25.00000000000000000 ) ) ;
#1051 = CARTESIAN_POINT ( 'NONE',  ( -35.56226491857285765, -25.00000000000000000, -9.112698372208086539 ) ) ;
#1052 = CARTESIAN_POINT ( 'NONE',  ( -50.00000000000000000, 22.00000000000000355, -9.112698372208146935 ) ) ;
#1053 = DIRECTION ( 'NONE',  ( 1.000000000000000000, -5.551115123125783688E-16, -1.232595164407831767E-32 ) ) ;
#1054 = DIRECTION ( 'NONE',  ( -1.000000000000000000, 0.000000000000000000, -5.782411586589351722E-16 ) ) ;
#1055 = ADVANCED_FACE ( 'NONE', ( #1803 ), #3496, .F. ) ;
#1056 = EDGE_CURVE ( 'NONE', #302, #1098, #1552, .T. ) ;
#1057 = CYLINDRICAL_SURFACE ( 'NONE', #620, 2.999999999999999112 ) ;
#1058 = ORIENTED_EDGE ( 'NONE', *, *, #1379, .T. ) ;
#1059 = DIRECTION ( 'NONE',  ( 0.000000000000000000, 0.7071067811865472397, 0.7071067811865477948 ) ) ;
#1060 = ADVANCED_FACE ( 'NONE', ( #2383 ), #1788, .T. ) ;
#1061 = VERTEX_POINT ( 'NONE', #1529 ) ;
#1062 = CARTESIAN_POINT ( 'NONE',  ( 23.85166358376837437, 15.54380077911610591, 23.87737041544558991 ) ) ;
#1063 = CARTESIAN_POINT ( 'NONE',  ( 33.86260519531596458, -10.63726499475206921, 25.00000000000000000 ) ) ;
#1064 = DIRECTION ( 'NONE',  ( 0.000000000000000000, -0.7071067811865447972, 0.7071067811865501263 ) ) ;
#1065 = CARTESIAN_POINT ( 'NONE',  ( -30.31488166380489346, -25.00000000000000000, -11.74582625983658168 ) ) ;
#1066 = LINE ( 'NONE', #2162, #3374 ) ;
#1067 = LINE ( 'NONE', #224, #907 ) ;
#1068 = CARTESIAN_POINT ( 'NONE',  ( -37.50000000000000711, -24.12132034355963128, 11.23401871576780131 ) ) ;
#1069 = EDGE_CURVE ( 'NONE', #264, #2415, #1551, .T. ) ;
#1070 = DIRECTION ( 'NONE',  ( -1.000000000000000000, 0.000000000000000000, -0.000000000000000000 ) ) ;
#1071 = VERTEX_POINT ( 'NONE', #420 ) ;
#1072 = AXIS2_PLACEMENT_3D ( 'NONE', #1389, #3548, #3259 ) ;
#1073 = CARTESIAN_POINT ( 'NONE',  ( 22.21386321382059492, -25.00000000000000711, 13.66643036367055153 ) ) ;
#1074 = AXIS2_PLACEMENT_3D ( 'NONE', #3200, #2318, #742 ) ;
#1075 = EDGE_CURVE ( 'NONE', #809, #1118, #982, .T. ) ;
#1076 = AXIS2_PLACEMENT_3D ( 'NONE', #2789, #3060, #596 ) ;
#1077 = ORIENTED_EDGE ( 'NONE', *, *, #1578, .F. ) ;
#1078 = CARTESIAN_POINT ( 'NONE',  ( 50.00000000000000000, 22.00000000000000000, 22.00000000000000355 ) ) ;
#1079 = VECTOR ( 'NONE', #241, 1000.000000000000000 ) ;
#1080 = EDGE_CURVE ( 'NONE', #1989, #1009, #1204, .T. ) ;
#1081 = CIRCLE ( 'NONE', #1830, 3.000000000000000444 ) ;
#1082 =( BOUNDED_SURFACE ( )  B_SPLINE_SURFACE ( 3, 2, ( 
 ( #1205, #532, #2734 ),
 ( #1333, #1569, #3004 ),
 ( #1317, #1860, #2421 ),
 ( #1877, #3511, #1841 ),
 ( #3239, #3269, #234 ),
 ( #1033, #2433, #217 ),
 ( #2446, #3525, #2683 ),
 ( #2954, #1063, #2127 ),
 ( #3539, #3494, #2175 ),
 ( #3221, #760, #3251 ) ),
 .UNSPECIFIED., .F., .F., .F. ) 
 B_SPLINE_SURFACE_WITH_KNOTS ( ( 4, 2, 2, 2, 4 ),
 ( 3, 3 ),
 ( 5.452739186808243765, 5.660350716901080048, 5.867962246993915443, 6.075573777086750837, 6.283185307179586232 ),
 ( 0.000000000000000000, 1.000000000000000000 ),
 .UNSPECIFIED. ) 
 GEOMETRIC_REPRESENTATION_ITEM ( )  RATIONAL_B_SPLINE_SURFACE ( (
 ( 1.000000000000000000, 0.8593533600841913866, 1.000000000000000000),
 ( 1.000000000000000000, 0.8698635397552698656, 1.000000000000000000),
 ( 1.000000000000000000, 0.8791803030592691970, 1.000000000000000000),
 ( 1.000000000000000000, 0.8952672519916263782, 1.000000000000000000),
 ( 1.000000000000000000, 0.9020367518872218771, 1.000000000000000000),
 ( 1.000000000000000000, 0.9129130246142367344, 1.000000000000000000),
 ( 1.000000000000000000, 0.9170198683928064698, 1.000000000000000000),
 ( 1.000000000000000000, 0.9225031065368317629, 1.000000000000000000),
 ( 1.000000000000000000, 0.9238802365526386229, 1.000000000000000000),
 ( 1.000000000000000000, 0.9238795325112874046, 1.000000000000000000) ) ) 
 REPRESENTATION_ITEM ( '' )  SURFACE ( )  );
#1083 = CARTESIAN_POINT ( 'NONE',  ( -49.99999999999999289, -24.12132034355963839, 11.23401871576779776 ) ) ;
#1084 = VECTOR ( 'NONE', #2971, 1000.000000000000114 ) ;
#1085 = VERTEX_POINT ( 'NONE', #997 ) ;
#1086 = DIRECTION ( 'NONE',  ( -1.000000000000000000, 5.551115123125802424E-16, -4.718900761249917346E-32 ) ) ;
#1087 = FACE_OUTER_BOUND ( 'NONE', #1114, .T. ) ;
#1088 = CARTESIAN_POINT ( 'NONE',  ( -24.32173693682668869, -23.80863253003420610, -16.75817008804532904 ) ) ;
#1089 = CARTESIAN_POINT ( 'NONE',  ( -50.00000000000000000, -22.87867965644035095, -8.234018715767764007 ) ) ;
#1090 = SPHERICAL_SURFACE ( 'NONE', #1359, 3.000000000000000000 ) ;
#1091 = CARTESIAN_POINT ( 'NONE',  ( -37.50000000000000711, 9.112698372208097197, 22.00000000000000355 ) ) ;
#1092 = ADVANCED_FACE ( 'NONE', ( #166 ), #1351, .T. ) ;
#1093 = ADVANCED_FACE ( 'NONE', ( #256, #1355 ), #2453, .F. ) ;
#1094 = ORIENTED_EDGE ( 'NONE', *, *, #929, .F. ) ;
#1095 = CARTESIAN_POINT ( 'NONE',  ( 19.59262386345246298, -25.00000000000000000, -18.14662764423292174 ) ) ;
#1096 = VERTEX_POINT ( 'NONE', #1478 ) ;
#1097 = AXIS2_PLACEMENT_3D ( 'NONE', #863, #2764, #1429 ) ;
#1098 = VERTEX_POINT ( 'NONE', #88 ) ;
#1099 = CARTESIAN_POINT ( 'NONE',  ( -37.50000000000000711, 11.23401871576768585, -24.12132034355965615 ) ) ;
#1100 = EDGE_CURVE ( 'NONE', #302, #3301, #1377, .T. ) ;
#1101 = AXIS2_PLACEMENT_3D ( 'NONE', #1663, #85, #1139 ) ;
#1102 = ORIENTED_EDGE ( 'NONE', *, *, #765, .T. ) ;
#1103 = FACE_OUTER_BOUND ( 'NONE', #1616, .T. ) ;
#1104 =( BOUNDED_SURFACE ( )  B_SPLINE_SURFACE ( 3, 2, ( 
 ( #3406, #379, #2813 ),
 ( #3065, #1424, #348 ),
 ( #71, #1172, #2271 ),
 ( #3080, #928, #3364 ),
 ( #894, #943, #912 ),
 ( #2236, #2304, #3116 ),
 ( #366, #2019, #1502 ),
 ( #2033, #2522, #2577 ),
 ( #2254, #1460, #1702 ),
 ( #3102, #1209, #1158 ) ),
 .UNSPECIFIED., .F., .F., .F. ) 
 B_SPLINE_SURFACE_WITH_KNOTS ( ( 4, 2, 2, 2, 4 ),
 ( 3, 3 ),
 ( 2.311146533218450649, 2.518758063311286044, 2.726369593404121883, 2.933981123496957721, 3.141592653589793116 ),
 ( 0.000000000000000000, 1.000000000000000000 ),
 .UNSPECIFIED. ) 
 GEOMETRIC_REPRESENTATION_ITEM ( )  RATIONAL_B_SPLINE_SURFACE ( (
 ( 1.000000000000000000, 0.8593533600841912756, 1.000000000000000000),
 ( 1.000000000000000000, 0.8698635397552750836, 1.000000000000000000),
 ( 1.000000000000000000, 0.8791803030592604262, 1.000000000000000000),
 ( 1.000000000000000000, 0.8952672519916351490, 1.000000000000000000),
 ( 1.000000000000000000, 0.9020367518871781343, 1.000000000000000000),
 ( 1.000000000000000000, 0.9129130246142791449, 1.000000000000000000),
 ( 1.000000000000000000, 0.9170198683929913219, 1.000000000000000000),
 ( 1.000000000000000000, 0.9225031065366469107, 1.000000000000000000),
 ( 1.000000000000000000, 0.9238802365527772897, 1.000000000000000000),
 ( 1.000000000000000000, 0.9238795325112874046, 1.000000000000000000) ) ) 
 REPRESENTATION_ITEM ( '' )  SURFACE ( )  );
#1105 = DESIGN_CONTEXT ( 'detailed design', #2644, 'design' ) ;
#1106 = CARTESIAN_POINT ( 'NONE',  ( -30.65397320554186322, -24.04550753531797724, -12.57337832805679056 ) ) ;
#1107 = EDGE_CURVE ( 'NONE', #1598, #340, #1726, .T. ) ;
#1108 = LINE ( 'NONE', #1089, #3256 ) ;
#1109 = CARTESIAN_POINT ( 'NONE',  ( -10.00000000000000000, -8.000000000000000000, -22.00000000000000355 ) ) ;
#1110 = CARTESIAN_POINT ( 'NONE',  ( -20.81825009609560340, -19.22081494769193100, -25.00000000000000000 ) ) ;
#1111 = CARTESIAN_POINT ( 'NONE',  ( -35.76987939157910290, -24.12132034355964194, 11.23401871576779421 ) ) ;
#1112 = VERTEX_POINT ( 'NONE', #1986 ) ;
#1113 = DIRECTION ( 'NONE',  ( 0.000000000000000000, 1.000000000000000000, 0.000000000000000000 ) ) ;
#1114 = EDGE_LOOP ( 'NONE', ( #3417, #3051, #176, #2526 ) ) ;
#1115 = ORIENTED_EDGE ( 'NONE', *, *, #2355, .T. ) ;
#1116 = CARTESIAN_POINT ( 'NONE',  ( -20.81825009609169186, 19.22081494768404752, -25.00000000000393641 ) ) ;
#1117 = EDGE_CURVE ( 'NONE', #809, #2796, #2066, .T. ) ;
#1118 = VERTEX_POINT ( 'NONE', #1719 ) ;
#1119 = DIRECTION ( 'NONE',  ( 0.000000000000000000, 0.000000000000000000, -1.000000000000000000 ) ) ;
#1120 = VECTOR ( 'NONE', #2632, 1000.000000000000000 ) ;
#1121 = CARTESIAN_POINT ( 'NONE',  ( 50.00000000000002132, -22.00000000000000355, -9.112698372208058117 ) ) ;
#1122 = CARTESIAN_POINT ( 'NONE',  ( -33.62464464701641731, 9.398178028108839399, 25.00000000000000000 ) ) ;
#1123 = DIRECTION ( 'NONE',  ( 0.000000000000000000, 1.000000000000000000, 2.312964634635743450E-15 ) ) ;
#1124 = ADVANCED_FACE ( 'NONE', ( #1752 ), #1104, .T. ) ;
#1125 = DIRECTION ( 'NONE',  ( 0.5426870580354543616, 0.8399349719120066116, 0.000000000000000000 ) ) ;
#1126 = ORIENTED_EDGE ( 'NONE', *, *, #1956, .T. ) ;
#1127 = ORIENTED_EDGE ( 'NONE', *, *, #1971, .T. ) ;
#1128 = EDGE_LOOP ( 'NONE', ( #1464, #3199, #2545, #3509 ) ) ;
#1129 = DIRECTION ( 'NONE',  ( -0.000000000000000000, 0.7071067811865499042, 0.7071067811865451302 ) ) ;
#1130 = CIRCLE ( 'NONE', #2969, 2.999999999999999112 ) ;
#1131 = VECTOR ( 'NONE', #1010, 1000.000000000000000 ) ;
#1132 = AXIS2_PLACEMENT_3D ( 'NONE', #2227, #1150, #2546 ) ;
#1133 = CARTESIAN_POINT ( 'NONE',  ( 18.32897391849434143, 25.00000000000000000, -22.96882332703172480 ) ) ;
#1134 = ORIENTED_EDGE ( 'NONE', *, *, #297, .F. ) ;
#1135 = CARTESIAN_POINT ( 'NONE',  ( -47.00000000000000000, 9.112698372208056341, -25.00000000000000000 ) ) ;
#1136 = FACE_OUTER_BOUND ( 'NONE', #2680, .T. ) ;
#1137 = AXIS2_PLACEMENT_3D ( 'NONE', #1650, #2745, #1393 ) ;
#1138 = VECTOR ( 'NONE', #690, 1000.000000000000000 ) ;
#1139 = DIRECTION ( 'NONE',  ( 0.000000000000000000, 0.000000000000000000, 1.000000000000000000 ) ) ;
#1140 = CARTESIAN_POINT ( 'NONE',  ( 37.50000000000000711, -11.23401871576771782, -24.12132034355965260 ) ) ;
#1141 = CARTESIAN_POINT ( 'NONE',  ( -47.00000000000000000, 9.112698372208059894, -22.00000000000000355 ) ) ;
#1142 = CARTESIAN_POINT ( 'NONE',  ( -28.57882009854743188, -12.57886458901142035, -25.00000000000001066 ) ) ;
#1143 = AXIS2_PLACEMENT_3D ( 'NONE', #713, #2671, #1594 ) ;
#1144 = CARTESIAN_POINT ( 'NONE',  ( -47.00000000000000000, 25.00000000000000000, 10.35533905932739529 ) ) ;
#1145 = DIRECTION ( 'NONE',  ( 0.000000000000000000, -3.469446951953615372E-15, -1.000000000000000000 ) ) ;
#1146 = ORIENTED_EDGE ( 'NONE', *, *, #1041, .T. ) ;
#1147 = LINE ( 'NONE', #3371, #2184 ) ;
#1148 = ORIENTED_EDGE ( 'NONE', *, *, #3163, .T. ) ;
#1149 = ORIENTED_EDGE ( 'NONE', *, *, #1200, .T. ) ;
#1150 = DIRECTION ( 'NONE',  ( 0.4006291549168360944, 0.2588489165418716986, -0.8789161044352988839 ) ) ;
#1151 = AXIS2_PLACEMENT_3D ( 'NONE', #959, #3462, #2956 ) ;
#1152 = VERTEX_POINT ( 'NONE', #403 ) ;
#1153 = AXIS2_PLACEMENT_3D ( 'NONE', #616, #1736, #1984 ) ;
#1154 = SPHERICAL_SURFACE ( 'NONE', #2652, 3.000000000000000000 ) ;
#1155 = DATE_AND_TIME ( #126, #2080 ) ;
#1156 = DIRECTION ( 'NONE',  ( 0.000000000000000000, 1.000000000000000000, -0.000000000000000000 ) ) ;
#1157 = CARTESIAN_POINT ( 'NONE',  ( 50.00000000000000000, -25.00000000000000000, 25.00000000000000000 ) ) ;
#1158 = CARTESIAN_POINT ( 'NONE',  ( 37.49999999999997868, 9.112698372208051012, -25.00000000000000355 ) ) ;
#1159 = EDGE_CURVE ( 'NONE', #841, #3414, #467, .T. ) ;
#1160 = CARTESIAN_POINT ( 'NONE',  ( 47.00000000000000000, -9.112698372208038577, 22.00000000000000355 ) ) ;
#1161 = CARTESIAN_POINT ( 'NONE',  ( -33.62464464701998423, -25.00000000000000355, 9.398178028108553406 ) ) ;
#1162 = ORIENTED_EDGE ( 'NONE', *, *, #2036, .F. ) ;
#1163 = CYLINDRICAL_SURFACE ( 'NONE', #3400, 3.000000000000000000 ) ;
#1164 = ORIENTED_EDGE ( 'NONE', *, *, #1466, .F. ) ;
#1165 = ORIENTED_EDGE ( 'NONE', *, *, #3492, .T. ) ;
#1166 = CARTESIAN_POINT ( 'NONE',  ( 19.04419066270325089, 23.43092918492792975, -23.43092918492794041 ) ) ;
#1167 = ORIENTED_EDGE ( 'NONE', *, *, #1159, .T. ) ;
#1168 = DIRECTION ( 'NONE',  ( -1.000000000000000000, 0.000000000000000000, 5.551115123125764953E-16 ) ) ;
#1169 = CARTESIAN_POINT ( 'NONE',  ( -47.00000000000000000, 9.112698372208102526, 22.00000000000000355 ) ) ;
#1170 = CARTESIAN_POINT ( 'NONE',  ( -47.00000000000000000, -22.00000000000000355, 9.112698372208145159 ) ) ;
#1171 = FACE_OUTER_BOUND ( 'NONE', #870, .T. ) ;
#1172 = CARTESIAN_POINT ( 'NONE',  ( 20.81825009609168120, 19.22081494769190968, -24.99999999999607780 ) ) ;
#1173 = CARTESIAN_POINT ( 'NONE',  ( -23.85166358376837437, -23.87737041544558991, -15.54380077911610591 ) ) ;
#1174 = CARTESIAN_POINT ( 'NONE',  ( -33.86260519532540769, 24.99999999999658584, 10.63726499475857246 ) ) ;
#1175 = ORIENTED_EDGE ( 'NONE', *, *, #387, .T. ) ;
#1176 = CARTESIAN_POINT ( 'NONE',  ( 37.50000000000000711, 9.112698372208043907, -25.00000000000000000 ) ) ;
#1177 = ORIENTED_EDGE ( 'NONE', *, *, #2615, .F. ) ;
#1178 = EDGE_CURVE ( 'NONE', #231, #78, #668, .T. ) ;
#1179 = ORIENTED_EDGE ( 'NONE', *, *, #1107, .F. ) ;
#1180 = CARTESIAN_POINT ( 'NONE',  ( 9.999999999999996447, 11.00000000000000355, 25.00000000000000000 ) ) ;
#1181 = EDGE_CURVE ( 'NONE', #1638, #3121, #1771, .T. ) ;
#1182 = ORIENTED_EDGE ( 'NONE', *, *, #3220, .T. ) ;
#1183 = CARTESIAN_POINT ( 'NONE',  ( -19.04419066270324734, -23.43092918492792975, 23.43092918492794041 ) ) ;
#1184 = VECTOR ( 'NONE', #874, 1000.000000000000000 ) ;
#1185 = CIRCLE ( 'NONE', #2510, 2.999999999999999112 ) ;
#1186 = CARTESIAN_POINT ( 'NONE',  ( 47.00000000000000000, 22.00000000000000355, -9.112698372208152264 ) ) ;
#1187 = CARTESIAN_POINT ( 'NONE',  ( -29.51779302434808372, 25.00000000000000711, 9.112698372208095421 ) ) ;
#1188 = CARTESIAN_POINT ( 'NONE',  ( -47.00000000000000000, -22.00000000000000355, 9.112698372208145159 ) ) ;
#1189 = CARTESIAN_POINT ( 'NONE',  ( -23.85166358376839213, 23.87737041544558991, 15.54380077911610591 ) ) ;
#1190 = AXIS2_PLACEMENT_3D ( 'NONE', #3520, #2695, #1342 ) ;
#1191 = AXIS2_PLACEMENT_3D ( 'NONE', #1948, #18, #582 ) ;
#1192 = CARTESIAN_POINT ( 'NONE',  ( -37.50000000000000711, -24.12132034355962773, -11.23401871576775513 ) ) ;
#1193 = CARTESIAN_POINT ( 'NONE',  ( -37.50000000000000711, 11.23401871576769295, -24.12132034355964549 ) ) ;
#1194 = ORIENTED_EDGE ( 'NONE', *, *, #831, .F. ) ;
#1195 = ADVANCED_FACE ( 'NONE', ( #3330 ), #876, .T. ) ;
#1196 = EDGE_LOOP ( 'NONE', ( #685, #2700, #3285, #152 ) ) ;
#1197 = ORIENTED_EDGE ( 'NONE', *, *, #3072, .T. ) ;
#1198 = DIRECTION ( 'NONE',  ( 0.000000000000000000, 0.000000000000000000, 1.000000000000000000 ) ) ;
#1199 = CARTESIAN_POINT ( 'NONE',  ( 19.49043530614835618, 21.01920179886234763, 25.00000000000412470 ) ) ;
#1200 = EDGE_CURVE ( 'NONE', #1705, #1891, #1968, .T. ) ;
#1201 = EDGE_CURVE ( 'NONE', #841, #1674, #48, .T. ) ;
#1202 = ORIENTED_EDGE ( 'NONE', *, *, #812, .T. ) ;
#1203 = CARTESIAN_POINT ( 'NONE',  ( 23.85166358376837437, 23.87737041544557215, -15.54380077911614144 ) ) ;
#1204 = CIRCLE ( 'NONE', #3387, 3.000000000000000444 ) ;
#1205 = CARTESIAN_POINT ( 'NONE',  ( 19.04419066270324379, -23.43092918492794041, 23.43092918492794041 ) ) ;
#1206 = APPROVAL_DATE_TIME ( #1965, #740 ) ;
#1207 = CARTESIAN_POINT ( 'NONE',  ( 50.00000000000000000, -22.00000000000000355, 9.112698372208130948 ) ) ;
#1208 = DIRECTION ( 'NONE',  ( -0.000000000000000000, 1.000000000000000000, 0.000000000000000000 ) ) ;
#1209 = CARTESIAN_POINT ( 'NONE',  ( 37.49999999999997158, 10.35533905932732601, -25.00000000000000355 ) ) ;
#1210 = DIRECTION ( 'NONE',  ( -0.4006291549168348176, 0.8789161044352993279, 0.2588489165418714766 ) ) ;
#1211 = FACE_OUTER_BOUND ( 'NONE', #1746, .T. ) ;
#1212 = CYLINDRICAL_SURFACE ( 'NONE', #1258, 2.999999999999999556 ) ;
#1213 = ORIENTED_EDGE ( 'NONE', *, *, #2771, .F. ) ;
#1214 =( BOUNDED_CURVE ( )  B_SPLINE_CURVE ( 3, ( #834, #1927, #2740, #2450 ),
 .UNSPECIFIED., .F., .F. ) 
 B_SPLINE_CURVE_WITH_KNOTS ( ( 4, 4 ),
 ( 3.141592653589793116, 3.972038773961135583 ),
 .UNSPECIFIED. ) 
 CURVE ( )  GEOMETRIC_REPRESENTATION_ITEM ( )  RATIONAL_B_SPLINE_CURVE ( ( 1.000000000000000000, 0.9433509080723008200, 0.9433509080723008200, 1.000000000000000000 ) ) 
 REPRESENTATION_ITEM ( '' )  );
#1215 = CARTESIAN_POINT ( 'NONE',  ( 37.50000000000000711, 24.12132034355964194, 11.23401871576773914 ) ) ;
#1216 = ORIENTED_EDGE ( 'NONE', *, *, #496, .T. ) ;
#1217 = EDGE_LOOP ( 'NONE', ( #2677, #26, #1748, #700 ) ) ;
#1218 = CARTESIAN_POINT ( 'NONE',  ( 33.86260519532497426, -10.63726499476040743, -25.00000000000342482 ) ) ;
#1219 = CIRCLE ( 'NONE', #3230, 2.999999999999999112 ) ;
#1220 = FACE_OUTER_BOUND ( 'NONE', #1221, .T. ) ;
#1221 = EDGE_LOOP ( 'NONE', ( #2477, #2312, #1939, #1812 ) ) ;
#1222 = PLANE ( 'NONE',  #2339 ) ;
#1223 = ADVANCED_FACE ( 'NONE', ( #1516 ), #2404, .T. ) ;
#1224 = CARTESIAN_POINT ( 'NONE',  ( 50.00000000000000711, -9.112698372208040354, 25.00000000000000000 ) ) ;
#1225 = AXIS2_PLACEMENT_3D ( 'NONE', #776, #2990, #2968 ) ;
#1226 = APPROVAL_DATE_TIME ( #1155, #2848 ) ;
#1227 = CARTESIAN_POINT ( 'NONE',  ( -24.43191315292498089, 25.00000000000000000, -13.58291653457886206 ) ) ;
#1228 = FACE_OUTER_BOUND ( 'NONE', #1363, .T. ) ;
#1229 = CARTESIAN_POINT ( 'NONE',  ( 16.82949354222763461, -22.00000000000000355, 22.00000000000000355 ) ) ;
#1230 = DIRECTION ( 'NONE',  ( -1.000000000000000000, -1.734723475976807341E-16, 0.000000000000000000 ) ) ;
#1231 = CARTESIAN_POINT ( 'NONE',  ( 47.00000000000000000, -24.12132034355965260, -11.23401871576772848 ) ) ;
#1232 = VERTEX_POINT ( 'NONE', #1554 ) ;
#1233 = EDGE_CURVE ( 'NONE', #644, #1071, #2565, .T. ) ;
#1234 = CARTESIAN_POINT ( 'NONE',  ( 21.51127130665953757, 23.63735984684020508, -19.78398749108493249 ) ) ;
#1235 = EDGE_LOOP ( 'NONE', ( #2332, #3451, #825 ) ) ;
#1236 = ORIENTED_EDGE ( 'NONE', *, *, #457, .T. ) ;
#1237 = CARTESIAN_POINT ( 'NONE',  ( 35.68388219759216895, 10.35533905932737930, 25.00000000000000000 ) ) ;
#1238 = DIRECTION ( 'NONE',  ( 1.000000000000000000, 0.000000000000000000, 0.000000000000000000 ) ) ;
#1239 = EDGE_LOOP ( 'NONE', ( #3434, #3355, #1383, #1094 ) ) ;
#1240 = CARTESIAN_POINT ( 'NONE',  ( -47.00000000000000000, -9.112698372208063446, 22.00000000000000355 ) ) ;
#1241 = CARTESIAN_POINT ( 'NONE',  ( 18.32897391849435920, -25.00000000000000355, 22.96882332703169283 ) ) ;
#1242 = DIRECTION ( 'NONE',  ( 0.000000000000000000, 0.000000000000000000, 1.000000000000000000 ) ) ;
#1243 = CARTESIAN_POINT ( 'NONE',  ( -24.43191315291968735, -13.58291653458578274, 25.00000000000000000 ) ) ;
#1244 = DIRECTION ( 'NONE',  ( -0.000000000000000000, -0.7071067811865499042, -0.7071067811865451302 ) ) ;
#1245 = AXIS2_PLACEMENT_3D ( 'NONE', #2232, #3074, #362 ) ;
#1246 = FACE_OUTER_BOUND ( 'NONE', #3016, .T. ) ;
#1247 = ADVANCED_FACE ( 'NONE', ( #147 ), #499, .T. ) ;
#1248 = CARTESIAN_POINT ( 'NONE',  ( 47.00000000000000000, -9.112698372208040354, 22.00000000000000355 ) ) ;
#1249 = CARTESIAN_POINT ( 'NONE',  ( -37.50000000000000711, 25.00000000000001066, 10.35533905932737753 ) ) ;
#1250 = ORIENTED_EDGE ( 'NONE', *, *, #594, .T. ) ;
#1251 = EDGE_CURVE ( 'NONE', #42, #2380, #1495, .T. ) ;
#1252 = CIRCLE ( 'NONE', #1191, 2.999999999999999112 ) ;
#1253 = AXIS2_PLACEMENT_3D ( 'NONE', #1188, #2593, #128 ) ;
#1254 = FACE_OUTER_BOUND ( 'NONE', #3002, .T. ) ;
#1255 = ORIENTED_EDGE ( 'NONE', *, *, #2129, .F. ) ;
#1256 = EDGE_LOOP ( 'NONE', ( #2099, #681, #138, #2013 ) ) ;
#1257 = CARTESIAN_POINT ( 'NONE',  ( 37.50000000000000711, 10.35533905932737930, 24.99999999999999645 ) ) ;
#1258 = AXIS2_PLACEMENT_3D ( 'NONE', #3410, #3105, #2540 ) ;
#1259 = ORIENTED_EDGE ( 'NONE', *, *, #3076, .T. ) ;
#1260 = CARTESIAN_POINT ( 'NONE',  ( -50.00000000000000000, 9.112698372208102526, 22.00000000000000355 ) ) ;
#1261 = CARTESIAN_POINT ( 'NONE',  ( 24.43191315291969801, -25.00000000000000355, 13.58291653457133386 ) ) ;
#1262 = CARTESIAN_POINT ( 'NONE',  ( -23.71167745532645554, 24.99999999999614531, -16.09257051417754170 ) ) ;
#1263 = LINE ( 'NONE', #1571, #2631 ) ;
#1264 = DIRECTION ( 'NONE',  ( 1.000000000000000000, 1.734723475976807341E-16, -0.000000000000000000 ) ) ;
#1265 = LINE ( 'NONE', #729, #1753 ) ;
#1266 = CARTESIAN_POINT ( 'NONE',  ( -16.82949354222763461, 22.00000000000001066, 25.00000000000000000 ) ) ;
#1267 = CIRCLE ( 'NONE', #55, 2.999999999999999112 ) ;
#1268 = CYLINDRICAL_SURFACE ( 'NONE', #1892, 3.000000000000002665 ) ;
#1269 = ORIENTED_EDGE ( 'NONE', *, *, #8, .F. ) ;
#1270 = VECTOR ( 'NONE', #1156, 1000.000000000000000 ) ;
#1271 = VECTOR ( 'NONE', #3195, 1000.000000000000000 ) ;
#1272 = CARTESIAN_POINT ( 'NONE',  ( 16.82949354222763461, -25.00000000000000000, -22.00000000000000355 ) ) ;
#1273 = ORIENTED_EDGE ( 'NONE', *, *, #1316, .F. ) ;
#1274 = ORIENTED_EDGE ( 'NONE', *, *, #698, .F. ) ;
#1275 = CARTESIAN_POINT ( 'NONE',  ( 18.13664457374962069, -19.97687848145817213, -25.00000000000000355 ) ) ;
#1276 = LINE ( 'NONE', #3472, #452 ) ;
#1277 = LOCAL_TIME ( 20, 11, 33.00000000000000000, #2829 ) ;
#1278 = EDGE_LOOP ( 'NONE', ( #114, #1177, #2532, #1453 ) ) ;
#1279 = FACE_OUTER_BOUND ( 'NONE', #888, .T. ) ;
#1280 = DIRECTION ( 'NONE',  ( 1.000000000000000000, 0.000000000000000000, 0.000000000000000000 ) ) ;
#1281 = CARTESIAN_POINT ( 'NONE',  ( 16.82949354222764171, 22.00000000000000000, -22.00000000000000355 ) ) ;
#1282 = CARTESIAN_POINT ( 'NONE',  ( -10.00000000000000000, 11.00000000000000000, 22.00000000000000355 ) ) ;
#1283 = DIRECTION ( 'NONE',  ( 0.000000000000000000, -0.7071067811865475727, -0.7071067811865475727 ) ) ;
#1284 = CARTESIAN_POINT ( 'NONE',  ( 37.50000000000000711, 25.00000000000000000, -9.112698372208134501 ) ) ;
#1285 = CARTESIAN_POINT ( 'NONE',  ( -25.28089044476229219, 14.74614857549605418, 24.99999999999999645 ) ) ;
#1286 = CARTESIAN_POINT ( 'NONE',  ( 37.50000000000000711, -24.12132034355963839, -11.23401871576772848 ) ) ;
#1287 = ORIENTED_EDGE ( 'NONE', *, *, #1338, .F. ) ;
#1288 = CARTESIAN_POINT ( 'NONE',  ( 10.00000000000000000, 3.673940397442059178E-15, 22.00000000000000000 ) ) ;
#1289 = VERTEX_POINT ( 'NONE', #2687 ) ;
#1290 = CARTESIAN_POINT ( 'NONE',  ( -47.00000000000000000, -9.112698372208107855, -22.00000000000000355 ) ) ;
#1291 = AXIS2_PLACEMENT_3D ( 'NONE', #2216, #833, #2774 ) ;
#1292 = EDGE_CURVE ( 'NONE', #2891, #976, #763, .T. ) ;
#1293 = ORIENTED_EDGE ( 'NONE', *, *, #1512, .F. ) ;
#1294 = ORIENTED_EDGE ( 'NONE', *, *, #753, .F. ) ;
#1295 = CYLINDRICAL_SURFACE ( 'NONE', #2973, 2.999999999999999112 ) ;
#1296 = ADVANCED_FACE ( 'NONE', ( #2346 ), #1531, .F. ) ;
#1297 = FACE_OUTER_BOUND ( 'NONE', #3215, .T. ) ;
#1298 = CARTESIAN_POINT ( 'NONE',  ( -16.82949354222764171, -22.00000000000000711, 25.00000000000000000 ) ) ;
#1299 = DIRECTION ( 'NONE',  ( -1.000000000000000000, 0.000000000000000000, 0.000000000000000000 ) ) ;
#1300 = CARTESIAN_POINT ( 'NONE',  ( 50.00000000000000000, 22.00000000000000000, -25.00000000000000000 ) ) ;
#1301 = DIRECTION ( 'NONE',  ( -1.000000000000000000, 0.000000000000000000, 0.000000000000000000 ) ) ;
#1302 = DIRECTION ( 'NONE',  ( 0.000000000000000000, 0.000000000000000000, -1.000000000000000000 ) ) ;
#1303 = AXIS2_PLACEMENT_3D ( 'NONE', #3325, #183, #2381 ) ;
#1304 = CIRCLE ( 'NONE', #214, 2.999999999999999112 ) ;
#1305 = ORIENTED_EDGE ( 'NONE', *, *, #367, .T. ) ;
#1306 = VERTEX_POINT ( 'NONE', #3207 ) ;
#1307 = APPROVAL ( #2535, 'UNSPECIFIED' ) ;
#1308 = CARTESIAN_POINT ( 'NONE',  ( 18.32897391849432012, -25.00000000000000711, -22.96882332703173901 ) ) ;
#1309 = AXIS2_PLACEMENT_3D ( 'NONE', #1022, #207, #2413 ) ;
#1310 = VECTOR ( 'NONE', #600, 1000.000000000000000 ) ;
#1311 = CC_DESIGN_APPROVAL ( #1307, ( #2391 ) ) ;
#1312 = CARTESIAN_POINT ( 'NONE',  ( 47.00000000000000000, 9.112698372208104303, 22.00000000000000355 ) ) ;
#1313 = ORIENTED_EDGE ( 'NONE', *, *, #3370, .T. ) ;
#1314 = CARTESIAN_POINT ( 'NONE',  ( -37.49999999999999289, 10.35533905932732601, -25.00000000000000355 ) ) ;
#1315 = AXIS2_PLACEMENT_3D ( 'NONE', #1827, #2096, #1054 ) ;
#1316 = EDGE_CURVE ( 'NONE', #1891, #3054, #2422, .T. ) ;
#1317 = CARTESIAN_POINT ( 'NONE',  ( 21.51127130665972587, -19.78398749108280086, 23.63735984684213420 ) ) ;
#1318 = CARTESIAN_POINT ( 'NONE',  ( 22.21386321382058426, -13.66643036367050534, 25.00000000000000000 ) ) ;
#1319 = DIRECTION ( 'NONE',  ( 0.000000000000000000, 1.000000000000000000, 0.000000000000000000 ) ) ;
#1320 = FACE_OUTER_BOUND ( 'NONE', #1538, .T. ) ;
#1321 = CARTESIAN_POINT ( 'NONE',  ( -22.74034536924425254, 14.94953755801523698, 25.00000000000000000 ) ) ;
#1322 = DIRECTION ( 'NONE',  ( 1.000000000000000000, 0.000000000000000000, 0.000000000000000000 ) ) ;
#1323 = DIRECTION ( 'NONE',  ( -0.000000000000000000, 1.000000000000000000, -0.000000000000000000 ) ) ;
#1324 = VECTOR ( 'NONE', #2108, 1000.000000000000000 ) ;
#1325 = DIRECTION ( 'NONE',  ( 0.000000000000000000, 0.000000000000000000, -1.000000000000000000 ) ) ;
#1326 = ORIENTED_EDGE ( 'NONE', *, *, #1644, .F. ) ;
#1327 = CIRCLE ( 'NONE', #3164, 3.000000000000000000 ) ;
#1328 = DIRECTION ( 'NONE',  ( -1.000000000000000000, 0.000000000000000000, 0.000000000000000000 ) ) ;
#1329 = ORIENTED_EDGE ( 'NONE', *, *, #367, .F. ) ;
#1330 = CARTESIAN_POINT ( 'NONE',  ( -19.49043530614744313, 21.01920179886239737, -25.00000000000000355 ) ) ;
#1331 = EDGE_CURVE ( 'NONE', #3194, #607, #3442, .T. ) ;
#1332 =( BOUNDED_CURVE ( )  B_SPLINE_CURVE ( 3, ( #893, #1718, #1459, #942 ),
 .UNSPECIFIED., .F., .F. ) 
 B_SPLINE_CURVE_WITH_KNOTS ( ( 4, 4 ),
 ( 3.141592653589793116, 3.972038773961136027 ),
 .UNSPECIFIED. ) 
 CURVE ( )  GEOMETRIC_REPRESENTATION_ITEM ( )  RATIONAL_B_SPLINE_CURVE ( ( 1.000000000000000000, 0.9433509080723008200, 0.9433509080723008200, 1.000000000000000000 ) ) 
 REPRESENTATION_ITEM ( '' )  );
#1333 = CARTESIAN_POINT ( 'NONE',  ( 20.21129770927328195, -21.51617619707315754, 23.53931142952637501 ) ) ;
#1334 = EDGE_CURVE ( 'NONE', #3054, #3111, #981, .T. ) ;
#1335 = PLANE ( 'NONE',  #2410 ) ;
#1336 = CARTESIAN_POINT ( 'NONE',  ( -37.50000000000000711, -24.99999999999999645, -10.35533905932737575 ) ) ;
#1337 = CARTESIAN_POINT ( 'NONE',  ( 50.00000000000002132, 22.00000000000000355, -9.112698372208086539 ) ) ;
#1338 = EDGE_CURVE ( 'NONE', #3111, #3124, #868, .T. ) ;
#1339 = CYLINDRICAL_SURFACE ( 'NONE', #2352, 25.00000000000000000 ) ;
#1340 = ADVANCED_FACE ( 'NONE', ( #202 ), #2051, .F. ) ;
#1341 = ADVANCED_FACE ( 'NONE', ( #2630 ), #999, .T. ) ;
#1342 = DIRECTION ( 'NONE',  ( 0.000000000000000000, -1.000000000000000000, 0.000000000000000000 ) ) ;
#1343 = ORIENTED_EDGE ( 'NONE', *, *, #1037, .T. ) ;
#1344 = FACE_OUTER_BOUND ( 'NONE', #1544, .T. ) ;
#1345 = VERTEX_POINT ( 'NONE', #728 ) ;
#1346 = CARTESIAN_POINT ( 'NONE',  ( -19.04419066270324734, -23.43092918492793331, -23.43092918492793686 ) ) ;
#1347 = DIRECTION ( 'NONE',  ( 0.000000000000000000, 0.000000000000000000, -1.000000000000000000 ) ) ;
#1348 = EDGE_LOOP ( 'NONE', ( #2802, #3058, #595, #2492 ) ) ;
#1349 = DIRECTION ( 'NONE',  ( 0.5426870580354595797, 0.8399349719120032809, 1.315131898970963279E-15 ) ) ;
#1350 = DIRECTION ( 'NONE',  ( -0.000000000000000000, 1.000000000000000000, 0.000000000000000000 ) ) ;
#1351 =( BOUNDED_SURFACE ( )  B_SPLINE_SURFACE ( 3, 2, ( 
 ( #3420, #1570, #726 ),
 ( #2091, #3441, #1821 ),
 ( #401, #199, #2071 ),
 ( #2919, #1262, #2365 ),
 ( #1500, #2592, #1227 ),
 ( #2049, #3460, #2321 ),
 ( #957, #585, #3295 ),
 ( #802, #1931, #1629 ),
 ( #858, #2760, #2727 ),
 ( #3027, #1684, #565 ) ),
 .UNSPECIFIED., .F., .F., .F. ) 
 B_SPLINE_SURFACE_WITH_KNOTS ( ( 4, 2, 2, 2, 4 ),
 ( 3, 3 ),
 ( 5.452739186808243765, 5.660350716901080048, 5.867962246993915443, 6.075573777086750837, 6.283185307179586232 ),
 ( 0.000000000000000000, 1.000000000000000000 ),
 .UNSPECIFIED. ) 
 GEOMETRIC_REPRESENTATION_ITEM ( )  RATIONAL_B_SPLINE_SURFACE ( (
 ( 1.000000000000000000, 0.8593533600841903874, 1.000000000000000000),
 ( 1.000000000000000000, 0.8698635397552685333, 1.000000000000000000),
 ( 1.000000000000000000, 0.8791803030592681978, 1.000000000000000000),
 ( 1.000000000000000000, 0.8952672519916253790, 1.000000000000000000),
 ( 1.000000000000000000, 0.9020367518872205448, 1.000000000000000000),
 ( 1.000000000000000000, 0.9129130246142354022, 1.000000000000000000),
 ( 1.000000000000000000, 0.9170198683928051375, 1.000000000000000000),
 ( 1.000000000000000000, 0.9225031065368304306, 1.000000000000000000),
 ( 1.000000000000000000, 0.9238802365526375127, 1.000000000000000000),
 ( 1.000000000000000000, 0.9238795325112862944, 1.000000000000000000) ) ) 
 REPRESENTATION_ITEM ( '' )  SURFACE ( )  );
#1352 = CARTESIAN_POINT ( 'NONE',  ( -20.81825009609682198, -25.00000000000000000, -19.22081494768372067 ) ) ;
#1353 = CARTESIAN_POINT ( 'NONE',  ( 47.00000000000000000, 9.112698372208054565, -22.00000000000000355 ) ) ;
#1354 = DIRECTION ( 'NONE',  ( 1.734723475976805714E-15, -0.000000000000000000, -1.000000000000000000 ) ) ;
#1355 = FACE_OUTER_BOUND ( 'NONE', #426, .T. ) ;
#1356 = ADVANCED_FACE ( 'NONE', ( #1823 ), #2923, .F. ) ;
#1357 = LINE ( 'NONE', #1427, #1479 ) ;
#1358 = ORIENTED_EDGE ( 'NONE', *, *, #886, .F. ) ;
#1359 = AXIS2_PLACEMENT_3D ( 'NONE', #2200, #1665, #3530 ) ;
#1360 = CARTESIAN_POINT ( 'NONE',  ( 24.32173693682639382, -23.80863253003229119, -16.75817008804753883 ) ) ;
#1361 = AXIS2_PLACEMENT_3D ( 'NONE', #1940, #64, #1412 ) ;
#1362 = ADVANCED_FACE ( 'NONE', ( #3479 ), #2721, .T. ) ;
#1363 = EDGE_LOOP ( 'NONE', ( #1970, #1164, #197, #1510 ) ) ;
#1364 = CARTESIAN_POINT ( 'NONE',  ( 30.37302948602507513, 11.23401871576773559, 24.12132034355964905 ) ) ;
#1365 = CIRCLE ( 'NONE', #561, 2.999999999999999112 ) ;
#1366 = VECTOR ( 'NONE', #1001, 1000.000000000000000 ) ;
#1367 = VECTOR ( 'NONE', #3388, 1000.000000000000114 ) ;
#1368 = ORIENTED_EDGE ( 'NONE', *, *, #3407, .T. ) ;
#1369 = FACE_OUTER_BOUND ( 'NONE', #662, .T. ) ;
#1370 = DIRECTION ( 'NONE',  ( 0.000000000000000000, 0.000000000000000000, 1.000000000000000000 ) ) ;
#1371 = DIRECTION ( 'NONE',  ( 0.8399349719120047242, 0.5426870580354573592, 2.312964634635743450E-15 ) ) ;
#1372 = CARTESIAN_POINT ( 'NONE',  ( -16.82949354222763461, 22.00000000000000355, -22.00000000000000355 ) ) ;
#1373 = LINE ( 'NONE', #818, #2913 ) ;
#1374 = FACE_OUTER_BOUND ( 'NONE', #1256, .T. ) ;
#1375 = CARTESIAN_POINT ( 'NONE',  ( 22.21386321382058782, 25.00000000000000711, 13.66643036367052311 ) ) ;
#1376 = CARTESIAN_POINT ( 'NONE',  ( -21.51127130666064957, -23.63735984684343094, 19.78398749108059818 ) ) ;
#1377 = CIRCLE ( 'NONE', #3559, 3.000000000000000000 ) ;
#1378 = VERTEX_POINT ( 'NONE', #2111 ) ;
#1379 = EDGE_CURVE ( 'NONE', #1098, #3433, #229, .T. ) ;
#1380 = CARTESIAN_POINT ( 'NONE',  ( 47.00000000000000000, -22.00000000000000355, 0.000000000000000000 ) ) ;
#1381 = VERTEX_POINT ( 'NONE', #220 ) ;
#1382 = EDGE_CURVE ( 'NONE', #1674, #3414, #2704, .T. ) ;
#1383 = ORIENTED_EDGE ( 'NONE', *, *, #3370, .F. ) ;
#1384 = DIRECTION ( 'NONE',  ( -0.5426870580354584694, 0.8399349719120040580, 0.000000000000000000 ) ) ;
#1385 = AXIS2_PLACEMENT_3D ( 'NONE', #908, #581, #1734 ) ;
#1386 = EDGE_LOOP ( 'NONE', ( #646, #1567, #470, #2024 ) ) ;
#1387 = DIRECTION ( 'NONE',  ( 0.8399349719120032809, 0.000000000000000000, -0.5426870580354594686 ) ) ;
#1388 = FACE_OUTER_BOUND ( 'NONE', #1489, .T. ) ;
#1389 = CARTESIAN_POINT ( 'NONE',  ( 16.82949354222764526, 22.00000000000000355, 22.00000000000000355 ) ) ;
#1390 = CARTESIAN_POINT ( 'NONE',  ( -33.86260519532538638, -10.63726499475857068, -24.99999999999658584 ) ) ;
#1391 = AXIS2_PLACEMENT_3D ( 'NONE', #1353, #1881, #3010 ) ;
#1392 = LINE ( 'NONE', #330, #851 ) ;
#1393 = DIRECTION ( 'NONE',  ( 1.000000000000000000, 0.000000000000000000, 0.000000000000000000 ) ) ;
#1394 = ORIENTED_EDGE ( 'NONE', *, *, #2348, .T. ) ;
#1395 = CARTESIAN_POINT ( 'NONE',  ( 37.50000000000000711, 11.23401871576768940, -24.12132034355964549 ) ) ;
#1396 = ADVANCED_FACE ( 'NONE', ( #1947 ), #251, .T. ) ;
#1397 = ORIENTED_EDGE ( 'NONE', *, *, #2420, .T. ) ;
#1398 = VERTEX_POINT ( 'NONE', #2424 ) ;
#1399 = CARTESIAN_POINT ( 'NONE',  ( 47.00000000000000000, 0.000000000000000000, 22.00000000000000355 ) ) ;
#1400 = EDGE_LOOP ( 'NONE', ( #3482, #65, #2373, #1179 ) ) ;
#1401 = DIRECTION ( 'NONE',  ( -1.000000000000000000, 0.000000000000000000, 0.000000000000000000 ) ) ;
#1402 = AXIS2_PLACEMENT_3D ( 'NONE', #187, #1230, #2094 ) ;
#1403 = DIRECTION ( 'NONE',  ( 0.000000000000000000, 1.000000000000000000, -1.156482317317871725E-15 ) ) ;
#1404 = DIRECTION ( 'NONE',  ( 0.000000000000000000, 0.7071067811865477948, -0.7071067811865472397 ) ) ;
#1405 = CARTESIAN_POINT ( 'NONE',  ( 47.00000000000000000, 9.112698372208056341, -22.00000000000000355 ) ) ;
#1406 = CARTESIAN_POINT ( 'NONE',  ( 37.50000000000000711, -11.23401871576767341, 24.12132034355964549 ) ) ;
#1407 = CARTESIAN_POINT ( 'NONE',  ( -27.97802025037341522, -25.00000000000000355, 11.37204899425328897 ) ) ;
#1408 = ORIENTED_EDGE ( 'NONE', *, *, #1233, .F. ) ;
#1409 = CARTESIAN_POINT ( 'NONE',  ( -16.82949354222764171, 22.00000000000000000, -22.00000000000000000 ) ) ;
#1410 = ORIENTED_EDGE ( 'NONE', *, *, #3035, .T. ) ;
#1411 = ORIENTED_EDGE ( 'NONE', *, *, #761, .F. ) ;
#1412 = DIRECTION ( 'NONE',  ( 2.312964634635743450E-15, 1.000000000000000000, 0.000000000000000000 ) ) ;
#1413 = AXIS2_PLACEMENT_3D ( 'NONE', #1733, #1981, #2501 ) ;
#1414 = AXIS2_PLACEMENT_3D ( 'NONE', #2589, #122, #955 ) ;
#1415 = CARTESIAN_POINT ( 'NONE',  ( -47.00000000000000000, -15.55634918610400241, 15.55634918610410722 ) ) ;
#1416 = VERTEX_POINT ( 'NONE', #1679 ) ;
#1417 = FACE_OUTER_BOUND ( 'NONE', #2588, .T. ) ;
#1418 = APPROVAL_PERSON_ORGANIZATION ( #909, #740, #3099 ) ;
#1419 = PRODUCT_DEFINITION_SHAPE ( 'NONE', 'NONE',  #2391 ) ;
#1420 = AXIS2_PLACEMENT_3D ( 'NONE', #579, #3019, #2705 ) ;
#1421 = CARTESIAN_POINT ( 'NONE',  ( -47.00000000000000000, -24.12132034355964549, -11.23401871576775513 ) ) ;
#1422 = DIRECTION ( 'NONE',  ( 1.000000000000000000, 0.000000000000000000, 0.000000000000000000 ) ) ;
#1423 = CARTESIAN_POINT ( 'NONE',  ( 10.00000000000000000, 3.673940397442059178E-15, 22.00000000000000000 ) ) ;
#1424 = CARTESIAN_POINT ( 'NONE',  ( 19.49043530616574316, 21.01920179886764473, -25.00000000000000355 ) ) ;
#1425 = AXIS2_PLACEMENT_3D ( 'NONE', #2655, #1302, #2438 ) ;
#1426 = LINE ( 'NONE', #654, #1367 ) ;
#1427 = CARTESIAN_POINT ( 'NONE',  ( 49.99999999999999289, -25.00000000000000000, 9.112698372208090092 ) ) ;
#1428 = EDGE_LOOP ( 'NONE', ( #3289, #1148, #2010 ) ) ;
#1429 = DIRECTION ( 'NONE',  ( 0.000000000000000000, 0.000000000000000000, 1.000000000000000000 ) ) ;
#1430 = EDGE_CURVE ( 'NONE', #2583, #3317, #2109, .T. ) ;
#1431 = EDGE_LOOP ( 'NONE', ( #449, #1854, #1358 ) ) ;
#1432 = ORIENTED_EDGE ( 'NONE', *, *, #823, .T. ) ;
#1433 = CARTESIAN_POINT ( 'NONE',  ( 35.76987939157913843, -11.23401871576940891, -24.12132034355796861 ) ) ;
#1434 = CARTESIAN_POINT ( 'NONE',  ( 25.28089044476208613, 14.74614857548910685, 25.00000000000000355 ) ) ;
#1435 = AXIS2_PLACEMENT_3D ( 'NONE', #2093, #1590, #3187 ) ;
#1436 = AXIS2_PLACEMENT_3D ( 'NONE', #2107, #3203, #744 ) ;
#1437 = CARTESIAN_POINT ( 'NONE',  ( -16.82949354222763461, -25.00000000000000000, 22.00000000000000355 ) ) ;
#1438 = VERTEX_POINT ( 'NONE', #3543 ) ;
#1439 = CYLINDRICAL_SURFACE ( 'NONE', #1595, 3.000000000000000000 ) ;
#1440 = AXIS2_PLACEMENT_3D ( 'NONE', #2575, #2536, #69 ) ;
#1441 = ADVANCED_FACE ( 'NONE', ( #1087 ), #830, .T. ) ;
#1442 = DIRECTION ( 'NONE',  ( -0.000000000000000000, 1.000000000000000000, -0.000000000000000000 ) ) ;
#1443 = LINE ( 'NONE', #583, #1270 ) ;
#1444 = LINE ( 'NONE', #3148, #1942 ) ;
#1445 = DIRECTION ( 'NONE',  ( -0.000000000000000000, -0.000000000000000000, -1.000000000000000000 ) ) ;
#1446 =( BOUNDED_CURVE ( )  B_SPLINE_CURVE ( 3, ( #99, #80, #2804, #1747 ),
 .UNSPECIFIED., .F., .T. ) 
 B_SPLINE_CURVE_WITH_KNOTS ( ( 4, 4 ),
 ( 0.000000000000000000, 0.8304461203713427997 ),
 .UNSPECIFIED. ) 
 CURVE ( )  GEOMETRIC_REPRESENTATION_ITEM ( )  RATIONAL_B_SPLINE_CURVE ( ( 1.000000000000000000, 0.9433509080723008200, 0.9433509080723008200, 1.000000000000000000 ) ) 
 REPRESENTATION_ITEM ( '' )  );
#1447 = CYLINDRICAL_SURFACE ( 'NONE', #566, 3.000000000000000000 ) ;
#1448 = CARTESIAN_POINT ( 'NONE',  ( -47.00000000000000000, 9.112698372208106079, 22.00000000000000355 ) ) ;
#1449 = EDGE_LOOP ( 'NONE', ( #1923, #135, #789, #3560 ) ) ;
#1450 = DIRECTION ( 'NONE',  ( -1.000000000000000000, 0.000000000000000000, -5.551115123125764953E-16 ) ) ;
#1451 = EDGE_CURVE ( 'NONE', #2353, #175, #557, .T. ) ;
#1452 = ORIENTED_EDGE ( 'NONE', *, *, #221, .T. ) ;
#1453 = ORIENTED_EDGE ( 'NONE', *, *, #2859, .F. ) ;
#1454 = ORIENTED_EDGE ( 'NONE', *, *, #1056, .T. ) ;
#1455 = DIRECTION ( 'NONE',  ( 0.000000000000000000, 0.7071067811865466846, 0.7071067811865482389 ) ) ;
#1456 = DIRECTION ( 'NONE',  ( 1.000000000000000000, 0.000000000000000000, 5.551115123125783688E-16 ) ) ;
#1457 = CALENDAR_DATE ( 2026, 11, 8 ) ;
#1458 = DIRECTION ( 'NONE',  ( 1.000000000000000000, 0.000000000000000000, 5.782411586589351722E-16 ) ) ;
#1459 = CARTESIAN_POINT ( 'NONE',  ( -22.21386321382058426, 13.66643036367049291, -25.00000000000000711 ) ) ;
#1460 = CARTESIAN_POINT ( 'NONE',  ( 35.68388219759540902, 10.35533905932396870, -25.00000000000000000 ) ) ;
#1461 = EDGE_CURVE ( 'NONE', #2397, #312, #2623, .T. ) ;
#1462 = CARTESIAN_POINT ( 'NONE',  ( 16.82949354222763816, 22.00000000000000000, 25.00000000000000000 ) ) ;
#1463 = CARTESIAN_POINT ( 'NONE',  ( 9.999999999999998224, -10.99999999999999645, 22.00000000000000000 ) ) ;
#1464 = ORIENTED_EDGE ( 'NONE', *, *, #2728, .T. ) ;
#1465 =( BOUNDED_CURVE ( )  B_SPLINE_CURVE ( 3, ( #345, #1187, #926, #51 ),
 .UNSPECIFIED., .F., .T. ) 
 B_SPLINE_CURVE_WITH_KNOTS ( ( 4, 4 ),
 ( 3.141592653589793116, 3.972038773961135583 ),
 .UNSPECIFIED. ) 
 CURVE ( )  GEOMETRIC_REPRESENTATION_ITEM ( )  RATIONAL_B_SPLINE_CURVE ( ( 1.000000000000000000, 0.9433509080723008200, 0.9433509080723008200, 1.000000000000000000 ) ) 
 REPRESENTATION_ITEM ( '' )  );
#1466 = EDGE_CURVE ( 'NONE', #1655, #809, #1608, .T. ) ;
#1467 = EDGE_CURVE ( 'NONE', #2861, #2243, #2508, .T. ) ;
#1468 = ORIENTED_EDGE ( 'NONE', *, *, #1069, .T. ) ;
#1469 = EDGE_LOOP ( 'NONE', ( #3120, #1259, #2749 ) ) ;
#1470 = ORIENTED_EDGE ( 'NONE', *, *, #3228, .F. ) ;
#1471 = CARTESIAN_POINT ( 'NONE',  ( 50.00000000000000000, 15.55634918610400241, -15.55634918610410722 ) ) ;
#1472 = VECTOR ( 'NONE', #1924, 1000.000000000000000 ) ;
#1473 = VECTOR ( 'NONE', #1547, 1000.000000000000000 ) ;
#1474 = DIRECTION ( 'NONE',  ( -1.000000000000000000, 0.000000000000000000, 0.000000000000000000 ) ) ;
#1475 = APPROVAL_DATE_TIME ( #2301, #1307 ) ;
#1476 = DIRECTION ( 'NONE',  ( -1.000000000000000000, -0.000000000000000000, 1.156482317317871725E-15 ) ) ;
#1477 = DIRECTION ( 'NONE',  ( -0.000000000000000000, 0.7071067811865499042, 0.7071067811865451302 ) ) ;
#1478 = CARTESIAN_POINT ( 'NONE',  ( 50.00000000000000000, 9.112698372208100750, 22.00000000000000355 ) ) ;
#1479 = VECTOR ( 'NONE', #3315, 1000.000000000000000 ) ;
#1480 = VECTOR ( 'NONE', #1086, 1000.000000000000000 ) ;
#1481 = AXIS2_PLACEMENT_3D ( 'NONE', #1337, #1625, #3529 ) ;
#1482 = FACE_OUTER_BOUND ( 'NONE', #512, .T. ) ;
#1483 = DIRECTION ( 'NONE',  ( -1.000000000000000000, 5.551115123125783688E-16, 0.000000000000000000 ) ) ;
#1484 = LINE ( 'NONE', #2021, #2412 ) ;
#1485 = AXIS2_PLACEMENT_3D ( 'NONE', #1091, #2473, #2235 ) ;
#1486 = EDGE_LOOP ( 'NONE', ( #643, #821, #2061, #2064 ) ) ;
#1487 = EDGE_CURVE ( 'NONE', #1378, #2447, #3272, .T. ) ;
#1488 = EDGE_CURVE ( 'NONE', #2752, #2226, #1894, .T. ) ;
#1489 = EDGE_LOOP ( 'NONE', ( #2614, #1397, #879 ) ) ;
#1490 = VERTEX_POINT ( 'NONE', #1879 ) ;
#1491 = CARTESIAN_POINT ( 'NONE',  ( 30.65397320554186322, 12.57337832805679412, 24.04550753531797724 ) ) ;
#1492 = DIRECTION ( 'NONE',  ( 1.000000000000000000, 5.551115123125802424E-16, -0.000000000000000000 ) ) ;
#1493 = ORIENTED_EDGE ( 'NONE', *, *, #1979, .T. ) ;
#1494 = CARTESIAN_POINT ( 'NONE',  ( 50.00000000000002132, 9.112698372208003050, -22.00000000000000355 ) ) ;
#1495 = CIRCLE ( 'NONE', #1900, 3.000000000000002665 ) ;
#1496 = EDGE_CURVE ( 'NONE', #63, #2310, #212, .T. ) ;
#1497 = CARTESIAN_POINT ( 'NONE',  ( 50.00000000000000000, 0.000000000000000000, 0.000000000000000000 ) ) ;
#1498 = ADVANCED_FACE ( 'NONE', ( #1103 ), #2972, .T. ) ;
#1499 = PERSON_AND_ORGANIZATION ( #796, #390 ) ;
#1500 = CARTESIAN_POINT ( 'NONE',  ( -25.83206531511028459, 23.88184437057248743, -15.46476090515317203 ) ) ;
#1501 = FACE_OUTER_BOUND ( 'NONE', #1828, .T. ) ;
#1502 = CARTESIAN_POINT ( 'NONE',  ( 29.83244999020648791, 10.52787079273794468, -25.00000000000000355 ) ) ;
#1503 = CARTESIAN_POINT ( 'NONE',  ( 20.21129770927687375, 23.53931142952191991, 21.51617619707206330 ) ) ;
#1504 = DIRECTION ( 'NONE',  ( -1.000000000000000000, 0.000000000000000000, 0.000000000000000000 ) ) ;
#1505 = ORIENTED_EDGE ( 'NONE', *, *, #648, .F. ) ;
#1506 = ORIENTED_EDGE ( 'NONE', *, *, #2763, .F. ) ;
#1507 = ORIENTED_EDGE ( 'NONE', *, *, #123, .F. ) ;
#1508 = CARTESIAN_POINT ( 'NONE',  ( 35.76987939158117769, 11.23401871576689715, 24.12132034356048393 ) ) ;
#1509 = DIRECTION ( 'NONE',  ( -0.4006291549168362054, -0.8789161044352985508, 0.2588489165418721982 ) ) ;
#1510 = ORIENTED_EDGE ( 'NONE', *, *, #3429, .F. ) ;
#1511 = CARTESIAN_POINT ( 'NONE',  ( 50.00000000000000000, -7.322330470336462227, -42.67766952966368166 ) ) ;
#1512 = EDGE_CURVE ( 'NONE', #2808, #1598, #244, .T. ) ;
#1513 = CARTESIAN_POINT ( 'NONE',  ( 18.13664457374200722, -25.00000000000000355, 19.97687848145324452 ) ) ;
#1514 = DIRECTION ( 'NONE',  ( -1.000000000000000000, 0.000000000000000000, 0.000000000000000000 ) ) ;
#1515 = DIRECTION ( 'NONE',  ( 1.000000000000000000, 1.734723475976807094E-16, -0.000000000000000000 ) ) ;
#1516 = FACE_OUTER_BOUND ( 'NONE', #428, .T. ) ;
#1517 = CARTESIAN_POINT ( 'NONE',  ( 30.65397320553872618, 24.04550753531971807, 12.57337832805598410 ) ) ;
#1518 = CARTESIAN_POINT ( 'NONE',  ( -37.50000000000000711, -22.00000000000000355, 9.112698372208134501 ) ) ;
#1519 = CARTESIAN_POINT ( 'NONE',  ( -24.43191315291969801, 25.00000000000000355, 13.58291653457129833 ) ) ;
#1520 = ORIENTED_EDGE ( 'NONE', *, *, #1467, .T. ) ;
#1521 = FACE_OUTER_BOUND ( 'NONE', #2568, .T. ) ;
#1522 = ORIENTED_EDGE ( 'NONE', *, *, #278, .F. ) ;
#1523 = EDGE_LOOP ( 'NONE', ( #736, #865, #3267 ) ) ;
#1524 = CARTESIAN_POINT ( 'NONE',  ( 23.71167745533302096, -16.09257051418031281, -25.00000000000000355 ) ) ;
#1525 = CARTESIAN_POINT ( 'NONE',  ( -37.50000000000000711, -9.112698372208086539, -25.00000000000000000 ) ) ;
#1526 = ORIENTED_EDGE ( 'NONE', *, *, #1819, .T. ) ;
#1527 = DIRECTION ( 'NONE',  ( -1.000000000000000000, 0.000000000000000000, 0.000000000000000000 ) ) ;
#1528 = CARTESIAN_POINT ( 'NONE',  ( 47.00000000000000000, -9.112698372208082986, -22.00000000000000355 ) ) ;
#1529 = CARTESIAN_POINT ( 'NONE',  ( 19.04419066270325445, 23.43092918492793686, 23.43092918492793331 ) ) ;
#1530 = DIRECTION ( 'NONE',  ( -1.000000000000000000, -5.551115123125783688E-16, 0.000000000000000000 ) ) ;
#1531 = PLANE ( 'NONE',  #283 ) ;
#1532 = CIRCLE ( 'NONE', #90, 2.999999999999999112 ) ;
#1533 = CIRCLE ( 'NONE', #2279, 3.000000000000000444 ) ;
#1534 = AXIS2_PLACEMENT_3D ( 'NONE', #3166, #2621, #2605 ) ;
#1535 = CARTESIAN_POINT ( 'NONE',  ( 50.00000000000000000, 25.00000000000000000, 22.00000000000000355 ) ) ;
#1536 = CARTESIAN_POINT ( 'NONE',  ( -19.04419066270324379, 23.43092918492794396, 23.43092918492793331 ) ) ;
#1537 = DIRECTION ( 'NONE',  ( 1.000000000000000000, 5.551115123125802424E-16, 0.000000000000000000 ) ) ;
#1538 = EDGE_LOOP ( 'NONE', ( #43, #3018, #2822, #3013 ) ) ;
#1539 = CIRCLE ( 'NONE', #3493, 2.999999999999999112 ) ;
#1540 = VECTOR ( 'NONE', #562, 1000.000000000000000 ) ;
#1541 = AXIS2_PLACEMENT_3D ( 'NONE', #1282, #146, #2130 ) ;
#1542 = EDGE_CURVE ( 'NONE', #2084, #494, #3562, .T. ) ;
#1543 = DIRECTION ( 'NONE',  ( 5.782411586589352708E-16, 1.000000000000000000, 0.000000000000000000 ) ) ;
#1544 = EDGE_LOOP ( 'NONE', ( #2604, #970, #117, #3089 ) ) ;
#1545 = ORIENTED_EDGE ( 'NONE', *, *, #297, .T. ) ;
#1546 = CARTESIAN_POINT ( 'NONE',  ( 20.81825009609189792, -19.22081494768383081, -25.00000000000000355 ) ) ;
#1547 = DIRECTION ( 'NONE',  ( -0.000000000000000000, -0.000000000000000000, 1.000000000000000000 ) ) ;
#1548 = ORIENTED_EDGE ( 'NONE', *, *, #633, .T. ) ;
#1549 = CYLINDRICAL_SURFACE ( 'NONE', #2454, 2.999999999999999112 ) ;
#1550 = CARTESIAN_POINT ( 'NONE',  ( 35.68388081362472519, -25.00000000000336087, 10.35533905932239129 ) ) ;
#1551 = CIRCLE ( 'NONE', #2874, 2.999999999999999112 ) ;
#1552 = LINE ( 'NONE', #145, #1324 ) ;
#1553 = FACE_OUTER_BOUND ( 'NONE', #1217, .T. ) ;
#1554 = CARTESIAN_POINT ( 'NONE',  ( -37.50000000000000711, 25.00000000000000000, 9.112698372208097197 ) ) ;
#1555 = EDGE_CURVE ( 'NONE', #1989, #408, #2824, .T. ) ;
#1556 = CARTESIAN_POINT ( 'NONE',  ( -24.32173693682514326, 16.75817008804622432, 23.80863253003488467 ) ) ;
#1557 = CYLINDRICAL_SURFACE ( 'NONE', #1425, 3.000000000000002665 ) ;
#1558 = EDGE_LOOP ( 'NONE', ( #1410, #2879, #2191, #2640 ) ) ;
#1559 = ADVANCED_FACE ( 'NONE', ( #1417 ), #889, .F. ) ;
#1560 = AXIS2_PLACEMENT_3D ( 'NONE', #2755, #2487, #1680 ) ;
#1561 = CYLINDRICAL_SURFACE ( 'NONE', #3544, 25.00000000000000355 ) ;
#1562 = ORIENTED_EDGE ( 'NONE', *, *, #3135, .F. ) ;
#1563 = VERTEX_POINT ( 'NONE', #647 ) ;
#1564 = CARTESIAN_POINT ( 'NONE',  ( 37.50000000000000711, 9.112698372208093645, 25.00000000000000000 ) ) ;
#1565 = CC_DESIGN_SECURITY_CLASSIFICATION ( #2344, ( #1774 ) ) ;
#1566 = EDGE_CURVE ( 'NONE', #920, #2517, #2518, .T. ) ;
#1567 = ORIENTED_EDGE ( 'NONE', *, *, #148, .F. ) ;
#1568 = DIRECTION ( 'NONE',  ( 0.000000000000000000, -0.7071067811865499042, -0.7071067811865451302 ) ) ;
#1569 = CARTESIAN_POINT ( 'NONE',  ( 19.49043530613942821, -21.01920179885535589, 25.00000000000000711 ) ) ;
#1570 = CARTESIAN_POINT ( 'NONE',  ( -18.32897391849433077, 24.99999999999999645, -22.96882332703172480 ) ) ;
#1571 = CARTESIAN_POINT ( 'NONE',  ( 37.50000000000000711, -42.67766952966371719, -7.322330470336185115 ) ) ;
#1572 = CARTESIAN_POINT ( 'NONE',  ( 50.00000000000000000, -10.99999999999998934, 25.00000000000000000 ) ) ;
#1573 = ADVANCED_FACE ( 'NONE', ( #2282 ), #2298, .F. ) ;
#1574 = CARTESIAN_POINT ( 'NONE',  ( -35.68388081362167696, -24.99999999999999645, -10.35533905933409748 ) ) ;
#1575 = CARTESIAN_POINT ( 'NONE',  ( 49.99999999999997868, 25.00000000000000000, -9.112698372208141606 ) ) ;
#1576 = CYLINDRICAL_SURFACE ( 'NONE', #2694, 2.999999999999999112 ) ;
#1577 = ORIENTED_EDGE ( 'NONE', *, *, #648, .T. ) ;
#1578 = EDGE_CURVE ( 'NONE', #989, #3070, #1019, .T. ) ;
#1579 = DIRECTION ( 'NONE',  ( -1.000000000000000000, -0.000000000000000000, 0.000000000000000000 ) ) ;
#1580 = VERTEX_POINT ( 'NONE', #1183 ) ;
#1581 = ORIENTED_EDGE ( 'NONE', *, *, #765, .F. ) ;
#1582 = CARTESIAN_POINT ( 'NONE',  ( 28.99823236640315827, -24.00028370308872638, -13.37233269735972918 ) ) ;
#1583 = EDGE_CURVE ( 'NONE', #3392, #920, #33, .T. ) ;
#1584 = AXIS2_PLACEMENT_3D ( 'NONE', #1121, #1456, #2004 ) ;
#1585 = ORIENTED_EDGE ( 'NONE', *, *, #609, .T. ) ;
#1586 = VERTEX_POINT ( 'NONE', #83 ) ;
#1587 = CARTESIAN_POINT ( 'NONE',  ( 16.82949354222763816, 22.00000000000000000, 22.00000000000000355 ) ) ;
#1588 = FACE_OUTER_BOUND ( 'NONE', #361, .T. ) ;
#1589 = CARTESIAN_POINT ( 'NONE',  ( -22.74034536924854777, -14.94953755801110518, 25.00000000000000000 ) ) ;
#1590 = DIRECTION ( 'NONE',  ( 1.000000000000000000, 0.000000000000000000, -5.551115123125783688E-16 ) ) ;
#1591 = FACE_OUTER_BOUND ( 'NONE', #1781, .T. ) ;
#1592 = DIRECTION ( 'NONE',  ( 1.156482317317870542E-15, 1.000000000000000000, 0.000000000000000000 ) ) ;
#1593 = FACE_OUTER_BOUND ( 'NONE', #1024, .T. ) ;
#1594 = DIRECTION ( 'NONE',  ( 0.5426870580354598017, 0.000000000000000000, -0.8399349719120031699 ) ) ;
#1595 = AXIS2_PLACEMENT_3D ( 'NONE', #304, #1168, #2569 ) ;
#1596 = AXIS2_PLACEMENT_3D ( 'NONE', #2263, #3071, #2769 ) ;
#1597 = DIRECTION ( 'NONE',  ( -0.000000000000000000, -0.7071067811865475727, 0.7071067811865474617 ) ) ;
#1598 = VERTEX_POINT ( 'NONE', #66 ) ;
#1599 = ORIENTED_EDGE ( 'NONE', *, *, #2132, .T. ) ;
#1600 = CARTESIAN_POINT ( 'NONE',  ( 37.50000000000000711, -25.00000000000000000, 9.112698372208134501 ) ) ;
#1601 = AXIS2_PLACEMENT_3D ( 'NONE', #1770, #2869, #618 ) ;
#1602 = EDGE_CURVE ( 'NONE', #676, #1580, #2685, .T. ) ;
#1603 = ORIENTED_EDGE ( 'NONE', *, *, #3228, .T. ) ;
#1604 = CARTESIAN_POINT ( 'NONE',  ( -28.57882009854766636, 12.57886458901484161, -25.00000000000000711 ) ) ;
#1605 = AXIS2_PLACEMENT_3D ( 'NONE', #1916, #801, #3329 ) ;
#1606 = DIRECTION ( 'NONE',  ( 1.000000000000000000, 0.000000000000000000, 0.000000000000000000 ) ) ;
#1607 = PLANE ( 'NONE',  #456 ) ;
#1608 = LINE ( 'NONE', #3254, #1472 ) ;
#1609 = EDGE_CURVE ( 'NONE', #696, #2732, #2027, .T. ) ;
#1610 = DIRECTION ( 'NONE',  ( 1.000000000000000000, 0.000000000000000000, 0.000000000000000000 ) ) ;
#1611 = CARTESIAN_POINT ( 'NONE',  ( -33.86260519532280000, 10.63726499476066323, 25.00000000000000355 ) ) ;
#1612 = CARTESIAN_POINT ( 'NONE',  ( 47.00000000000000000, 9.112698372208104303, 22.00000000000000000 ) ) ;
#1613 = EDGE_CURVE ( 'NONE', #2861, #2530, #1935, .T. ) ;
#1614 = FACE_OUTER_BOUND ( 'NONE', #3134, .T. ) ;
#1615 = DIRECTION ( 'NONE',  ( 0.000000000000000000, -0.7071067811865474617, -0.7071067811865475727 ) ) ;
#1616 = EDGE_LOOP ( 'NONE', ( #2441, #1934, #680, #921 ) ) ;
#1617 = AXIS2_PLACEMENT_3D ( 'NONE', #2830, #363, #1458 ) ;
#1618 = CARTESIAN_POINT ( 'NONE',  ( 49.99999999999999289, -9.112698372208006603, 22.00000000000000355 ) ) ;
#1619 = ORIENTED_EDGE ( 'NONE', *, *, #386, .T. ) ;
#1620 = CARTESIAN_POINT ( 'NONE',  ( -30.65397320553775984, 12.57337832805951550, -24.04550753531644247 ) ) ;
#1621 = EDGE_CURVE ( 'NONE', #3037, #1976, #663, .T. ) ;
#1622 = CARTESIAN_POINT ( 'NONE',  ( 9.999999999999996447, 11.00000000000000355, -25.00000000000000000 ) ) ;
#1623 = CARTESIAN_POINT ( 'NONE',  ( -16.82949354222763105, -22.00000000000000355, 25.00000000000000000 ) ) ;
#1624 = CARTESIAN_POINT ( 'NONE',  ( 49.99999999999997868, -25.00000000000000000, -9.112698372208079434 ) ) ;
#1625 = DIRECTION ( 'NONE',  ( -1.000000000000000000, 0.000000000000000000, -5.551115123125764953E-16 ) ) ;
#1626 = FACE_OUTER_BOUND ( 'NONE', #2464, .T. ) ;
#1627 =( BOUNDED_SURFACE ( )  B_SPLINE_SURFACE ( 3, 2, ( 
 ( #2123, #756, #3209 ),
 ( #1503, #2904, #961 ),
 ( #1000, #439, #711 ),
 ( #149, #3130, #2387 ),
 ( #2595, #3463, #944 ),
 ( #2578, #2035, #131 ),
 ( #1517, #111, #2114 ),
 ( #3188, #3425, #170 ),
 ( #381, #2349, #2611 ),
 ( #1775, #1826, #672 ) ),
 .UNSPECIFIED., .F., .F., .F. ) 
 B_SPLINE_SURFACE_WITH_KNOTS ( ( 4, 2, 2, 2, 4 ),
 ( 3, 3 ),
 ( 2.311146533218450649, 2.518758063311286044, 2.726369593404121883, 2.933981123496957721, 3.141592653589793116 ),
 ( 0.000000000000000000, 1.000000000000000000 ),
 .UNSPECIFIED. ) 
 GEOMETRIC_REPRESENTATION_ITEM ( )  RATIONAL_B_SPLINE_SURFACE ( (
 ( 1.000000000000000000, 0.8593533600841909426, 1.000000000000000000),
 ( 1.000000000000000000, 0.8698635397554630444, 1.000000000000000000),
 ( 1.000000000000000000, 0.8791803030590107371, 1.000000000000000000),
 ( 1.000000000000000000, 0.8952672519918835059, 1.000000000000000000),
 ( 1.000000000000000000, 0.9020367518871778012, 1.000000000000000000),
 ( 1.000000000000000000, 0.9129130246142788119, 1.000000000000000000),
 ( 1.000000000000000000, 0.9170198683931005679, 1.000000000000000000),
 ( 1.000000000000000000, 0.9225031065365365546, 1.000000000000000000),
 ( 1.000000000000000000, 0.9238795325112867385, 1.000000000000000000),
 ( 1.000000000000000000, 0.9238795325112867385, 1.000000000000000000) ) ) 
 REPRESENTATION_ITEM ( '' )  SURFACE ( )  );
#1628 = CARTESIAN_POINT ( 'NONE',  ( 16.82949354222763461, -22.00000000000000355, -25.00000000000000000 ) ) ;
#1629 = CARTESIAN_POINT ( 'NONE',  ( -33.62464464701641020, 25.00000000000000000, -9.398178028102018189 ) ) ;
#1630 = ADVANCED_FACE ( 'NONE', ( #2548 ), #1439, .T. ) ;
#1631 = CARTESIAN_POINT ( 'NONE',  ( -28.99823236640670032, -24.00028370309649617, 13.37233269734979402 ) ) ;
#1632 = ORIENTED_EDGE ( 'NONE', *, *, #3512, .F. ) ;
#1633 = CARTESIAN_POINT ( 'NONE',  ( 29.51779302434808372, -25.00000000000000711, 9.112698372208139830 ) ) ;
#1634 = ORIENTED_EDGE ( 'NONE', *, *, #1488, .F. ) ;
#1635 = EDGE_LOOP ( 'NONE', ( #3297, #842, #370 ) ) ;
#1636 = CARTESIAN_POINT ( 'NONE',  ( 37.50000000000000711, -24.12132034355962418, 11.23401871576777999 ) ) ;
#1637 = FACE_OUTER_BOUND ( 'NONE', #771, .T. ) ;
#1638 = VERTEX_POINT ( 'NONE', #2266 ) ;
#1639 = CARTESIAN_POINT ( 'NONE',  ( 47.00000000000000000, 42.67766952966369587, -7.322330470336304131 ) ) ;
#1640 = CARTESIAN_POINT ( 'NONE',  ( -37.50000000000000711, -42.67766952966373140, -7.322330470336174457 ) ) ;
#1641 = ADVANCED_FACE ( 'NONE', ( #3360 ), #2001, .T. ) ;
#1642 = UNCERTAINTY_MEASURE_WITH_UNIT (LENGTH_MEASURE( 1.000000000000000082E-05 ), #1896, 'distance_accuracy_value', 'NONE');
#1643 = CARTESIAN_POINT ( 'NONE',  ( -20.99999999999999645, 0.000000000000000000, 25.00000000000000000 ) ) ;
#1644 = EDGE_CURVE ( 'NONE', #642, #3523, #671, .T. ) ;
#1645 = CARTESIAN_POINT ( 'NONE',  ( -47.00000000000000000, 22.00000000000000355, 9.112698372208104303 ) ) ;
#1646 = CARTESIAN_POINT ( 'NONE',  ( -16.82949354222763461, -25.00000000000000000, -22.00000000000000355 ) ) ;
#1647 = CARTESIAN_POINT ( 'NONE',  ( -21.51127130665673803, -19.78398749108449906, -23.63735984684348068 ) ) ;
#1648 = ADVANCED_FACE ( 'NONE', ( #1136 ), #871, .F. ) ;
#1649 = LINE ( 'NONE', #3334, #917 ) ;
#1650 = CARTESIAN_POINT ( 'NONE',  ( 47.00000000000000000, 22.00000000000000355, 0.000000000000000000 ) ) ;
#1651 = ORIENTED_EDGE ( 'NONE', *, *, #81, .T. ) ;
#1652 = EDGE_CURVE ( 'NONE', #2397, #644, #1800, .T. ) ;
#1653 = CIRCLE ( 'NONE', #2559, 2.999999999999998668 ) ;
#1654 = CARTESIAN_POINT ( 'NONE',  ( 47.00000000000000000, 25.00000000000000000, 9.112698372208106079 ) ) ;
#1655 = VERTEX_POINT ( 'NONE', #143 ) ;
#1656 = ORIENTED_EDGE ( 'NONE', *, *, #2006, .T. ) ;
#1657 = CARTESIAN_POINT ( 'NONE',  ( -33.86260519532518742, 10.63726499475346721, -24.99999999999658584 ) ) ;
#1658 = AXIS2_PLACEMENT_3D ( 'NONE', #2077, #2634, #767 ) ;
#1659 = AXIS2_PLACEMENT_3D ( 'NONE', #1423, #2521, #911 ) ;
#1660 = ORIENTED_EDGE ( 'NONE', *, *, #3229, .T. ) ;
#1661 = DIRECTION ( 'NONE',  ( 0.000000000000000000, 2.891205793294679411E-15, 1.000000000000000000 ) ) ;
#1662 = CARTESIAN_POINT ( 'NONE',  ( -47.00000000000000000, 22.00000000000000711, -9.112698372208141606 ) ) ;
#1663 = CARTESIAN_POINT ( 'NONE',  ( -47.00000000000000000, 22.00000000000000355, 9.112698372208104303 ) ) ;
#1664 = CYLINDRICAL_SURFACE ( 'NONE', #3205, 2.999999999999999112 ) ;
#1665 = DIRECTION ( 'NONE',  ( -0.000000000000000000, 1.000000000000000000, 0.000000000000000000 ) ) ;
#1666 = DIRECTION ( 'NONE',  ( 0.000000000000000000, 0.000000000000000000, -1.000000000000000000 ) ) ;
#1667 = EDGE_CURVE ( 'NONE', #264, #2176, #418, .T. ) ;
#1668 = CARTESIAN_POINT ( 'NONE',  ( -16.82949354222762395, 22.00000000000000355, -25.00000000000000000 ) ) ;
#1669 = CARTESIAN_POINT ( 'NONE',  ( -20.81825009609126909, -24.99999999999607780, 19.22081494768455912 ) ) ;
#1670 = AXIS2_PLACEMENT_3D ( 'NONE', #2870, #3129, #1738 ) ;
#1671 = ORIENTED_EDGE ( 'NONE', *, *, #1555, .T. ) ;
#1672 = DIRECTION ( 'NONE',  ( 1.000000000000000000, 0.000000000000000000, 0.000000000000000000 ) ) ;
#1673 = EDGE_CURVE ( 'NONE', #717, #3433, #1030, .T. ) ;
#1674 = VERTEX_POINT ( 'NONE', #1785 ) ;
#1675 = ORIENTED_EDGE ( 'NONE', *, *, #2342, .T. ) ;
#1676 = AXIS2_PLACEMENT_3D ( 'NONE', #634, #2534, #3326 ) ;
#1677 = ORIENTED_EDGE ( 'NONE', *, *, #3335, .F. ) ;
#1678 = CARTESIAN_POINT ( 'NONE',  ( -50.00000000000000000, -22.00000000000000355, 9.112698372208152264 ) ) ;
#1679 = CARTESIAN_POINT ( 'NONE',  ( 9.999999999999998224, -10.99999999999999645, -25.00000000000000000 ) ) ;
#1680 = DIRECTION ( 'NONE',  ( 0.000000000000000000, -1.000000000000000000, 0.000000000000000000 ) ) ;
#1681 = DIRECTION ( 'NONE',  ( 0.000000000000000000, -0.7071067811865475727, 0.7071067811865474617 ) ) ;
#1682 = CARTESIAN_POINT ( 'NONE',  ( -16.82949354222763816, 22.00000000000000000, 22.00000000000000355 ) ) ;
#1683 = CARTESIAN_POINT ( 'NONE',  ( -18.32897391849433788, -22.96882332703170349, -25.00000000000001421 ) ) ;
#1684 = CARTESIAN_POINT ( 'NONE',  ( -37.49999999999997158, 25.00000000000000000, -10.35533905932743437 ) ) ;
#1685 = AXIS2_PLACEMENT_3D ( 'NONE', #537, #521, #2758 ) ;
#1686 = CARTESIAN_POINT ( 'NONE',  ( 47.00000000000000000, -25.00000000000000000, -25.00000000000000000 ) ) ;
#1687 = CARTESIAN_POINT ( 'NONE',  ( -19.59262386345568885, -25.00000000000000355, 18.14662764423326635 ) ) ;
#1688 = VERTEX_POINT ( 'NONE', #3475 ) ;
#1689 = FACE_OUTER_BOUND ( 'NONE', #411, .T. ) ;
#1690 = CIRCLE ( 'NONE', #3161, 2.999999999999999112 ) ;
#1691 = EDGE_LOOP ( 'NONE', ( #1115, #333, #2547, #2717 ) ) ;
#1692 = ORIENTED_EDGE ( 'NONE', *, *, #945, .T. ) ;
#1693 = DIRECTION ( 'NONE',  ( 0.000000000000000000, 1.000000000000000000, 0.000000000000000000 ) ) ;
#1694 = EDGE_CURVE ( 'NONE', #1096, #2891, #2337, .T. ) ;
#1695 = CARTESIAN_POINT ( 'NONE',  ( 37.50000000000000711, 9.112698372208051012, -22.00000000000000355 ) ) ;
#1696 = ORIENTED_EDGE ( 'NONE', *, *, #1075, .T. ) ;
#1697 = CARTESIAN_POINT ( 'NONE',  ( -23.85166358376838502, 15.54380077911610236, 23.87737041544558991 ) ) ;
#1698 = CARTESIAN_POINT ( 'NONE',  ( -23.85166358376838502, 23.87737041544557215, -15.54380077911613611 ) ) ;
#1699 = DATE_TIME_ROLE ( 'creation_date' ) ;
#1700 = CARTESIAN_POINT ( 'NONE',  ( -37.50000000000000711, 24.12132034355964905, -11.23401871576777644 ) ) ;
#1701 = CARTESIAN_POINT ( 'NONE',  ( -33.62464464701998423, -9.398178028108498339, -25.00000000000000355 ) ) ;
#1702 = CARTESIAN_POINT ( 'NONE',  ( 35.56226491857050576, 9.112698372208051012, -25.00000000000000355 ) ) ;
#1703 = CARTESIAN_POINT ( 'NONE',  ( -28.57882009854404615, -24.99999999999640465, 12.57886458900592785 ) ) ;
#1704 = EDGE_LOOP ( 'NONE', ( #1692, #3158, #2465, #1874 ) ) ;
#1705 = VERTEX_POINT ( 'NONE', #432 ) ;
#1706 = EDGE_LOOP ( 'NONE', ( #62, #1671, #2934 ) ) ;
#1707 = FACE_OUTER_BOUND ( 'NONE', #1348, .T. ) ;
#1708 = DIRECTION ( 'NONE',  ( 1.000000000000000000, 1.734723475976807094E-16, 0.000000000000000000 ) ) ;
#1709 = AXIS2_PLACEMENT_3D ( 'NONE', #331, #2524, #3012 ) ;
#1710 = ORIENTED_EDGE ( 'NONE', *, *, #2498, .T. ) ;
#1711 = CARTESIAN_POINT ( 'NONE',  ( 16.82949354222763461, -22.00000000000000355, -22.00000000000000355 ) ) ;
#1712 = CIRCLE ( 'NONE', #3545, 2.999999999999999112 ) ;
#1713 = PRODUCT ( 'CSWA_10_1', 'CSWA_10_1', '', ( #2844 ) ) ;
#1714 = TOROIDAL_SURFACE ( 'NONE', #2347, 11.00000000000000000, 3.000000000000000000 ) ;
#1715 = LINE ( 'NONE', #3307, #2479 ) ;
#1716 = APPLICATION_PROTOCOL_DEFINITION ( 'international standard', 'config_control_design', 1994, #2644 ) ;
#1717 = CARTESIAN_POINT ( 'NONE',  ( 16.82949354222763461, -22.00000000000000355, -22.00000000000000355 ) ) ;
#1718 = CARTESIAN_POINT ( 'NONE',  ( -29.51779302434806951, 9.112698372208049236, -25.00000000000000711 ) ) ;
#1719 = CARTESIAN_POINT ( 'NONE',  ( -10.00000000000000000, -11.00000000000000000, -25.00000000000000000 ) ) ;
#1720 = CIRCLE ( 'NONE', #974, 2.999999999999999556 ) ;
#1721 = EDGE_CURVE ( 'NONE', #2894, #2380, #2047, .T. ) ;
#1722 = CARTESIAN_POINT ( 'NONE',  ( 37.50000000000000711, -25.00000000000000000, -9.112698372208095421 ) ) ;
#1723 = LINE ( 'NONE', #2556, #2799 ) ;
#1724 = EDGE_LOOP ( 'NONE', ( #2495, #2041, #2291, #2172 ) ) ;
#1725 = CARTESIAN_POINT ( 'NONE',  ( 34.03986129198425203, -24.10602679056644249, -11.50420481866841982 ) ) ;
#1726 =( BOUNDED_CURVE ( )  B_SPLINE_CURVE ( 3, ( #109, #1189, #3386, #637 ),
 .UNSPECIFIED., .F., .F. ) 
 B_SPLINE_CURVE_WITH_KNOTS ( ( 4, 4 ),
 ( 2.311146533218451093, 3.141592653589793116 ),
 .UNSPECIFIED. ) 
 CURVE ( )  GEOMETRIC_REPRESENTATION_ITEM ( )  RATIONAL_B_SPLINE_CURVE ( ( 1.000000000000000000, 0.9433509080723010420, 0.9433509080723010420, 1.000000000000000000 ) ) 
 REPRESENTATION_ITEM ( '' )  );
#1727 = ORIENTED_EDGE ( 'NONE', *, *, #54, .T. ) ;
#1728 = ORIENTED_EDGE ( 'NONE', *, *, #1566, .F. ) ;
#1729 = CARTESIAN_POINT ( 'NONE',  ( 37.50000000000000711, 11.23401871576774980, 24.12132034355963484 ) ) ;
#1730 = CARTESIAN_POINT ( 'NONE',  ( 23.71167745533537285, 16.09257051418101980, 24.99999999999614531 ) ) ;
#1731 = AXIS2_PLACEMENT_3D ( 'NONE', #1380, #805, #1328 ) ;
#1732 = ORIENTED_EDGE ( 'NONE', *, *, #1430, .F. ) ;
#1733 = CARTESIAN_POINT ( 'NONE',  ( -50.00000000000000000, -42.67766952966373140, -7.322330470336170904 ) ) ;
#1734 = DIRECTION ( 'NONE',  ( 2.312964634635743450E-15, 1.000000000000000000, 0.000000000000000000 ) ) ;
#1735 = DATE_AND_TIME ( #891, #1277 ) ;
#1736 = DIRECTION ( 'NONE',  ( 0.000000000000000000, 0.000000000000000000, 1.000000000000000000 ) ) ;
#1737 = DIRECTION ( 'NONE',  ( -0.4006291549168348176, 0.8789161044352993279, 0.2588489165418714766 ) ) ;
#1738 = DIRECTION ( 'NONE',  ( 0.000000000000000000, 0.000000000000000000, -1.000000000000000000 ) ) ;
#1739 = EDGE_CURVE ( 'NONE', #42, #2894, #1996, .T. ) ;
#1740 = ADVANCED_FACE ( 'NONE', ( #1764 ), #1222, .F. ) ;
#1741 = CARTESIAN_POINT ( 'NONE',  ( 50.00000000000002132, 9.112698372208051012, 22.00000000000000355 ) ) ;
#1742 = EDGE_CURVE ( 'NONE', #2530, #371, #614, .T. ) ;
#1743 = CARTESIAN_POINT ( 'NONE',  ( -35.56226491857057681, 25.00000000000000355, 9.112698372208093645 ) ) ;
#1744 = ORIENTED_EDGE ( 'NONE', *, *, #1251, .T. ) ;
#1745 = EDGE_LOOP ( 'NONE', ( #741, #429, #2659 ) ) ;
#1746 = EDGE_LOOP ( 'NONE', ( #2963, #1794, #937, #2676 ) ) ;
#1747 = CARTESIAN_POINT ( 'NONE',  ( -16.82949354222763461, -25.00000000000000000, -22.00000000000000355 ) ) ;
#1748 = ORIENTED_EDGE ( 'NONE', *, *, #3399, .F. ) ;
#1749 = DIRECTION ( 'NONE',  ( -0.4006291549168349841, 0.8789161044352993279, 0.2588489165418707549 ) ) ;
#1750 = CARTESIAN_POINT ( 'NONE',  ( 30.65397320553923066, -24.04550753531792395, 12.57337832805767697 ) ) ;
#1751 = CARTESIAN_POINT ( 'NONE',  ( -47.00000000000000000, -10.35533905932733312, 25.00000000000000000 ) ) ;
#1752 = FACE_OUTER_BOUND ( 'NONE', #2893, .T. ) ;
#1753 = VECTOR ( 'NONE', #2925, 1000.000000000000000 ) ;
#1754 = EDGE_CURVE ( 'NONE', #264, #1655, #2933, .T. ) ;
#1755 = CARTESIAN_POINT ( 'NONE',  ( 16.82949354222763816, 22.00000000000000355, -22.00000000000000355 ) ) ;
#1756 = CARTESIAN_POINT ( 'NONE',  ( -10.00000000000000000, 0.000000000000000000, 22.00000000000000000 ) ) ;
#1757 = CARTESIAN_POINT ( 'NONE',  ( -30.37302948602507513, 11.23401871576768229, -24.12132034355965615 ) ) ;
#1758 = ORIENTED_EDGE ( 'NONE', *, *, #282, .F. ) ;
#1759 = ORIENTED_EDGE ( 'NONE', *, *, #2137, .T. ) ;
#1760 = ORIENTED_EDGE ( 'NONE', *, *, #1542, .T. ) ;
#1761 = CARTESIAN_POINT ( 'NONE',  ( 33.86260519532875435, 10.63726499475966847, 25.00000000000000000 ) ) ;
#1762 = ADVANCED_FACE ( 'NONE', ( #1279 ), #2664, .F. ) ;
#1763 = ORIENTED_EDGE ( 'NONE', *, *, #3314, .F. ) ;
#1764 = FACE_OUTER_BOUND ( 'NONE', #2697, .T. ) ;
#1765 = AXIS2_PLACEMENT_3D ( 'NONE', #1912, #534, #545 ) ;
#1766 = CIRCLE ( 'NONE', #1414, 3.000000000000000888 ) ;
#1767 = CARTESIAN_POINT ( 'NONE',  ( 28.99823236640644808, -24.00028370309024339, 13.37233269735621199 ) ) ;
#1768 = PERSON_AND_ORGANIZATION ( #796, #390 ) ;
#1769 = CARTESIAN_POINT ( 'NONE',  ( -10.00000000000000000, 0.000000000000000000, 25.00000000000000000 ) ) ;
#1770 = CARTESIAN_POINT ( 'NONE',  ( -47.00000000000000000, -22.00000000000000355, -9.112698372208113184 ) ) ;
#1771 = LINE ( 'NONE', #2594, #404 ) ;
#1772 = VECTOR ( 'NONE', #1579, 1000.000000000000000 ) ;
#1773 = VECTOR ( 'NONE', #3040, 1000.000000000000000 ) ;
#1774 = PRODUCT_DEFINITION_FORMATION_WITH_SPECIFIED_SOURCE ( 'ANY', '', #1713, .NOT_KNOWN. ) ;
#1775 = CARTESIAN_POINT ( 'NONE',  ( 37.49999999999997868, 24.12132034355964905, 11.23401871576773559 ) ) ;
#1776 = LINE ( 'NONE', #2539, #2171 ) ;
#1777 = CARTESIAN_POINT ( 'NONE',  ( -28.57882009854765926, 25.00000000000000355, 12.57886458902028615 ) ) ;
#1778 = VERTEX_POINT ( 'NONE', #1838 ) ;
#1779 = CARTESIAN_POINT ( 'NONE',  ( 24.43191315291968380, 25.00000000000000000, -13.58291653457858850 ) ) ;
#1780 = VERTEX_POINT ( 'NONE', #1260 ) ;
#1781 = EDGE_LOOP ( 'NONE', ( #954, #1007, #2840 ) ) ;
#1782 = CARTESIAN_POINT ( 'NONE',  ( 25.83206531511181936, 15.46476090514798507, 23.88184437057669030 ) ) ;
#1783 = LINE ( 'NONE', #2932, #1473 ) ;
#1784 = ORIENTED_EDGE ( 'NONE', *, *, #945, .F. ) ;
#1785 = CARTESIAN_POINT ( 'NONE',  ( 19.04419066270324734, -23.43092918492792975, 23.43092918492794041 ) ) ;
#1786 = AXIS2_PLACEMENT_3D ( 'NONE', #3279, #1666, #3047 ) ;
#1787 = CARTESIAN_POINT ( 'NONE',  ( 29.83244999020650212, -25.00000000000000355, 10.52787079273802817 ) ) ;
#1788 = CYLINDRICAL_SURFACE ( 'NONE', #2525, 2.999999999999999112 ) ;
#1789 = DIRECTION ( 'NONE',  ( 1.000000000000000000, -0.000000000000000000, -0.000000000000000000 ) ) ;
#1790 = CARTESIAN_POINT ( 'NONE',  ( 50.00000000000000000, 22.00000000000000355, -22.00000000000000000 ) ) ;
#1791 = CIRCLE ( 'NONE', #2529, 10.99999999999999822 ) ;
#1792 = DIRECTION ( 'NONE',  ( -1.000000000000000000, 5.551115123125783688E-16, 0.000000000000000000 ) ) ;
#1793 = DIRECTION ( 'NONE',  ( 1.156482317317871725E-15, 0.000000000000000000, 1.000000000000000000 ) ) ;
#1794 = ORIENTED_EDGE ( 'NONE', *, *, #3035, .F. ) ;
#1795 = ORIENTED_EDGE ( 'NONE', *, *, #96, .T. ) ;
#1796 = ORIENTED_EDGE ( 'NONE', *, *, #1932, .F. ) ;
#1797 = DIRECTION ( 'NONE',  ( 2.312964634635743450E-15, -1.000000000000000000, 0.000000000000000000 ) ) ;
#1798 = ADVANCED_FACE ( 'NONE', ( #995 ), #2088, .T. ) ;
#1799 = ORIENTED_EDGE ( 'NONE', *, *, #1754, .T. ) ;
#1800 = LINE ( 'NONE', #722, #3086 ) ;
#1801 = ADVANCED_FACE ( 'NONE', ( #476 ), #1549, .T. ) ;
#1802 = CARTESIAN_POINT ( 'NONE',  ( -37.50000000000000711, 24.12132034355964905, 11.23401871576773203 ) ) ;
#1803 = FACE_OUTER_BOUND ( 'NONE', #2663, .T. ) ;
#1804 = CARTESIAN_POINT ( 'NONE',  ( -19.04419066270325089, -23.43092918492793331, 23.43092918492794041 ) ) ;
#1805 = CARTESIAN_POINT ( 'NONE',  ( 10.00000000000000000, 3.673940397442059178E-15, 25.00000000000000000 ) ) ;
#1806 = ADVANCED_FACE ( 'NONE', ( #686 ), #1295, .T. ) ;
#1807 = CARTESIAN_POINT ( 'NONE',  ( 37.50000000000000711, -10.35533905932737042, -60.35533905932738463 ) ) ;
#1808 = CARTESIAN_POINT ( 'NONE',  ( -23.71167745532625304, 16.09257051417772644, 25.00000000000000000 ) ) ;
#1809 = LINE ( 'NONE', #2692, #2057 ) ;
#1810 = VERTEX_POINT ( 'NONE', #3490 ) ;
#1811 = CARTESIAN_POINT ( 'NONE',  ( -16.82949354222763105, -22.00000000000000355, -25.00000000000000000 ) ) ;
#1812 = ORIENTED_EDGE ( 'NONE', *, *, #81, .F. ) ;
#1813 = ORIENTED_EDGE ( 'NONE', *, *, #698, .T. ) ;
#1814 = CARTESIAN_POINT ( 'NONE',  ( 30.65397320553923066, -12.57337832805761302, -24.04550753531793461 ) ) ;
#1815 = CARTESIAN_POINT ( 'NONE',  ( 19.04419066270324734, -23.43092918492793331, -23.43092918492793686 ) ) ;
#1816 =( BOUNDED_CURVE ( )  B_SPLINE_CURVE ( 3, ( #3003, #2988, #246, #1636 ),
 .UNSPECIFIED., .F., .T. ) 
 B_SPLINE_CURVE_WITH_KNOTS ( ( 4, 4 ),
 ( 2.311146533218450649, 3.141592653589793116 ),
 .UNSPECIFIED. ) 
 CURVE ( )  GEOMETRIC_REPRESENTATION_ITEM ( )  RATIONAL_B_SPLINE_CURVE ( ( 1.000000000000000000, 0.9433509080723008200, 0.9433509080723008200, 1.000000000000000000 ) ) 
 REPRESENTATION_ITEM ( '' )  );
#1817 = VERTEX_POINT ( 'NONE', #3219 ) ;
#1818 = DIRECTION ( 'NONE',  ( -1.000000000000000000, 0.000000000000000000, 0.000000000000000000 ) ) ;
#1819 = EDGE_CURVE ( 'NONE', #989, #1152, #1766, .T. ) ;
#1820 = FACE_OUTER_BOUND ( 'NONE', #2948, .T. ) ;
#1821 = CARTESIAN_POINT ( 'NONE',  ( -18.13664457374092009, 25.00000000000000000, -19.97687848144925837 ) ) ;
#1822 = DIRECTION ( 'NONE',  ( -0.000000000000000000, -0.000000000000000000, -1.000000000000000000 ) ) ;
#1823 = FACE_OUTER_BOUND ( 'NONE', #1558, .T. ) ;
#1824 = CIRCLE ( 'NONE', #1020, 2.999999999999999112 ) ;
#1825 = VECTOR ( 'NONE', #3322, 1000.000000000000000 ) ;
#1826 = CARTESIAN_POINT ( 'NONE',  ( 37.49999999999997868, 25.00000000000001066, 10.35533905932737753 ) ) ;
#1827 = CARTESIAN_POINT ( 'NONE',  ( -47.00000000000000000, -22.00000000000000355, -9.112698372208111408 ) ) ;
#1828 = EDGE_LOOP ( 'NONE', ( #1077, #1526, #1957 ) ) ;
#1829 = VECTOR ( 'NONE', #2272, 1000.000000000000114 ) ;
#1830 = AXIS2_PLACEMENT_3D ( 'NONE', #1645, #1404, #3309 ) ;
#1831 = CIRCLE ( 'NONE', #273, 2.999999999999999112 ) ;
#1832 = CARTESIAN_POINT ( 'NONE',  ( -18.00000000000000355, 0.000000000000000000, 22.00000000000000000 ) ) ;
#1833 = ORIENTED_EDGE ( 'NONE', *, *, #1233, .T. ) ;
#1834 = DIRECTION ( 'NONE',  ( 1.000000000000000000, -0.000000000000000000, 0.000000000000000000 ) ) ;
#1835 = DIRECTION ( 'NONE',  ( -1.000000000000000000, -5.551115123125783688E-16, 0.000000000000000000 ) ) ;
#1836 = DIRECTION ( 'NONE',  ( -1.000000000000000000, -0.000000000000000000, 0.000000000000000000 ) ) ;
#1837 = ORIENTED_EDGE ( 'NONE', *, *, #1851, .T. ) ;
#1838 = CARTESIAN_POINT ( 'NONE',  ( -37.50000000000000711, 25.00000000000000000, -9.112698372208134501 ) ) ;
#1839 = ADVANCED_FACE ( 'NONE', ( #2045 ), #2192, .T. ) ;
#1840 =( BOUNDED_CURVE ( )  B_SPLINE_CURVE ( 3, ( #1600, #1633, #1073, #277 ),
 .UNSPECIFIED., .F., .T. ) 
 B_SPLINE_CURVE_WITH_KNOTS ( ( 4, 4 ),
 ( 3.141592653589793116, 3.972038773961135583 ),
 .UNSPECIFIED. ) 
 CURVE ( )  GEOMETRIC_REPRESENTATION_ITEM ( )  RATIONAL_B_SPLINE_CURVE ( ( 1.000000000000000000, 0.9433509080723008200, 0.9433509080723008200, 1.000000000000000000 ) ) 
 REPRESENTATION_ITEM ( '' )  );
#1841 = CARTESIAN_POINT ( 'NONE',  ( 22.74034536924425254, -14.94953755800743878, 25.00000000000000000 ) ) ;
#1842 = AXIS2_PLACEMENT_3D ( 'NONE', #2831, #327, #3350 ) ;
#1843 = PLANE ( 'NONE',  #233 ) ;
#1844 = CARTESIAN_POINT ( 'NONE',  ( -30.65397320554137295, -12.57337832805511013, 24.04550753531977847 ) ) ;
#1845 = CARTESIAN_POINT ( 'NONE',  ( 9.999999999999996447, 8.000000000000003553, -25.00000000000000000 ) ) ;
#1846 = DIRECTION ( 'NONE',  ( -0.5426870580354578033, 0.8399349719120045021, -6.276079864552645894E-16 ) ) ;
#1847 = CARTESIAN_POINT ( 'NONE',  ( -18.13664457373825201, 19.97687848145338307, 25.00000000000000000 ) ) ;
#1848 = CARTESIAN_POINT ( 'NONE',  ( -47.00000000000000000, 10.35533905932738996, 25.00000000000000000 ) ) ;
#1849 = ORIENTED_EDGE ( 'NONE', *, *, #2855, .F. ) ;
#1850 = EDGE_CURVE ( 'NONE', #989, #3301, #3287, .T. ) ;
#1851 = EDGE_CURVE ( 'NONE', #1061, #1903, #2941, .T. ) ;
#1852 = CIRCLE ( 'NONE', #639, 3.000000000000000444 ) ;
#1853 = DIRECTION ( 'NONE',  ( 0.000000000000000000, 0.000000000000000000, -1.000000000000000000 ) ) ;
#1854 = ORIENTED_EDGE ( 'NONE', *, *, #2554, .T. ) ;
#1855 = ORIENTED_EDGE ( 'NONE', *, *, #3342, .F. ) ;
#1856 = LINE ( 'NONE', #451, #3083 ) ;
#1857 = CIRCLE ( 'NONE', #2770, 2.999999999999999112 ) ;
#1858 = VERTEX_POINT ( 'NONE', #3268 ) ;
#1859 = DIRECTION ( 'NONE',  ( 0.000000000000000000, 0.000000000000000000, -1.000000000000000000 ) ) ;
#1860 = CARTESIAN_POINT ( 'NONE',  ( 20.81825009609815780, -19.22081494769106769, 25.00000000000000355 ) ) ;
#1861 = CARTESIAN_POINT ( 'NONE',  ( -37.50000000000000711, -11.23401871576769295, 24.12132034355965260 ) ) ;
#1862 = DIRECTION ( 'NONE',  ( -1.000000000000000000, -1.734723475976807341E-16, 0.000000000000000000 ) ) ;
#1863 = DIRECTION ( 'NONE',  ( -0.5426870580354588025, 0.000000000000000000, -0.8399349719120037250 ) ) ;
#1864 = FACE_OUTER_BOUND ( 'NONE', #3139, .T. ) ;
#1865 = CARTESIAN_POINT ( 'NONE',  ( 47.00000000000000000, -22.00000000000000355, 9.112698372208125619 ) ) ;
#1866 = EDGE_CURVE ( 'NONE', #2397, #1061, #1533, .T. ) ;
#1867 = EDGE_CURVE ( 'NONE', #2310, #227, #132, .T. ) ;
#1868 = CARTESIAN_POINT ( 'NONE',  ( 37.50000000000000711, -22.00000000000000355, -9.112698372208095421 ) ) ;
#1869 = VERTEX_POINT ( 'NONE', #1922 ) ;
#1870 = CARTESIAN_POINT ( 'NONE',  ( 37.50000000000000711, 24.12132034355964194, 11.23401871576773914 ) ) ;
#1871 = LINE ( 'NONE', #3535, #638 ) ;
#1872 = AXIS2_PLACEMENT_3D ( 'NONE', #1807, #2871, #405 ) ;
#1873 = ADVANCED_FACE ( 'NONE', ( #2466 ), #3189, .T. ) ;
#1874 = ORIENTED_EDGE ( 'NONE', *, *, #3103, .F. ) ;
#1875 = CARTESIAN_POINT ( 'NONE',  ( -19.59262386345570306, 18.14662764423320951, -25.00000000000000355 ) ) ;
#1876 = EDGE_CURVE ( 'NONE', #1674, #1378, #1816, .T. ) ;
#1877 = CARTESIAN_POINT ( 'NONE',  ( 24.32173693682644711, -16.75817008804359531, 23.80863253003617075 ) ) ;
#1878 = CARTESIAN_POINT ( 'NONE',  ( -50.00000000000000000, 8.234018715767701835, -22.87867965644035451 ) ) ;
#1879 = CARTESIAN_POINT ( 'NONE',  ( -16.82949354222763461, -25.00000000000000000, 22.00000000000000355 ) ) ;
#1880 = CARTESIAN_POINT ( 'NONE',  ( 16.82949354222763816, -22.00000000000000355, -22.00000000000000355 ) ) ;
#1881 = DIRECTION ( 'NONE',  ( 0.000000000000000000, -0.000000000000000000, 1.000000000000000000 ) ) ;
#1882 = LINE ( 'NONE', #441, #2980 ) ;
#1883 = VECTOR ( 'NONE', #2648, 1000.000000000000114 ) ;
#1884 = AXIS2_PLACEMENT_3D ( 'NONE', #2065, #1818, #162 ) ;
#1885 = ADVANCED_FACE ( 'NONE', ( #790 ), #2445, .T. ) ;
#1886 = CARTESIAN_POINT ( 'NONE',  ( 37.50000000000000711, 60.35533905932738463, 10.35533905932738463 ) ) ;
#1887 = VERTEX_POINT ( 'NONE', #3109 ) ;
#1888 = LOCAL_TIME ( 20, 11, 33.00000000000000000, #2286 ) ;
#1889 = CARTESIAN_POINT ( 'NONE',  ( 47.00000000000000000, 9.112698372208100750, 22.00000000000000355 ) ) ;
#1890 = VECTOR ( 'NONE', #1483, 1000.000000000000000 ) ;
#1891 = VERTEX_POINT ( 'NONE', #1180 ) ;
#1892 = AXIS2_PLACEMENT_3D ( 'NONE', #464, #2135, #2926 ) ;
#1893 = CARTESIAN_POINT ( 'NONE',  ( -10.00000000000000000, 11.00000000000000000, -25.00000000000000000 ) ) ;
#1894 = LINE ( 'NONE', #1640, #844 ) ;
#1895 = LINE ( 'NONE', #1300, #948 ) ;
#1896 =( LENGTH_UNIT ( ) NAMED_UNIT ( * ) SI_UNIT ( .MILLI., .METRE. ) );
#1897 = DIRECTION ( 'NONE',  ( -0.000000000000000000, -0.000000000000000000, 1.000000000000000000 ) ) ;
#1898 = CARTESIAN_POINT ( 'NONE',  ( 22.21386321382059492, -13.66643036367051423, -25.00000000000000711 ) ) ;
#1899 = ADVANCED_FACE ( 'NONE', ( #3056 ), #575, .T. ) ;
#1900 = AXIS2_PLACEMENT_3D ( 'NONE', #2367, #168, #710 ) ;
#1901 = CIRCLE ( 'NONE', #179, 3.000000000000000000 ) ;
#1902 = DIRECTION ( 'NONE',  ( -2.312964634635742661E-15, 1.000000000000000000, 0.000000000000000000 ) ) ;
#1903 = VERTEX_POINT ( 'NONE', #1729 ) ;
#1904 = CIRCLE ( 'NONE', #2821, 3.000000000000001776 ) ;
#1905 = DIRECTION ( 'NONE',  ( -4.047688110612546994E-15, 0.000000000000000000, -1.000000000000000000 ) ) ;
#1906 = AXIS2_PLACEMENT_3D ( 'NONE', #737, #1834, #193 ) ;
#1907 = EDGE_LOOP ( 'NONE', ( #2581, #846, #2023, #1938, #2389 ) ) ;
#1908 = EDGE_LOOP ( 'NONE', ( #2058, #1343, #1149, #3236, #3032 ) ) ;
#1909 = CARTESIAN_POINT ( 'NONE',  ( -23.71167745533281845, 16.09257051418052242, -24.99999999999614886 ) ) ;
#1910 = CARTESIAN_POINT ( 'NONE',  ( -37.50000000000000711, -24.12132034355962773, -11.23401871576775513 ) ) ;
#1911 = EDGE_LOOP ( 'NONE', ( #2079, #1837, #1194 ) ) ;
#1912 = CARTESIAN_POINT ( 'NONE',  ( -20.99999999999999645, 0.000000000000000000, 22.00000000000000000 ) ) ;
#1913 = CARTESIAN_POINT ( 'NONE',  ( -18.32897391849432367, -24.99999999999999645, -22.96882332703173191 ) ) ;
#1914 = CARTESIAN_POINT ( 'NONE',  ( -35.76987939158485830, 11.23401871576689715, 24.12132034356048749 ) ) ;
#1915 = DIRECTION ( 'NONE',  ( 0.000000000000000000, 2.312964634635743450E-15, -1.000000000000000000 ) ) ;
#1916 = CARTESIAN_POINT ( 'NONE',  ( 50.00000000000000000, 42.67766952966369587, -7.322330470336303243 ) ) ;
#1917 = CARTESIAN_POINT ( 'NONE',  ( -34.03986129198442256, -24.10602679056401954, 11.50420481867086586 ) ) ;
#1918 = VERTEX_POINT ( 'NONE', #2785 ) ;
#1919 = DIRECTION ( 'NONE',  ( 1.000000000000000000, 5.551115123125802424E-16, 0.000000000000000000 ) ) ;
#1920 = ORIENTED_EDGE ( 'NONE', *, *, #1566, .T. ) ;
#1921 = ORIENTED_EDGE ( 'NONE', *, *, #567, .F. ) ;
#1922 = CARTESIAN_POINT ( 'NONE',  ( 37.50000000000000711, -11.23401871576767341, 24.12132034355964549 ) ) ;
#1923 = ORIENTED_EDGE ( 'NONE', *, *, #2967, .T. ) ;
#1924 = DIRECTION ( 'NONE',  ( -1.000000000000000000, -1.734723475976807094E-16, -0.000000000000000000 ) ) ;
#1925 = CARTESIAN_POINT ( 'NONE',  ( -19.04419066270325089, 23.43092918492792975, -23.43092918492794041 ) ) ;
#1926 =( BOUNDED_CURVE ( )  B_SPLINE_CURVE ( 3, ( #67, #1964, #1698, #1925 ),
 .UNSPECIFIED., .F., .F. ) 
 B_SPLINE_CURVE_WITH_KNOTS ( ( 4, 4 ),
 ( 0.000000000000000000, 0.8304461203713424666 ),
 .UNSPECIFIED. ) 
 CURVE ( )  GEOMETRIC_REPRESENTATION_ITEM ( )  RATIONAL_B_SPLINE_CURVE ( ( 1.000000000000000000, 0.9433509080723008200, 0.9433509080723008200, 1.000000000000000000 ) ) 
 REPRESENTATION_ITEM ( '' )  );
#1927 = CARTESIAN_POINT ( 'NONE',  ( -30.37302948602507513, -24.12132034355963839, 11.23401871576778177 ) ) ;
#1928 = FACE_OUTER_BOUND ( 'NONE', #2897, .T. ) ;
#1929 = EDGE_CURVE ( 'NONE', #3553, #3121, #1304, .T. ) ;
#1930 = CARTESIAN_POINT ( 'NONE',  ( -37.49999999999997868, -9.112698372208086539, -25.00000000000000355 ) ) ;
#1931 = CARTESIAN_POINT ( 'NONE',  ( -33.86260519532281421, 25.00000000000000355, -10.63726499475386866 ) ) ;
#1932 = EDGE_CURVE ( 'NONE', #465, #302, #358, .T. ) ;
#1933 = EDGE_CURVE ( 'NONE', #340, #1688, #3377, .T. ) ;
#1934 = ORIENTED_EDGE ( 'NONE', *, *, #2106, .F. ) ;
#1935 = CIRCLE ( 'NONE', #510, 3.000000000000000444 ) ;
#1936 = CARTESIAN_POINT ( 'NONE',  ( 29.83244999020297783, -25.00000000000000000, -10.52787079274457049 ) ) ;
#1937 = AXIS2_PLACEMENT_3D ( 'NONE', #1399, #645, #2838 ) ;
#1938 = ORIENTED_EDGE ( 'NONE', *, *, #864, .F. ) ;
#1939 = ORIENTED_EDGE ( 'NONE', *, *, #54, .F. ) ;
#1940 = CARTESIAN_POINT ( 'NONE',  ( 16.82949354222763105, 22.00000000000000355, -22.00000000000000355 ) ) ;
#1941 = AXIS2_PLACEMENT_3D ( 'NONE', #2795, #551, #2256 ) ;
#1942 = VECTOR ( 'NONE', #1789, 1000.000000000000000 ) ;
#1943 = AXIS2_PLACEMENT_3D ( 'NONE', #3026, #2164, #3294 ) ;
#1944 = ADVANCED_FACE ( 'NONE', ( #300 ), #2513, .F. ) ;
#1945 = ORIENTED_EDGE ( 'NONE', *, *, #2106, .T. ) ;
#1946 = LINE ( 'NONE', #2231, #2979 ) ;
#1947 = FACE_OUTER_BOUND ( 'NONE', #1724, .T. ) ;
#1948 = CARTESIAN_POINT ( 'NONE',  ( 9.999999999999996447, 11.00000000000000355, -22.00000000000000355 ) ) ;
#1949 = CARTESIAN_POINT ( 'NONE',  ( -37.50000000000000711, 25.00000000000000000, -9.112698372208134501 ) ) ;
#1950 = ADVANCED_FACE ( 'NONE', ( #27 ), #1959, .T. ) ;
#1951 = LINE ( 'NONE', #1144, #2463 ) ;
#1952 = CARTESIAN_POINT ( 'NONE',  ( -29.83244999020648791, -25.00000000000000355, 10.52787079273803528 ) ) ;
#1953 = VECTOR ( 'NONE', #53, 1000.000000000000000 ) ;
#1954 = VERTEX_POINT ( 'NONE', #2278 ) ;
#1955 = CARTESIAN_POINT ( 'NONE',  ( -47.00000000000000000, 9.112698372208106079, 25.00000000000000000 ) ) ;
#1956 = EDGE_CURVE ( 'NONE', #312, #1061, #1021, .T. ) ;
#1957 = ORIENTED_EDGE ( 'NONE', *, *, #993, .F. ) ;
#1958 = EDGE_LOOP ( 'NONE', ( #527, #431, #603, #3474 ) ) ;
#1959 = SPHERICAL_SURFACE ( 'NONE', #2688, 3.000000000000000000 ) ;
#1960 = DIRECTION ( 'NONE',  ( 0.000000000000000000, 0.7071067811865447972, -0.7071067811865501263 ) ) ;
#1961 = ORIENTED_EDGE ( 'NONE', *, *, #49, .F. ) ;
#1962 = CARTESIAN_POINT ( 'NONE',  ( -16.82949354222764171, 22.00000000000000711, 22.00000000000000355 ) ) ;
#1963 = DIRECTION ( 'NONE',  ( 0.000000000000000000, 0.7071067811865481278, -0.7071067811865470176 ) ) ;
#1964 = CARTESIAN_POINT ( 'NONE',  ( -30.37302948602507513, 24.12132034355963484, -11.23401871576778532 ) ) ;
#1965 = DATE_AND_TIME ( #105, #1888 ) ;
#1966 = LINE ( 'NONE', #3063, #3197 ) ;
#1967 = CARTESIAN_POINT ( 'NONE',  ( 30.37302948602507513, -11.23401871576769651, 24.12132034355964905 ) ) ;
#1968 = LINE ( 'NONE', #601, #2128 ) ;
#1969 = CARTESIAN_POINT ( 'NONE',  ( -24.32173693682554472, -23.80863253003485269, 16.75817008804588681 ) ) ;
#1970 = ORIENTED_EDGE ( 'NONE', *, *, #1075, .F. ) ;
#1971 = EDGE_CURVE ( 'NONE', #231, #1887, #2564, .T. ) ;
#1972 = CARTESIAN_POINT ( 'NONE',  ( 9.999999999999996447, 8.000000000000003553, 22.00000000000000000 ) ) ;
#1973 = ADVANCED_FACE ( 'NONE', ( #2246, #2012 ), #1977, .F. ) ;
#1974 = VECTOR ( 'NONE', #2400, 1000.000000000000000 ) ;
#1975 = ORIENTED_EDGE ( 'NONE', *, *, #130, .F. ) ;
#1976 = VERTEX_POINT ( 'NONE', #3038 ) ;
#1977 = PLANE ( 'NONE',  #1596 ) ;
#1978 = CARTESIAN_POINT ( 'NONE',  ( 29.83244999020259058, 25.00000000000000000, -10.52787079273715243 ) ) ;
#1979 = EDGE_CURVE ( 'NONE', #3380, #783, #1446, .T. ) ;
#1980 = ORIENTED_EDGE ( 'NONE', *, *, #2069, .F. ) ;
#1981 = DIRECTION ( 'NONE',  ( -3.925231146709439766E-16, 0.7071067811865451302, -0.7071067811865499042 ) ) ;
#1982 = CARTESIAN_POINT ( 'NONE',  ( 37.50000000000000711, -25.00000000000000000, 9.112698372208134501 ) ) ;
#1983 = PERSON_AND_ORGANIZATION ( #796, #390 ) ;
#1984 = DIRECTION ( 'NONE',  ( 1.000000000000000000, 0.000000000000000000, 0.000000000000000000 ) ) ;
#1985 = CARTESIAN_POINT ( 'NONE',  ( 50.00000000000000000, -9.112698372208042130, 22.00000000000000355 ) ) ;
#1986 = CARTESIAN_POINT ( 'NONE',  ( 47.00000000000000000, 11.23401871576775157, 24.12132034355964549 ) ) ;
#1987 = DIRECTION ( 'NONE',  ( -0.000000000000000000, -1.000000000000000000, 0.000000000000000000 ) ) ;
#1988 = FACE_OUTER_BOUND ( 'NONE', #336, .T. ) ;
#1989 = VERTEX_POINT ( 'NONE', #1166 ) ;
#1990 = CARTESIAN_POINT ( 'NONE',  ( 50.00000000000000711, -25.00000000000000000, 9.112698372208127395 ) ) ;
#1991 = AXIS2_PLACEMENT_3D ( 'NONE', #271, #800, #2691 ) ;
#1992 = EDGE_LOOP ( 'NONE', ( #1744, #3165, #1134, #1006 ) ) ;
#1993 = ORIENTED_EDGE ( 'NONE', *, *, #1850, .T. ) ;
#1994 = CARTESIAN_POINT ( 'NONE',  ( 35.56226491857057681, -9.112698372208086539, -25.00000000000000355 ) ) ;
#1995 = CIRCLE ( 'NONE', #2113, 3.000000000000000888 ) ;
#1996 = CIRCLE ( 'NONE', #2165, 3.000000000000001776 ) ;
#1997 = ADVANCED_FACE ( 'NONE', ( #1707 ), #608, .T. ) ;
#1998 = ADVANCED_FACE ( 'NONE', ( #337 ), #2180, .T. ) ;
#1999 = AXIS2_PLACEMENT_3D ( 'NONE', #1415, #3450, #1960 ) ;
#2000 = ORIENTED_EDGE ( 'NONE', *, *, #986, .T. ) ;
#2001 = SPHERICAL_SURFACE ( 'NONE', #380, 3.000000000000000000 ) ;
#2002 = AXIS2_PLACEMENT_3D ( 'NONE', #1248, #3502, #712 ) ;
#2003 = CIRCLE ( 'NONE', #2514, 3.000000000000001332 ) ;
#2004 = DIRECTION ( 'NONE',  ( 0.000000000000000000, 0.000000000000000000, -1.000000000000000000 ) ) ;
#2005 = DIRECTION ( 'NONE',  ( -1.000000000000000000, 0.000000000000000000, 1.156482317317871725E-15 ) ) ;
#2006 = EDGE_CURVE ( 'NONE', #408, #1398, #3471, .T. ) ;
#2007 = DIRECTION ( 'NONE',  ( 0.000000000000000000, -0.7071067811865476838, -0.7071067811865474617 ) ) ;
#2008 = ORIENTED_EDGE ( 'NONE', *, *, #1652, .T. ) ;
#2009 = CARTESIAN_POINT ( 'NONE',  ( 35.56226491856814675, -25.00000000000000000, -9.112698372208086539 ) ) ;
#2010 = ORIENTED_EDGE ( 'NONE', *, *, #2827, .F. ) ;
#2011 = ORIENTED_EDGE ( 'NONE', *, *, #2587, .F. ) ;
#2012 = FACE_OUTER_BOUND ( 'NONE', #2856, .T. ) ;
#2013 = ORIENTED_EDGE ( 'NONE', *, *, #3342, .T. ) ;
#2014 = DIRECTION ( 'NONE',  ( 2.465190328815662439E-32, -0.7071067811865475727, 0.7071067811865474617 ) ) ;
#2015 = AXIS2_PLACEMENT_3D ( 'NONE', #1169, #1403, #2502 ) ;
#2016 = DIRECTION ( 'NONE',  ( -0.000000000000000000, -0.000000000000000000, 1.000000000000000000 ) ) ;
#2017 = CARTESIAN_POINT ( 'NONE',  ( -16.82949354222763461, -22.00000000000000355, 22.00000000000000355 ) ) ;
#2018 = LINE ( 'NONE', #2576, #1138 ) ;
#2019 = CARTESIAN_POINT ( 'NONE',  ( 30.31488166380921001, 11.74582625983734374, -25.00000000000344613 ) ) ;
#2020 = CARTESIAN_POINT ( 'NONE',  ( -47.00000000000000000, -25.00000000000000000, -9.112698372208111408 ) ) ;
#2021 = CARTESIAN_POINT ( 'NONE',  ( 47.00000000000000000, -7.322330470336463115, -42.67766952966368166 ) ) ;
#2022 = EDGE_LOOP ( 'NONE', ( #2817, #839, #2195 ) ) ;
#2023 = ORIENTED_EDGE ( 'NONE', *, *, #76, .F. ) ;
#2024 = ORIENTED_EDGE ( 'NONE', *, *, #77, .F. ) ;
#2025 = DIRECTION ( 'NONE',  ( 1.000000000000000000, -3.486305596842064505E-32, -5.551115123125764953E-16 ) ) ;
#2026 = ORIENTED_EDGE ( 'NONE', *, *, #306, .T. ) ;
#2027 = LINE ( 'NONE', #1471, #2223 ) ;
#2028 = ADVANCED_FACE ( 'NONE', ( #139 ), #702, .T. ) ;
#2029 = CARTESIAN_POINT ( 'NONE',  ( 25.28089044475481373, -25.00000000000000711, 14.74614857549096847 ) ) ;
#2030 = DATE_AND_TIME ( #3362, #3318 ) ;
#2031 = CARTESIAN_POINT ( 'NONE',  ( 47.00000000000000000, -11.23401871576772493, -24.12132034355964549 ) ) ;
#2032 = CARTESIAN_POINT ( 'NONE',  ( 37.50000000000000711, -60.35533905932735621, 10.35533905932757293 ) ) ;
#2033 = CARTESIAN_POINT ( 'NONE',  ( 34.03986129198490573, 11.50420481867240241, -24.10602679056224318 ) ) ;
#2034 = CIRCLE ( 'NONE', #2390, 2.999999999999999556 ) ;
#2035 = CARTESIAN_POINT ( 'NONE',  ( 28.57882009854742833, 25.00000000000360956, 12.57886458901143278 ) ) ;
#2036 = EDGE_CURVE ( 'NONE', #1817, #2915, #682, .T. ) ;
#2037 = DIRECTION ( 'NONE',  ( 0.000000000000000000, 1.000000000000000000, -0.000000000000000000 ) ) ;
#2038 = CARTESIAN_POINT ( 'NONE',  ( -33.62464464701999844, 25.00000000000000355, 9.398178028108498339 ) ) ;
#2039 = ORIENTED_EDGE ( 'NONE', *, *, #2790, .T. ) ;
#2040 = ADVANCED_FACE ( 'NONE', ( #3415 ), #2543, .T. ) ;
#2041 = ORIENTED_EDGE ( 'NONE', *, *, #437, .F. ) ;
#2042 = ORIENTED_EDGE ( 'NONE', *, *, #3213, .T. ) ;
#2043 = CARTESIAN_POINT ( 'NONE',  ( 28.57882009854023408, 12.57886458902042648, 25.00000000000000711 ) ) ;
#2044 = ORIENTED_EDGE ( 'NONE', *, *, #1338, .T. ) ;
#2045 = FACE_OUTER_BOUND ( 'NONE', #3178, .T. ) ;
#2046 = AXIS2_PLACEMENT_3D ( 'NONE', #2918, #706, #3459 ) ;
#2047 = CIRCLE ( 'NONE', #1884, 2.999999999999999112 ) ;
#2048 = SPHERICAL_SURFACE ( 'NONE', #2188, 3.000000000000000000 ) ;
#2049 = CARTESIAN_POINT ( 'NONE',  ( -28.99823236640154889, 24.00028370309557246, -13.37233269735392938 ) ) ;
#2050 = DIRECTION ( 'NONE',  ( 0.000000000000000000, -0.7071067811865451302, 0.7071067811865499042 ) ) ;
#2051 = PLANE ( 'NONE',  #3156 ) ;
#2052 = CC_DESIGN_PERSON_AND_ORGANIZATION_ASSIGNMENT ( #2550, #666, ( #2344 ) ) ;
#2053 = AXIS2_PLACEMENT_3D ( 'NONE', #3422, #1515, #2610 ) ;
#2054 = CARTESIAN_POINT ( 'NONE',  ( -47.00000000000000000, 22.00000000000000355, -9.112698372208146935 ) ) ;
#2055 = DIRECTION ( 'NONE',  ( -1.156482317317871725E-15, -1.000000000000000000, 0.000000000000000000 ) ) ;
#2056 = CARTESIAN_POINT ( 'NONE',  ( -35.68388081362471098, 25.00000000000001066, 10.35533905932569709 ) ) ;
#2057 = VECTOR ( 'NONE', #3481, 1000.000000000000000 ) ;
#2058 = ORIENTED_EDGE ( 'NONE', *, *, #1028, .T. ) ;
#2059 = CARTESIAN_POINT ( 'NONE',  ( 18.00000000000000355, 3.673940397442059178E-15, 22.00000000000000000 ) ) ;
#2060 = ORIENTED_EDGE ( 'NONE', *, *, #153, .F. ) ;
#2061 = ORIENTED_EDGE ( 'NONE', *, *, #457, .F. ) ;
#2062 = CARTESIAN_POINT ( 'NONE',  ( 21.51127130665935638, -19.78398749107925880, -23.63735984684604929 ) ) ;
#2063 = CYLINDRICAL_SURFACE ( 'NONE', #845, 2.999999999999999112 ) ;
#2064 = ORIENTED_EDGE ( 'NONE', *, *, #827, .F. ) ;
#2065 = CARTESIAN_POINT ( 'NONE',  ( -47.00000000000000000, -9.112698372208061670, 22.00000000000000355 ) ) ;
#2066 = CIRCLE ( 'NONE', #3217, 8.000000000000000000 ) ;
#2067 = EDGE_CURVE ( 'NONE', #2861, #3553, #597, .T. ) ;
#2069 = EDGE_CURVE ( 'NONE', #417, #1118, #2743, .T. ) ;
#2068 = AXIS2_PLACEMENT_3D ( 'NONE', #9, #493, #2206 ) ;
#2070 = DIRECTION ( 'NONE',  ( 1.000000000000000000, -5.551115123125802424E-16, 0.000000000000000000 ) ) ;
#2071 = CARTESIAN_POINT ( 'NONE',  ( -19.59262386346026119, 25.00000000000000000, -18.14662764424071995 ) ) ;
#2072 = CARTESIAN_POINT ( 'NONE',  ( -27.97802025037342588, -11.37204899425322679, 25.00000000000000000 ) ) ;
#2073 = DIRECTION ( 'NONE',  ( 1.734723475976807094E-16, -1.000000000000000000, 0.000000000000000000 ) ) ;
#2074 = AXIS2_PLACEMENT_3D ( 'NONE', #1769, #1012, #1514 ) ;
#2075 = CLOSED_SHELL ( 'NONE', ( #3208, #900, #1641, #1839, #2210, #61, #1356, #360, #1032, #1973, #788, #1093, #2849, #1762, #1296, #415, #1340, #2324, #2215, #31, #488, #2729, #2299, #1573, #3117, #2885, #1648, #1559, #1944, #1740, #2624, #1055, #3094, #396, #346, #2638, #438, #1441, #2665, #310, #2354, #1060, #2396, #588, #1341, #568, #1997, #664, #2835, #1396, #125, #1998, #815, #486, #16, #2040, #2982, #2946, #169, #3023, #3519, #1247, #2596, #466, #725, #550, #2189, #2622, #180, #2854, #328, #1362, #1885, #3401, #653, #975, #2787, #1195, #1798, #2462, #3331, #3296, #2325, #487, #230, #707, #1899, #2607, #1950, #2148, #2081, #1630, #1498, #2606, #2725, #1124, #2153, #213, #2259, #1806, #203, #2637, #1801, #1873, #1223, #2028, #3430, #3491, #1092, #2951, #3284, #2417, #2242, #2193, #2260, #2305, #40 ) ) ;
#2076 = DIRECTION ( 'NONE',  ( 0.5426870580354592466, 0.000000000000000000, 0.8399349719120033919 ) ) ;
#2077 = CARTESIAN_POINT ( 'NONE',  ( -37.50000000000000711, -9.112698372208051012, 22.00000000000000355 ) ) ;
#2078 = SPHERICAL_SURFACE ( 'NONE', #1143, 3.000000000000000000 ) ;
#2079 = ORIENTED_EDGE ( 'NONE', *, *, #2194, .T. ) ;
#2080 = LOCAL_TIME ( 20, 11, 33.00000000000000000, #400 ) ;
#2081 = ADVANCED_FACE ( 'NONE', ( #2619 ), #2063, .T. ) ;
#2082 = CARTESIAN_POINT ( 'NONE',  ( -37.50000000000000711, -11.23401871576767874, 24.12132034355966326 ) ) ;
#2083 = ORIENTED_EDGE ( 'NONE', *, *, #1466, .T. ) ;
#2084 = VERTEX_POINT ( 'NONE', #3180 ) ;
#2085 = FACE_OUTER_BOUND ( 'NONE', #2507, .T. ) ;
#2086 = EDGE_CURVE ( 'NONE', #1976, #2467, #1185, .T. ) ;
#2087 = ORIENTED_EDGE ( 'NONE', *, *, #1251, .F. ) ;
#2088 = CYLINDRICAL_SURFACE ( 'NONE', #2405, 3.000000000000000444 ) ;
#2089 =( BOUNDED_CURVE ( )  B_SPLINE_CURVE ( 3, ( #2430, #509, #2416, #3248 ),
 .UNSPECIFIED., .F., .F. ) 
 B_SPLINE_CURVE_WITH_KNOTS ( ( 4, 4 ),
 ( 5.452739186808243765, 6.283185307179586232 ),
 .UNSPECIFIED. ) 
 CURVE ( )  GEOMETRIC_REPRESENTATION_ITEM ( )  RATIONAL_B_SPLINE_CURVE ( ( 1.000000000000000000, 0.9433509080723008200, 0.9433509080723008200, 1.000000000000000000 ) ) 
 REPRESENTATION_ITEM ( '' )  );
#2090 = CARTESIAN_POINT ( 'NONE',  ( 22.74034536924885685, -25.00000000000000355, 14.94953755801489770 ) ) ;
#2091 = CARTESIAN_POINT ( 'NONE',  ( -20.21129770927480962, 23.53931142952325928, -21.51617619707392493 ) ) ;
#2092 = CARTESIAN_POINT ( 'NONE',  ( -18.32897391849433788, -22.96882332703171414, 25.00000000000000000 ) ) ;
#2093 = CARTESIAN_POINT ( 'NONE',  ( 49.99999999999997868, -22.00000000000000355, -9.112698372208079434 ) ) ;
#2094 = DIRECTION ( 'NONE',  ( 0.000000000000000000, -1.000000000000000000, 0.000000000000000000 ) ) ;
#2095 = DIRECTION ( 'NONE',  ( -1.000000000000000000, 1.156482317317870344E-15, 0.000000000000000000 ) ) ;
#2096 = DIRECTION ( 'NONE',  ( 5.782411586589352708E-16, 0.000000000000000000, -1.000000000000000000 ) ) ;
#2097 = ORIENTED_EDGE ( 'NONE', *, *, #10, .T. ) ;
#2098 = CARTESIAN_POINT ( 'NONE',  ( 47.00000000000000000, -9.112698372208084763, -22.00000000000000355 ) ) ;
#2099 = ORIENTED_EDGE ( 'NONE', *, *, #831, .T. ) ;
#2100 = ORIENTED_EDGE ( 'NONE', *, *, #968, .T. ) ;
#2101 = CARTESIAN_POINT ( 'NONE',  ( 37.50000000000000711, 25.00000000000000000, -9.112698372208141606 ) ) ;
#2102 = EDGE_CURVE ( 'NONE', #1903, #1112, #3416, .T. ) ;
#2103 = EDGE_LOOP ( 'NONE', ( #3000, #1432, #3095, #316 ) ) ;
#2104 = DIRECTION ( 'NONE',  ( 0.000000000000000000, -0.7071067811865445751, 0.7071067811865504593 ) ) ;
#2105 = EDGE_CURVE ( 'NONE', #312, #1289, #963, .T. ) ;
#2106 = EDGE_CURVE ( 'NONE', #1586, #1232, #1856, .T. ) ;
#2107 = CARTESIAN_POINT ( 'NONE',  ( 50.00000000000000711, 22.00000000000000355, 9.112698372208107855 ) ) ;
#2108 = DIRECTION ( 'NONE',  ( 2.465190328815662439E-32, 0.7071067811865475727, -0.7071067811865474617 ) ) ;
#2109 = CIRCLE ( 'NONE', #3308, 3.000000000000000444 ) ;
#2110 = CARTESIAN_POINT ( 'NONE',  ( -35.68388219759248869, -10.35533905933741927, 25.00000000000000000 ) ) ;
#2111 = CARTESIAN_POINT ( 'NONE',  ( 37.50000000000000711, -24.12132034355962418, 11.23401871576777999 ) ) ;
#2112 = VECTOR ( 'NONE', #86, 1000.000000000000000 ) ;
#2113 = AXIS2_PLACEMENT_3D ( 'NONE', #2662, #1509, #3216 ) ;
#2114 = CARTESIAN_POINT ( 'NONE',  ( 29.83244999020648791, 25.00000000000000355, 10.52787079273798554 ) ) ;
#2115 = DIRECTION ( 'NONE',  ( 0.000000000000000000, 0.000000000000000000, 1.000000000000000000 ) ) ;
#2116 = CARTESIAN_POINT ( 'NONE',  ( -47.00000000000000000, 22.00000000000000355, 9.112698372208104303 ) ) ;
#2117 = ORIENTED_EDGE ( 'NONE', *, *, #1867, .F. ) ;
#2118 = CIRCLE ( 'NONE', #95, 3.000000000000000000 ) ;
#2119 = EDGE_CURVE ( 'NONE', #371, #2861, #1995, .T. ) ;
#2120 = VECTOR ( 'NONE', #2943, 1000.000000000000000 ) ;
#2121 = CARTESIAN_POINT ( 'NONE',  ( 50.00000000000000000, -25.00000000000000000, -22.00000000000000000 ) ) ;
#2122 = EDGE_LOOP ( 'NONE', ( #2429, #2257, #1677 ) ) ;
#2123 = CARTESIAN_POINT ( 'NONE',  ( 19.04419066270324734, 23.43092918492794041, 23.43092918492793331 ) ) ;
#2124 = CARTESIAN_POINT ( 'NONE',  ( -10.00000000000000000, 0.000000000000000000, -25.00000000000000000 ) ) ;
#2125 = ORIENTED_EDGE ( 'NONE', *, *, #3448, .T. ) ;
#2126 = CARTESIAN_POINT ( 'NONE',  ( 50.00000000000000000, 0.000000000000000000, 22.00000000000000355 ) ) ;
#2127 = CARTESIAN_POINT ( 'NONE',  ( 33.62464464701641020, -9.398178028101941806, 25.00000000000000000 ) ) ;
#2128 = VECTOR ( 'NONE', #1264, 1000.000000000000000 ) ;
#2129 = EDGE_CURVE ( 'NONE', #2230, #63, #107, .T. ) ;
#2130 = DIRECTION ( 'NONE',  ( 0.000000000000000000, 0.000000000000000000, -1.000000000000000000 ) ) ;
#2131 = CARTESIAN_POINT ( 'NONE',  ( 10.00000000000000000, 3.673940397442059178E-15, -25.00000000000000000 ) ) ;
#2132 = EDGE_CURVE ( 'NONE', #2796, #1306, #1783, .T. ) ;
#2133 = CARTESIAN_POINT ( 'NONE',  ( -19.59262386345607254, -25.00000000000000000, -18.14662764423691499 ) ) ;
#2134 = CARTESIAN_POINT ( 'NONE',  ( -47.00000000000000000, 9.112698372208056341, -22.00000000000000355 ) ) ;
#2135 = DIRECTION ( 'NONE',  ( 0.000000000000000000, 0.000000000000000000, 1.000000000000000000 ) ) ;
#2136 = AXIS2_PLACEMENT_3D ( 'NONE', #2519, #613, #344 ) ;
#2137 = EDGE_CURVE ( 'NONE', #1817, #1096, #3488, .T. ) ;
#2138 = DIRECTION ( 'NONE',  ( -1.000000000000000000, 0.000000000000000000, 0.000000000000000000 ) ) ;
#2139 = ORIENTED_EDGE ( 'NONE', *, *, #1613, .T. ) ;
#2140 = EDGE_LOOP ( 'NONE', ( #587, #591, #1520 ) ) ;
#2141 = CARTESIAN_POINT ( 'NONE',  ( 47.00000000000000000, 22.00000000000000355, -9.112698372208139830 ) ) ;
#2142 = ORIENTED_EDGE ( 'NONE', *, *, #1041, .F. ) ;
#2143 = DIRECTION ( 'NONE',  ( -0.4006291549168359833, -0.2588489165418716986, 0.8789161044352987728 ) ) ;
#2144 = CYLINDRICAL_SURFACE ( 'NONE', #1225, 2.999999999999999556 ) ;
#2145 = EDGE_CURVE ( 'NONE', #1085, #3069, #2643, .T. ) ;
#2146 = CARTESIAN_POINT ( 'NONE',  ( -34.03986129198217725, -11.50420481867326927, 24.10602679056218989 ) ) ;
#2147 = CARTESIAN_POINT ( 'NONE',  ( 16.82949354222763816, -22.00000000000000355, -22.00000000000000000 ) ) ;
#2148 = ADVANCED_FACE ( 'NONE', ( #2085 ), #178, .T. ) ;
#2149 = CARTESIAN_POINT ( 'NONE',  ( -28.57882009854115068, 12.57886458901282900, 25.00000000000000000 ) ) ;
#2150 = CARTESIAN_POINT ( 'NONE',  ( 49.99999999999999289, -11.23401871576772848, -24.12132034355964549 ) ) ;
#2151 = CARTESIAN_POINT ( 'NONE',  ( 50.00000000000000711, -22.00000000000000355, 9.112698372208127395 ) ) ;
#2152 = EDGE_CURVE ( 'NONE', #976, #1381, #1276, .T. ) ;
#2153 = ADVANCED_FACE ( 'NONE', ( #1220 ), #3169, .T. ) ;
#2154 = SPHERICAL_SURFACE ( 'NONE', #1190, 3.000000000000000000 ) ;
#2155 = ORIENTED_EDGE ( 'NONE', *, *, #3311, .T. ) ;
#2156 = DIRECTION ( 'NONE',  ( 0.000000000000000000, 1.000000000000000000, 0.000000000000000000 ) ) ;
#2157 = EDGE_LOOP ( 'NONE', ( #93, #1632, #2376, #1796 ) ) ;
#2158 = CARTESIAN_POINT ( 'NONE',  ( -16.82949354222765947, 21.99999999999997158, -25.00000000000000355 ) ) ;
#2159 = CARTESIAN_POINT ( 'NONE',  ( 37.50000000000000711, 24.12132034355964905, -11.23401871576777644 ) ) ;
#2160 = DIRECTION ( 'NONE',  ( -0.5426870580354568041, -0.8399349719120050572, -6.276079864552635047E-16 ) ) ;
#2161 = CARTESIAN_POINT ( 'NONE',  ( -28.99823236640527924, -24.00028370309422243, -13.37233269735290619 ) ) ;
#2162 = CARTESIAN_POINT ( 'NONE',  ( 50.00000000000000000, -10.99999999999998934, -25.00000000000000000 ) ) ;
#2163 = CARTESIAN_POINT ( 'NONE',  ( 37.50000000000000711, -9.112698372208056341, 22.00000000000000355 ) ) ;
#2164 = DIRECTION ( 'NONE',  ( 0.5426870580354574702, 0.000000000000000000, -0.8399349719120047242 ) ) ;
#2165 = AXIS2_PLACEMENT_3D ( 'NONE', #1240, #3438, #2104 ) ;
#2166 = TOROIDAL_SURFACE ( 'NONE', #2280, 11.00000000000000000, 3.000000000000000000 ) ;
#2167 = FACE_OUTER_BOUND ( 'NONE', #1992, .T. ) ;
#2168 = VERTEX_POINT ( 'NONE', #3343 ) ;
#2169 = CIRCLE ( 'NONE', #2002, 2.999999999999999112 ) ;
#2170 = CARTESIAN_POINT ( 'NONE',  ( 20.81825009609007893, -25.00000000000000711, -19.22081494768346488 ) ) ;
#2171 = VECTOR ( 'NONE', #3132, 1000.000000000000000 ) ;
#2172 = ORIENTED_EDGE ( 'NONE', *, *, #2379, .F. ) ;
#2173 = DIRECTION ( 'NONE',  ( -1.000000000000000000, 0.000000000000000000, 0.000000000000000000 ) ) ;
#2174 = AXIS2_PLACEMENT_3D ( 'NONE', #3503, #3227, #768 ) ;
#2175 = CARTESIAN_POINT ( 'NONE',  ( 35.56226491857312766, -9.112698372208058117, 25.00000000000000000 ) ) ;
#2176 = VERTEX_POINT ( 'NONE', #2059 ) ;
#2177 = CARTESIAN_POINT ( 'NONE',  ( 47.00000000000000000, 9.112698372208065223, -22.00000000000000355 ) ) ;
#2178 = CARTESIAN_POINT ( 'NONE',  ( 49.99999999999999289, -22.00000000000000355, 9.112698372208090092 ) ) ;
#2179 = CARTESIAN_POINT ( 'NONE',  ( -20.21129770927723257, -23.53931142951700295, -21.51617619707641538 ) ) ;
#2180 =( BOUNDED_SURFACE ( )  B_SPLINE_SURFACE ( 3, 2, ( 
 ( #2531, #3091, #2562 ),
 ( #1433, #903, #1994 ),
 ( #629, #1218, #2602 ),
 ( #1814, #2314, #2642 ),
 ( #2377, #2294, #3393 ),
 ( #2359, #935, #450 ),
 ( #177, #1524, #719 ),
 ( #2062, #1546, #194 ),
 ( #2911, #3179, #1275 ),
 ( #2334, #2880, #972 ) ),
 .UNSPECIFIED., .F., .F., .F. ) 
 B_SPLINE_SURFACE_WITH_KNOTS ( ( 4, 2, 2, 2, 4 ),
 ( 3, 3 ),
 ( 3.141592653589793116, 3.349204183682628511, 3.556815713775464349, 3.764427243868300188, 3.972038773961135583 ),
 ( 0.000000000000000000, 1.000000000000000000 ),
 .UNSPECIFIED. ) 
 GEOMETRIC_REPRESENTATION_ITEM ( )  RATIONAL_B_SPLINE_SURFACE ( (
 ( 1.000000000000000000, 0.9238795325112867385, 1.000000000000000000),
 ( 1.000000000000000000, 0.9238802365526941340, 1.000000000000000000),
 ( 1.000000000000000000, 0.9225031065367563787, 1.000000000000000000),
 ( 1.000000000000000000, 0.9170198683928809658, 1.000000000000000000),
 ( 1.000000000000000000, 0.9129130246139308680, 1.000000000000000000),
 ( 1.000000000000000000, 0.9020367518875257451, 1.000000000000000000),
 ( 1.000000000000000000, 0.8952672519915099159, 1.000000000000000000),
 ( 1.000000000000000000, 0.8791803030593843271, 1.000000000000000000),
 ( 1.000000000000000000, 0.8698635397551824910, 1.000000000000000000),
 ( 1.000000000000000000, 0.8593533600841908315, 1.000000000000000000) ) ) 
 REPRESENTATION_ITEM ( '' )  SURFACE ( )  );
#2181 = SPHERICAL_SURFACE ( 'NONE', #2920, 3.000000000000000000 ) ;
#2182 = LINE ( 'NONE', #2150, #558 ) ;
#2183 = CARTESIAN_POINT ( 'NONE',  ( -19.49043530616012632, -21.01920179886601403, -24.99999999998762590 ) ) ;
#2184 = VECTOR ( 'NONE', #3338, 1000.000000000000000 ) ;
#2185 = FACE_OUTER_BOUND ( 'NONE', #1704, .T. ) ;
#2186 = EDGE_LOOP ( 'NONE', ( #1634, #2125, #755 ) ) ;
#2187 = CARTESIAN_POINT ( 'NONE',  ( 23.71167745533396243, -25.00000000000000711, -16.09257051418159179 ) ) ;
#2188 = AXIS2_PLACEMENT_3D ( 'NONE', #1528, #184, #399 ) ;
#2189 = ADVANCED_FACE ( 'NONE', ( #2599 ), #2908, .T. ) ;
#2190 = ORIENTED_EDGE ( 'NONE', *, *, #1866, .F. ) ;
#2191 = ORIENTED_EDGE ( 'NONE', *, *, #3379, .T. ) ;
#2192 = SPHERICAL_SURFACE ( 'NONE', #3198, 3.000000000000000000 ) ;
#2193 = ADVANCED_FACE ( 'NONE', ( #1254 ), #949, .T. ) ;
#2194 = EDGE_CURVE ( 'NONE', #7, #1061, #3421, .T. ) ;
#2195 = ORIENTED_EDGE ( 'NONE', *, *, #1159, .F. ) ;
#2196 = DIRECTION ( 'NONE',  ( -1.226634733346698324E-15, 0.7071067811865475727, -0.7071067811865475727 ) ) ;
#2197 = EDGE_CURVE ( 'NONE', #704, #2945, #2409, .T. ) ;
#2198 = CARTESIAN_POINT ( 'NONE',  ( 49.99999999999997868, 9.112698372208058117, -25.00000000000000000 ) ) ;
#2199 = CARTESIAN_POINT ( 'NONE',  ( -50.00000000000000000, -9.112698372208111408, -22.00000000000000355 ) ) ;
#2200 = CARTESIAN_POINT ( 'NONE',  ( 47.00000000000000000, -22.00000000000000355, -9.112698372208088315 ) ) ;
#2201 = CARTESIAN_POINT ( 'NONE',  ( -35.68388219759557956, -10.35533905932569176, -25.00000000000000355 ) ) ;
#2202 =( BOUNDED_CURVE ( )  B_SPLINE_CURVE ( 3, ( #2580, #3084, #1757, #1193 ),
 .UNSPECIFIED., .F., .F. ) 
 B_SPLINE_CURVE_WITH_KNOTS ( ( 4, 4 ),
 ( 2.311146533218450649, 3.141592653589793116 ),
 .UNSPECIFIED. ) 
 CURVE ( )  GEOMETRIC_REPRESENTATION_ITEM ( )  RATIONAL_B_SPLINE_CURVE ( ( 1.000000000000000000, 0.9433509080723008200, 0.9433509080723008200, 1.000000000000000000 ) ) 
 REPRESENTATION_ITEM ( '' )  );
#2203 = DIRECTION ( 'NONE',  ( -3.925231146709438780E-16, -0.7071067811865474617, -0.7071067811865475727 ) ) ;
#2204 = CARTESIAN_POINT ( 'NONE',  ( -23.71167745533241344, -25.00000000000385825, 16.09257051418101625 ) ) ;
#2205 = ORIENTED_EDGE ( 'NONE', *, *, #3379, .F. ) ;
#2206 = DIRECTION ( 'NONE',  ( 0.000000000000000000, -0.7071067811865475727, 0.7071067811865474617 ) ) ;
#2207 = EDGE_LOOP ( 'NONE', ( #209, #1505, #772, #3391 ) ) ;
#2208 = ORIENTED_EDGE ( 'NONE', *, *, #881, .F. ) ;
#2209 = CARTESIAN_POINT ( 'NONE',  ( -23.85166358376838147, -15.54380077911610059, -23.87737041544560057 ) ) ;
#2210 = ADVANCED_FACE ( 'NONE', ( #2516 ), #2582, .T. ) ;
#2211 = AXIS2_PLACEMENT_3D ( 'NONE', #1880, #519, #1863 ) ;
#2212 = EDGE_LOOP ( 'NONE', ( #3090, #2836, #3249, #2044 ) ) ;
#2213 = DIRECTION ( 'NONE',  ( -0.8399349719120039470, 0.000000000000000000, 0.5426870580354584694 ) ) ;
#2214 = EDGE_CURVE ( 'NONE', #1490, #2358, #2921, .T. ) ;
#2215 = ADVANCED_FACE ( 'NONE', ( #1521 ), #3137, .F. ) ;
#2216 = CARTESIAN_POINT ( 'NONE',  ( 16.82949354222763461, 22.00000000000000355, -22.00000000000000355 ) ) ;
#2217 = CARTESIAN_POINT ( 'NONE',  ( -37.49999999999997868, 11.23401871576773736, 24.12132034355964549 ) ) ;
#2218 = DIRECTION ( 'NONE',  ( 0.000000000000000000, 0.000000000000000000, -1.000000000000000000 ) ) ;
#2219 = CARTESIAN_POINT ( 'NONE',  ( -19.59262386345568885, -18.14662764424102193, -25.00000000000000355 ) ) ;
#2220 = CARTESIAN_POINT ( 'NONE',  ( -10.00000000000000000, 8.000000000000000000, 22.00000000000000000 ) ) ;
#2221 = AXIS2_PLACEMENT_3D ( 'NONE', #2884, #2590, #978 ) ;
#2222 = EDGE_LOOP ( 'NONE', ( #1675, #3533, #1507, #1975 ) ) ;
#2223 = VECTOR ( 'NONE', #612, 1000.000000000000114 ) ;
#2224 = CARTESIAN_POINT ( 'NONE',  ( 50.00000000000000000, 15.55634918610405037, 15.55634918610405215 ) ) ;
#2225 = ORIENTED_EDGE ( 'NONE', *, *, #352, .F. ) ;
#2226 = VERTEX_POINT ( 'NONE', #2082 ) ;
#2227 = CARTESIAN_POINT ( 'NONE',  ( 16.82949354222764171, 22.00000000000000355, 22.00000000000000355 ) ) ;
#2228 = VECTOR ( 'NONE', #257, 1000.000000000000000 ) ;
#2229 = AXIS2_PLACEMENT_3D ( 'NONE', #3222, #3498, #201 ) ;
#2230 = VERTEX_POINT ( 'NONE', #1811 ) ;
#2231 = CARTESIAN_POINT ( 'NONE',  ( 47.00000000000000000, 25.00000000000000000, 25.00000000000000000 ) ) ;
#2232 = CARTESIAN_POINT ( 'NONE',  ( -37.50000000000000711, 60.35533905932738463, 10.35533905932738463 ) ) ;
#2233 = DIRECTION ( 'NONE',  ( 0.000000000000000000, -0.7071067811865472397, 0.7071067811865477948 ) ) ;
#2234 = CARTESIAN_POINT ( 'NONE',  ( 16.82949354222763461, -25.00000000000000000, 22.00000000000000355 ) ) ;
#2235 = DIRECTION ( 'NONE',  ( 0.000000000000000000, 0.000000000000000000, 1.000000000000000000 ) ) ;
#2236 = CARTESIAN_POINT ( 'NONE',  ( 28.99823236640480317, 13.37233269735393115, -24.00028370309346926 ) ) ;
#2237 = DIRECTION ( 'NONE',  ( 0.000000000000000000, 0.000000000000000000, 1.000000000000000000 ) ) ;
#2238 = CARTESIAN_POINT ( 'NONE',  ( -18.32897391849434143, -25.00000000000000355, 22.96882332703172480 ) ) ;
#2239 = AXIS2_PLACEMENT_3D ( 'NONE', #2131, #461, #2386 ) ;
#2240 = ORIENTED_EDGE ( 'NONE', *, *, #1080, .T. ) ;
#2241 = CARTESIAN_POINT ( 'NONE',  ( 37.49999999999995026, -24.99999999999999645, -10.35533905932737575 ) ) ;
#2242 = ADVANCED_FACE ( 'NONE', ( #782 ), #3504, .T. ) ;
#2243 = VERTEX_POINT ( 'NONE', #1272 ) ;
#2244 = CIRCLE ( 'NONE', #2368, 3.000000000000000000 ) ;
#2245 = ORIENTED_EDGE ( 'NONE', *, *, #567, .T. ) ;
#2246 = FACE_BOUND ( 'NONE', #385, .T. ) ;
#2247 = CARTESIAN_POINT ( 'NONE',  ( 22.74034536924465044, 25.00000000000000000, -14.94953755800335848 ) ) ;
#2248 = EDGE_LOOP ( 'NONE', ( #490, #732, #1732, #3542 ) ) ;
#2249 = CARTESIAN_POINT ( 'NONE',  ( 19.04419066270325089, 23.43092918492792975, -23.43092918492794041 ) ) ;
#2250 = CARTESIAN_POINT ( 'NONE',  ( 47.00000000000000000, -22.00000000000000355, 9.112698372208127395 ) ) ;
#2251 =( NAMED_UNIT ( * ) PLANE_ANGLE_UNIT ( ) SI_UNIT ( $, .RADIAN. ) );
#2252 = DIRECTION ( 'NONE',  ( -0.5426870580354564710, 0.8399349719120051683, -0.000000000000000000 ) ) ;
#2253 = DIRECTION ( 'NONE',  ( 0.000000000000000000, -0.000000000000000000, 1.000000000000000000 ) ) ;
#2254 = CARTESIAN_POINT ( 'NONE',  ( 35.76987939157871921, 11.23401871576684741, -24.12132034356049815 ) ) ;
#2255 = CARTESIAN_POINT ( 'NONE',  ( 29.51779302434808372, -25.00000000000000000, -9.112698372208086539 ) ) ;
#2256 = DIRECTION ( 'NONE',  ( 0.000000000000000000, 0.000000000000000000, 1.000000000000000000 ) ) ;
#2257 = ORIENTED_EDGE ( 'NONE', *, *, #769, .T. ) ;
#2258 = DIRECTION ( 'NONE',  ( -0.5426870580354599127, -0.000000000000000000, 0.8399349719120030588 ) ) ;
#2259 = ADVANCED_FACE ( 'NONE', ( #191 ), #2154, .T. ) ;
#2260 = ADVANCED_FACE ( 'NONE', ( #506 ), #2166, .T. ) ;
#2261 = ORIENTED_EDGE ( 'NONE', *, *, #1739, .T. ) ;
#2262 = ORIENTED_EDGE ( 'NONE', *, *, #2036, .T. ) ;
#2263 = CARTESIAN_POINT ( 'NONE',  ( 50.00000000000000000, -25.00000000000000000, -25.00000000000000000 ) ) ;
#2264 = EDGE_CURVE ( 'NONE', #2530, #2230, #226, .T. ) ;
#2265 = ORIENTED_EDGE ( 'NONE', *, *, #1461, .F. ) ;
#2266 = CARTESIAN_POINT ( 'NONE',  ( 47.00000000000000000, -9.112698372208084763, -25.00000000000000000 ) ) ;
#2267 = DIRECTION ( 'NONE',  ( 0.000000000000000000, 0.000000000000000000, -1.000000000000000000 ) ) ;
#2268 =( NAMED_UNIT ( * ) SI_UNIT ( $, .STERADIAN. ) SOLID_ANGLE_UNIT ( ) );
#2269 = DIRECTION ( 'NONE',  ( 0.000000000000000000, 0.7071067811865502373, 0.7071067811865449082 ) ) ;
#2270 = CARTESIAN_POINT ( 'NONE',  ( -16.82949354222763461, -22.00000000000000355, 22.00000000000000355 ) ) ;
#2271 = CARTESIAN_POINT ( 'NONE',  ( 19.59262386345568885, 18.14662764424100772, -25.00000000000000355 ) ) ;
#2272 = DIRECTION ( 'NONE',  ( -0.000000000000000000, -0.7071067811865499042, -0.7071067811865451302 ) ) ;
#2273 = ORIENTED_EDGE ( 'NONE', *, *, #2899, .T. ) ;
#2274 = CARTESIAN_POINT ( 'NONE',  ( 37.49999999999995737, -25.00000000000000000, -9.112698372208086539 ) ) ;
#2275 = AXIS2_PLACEMENT_3D ( 'NONE', #1717, #1476, #2287 ) ;
#2276 = ORIENTED_EDGE ( 'NONE', *, *, #148, .T. ) ;
#2277 = ORIENTED_EDGE ( 'NONE', *, *, #769, .F. ) ;
#2278 = CARTESIAN_POINT ( 'NONE',  ( 37.50000000000000711, -25.00000000000000000, -9.112698372208095421 ) ) ;
#2279 = AXIS2_PLACEMENT_3D ( 'NONE', #1587, #3510, #2701 ) ;
#2280 = AXIS2_PLACEMENT_3D ( 'NONE', #1288, #1325, #2138 ) ;
#2281 = ORIENTED_EDGE ( 'NONE', *, *, #2716, .T. ) ;
#2282 = FACE_OUTER_BOUND ( 'NONE', #3036, .T. ) ;
#2283 = AXIS2_PLACEMENT_3D ( 'NONE', #483, #150, #2115 ) ;
#2284 = CIRCLE ( 'NONE', #163, 2.999999999999999112 ) ;
#2285 = PLANE ( 'NONE',  #2338 ) ;
#2286 = COORDINATED_UNIVERSAL_TIME_OFFSET ( 5, 30, .AHEAD. ) ;
#2287 = DIRECTION ( 'NONE',  ( -1.156482317317871725E-15, 1.156482317317871725E-15, -1.000000000000000000 ) ) ;
#2288 = CARTESIAN_POINT ( 'NONE',  ( -47.00000000000000000, 25.00000000000000000, -9.112698372208139830 ) ) ;
#2289 = CARTESIAN_POINT ( 'NONE',  ( 50.00000000000002132, 9.112698372208051012, 25.00000000000000000 ) ) ;
#2290 = DIRECTION ( 'NONE',  ( 0.000000000000000000, 0.000000000000000000, -1.000000000000000000 ) ) ;
#2291 = ORIENTED_EDGE ( 'NONE', *, *, #1819, .F. ) ;
#2292 = ORIENTED_EDGE ( 'NONE', *, *, #1742, .T. ) ;
#2293 = ORIENTED_EDGE ( 'NONE', *, *, #594, .F. ) ;
#2294 = CARTESIAN_POINT ( 'NONE',  ( 28.57882009854448313, -12.57886458901820426, -24.99999999999640110 ) ) ;
#2295 = CARTESIAN_POINT ( 'NONE',  ( 18.13664457374524375, 19.97687848145281819, 25.00000000000000000 ) ) ;
#2296 = EDGE_CURVE ( 'NONE', #783, #2243, #3232, .T. ) ;
#2297 = ORIENTED_EDGE ( 'NONE', *, *, #882, .T. ) ;
#2298 = CYLINDRICAL_SURFACE ( 'NONE', #1245, 25.00000000000000355 ) ;
#2299 = ADVANCED_FACE ( 'NONE', ( #2713 ), #1561, .F. ) ;
#2300 = FACE_OUTER_BOUND ( 'NONE', #3489, .T. ) ;
#2301 = DATE_AND_TIME ( #1457, #2411 ) ;
#2302 = DIRECTION ( 'NONE',  ( -1.000000000000000000, 0.000000000000000000, 0.000000000000000000 ) ) ;
#2303 = CARTESIAN_POINT ( 'NONE',  ( 19.04419066270324734, -23.43092918492793331, -23.43092918492793686 ) ) ;
#2304 = CARTESIAN_POINT ( 'NONE',  ( 28.57882009854742478, 12.57886458901319848, -25.00000000000000355 ) ) ;
#2305 = ADVANCED_FACE ( 'NONE', ( #489 ), #94, .T. ) ;
#2306 = CARTESIAN_POINT ( 'NONE',  ( -37.50000000000000711, -9.112698372208086539, -25.00000000000000000 ) ) ;
#2307 = AXIS2_PLACEMENT_3D ( 'NONE', #2437, #2472, #3244 ) ;
#2308 = LINE ( 'NONE', #2555, #2120 ) ;
#2309 = CARTESIAN_POINT ( 'NONE',  ( 47.00000000000000000, -22.00000000000000355, 9.112698372208127395 ) ) ;
#2310 = VERTEX_POINT ( 'NONE', #2440 ) ;
#2311 = CARTESIAN_POINT ( 'NONE',  ( 19.59262386345996632, 25.00000000000000000, -18.14662764424472030 ) ) ;
#2312 = ORIENTED_EDGE ( 'NONE', *, *, #1555, .F. ) ;
#2313 = ORIENTED_EDGE ( 'NONE', *, *, #1721, .F. ) ;
#2314 = CARTESIAN_POINT ( 'NONE',  ( 30.31488166380900395, -11.74582625983744499, -24.99999999999656808 ) ) ;
#2315 = CARTESIAN_POINT ( 'NONE',  ( 37.50000000000000000, 25.00000000000000000, -10.35533905932743437 ) ) ;
#2316 =( BOUNDED_CURVE ( )  B_SPLINE_CURVE ( 3, ( #382, #1173, #3082, #1192 ),
 .UNSPECIFIED., .F., .F. ) 
 B_SPLINE_CURVE_WITH_KNOTS ( ( 4, 4 ),
 ( 5.452739186808243765, 6.283185307179586232 ),
 .UNSPECIFIED. ) 
 CURVE ( )  GEOMETRIC_REPRESENTATION_ITEM ( )  RATIONAL_B_SPLINE_CURVE ( ( 1.000000000000000000, 0.9433509080723008200, 0.9433509080723008200, 1.000000000000000000 ) ) 
 REPRESENTATION_ITEM ( '' )  );
#2317 = EDGE_LOOP ( 'NONE', ( #2000, #542, #1784 ) ) ;
#2318 = DIRECTION ( 'NONE',  ( -0.000000000000000000, -0.000000000000000000, -1.000000000000000000 ) ) ;
#2319 = CARTESIAN_POINT ( 'NONE',  ( 20.21129770927134928, -23.53931142952544064, 21.51617619707711171 ) ) ;
#2320 = SHAPE_DEFINITION_REPRESENTATION ( #1419, #500 ) ;
#2321 = CARTESIAN_POINT ( 'NONE',  ( -27.97802025036827089, 25.00000000000000000, -11.37204899426016169 ) ) ;
#2322 = CYLINDRICAL_SURFACE ( 'NONE', #2053, 2.999999999999999112 ) ;
#2323 = DIRECTION ( 'NONE',  ( 0.8399349719120035029, 0.000000000000000000, 0.5426870580354592466 ) ) ;
#2324 = ADVANCED_FACE ( 'NONE', ( #174 ), #3246, .F. ) ;
#2325 = ADVANCED_FACE ( 'NONE', ( #2167 ), #1057, .T. ) ;
#2326 = VECTOR ( 'NONE', #482, 1000.000000000000000 ) ;
#2327 = CARTESIAN_POINT ( 'NONE',  ( -50.00000000000000000, -9.112698372208063446, 22.00000000000000355 ) ) ;
#2328 = DIRECTION ( 'NONE',  ( 0.000000000000000000, 0.000000000000000000, -1.000000000000000000 ) ) ;
#2329 = DIRECTION ( 'NONE',  ( 0.000000000000000000, -0.7071067811865475727, -0.7071067811865475727 ) ) ;
#2330 = ORIENTED_EDGE ( 'NONE', *, *, #2716, .F. ) ;
#2331 = CARTESIAN_POINT ( 'NONE',  ( -50.00000000000000000, 7.322330470336310349, -42.67766952966370297 ) ) ;
#2332 = ORIENTED_EDGE ( 'NONE', *, *, #3049, .T. ) ;
#2333 = EDGE_LOOP ( 'NONE', ( #3353, #2601, #3506, #3005 ) ) ;
#2334 = CARTESIAN_POINT ( 'NONE',  ( 19.04419066270326866, -23.43092918492790133, -23.43092918492794041 ) ) ;
#2335 = CARTESIAN_POINT ( 'NONE',  ( 35.68388081362167696, 25.00000000000000000, -10.35533905932239129 ) ) ;
#2336 = VERTEX_POINT ( 'NONE', #523 ) ;
#2337 = LINE ( 'NONE', #2126, #3136 ) ;
#2338 = AXIS2_PLACEMENT_3D ( 'NONE', #1497, #1474, #144 ) ;
#2339 = AXIS2_PLACEMENT_3D ( 'NONE', #1511, #2916, #2363 ) ;
#2340 =( BOUNDED_CURVE ( )  B_SPLINE_CURVE ( 3, ( #1406, #1967, #2793, #3064 ),
 .UNSPECIFIED., .F., .F. ) 
 B_SPLINE_CURVE_WITH_KNOTS ( ( 4, 4 ),
 ( 0.000000000000000000, 0.8304461203713424666 ),
 .UNSPECIFIED. ) 
 CURVE ( )  GEOMETRIC_REPRESENTATION_ITEM ( )  RATIONAL_B_SPLINE_CURVE ( ( 1.000000000000000000, 0.9433509080723008200, 0.9433509080723008200, 1.000000000000000000 ) ) 
 REPRESENTATION_ITEM ( '' )  );
#2341 = LINE ( 'NONE', #1224, #786 ) ;
#2342 = EDGE_CURVE ( 'NONE', #1954, #814, #739, .T. ) ;
#2343 = DIRECTION ( 'NONE',  ( 0.000000000000000000, 0.000000000000000000, -1.000000000000000000 ) ) ;
#2344 = SECURITY_CLASSIFICATION ( '', '', #635 ) ;
#2345 = CARTESIAN_POINT ( 'NONE',  ( -18.13664457374210315, -19.97687848145081446, 25.00000000000000000 ) ) ;
#2346 = FACE_OUTER_BOUND ( 'NONE', #1196, .T. ) ;
#2347 = AXIS2_PLACEMENT_3D ( 'NONE', #1756, #2328, #3426 ) ;
#2348 = EDGE_CURVE ( 'NONE', #1810, #1098, #1365, .T. ) ;
#2349 = CARTESIAN_POINT ( 'NONE',  ( 35.68388081362463282, 25.00000000000001066, 10.35533905932569709 ) ) ;
#2350 = LINE ( 'NONE', #1575, #621 ) ;
#2351 = CARTESIAN_POINT ( 'NONE',  ( -22.74034536924885685, 25.00000000000000355, 14.94953755801487638 ) ) ;
#2352 = AXIS2_PLACEMENT_3D ( 'NONE', #731, #172, #240 ) ;
#2353 = VERTEX_POINT ( 'NONE', #1832 ) ;
#2354 = ADVANCED_FACE ( 'NONE', ( #754 ), #3264, .T. ) ;
#2355 = EDGE_CURVE ( 'NONE', #3392, #1638, #267, .T. ) ;
#2356 = CARTESIAN_POINT ( 'NONE',  ( 24.32173693682673132, 23.80863253003807856, -16.75817008804144592 ) ) ;
#2357 = ORIENTED_EDGE ( 'NONE', *, *, #292, .T. ) ;
#2358 = VERTEX_POINT ( 'NONE', #3468 ) ;
#2359 = CARTESIAN_POINT ( 'NONE',  ( 25.83206531510785098, -15.46476090514740775, -23.88184437057974563 ) ) ;
#2360 = DIRECTION ( 'NONE',  ( 0.000000000000000000, 1.000000000000000000, 0.000000000000000000 ) ) ;
#2361 = EDGE_CURVE ( 'NONE', #607, #1306, #2928, .T. ) ;
#2362 = ORIENTED_EDGE ( 'NONE', *, *, #8, .T. ) ;
#2363 = DIRECTION ( 'NONE',  ( 0.000000000000000000, -0.7071067811865499042, -0.7071067811865451302 ) ) ;
#2364 = CARTESIAN_POINT ( 'NONE',  ( 37.50000000000000711, 22.00000000000000355, -9.112698372208134501 ) ) ;
#2365 = CARTESIAN_POINT ( 'NONE',  ( -22.74034536924425254, 25.00000000000000000, -14.94953755800747608 ) ) ;
#2366 = DIRECTION ( 'NONE',  ( -1.000000000000000000, -0.000000000000000000, 0.000000000000000000 ) ) ;
#2367 = CARTESIAN_POINT ( 'NONE',  ( -47.00000000000000000, -9.112698372208059894, 22.00000000000000355 ) ) ;
#2368 = AXIS2_PLACEMENT_3D ( 'NONE', #2609, #2649, #3185 ) ;
#2369 =( BOUNDED_CURVE ( )  B_SPLINE_CURVE ( 3, ( #1284, #1015, #3408, #2957 ),
 .UNSPECIFIED., .F., .F. ) 
 B_SPLINE_CURVE_WITH_KNOTS ( ( 4, 4 ),
 ( 0.000000000000000000, 0.8304461203713425776 ),
 .UNSPECIFIED. ) 
 CURVE ( )  GEOMETRIC_REPRESENTATION_ITEM ( )  RATIONAL_B_SPLINE_CURVE ( ( 1.000000000000000000, 0.9433509080723008200, 0.9433509080723008200, 1.000000000000000000 ) ) 
 REPRESENTATION_ITEM ( '' )  );
#2370 = DIRECTION ( 'NONE',  ( 0.000000000000000000, 2.312964634635743450E-15, -1.000000000000000000 ) ) ;
#2371 = DIRECTION ( 'NONE',  ( -1.000000000000000000, 0.000000000000000000, 5.551115123125764953E-16 ) ) ;
#2372 = FACE_OUTER_BOUND ( 'NONE', #3375, .T. ) ;
#2373 = ORIENTED_EDGE ( 'NONE', *, *, #2406, .F. ) ;
#2374 = DIRECTION ( 'NONE',  ( 1.000000000000000000, -5.782411586589351722E-16, 0.000000000000000000 ) ) ;
#2375 = ORIENTED_EDGE ( 'NONE', *, *, #3213, .F. ) ;
#2376 = ORIENTED_EDGE ( 'NONE', *, *, #1100, .F. ) ;
#2377 = CARTESIAN_POINT ( 'NONE',  ( 28.99823236640388657, -13.37233269735967589, -24.00028370308832848 ) ) ;
#2378 = CARTESIAN_POINT ( 'NONE',  ( 49.99999999999997868, 9.112698372208058117, -22.00000000000000355 ) ) ;
#2379 = EDGE_CURVE ( 'NONE', #2358, #989, #1357, .T. ) ;
#2380 = VERTEX_POINT ( 'NONE', #570 ) ;
#2381 = DIRECTION ( 'NONE',  ( 0.000000000000000000, 0.7071067811865499042, 0.7071067811865451302 ) ) ;
#2382 = LINE ( 'NONE', #1083, #1974 ) ;
#2383 = FACE_OUTER_BOUND ( 'NONE', #824, .T. ) ;
#2384 = EDGE_CURVE ( 'NONE', #1381, #1085, #1539, .T. ) ;
#2385 = CARTESIAN_POINT ( 'NONE',  ( -29.83244999020259058, -10.52787079273706894, 25.00000000000000000 ) ) ;
#2386 = DIRECTION ( 'NONE',  ( 1.000000000000000000, 0.000000000000000000, 0.000000000000000000 ) ) ;
#2387 = CARTESIAN_POINT ( 'NONE',  ( 22.74034536924884264, 25.00000000000000355, 14.94953755800711370 ) ) ;
#2388 = CARTESIAN_POINT ( 'NONE',  ( 23.85166358376837437, -23.87737041544558991, -15.54380077911610236 ) ) ;
#2389 = ORIENTED_EDGE ( 'NONE', *, *, #1652, .F. ) ;
#2390 = AXIS2_PLACEMENT_3D ( 'NONE', #1755, #2850, #693 ) ;
#2391 = PRODUCT_DEFINITION ( 'UNKNOWN', '', #1774, #1105 ) ;
#2392 = DIRECTION ( 'NONE',  ( 0.000000000000000000, -0.7071067811865474617, -0.7071067811865476838 ) ) ;
#2393 = EDGE_LOOP ( 'NONE', ( #2910, #3177, #155, #660 ) ) ;
#2394 = CARTESIAN_POINT ( 'NONE',  ( -16.82949354222763816, -22.00000000000000355, 22.00000000000000355 ) ) ;
#2395 = CARTESIAN_POINT ( 'NONE',  ( 33.86260519532918067, 25.00000000000000000, -10.63726499476129739 ) ) ;
#2396 = ADVANCED_FACE ( 'NONE', ( #1988 ), #966, .T. ) ;
#2397 = VERTEX_POINT ( 'NONE', #311 ) ;
#2398 = ORIENTED_EDGE ( 'NONE', *, *, #3114, .T. ) ;
#2399 = DIRECTION ( 'NONE',  ( 0.000000000000000000, 1.000000000000000000, 0.000000000000000000 ) ) ;
#2400 = DIRECTION ( 'NONE',  ( 1.000000000000000000, -3.486305596842064505E-32, -5.551115123125764953E-16 ) ) ;
#2401 = CARTESIAN_POINT ( 'NONE',  ( -10.00000000000000000, 0.000000000000000000, 25.00000000000000000 ) ) ;
#2402 = AXIS2_PLACEMENT_3D ( 'NONE', #3020, #2706, #1370 ) ;
#2403 = CARTESIAN_POINT ( 'NONE',  ( 47.00000000000000000, -22.00000000000000355, 9.112698372208130948 ) ) ;
#2404 = CYLINDRICAL_SURFACE ( 'NONE', #2991, 2.999999999999999112 ) ;
#2405 = AXIS2_PLACEMENT_3D ( 'NONE', #2935, #2862, #3183 ) ;
#2406 = EDGE_CURVE ( 'NONE', #340, #1232, #216, .T. ) ;
#2407 = CARTESIAN_POINT ( 'NONE',  ( -21.51127130665956955, -23.63735984684408464, -19.78398749108099963 ) ) ;
#2408 = CARTESIAN_POINT ( 'NONE',  ( 47.00000000000000000, -25.00000000000000000, 25.00000000000000000 ) ) ;
#2409 = CIRCLE ( 'NONE', #2457, 2.999999999999999112 ) ;
#2410 = AXIS2_PLACEMENT_3D ( 'NONE', #3526, #2203, #3263 ) ;
#2411 = LOCAL_TIME ( 20, 11, 33.00000000000000000, #50 ) ;
#2412 = VECTOR ( 'NONE', #3446, 1000.000000000000114 ) ;
#2413 = DIRECTION ( 'NONE',  ( 0.000000000000000000, -1.000000000000000000, 0.000000000000000000 ) ) ;
#2414 = ORIENTED_EDGE ( 'NONE', *, *, #605, .T. ) ;
#2415 = VERTEX_POINT ( 'NONE', #3066 ) ;
#2416 = CARTESIAN_POINT ( 'NONE',  ( -30.37302948602507513, -11.23401871576769651, 24.12132034355964905 ) ) ;
#2417 = ADVANCED_FACE ( 'NONE', ( #21 ), #388, .T. ) ;
#2418 = ORIENTED_EDGE ( 'NONE', *, *, #2197, .T. ) ;
#2419 = CARTESIAN_POINT ( 'NONE',  ( -24.32173693682685567, 16.75817008804710184, -23.80863253003225566 ) ) ;
#2420 = EDGE_CURVE ( 'NONE', #3157, #1029, #2860, .T. ) ;
#2421 = CARTESIAN_POINT ( 'NONE',  ( 19.59262386346026119, -18.14662764424068442, 25.00000000000000000 ) ) ;
#2422 = CIRCLE ( 'NONE', #752, 11.00000000000000000 ) ;
#2423 = CARTESIAN_POINT ( 'NONE',  ( 29.51779302434808372, -9.112698372208059894, 25.00000000000000000 ) ) ;
#2424 = CARTESIAN_POINT ( 'NONE',  ( 47.00000000000000000, 24.12132034355964194, -11.23401871576779243 ) ) ;
#2425 = CARTESIAN_POINT ( 'NONE',  ( -37.50000000000000711, -24.12132034355964549, -11.23401871576773026 ) ) ;
#2426 = CARTESIAN_POINT ( 'NONE',  ( -24.43191315292498089, 13.58291653457882830, 25.00000000000000000 ) ) ;
#2427 = CARTESIAN_POINT ( 'NONE',  ( -29.51779302434808372, 25.00000000000000000, -9.112698372208141606 ) ) ;
#2428 = DIRECTION ( 'NONE',  ( -1.000000000000000000, 0.000000000000000000, -5.551115123125764953E-16 ) ) ;
#2429 = ORIENTED_EDGE ( 'NONE', *, *, #3288, .T. ) ;
#2430 = CARTESIAN_POINT ( 'NONE',  ( -19.04419066270324734, -23.43092918492792975, 23.43092918492794041 ) ) ;
#2431 = EDGE_LOOP ( 'NONE', ( #3304, #2909, #1326, #965 ) ) ;
#2432 = CARTESIAN_POINT ( 'NONE',  ( -19.04419066270326866, 23.43092918492790133, -23.43092918492794396 ) ) ;
#2433 = CARTESIAN_POINT ( 'NONE',  ( 28.57882009854433392, -12.57886458902208027, 25.00000000000000355 ) ) ;
#2434 = LINE ( 'NONE', #847, #1480 ) ;
#2435 = CARTESIAN_POINT ( 'NONE',  ( 47.00000000000000000, 22.00000000000000355, 9.112698372208102526 ) ) ;
#2436 = CYLINDRICAL_SURFACE ( 'NONE', #1481, 3.000000000000000000 ) ;
#2437 = CARTESIAN_POINT ( 'NONE',  ( 10.00000000000000000, 3.673940397442059178E-15, -25.00000000000000000 ) ) ;
#2438 = DIRECTION ( 'NONE',  ( -1.000000000000000000, 0.000000000000000000, 0.000000000000000000 ) ) ;
#2439 = EDGE_CURVE ( 'NONE', #2732, #471, #3352, .T. ) ;
#2440 = CARTESIAN_POINT ( 'NONE',  ( -37.50000000000000711, -11.23401871576773559, -24.12132034355965260 ) ) ;
#2441 = ORIENTED_EDGE ( 'NONE', *, *, #2406, .T. ) ;
#2442 = CARTESIAN_POINT ( 'NONE',  ( 21.51127130665975429, -23.63735984684599245, -19.78398749107891774 ) ) ;
#2443 = CIRCLE ( 'NONE', #3238, 3.000000000000000444 ) ;
#2444 = ORIENTED_EDGE ( 'NONE', *, *, #2384, .T. ) ;
#2445 = CYLINDRICAL_SURFACE ( 'NONE', #2914, 2.999999999999999112 ) ;
#2446 = CARTESIAN_POINT ( 'NONE',  ( 30.65397320554552607, -12.57337832805994182, 24.04550753531371043 ) ) ;
#2447 = VERTEX_POINT ( 'NONE', #3552 ) ;
#2448 = CARTESIAN_POINT ( 'NONE',  ( -34.03986129198169408, -24.10602679056396980, -11.50420481867166167 ) ) ;
#2449 = CIRCLE ( 'NONE', #1991, 2.999999999999999112 ) ;
#2450 = CARTESIAN_POINT ( 'NONE',  ( -19.04419066270324734, -23.43092918492792975, 23.43092918492794041 ) ) ;
#2451 = PLANE ( 'NONE',  #444 ) ;
#2452 = DIRECTION ( 'NONE',  ( 1.000000000000000000, 0.000000000000000000, 1.734723475976805517E-15 ) ) ;
#2453 = PLANE ( 'NONE',  #1786 ) ;
#2454 = AXIS2_PLACEMENT_3D ( 'NONE', #2646, #1568, #198 ) ;
#2455 = AXIS2_PLACEMENT_3D ( 'NONE', #2147, #778, #2213 ) ;
#2456 =( BOUNDED_SURFACE ( )  B_SPLINE_SURFACE ( 3, 2, ( 
 ( #641, #1249, #984 ),
 ( #946, #2056, #1743 ),
 ( #3153, #1174, #2038 ),
 ( #695, #675, #3133 ),
 ( #3368, #1777, #2872 ),
 ( #2890, #425, #1519 ),
 ( #2613, #151, #2351 ),
 ( #1017, #750, #3174 ),
 ( #3191, #2978, #3518 ),
 ( #3465, #2712, #503 ) ),
 .UNSPECIFIED., .F., .F., .F. ) 
 B_SPLINE_SURFACE_WITH_KNOTS ( ( 4, 2, 2, 2, 4 ),
 ( 3, 3 ),
 ( 3.141592653589793116, 3.349204183682628511, 3.556815713775464349, 3.764427243868300188, 3.972038773961135583 ),
 ( 0.000000000000000000, 1.000000000000000000 ),
 .UNSPECIFIED. ) 
 GEOMETRIC_REPRESENTATION_ITEM ( )  RATIONAL_B_SPLINE_SURFACE ( (
 ( 1.000000000000000000, 0.9238795325112867385, 1.000000000000000000),
 ( 1.000000000000000000, 0.9238795325112867385, 1.000000000000000000),
 ( 1.000000000000000000, 0.9225031065365364435, 1.000000000000000000),
 ( 1.000000000000000000, 0.9170198683931004568, 1.000000000000000000),
 ( 1.000000000000000000, 0.9129130246141629046, 1.000000000000000000),
 ( 1.000000000000000000, 0.9020367518872937085, 1.000000000000000000),
 ( 1.000000000000000000, 0.8952672519915099159, 1.000000000000000000),
 ( 1.000000000000000000, 0.8791803030593843271, 1.000000000000000000),
 ( 1.000000000000000000, 0.8698635397551823800, 1.000000000000000000),
 ( 1.000000000000000000, 0.8593533600841909426, 1.000000000000000000) ) ) 
 REPRESENTATION_ITEM ( '' )  SURFACE ( )  );
#2457 = AXIS2_PLACEMENT_3D ( 'NONE', #1695, #136, #339 ) ;
#2458 = CARTESIAN_POINT ( 'NONE',  ( -20.21129770927342051, -23.53931142952403377, 21.51617619707530693 ) ) ;
#2459 = ORIENTED_EDGE ( 'NONE', *, *, #609, .F. ) ;
#2460 = CIRCLE ( 'NONE', #2974, 10.99999999999999822 ) ;
#2461 = PLANE ( 'NONE',  #2068 ) ;
#2462 = ADVANCED_FACE ( 'NONE', ( #2185 ), #820, .T. ) ;
#2463 = VECTOR ( 'NONE', #2237, 1000.000000000000000 ) ;
#2464 = EDGE_LOOP ( 'NONE', ( #611, #1813, #2696, #3039, #1945, #118, #245, #58, #1760, #3214, #279, #1651 ) ) ;
#2465 = ORIENTED_EDGE ( 'NONE', *, *, #504, .F. ) ;
#2466 = FACE_OUTER_BOUND ( 'NONE', #3321, .T. ) ;
#2467 = VERTEX_POINT ( 'NONE', #134 ) ;
#2468 = DIRECTION ( 'NONE',  ( 0.000000000000000000, -0.7071067811865499042, -0.7071067811865451302 ) ) ;
#2469 = AXIS2_PLACEMENT_3D ( 'NONE', #3041, #2160, #3290 ) ;
#2470 = LINE ( 'NONE', #1, #313 ) ;
#2471 = LINE ( 'NONE', #3275, #3088 ) ;
#2472 = DIRECTION ( 'NONE',  ( 0.000000000000000000, 0.000000000000000000, 1.000000000000000000 ) ) ;
#2473 = DIRECTION ( 'NONE',  ( -1.000000000000000000, 0.000000000000000000, 0.000000000000000000 ) ) ;
#2474 = EDGE_CURVE ( 'NONE', #3124, #1858, #1723, .T. ) ;
#2475 = CARTESIAN_POINT ( 'NONE',  ( -10.00000000000000000, -8.000000000000000000, 22.00000000000000000 ) ) ;
#2476 = CARTESIAN_POINT ( 'NONE',  ( -16.82949354222763816, -25.00000000000000355, 22.00000000000000711 ) ) ;
#2477 = ORIENTED_EDGE ( 'NONE', *, *, #352, .T. ) ;
#2478 = CARTESIAN_POINT ( 'NONE',  ( 24.43191315292132870, -25.00000000000000000, -13.58291653457159143 ) ) ;
#2479 = VECTOR ( 'NONE', #3291, 1000.000000000000000 ) ;
#2480 = ORIENTED_EDGE ( 'NONE', *, *, #687, .F. ) ;
#2481 = ORIENTED_EDGE ( 'NONE', *, *, #2102, .F. ) ;
#2482 = CARTESIAN_POINT ( 'NONE',  ( -25.28089044475501979, 14.74614857549439328, -25.00000000000001066 ) ) ;
#2483 = EDGE_CURVE ( 'NONE', #2447, #3069, #2625, .T. ) ;
#2484 = EDGE_CURVE ( 'NONE', #1029, #2467, #2202, .T. ) ;
#2485 = ORIENTED_EDGE ( 'NONE', *, *, #1694, .T. ) ;
#2486 = DIRECTION ( 'NONE',  ( 0.000000000000000000, 0.7071067811865476838, 0.7071067811865474617 ) ) ;
#2487 = DIRECTION ( 'NONE',  ( -1.000000000000000000, -5.551115123125783688E-16, 0.000000000000000000 ) ) ;
#2488 = CARTESIAN_POINT ( 'NONE',  ( -47.00000000000000000, 11.23401871576774802, 24.12132034355964549 ) ) ;
#2489 = CARTESIAN_POINT ( 'NONE',  ( -16.82949354222764171, 25.00000000000000000, -22.00000000000000000 ) ) ;
#2490 = CARTESIAN_POINT ( 'NONE',  ( -10.00000000000000000, 8.000000000000000000, -22.00000000000000355 ) ) ;
#2491 = CARTESIAN_POINT ( 'NONE',  ( -25.83206531510498749, -23.88184437057156018, 15.46476090515741575 ) ) ;
#2492 = ORIENTED_EDGE ( 'NONE', *, *, #2703, .F. ) ;
#2493 = CARTESIAN_POINT ( 'NONE',  ( 33.62464464702325273, -25.00000000000000000, -9.398178028101975556 ) ) ;
#2494 = ORIENTED_EDGE ( 'NONE', *, *, #115, .T. ) ;
#2495 = ORIENTED_EDGE ( 'NONE', *, *, #3314, .T. ) ;
#2496 = CARTESIAN_POINT ( 'NONE',  ( 47.00000000000000000, 22.00000000000000355, -9.112698372208146935 ) ) ;
#2497 = AXIS2_PLACEMENT_3D ( 'NONE', #2888, #1210, #2076 ) ;
#2498 = EDGE_CURVE ( 'NONE', #2894, #1152, #964, .T. ) ;
#2499 = CARTESIAN_POINT ( 'NONE',  ( 28.99823236640481383, 24.00028370309345860, -13.37233269735400043 ) ) ;
#2500 = ORIENTED_EDGE ( 'NONE', *, *, #3399, .T. ) ;
#2501 = DIRECTION ( 'NONE',  ( 0.000000000000000000, 0.7071067811865499042, 0.7071067811865451302 ) ) ;
#2502 = DIRECTION ( 'NONE',  ( 0.000000000000000000, 1.156482317317871725E-15, 1.000000000000000000 ) ) ;
#2503 = DIRECTION ( 'NONE',  ( 1.635512977795592375E-15, 0.7071067811865499042, 0.7071067811865453523 ) ) ;
#2504 = CARTESIAN_POINT ( 'NONE',  ( -24.32173693682944915, -16.75817008804191843, -23.80863253003481717 ) ) ;
#2505 = EDGE_CURVE ( 'NONE', #1780, #3523, #1720, .T. ) ;
#2506 = CARTESIAN_POINT ( 'NONE',  ( -22.74034536924884264, -25.00000000000000355, 14.94953755801491724 ) ) ;
#2507 = EDGE_LOOP ( 'NONE', ( #1394, #1058, #1411 ) ) ;
#2508 = CIRCLE ( 'NONE', #2455, 2.999999999999999556 ) ;
#2509 = CARTESIAN_POINT ( 'NONE',  ( 37.49999999999996447, -24.12132034355964549, -11.23401871576773026 ) ) ;
#2510 = AXIS2_PLACEMENT_3D ( 'NONE', #3486, #1238, #683 ) ;
#2511 = ORIENTED_EDGE ( 'NONE', *, *, #3245, .T. ) ;
#2512 = VERTEX_POINT ( 'NONE', #2816 ) ;
#2513 = CYLINDRICAL_SURFACE ( 'NONE', #674, 24.99999999999999645 ) ;
#2514 = AXIS2_PLACEMENT_3D ( 'NONE', #1962, #1349, #2992 ) ;
#2515 = CIRCLE ( 'NONE', #860, 2.999999999999999112 ) ;
#2516 = FACE_OUTER_BOUND ( 'NONE', #2140, .T. ) ;
#2517 = VERTEX_POINT ( 'NONE', #1231 ) ;
#2518 = LINE ( 'NONE', #906, #787 ) ;
#2519 = CARTESIAN_POINT ( 'NONE',  ( 47.00000000000000000, 22.00000000000000000, 9.112698372208100750 ) ) ;
#2520 = DIRECTION ( 'NONE',  ( 0.000000000000000000, -1.156482317317871725E-15, -1.000000000000000000 ) ) ;
#2521 = DIRECTION ( 'NONE',  ( -0.000000000000000000, -0.000000000000000000, 1.000000000000000000 ) ) ;
#2522 = CARTESIAN_POINT ( 'NONE',  ( 33.86260519532518032, 10.63726499476030796, -24.99999999999658584 ) ) ;
#2523 = CARTESIAN_POINT ( 'NONE',  ( 37.50000000000000711, 9.112698372208100750, 25.00000000000000000 ) ) ;
#2524 = DIRECTION ( 'NONE',  ( 0.000000000000000000, 0.000000000000000000, 1.000000000000000000 ) ) ;
#2525 = AXIS2_PLACEMENT_3D ( 'NONE', #2937, #434, #1242 ) ;
#2526 = ORIENTED_EDGE ( 'NONE', *, *, #386, .F. ) ;
#2527 = CARTESIAN_POINT ( 'NONE',  ( -50.00000000000002132, 24.12132034355965260, -11.23401871576778355 ) ) ;
#2528 = ORIENTED_EDGE ( 'NONE', *, *, #3467, .T. ) ;
#2529 = AXIS2_PLACEMENT_3D ( 'NONE', #2401, #2343, #3168 ) ;
#2530 = VERTEX_POINT ( 'NONE', #113 ) ;
#2531 = CARTESIAN_POINT ( 'NONE',  ( 37.50000000000000711, -11.23401871576772848, -24.12132034355964905 ) ) ;
#2532 = ORIENTED_EDGE ( 'NONE', *, *, #3424, .F. ) ;
#2533 = DIRECTION ( 'NONE',  ( 1.000000000000000000, 0.000000000000000000, 5.551115123125783688E-16 ) ) ;
#2534 = DIRECTION ( 'NONE',  ( -1.000000000000000000, 0.000000000000000000, -0.000000000000000000 ) ) ;
#2535 = APPROVAL_STATUS ( 'not_yet_approved' ) ;
#2536 = DIRECTION ( 'NONE',  ( 0.000000000000000000, 1.000000000000000000, -0.000000000000000000 ) ) ;
#2537 = CARTESIAN_POINT ( 'NONE',  ( -16.82949354222763461, -22.00000000000000355, -22.00000000000000355 ) ) ;
#2538 = DIRECTION ( 'NONE',  ( 1.000000000000000000, 0.000000000000000000, 0.000000000000000000 ) ) ;
#2539 = CARTESIAN_POINT ( 'NONE',  ( -10.00000000000000000, 8.000000000000000000, -22.00000000000000355 ) ) ;
#2540 = DIRECTION ( 'NONE',  ( 0.000000000000000000, 0.7071067811865474617, 0.7071067811865476838 ) ) ;
#2541 = EDGE_LOOP ( 'NONE', ( #1696, #1980, #3106, #985 ) ) ;
#2542 = CARTESIAN_POINT ( 'NONE',  ( -16.82949354222763105, -22.84753612443771331, 24.87779125681018044 ) ) ;
#2543 =( BOUNDED_SURFACE ( )  B_SPLINE_SURFACE ( 3, 2, ( 
 ( #472, #1257, #1564 ),
 ( #1508, #1237, #2661 ),
 ( #661, #1761, #2858 ),
 ( #1491, #2585, #952 ),
 ( #119, #2043, #3140 ),
 ( #1782, #1434, #3092 ),
 ( #630, #1730, #359 ),
 ( #2839, #2563, #100 ),
 ( #373, #1199, #2295 ),
 ( #3395, #414, #3141 ) ),
 .UNSPECIFIED., .F., .F., .F. ) 
 B_SPLINE_SURFACE_WITH_KNOTS ( ( 4, 2, 2, 2, 4 ),
 ( 3, 3 ),
 ( 0.000000000000000000, 0.2076115300928355889, 0.4152230601856711778, 0.6228345902785067389, 0.8304461203713423556 ),
 ( 0.000000000000000000, 1.000000000000000000 ),
 .UNSPECIFIED. ) 
 GEOMETRIC_REPRESENTATION_ITEM ( )  RATIONAL_B_SPLINE_SURFACE ( (
 ( 1.000000000000000000, 0.9238795325112866275, 1.000000000000000000),
 ( 1.000000000000000000, 0.9238802365526148641, 1.000000000000000000),
 ( 1.000000000000000000, 0.9225031065368616279, 1.000000000000000000),
 ( 1.000000000000000000, 0.9170198683927752725, 1.000000000000000000),
 ( 1.000000000000000000, 0.9129130246142788119, 1.000000000000000000),
 ( 1.000000000000000000, 0.9020367518871778012, 1.000000000000000000),
 ( 1.000000000000000000, 0.8952672519916925475, 1.000000000000000000),
 ( 1.000000000000000000, 0.8791803030592021395, 1.000000000000000000),
 ( 1.000000000000000000, 0.8698635397553192705, 1.000000000000000000),
 ( 1.000000000000000000, 0.8593533600841906095, 1.000000000000000000) ) ) 
 REPRESENTATION_ITEM ( '' )  SURFACE ( )  );
#2544 = EDGE_LOOP ( 'NONE', ( #260, #1269, #905, #2783 ) ) ;
#2545 = ORIENTED_EDGE ( 'NONE', *, *, #2384, .F. ) ;
#2546 = DIRECTION ( 'NONE',  ( -0.9099284479795602953, 0.000000000000000000, -0.4147652583781681335 ) ) ;
#2547 = ORIENTED_EDGE ( 'NONE', *, *, #3076, .F. ) ;
#2548 = FACE_OUTER_BOUND ( 'NONE', #14, .T. ) ;
#2549 = CARTESIAN_POINT ( 'NONE',  ( -19.04419066270324734, -23.43092918492793331, -23.43092918492793686 ) ) ;
#2550 = PERSON_AND_ORGANIZATION ( #796, #390 ) ;
#2551 = DIRECTION ( 'NONE',  ( 0.8399349719120053903, 0.5426870580354563600, 0.000000000000000000 ) ) ;
#2552 = CYLINDRICAL_SURFACE ( 'NONE', #332, 24.99999999999999645 ) ;
#2553 = CARTESIAN_POINT ( 'NONE',  ( -47.00000000000000000, -22.00000000000000355, -9.112698372208113184 ) ) ;
#2554 = EDGE_CURVE ( 'NONE', #676, #2168, #2515, .T. ) ;
#2555 = CARTESIAN_POINT ( 'NONE',  ( -50.00000000000002132, -11.23401871576768585, 24.12132034355965970 ) ) ;
#2556 = CARTESIAN_POINT ( 'NONE',  ( -10.00000000000000000, -8.000000000000000000, 22.00000000000000000 ) ) ;
#2557 = ORIENTED_EDGE ( 'NONE', *, *, #1932, .T. ) ;
#2558 = AXIS2_PLACEMENT_3D ( 'NONE', #2737, #517, #2993 ) ;
#2559 = AXIS2_PLACEMENT_3D ( 'NONE', #2017, #2252, #2551 ) ;
#2560 = ORIENTED_EDGE ( 'NONE', *, *, #2986, .F. ) ;
#2561 = ORIENTED_EDGE ( 'NONE', *, *, #2474, .F. ) ;
#2562 = CARTESIAN_POINT ( 'NONE',  ( 37.50000000000000711, -9.112698372208086539, -25.00000000000000355 ) ) ;
#2563 = CARTESIAN_POINT ( 'NONE',  ( 20.81825009608897759, 19.22081494768371357, 25.00000000000393285 ) ) ;
#2564 = CIRCLE ( 'NONE', #1361, 2.999999999999999112 ) ;
#2565 =( BOUNDED_CURVE ( )  B_SPLINE_CURVE ( 3, ( #436, #691, #2939, #3223 ),
 .UNSPECIFIED., .F., .F. ) 
 B_SPLINE_CURVE_WITH_KNOTS ( ( 4, 4 ),
 ( 5.452739186808243765, 6.283185307179586232 ),
 .UNSPECIFIED. ) 
 CURVE ( )  GEOMETRIC_REPRESENTATION_ITEM ( )  RATIONAL_B_SPLINE_CURVE ( ( 1.000000000000000000, 0.9433509080723008200, 0.9433509080723008200, 1.000000000000000000 ) ) 
 REPRESENTATION_ITEM ( '' )  );
#2566 = AXIS2_PLACEMENT_3D ( 'NONE', #803, #2658, #1902 ) ;
#2567 = EDGE_CURVE ( 'NONE', #1398, #1563, #1484, .T. ) ;
#2568 = EDGE_LOOP ( 'NONE', ( #2731, #2557, #1454, #2362 ) ) ;
#2569 = DIRECTION ( 'NONE',  ( 0.000000000000000000, 0.000000000000000000, 1.000000000000000000 ) ) ;
#2570 = AXIS2_PLACEMENT_3D ( 'NONE', #2270, #2005, #927 ) ;
#2571 =( GEOMETRIC_REPRESENTATION_CONTEXT ( 3 ) GLOBAL_UNCERTAINTY_ASSIGNED_CONTEXT ( ( #1642 ) ) GLOBAL_UNIT_ASSIGNED_CONTEXT ( ( #1896, #2251, #2268 ) ) REPRESENTATION_CONTEXT ( 'NONE', 'WORKASPACE' ) );
#2572 = AXIS2_PLACEMENT_3D ( 'NONE', #108, #1737, #3128 ) ;
#2573 = CARTESIAN_POINT ( 'NONE',  ( 24.32173693682555538, -23.80863253003096247, 16.75817008804975927 ) ) ;
#2574 = PERSON_AND_ORGANIZATION ( #796, #390 ) ;
#2575 = CARTESIAN_POINT ( 'NONE',  ( -47.00000000000000000, -22.00000000000000355, -9.112698372208113184 ) ) ;
#2576 = CARTESIAN_POINT ( 'NONE',  ( -37.50000000000000711, 7.322330470336313013, -42.67766952966369587 ) ) ;
#2577 = CARTESIAN_POINT ( 'NONE',  ( 33.62464464701998423, 9.398178028108462811, -25.00000000000000355 ) ) ;
#2578 = CARTESIAN_POINT ( 'NONE',  ( 28.99823236640480317, 24.00028370309346926, 13.37233269735396490 ) ) ;
#2579 = DIRECTION ( 'NONE',  ( -1.000000000000000000, -1.734723475976807341E-16, 0.000000000000000000 ) ) ;
#2580 = CARTESIAN_POINT ( 'NONE',  ( -19.04419066270325089, 23.43092918492792975, -23.43092918492794041 ) ) ;
#2581 = ORIENTED_EDGE ( 'NONE', *, *, #1461, .T. ) ;
#2582 = SPHERICAL_SURFACE ( 'NONE', #850, 3.000000000000000000 ) ;
#2583 = VERTEX_POINT ( 'NONE', #73 ) ;
#2584 = ORIENTED_EDGE ( 'NONE', *, *, #2554, .F. ) ;
#2585 = CARTESIAN_POINT ( 'NONE',  ( 30.31488166380468385, 11.74582625983837580, 25.00000000000000355 ) ) ;
#2586 = CARTESIAN_POINT ( 'NONE',  ( 16.82949354222763816, 22.00000000000000355, 22.00000000000000355 ) ) ;
#2587 = EDGE_CURVE ( 'NONE', #1858, #3054, #797, .T. ) ;
#2588 = EDGE_LOOP ( 'NONE', ( #1710, #2645, #3266, #2155 ) ) ;
#2589 = CARTESIAN_POINT ( 'NONE',  ( -47.00000000000000000, -22.00000000000000355, 9.112698372208143383 ) ) ;
#2590 = DIRECTION ( 'NONE',  ( -2.044391222244497273E-15, 0.7071067811865475727, -0.7071067811865475727 ) ) ;
#2591 = APPLICATION_PROTOCOL_DEFINITION ( 'international standard', 'config_control_design', 1994, #2896 ) ;
#2592 = CARTESIAN_POINT ( 'NONE',  ( -25.28089044476186942, 25.00000000000000000, -14.74614857549819824 ) ) ;
#2593 = DIRECTION ( 'NONE',  ( 0.000000000000000000, 1.000000000000000000, -0.000000000000000000 ) ) ;
#2594 = CARTESIAN_POINT ( 'NONE',  ( 50.00000000000000711, -9.112698372208086539, -25.00000000000000000 ) ) ;
#2595 = CARTESIAN_POINT ( 'NONE',  ( 25.83206531510687753, 23.88184437057460485, 15.46476090515315960 ) ) ;
#2596 = ADVANCED_FACE ( 'NONE', ( #931 ), #3119, .T. ) ;
#2597 = FACE_OUTER_BOUND ( 'NONE', #1400, .T. ) ;
#2598 = ORIENTED_EDGE ( 'NONE', *, *, #2674, .F. ) ;
#2599 = FACE_OUTER_BOUND ( 'NONE', #2333, .T. ) ;
#2600 = ORIENTED_EDGE ( 'NONE', *, *, #2296, .T. ) ;
#2601 = ORIENTED_EDGE ( 'NONE', *, *, #2498, .F. ) ;
#2602 = CARTESIAN_POINT ( 'NONE',  ( 33.62464464701999844, -9.398178028108491233, -25.00000000000000355 ) ) ;
#2603 = DIRECTION ( 'NONE',  ( 0.000000000000000000, 3.469446951953615372E-15, -1.000000000000000000 ) ) ;
#2604 = ORIENTED_EDGE ( 'NONE', *, *, #1467, .F. ) ;
#2605 = DIRECTION ( 'NONE',  ( -1.156482317317871725E-15, 0.000000000000000000, -1.000000000000000000 ) ) ;
#2606 = ADVANCED_FACE ( 'NONE', ( #3427 ), #1212, .T. ) ;
#2607 = ADVANCED_FACE ( 'NONE', ( #2597 ), #2456, .T. ) ;
#2608 = CARTESIAN_POINT ( 'NONE',  ( 34.03986129198443678, -24.10602679056401954, 11.50420481867086053 ) ) ;
#2609 = CARTESIAN_POINT ( 'NONE',  ( -37.50000000000000711, -22.00000000000000355, -9.112698372208097197 ) ) ;
#2610 = DIRECTION ( 'NONE',  ( 0.000000000000000000, 1.000000000000000000, 0.000000000000000000 ) ) ;
#2611 = CARTESIAN_POINT ( 'NONE',  ( 35.56226491857050576, 25.00000000000000355, 9.112698372208093645 ) ) ;
#2612 = DIRECTION ( 'NONE',  ( -0.5426870580354584694, -0.8399349719120040580, 0.000000000000000000 ) ) ;
#2613 = CARTESIAN_POINT ( 'NONE',  ( -24.32173693682555538, 23.80863253003096602, 16.75817008804973085 ) ) ;
#2614 = ORIENTED_EDGE ( 'NONE', *, *, #784, .T. ) ;
#2615 = EDGE_CURVE ( 'NONE', #1688, #3523, #1002, .T. ) ;
#2616 = CARTESIAN_POINT ( 'NONE',  ( 30.65397320554161809, 24.04550753532058138, -12.57337832805431077 ) ) ;
#2617 = EDGE_LOOP ( 'NONE', ( #1545, #524, #2834 ) ) ;
#2618 = ORIENTED_EDGE ( 'NONE', *, *, #2483, .F. ) ;
#2619 = FACE_OUTER_BOUND ( 'NONE', #1386, .T. ) ;
#2620 = ORIENTED_EDGE ( 'NONE', *, *, #1014, .T. ) ;
#2621 = DIRECTION ( 'NONE',  ( -1.000000000000000000, -0.000000000000000000, 1.156482317317871725E-15 ) ) ;
#2622 = ADVANCED_FACE ( 'NONE', ( #1614 ), #1268, .T. ) ;
#2623 = CIRCLE ( 'NONE', #89, 2.999999999999999112 ) ;
#2624 = ADVANCED_FACE ( 'NONE', ( #484 ), #1339, .F. ) ;
#2625 = CIRCLE ( 'NONE', #3373, 3.000000000000000000 ) ;
#2626 = CARTESIAN_POINT ( 'NONE',  ( 37.50000000000000711, -25.00000000000000355, 10.35533905932743615 ) ) ;
#2627 = CARTESIAN_POINT ( 'NONE',  ( -10.00000000000000000, -11.00000000000000000, -22.00000000000000355 ) ) ;
#2628 = AXIS2_PLACEMENT_3D ( 'NONE', #502, #424, #2612 ) ;
#2629 = CARTESIAN_POINT ( 'NONE',  ( 50.00000000000000000, -22.00000000000000355, -22.00000000000000355 ) ) ;
#2630 = FACE_OUTER_BOUND ( 'NONE', #2222, .T. ) ;
#2631 = VECTOR ( 'NONE', #2955, 1000.000000000000114 ) ;
#2632 = DIRECTION ( 'NONE',  ( 1.000000000000000000, -0.000000000000000000, -0.000000000000000000 ) ) ;
#2633 = EDGE_CURVE ( 'NONE', #3301, #82, #2865, .T. ) ;
#2634 = DIRECTION ( 'NONE',  ( -1.000000000000000000, 0.000000000000000000, 0.000000000000000000 ) ) ;
#2635 = CYLINDRICAL_SURFACE ( 'NONE', #2174, 2.999999999999999112 ) ;
#2636 = ORIENTED_EDGE ( 'NONE', *, *, #806, .F. ) ;
#2637 = ADVANCED_FACE ( 'NONE', ( #781 ), #1557, .T. ) ;
#2638 = ADVANCED_FACE ( 'NONE', ( #2372 ), #1576, .T. ) ;
#2639 = DIRECTION ( 'NONE',  ( -1.000000000000000000, 0.000000000000000000, 0.000000000000000000 ) ) ;
#2640 = ORIENTED_EDGE ( 'NONE', *, *, #1331, .F. ) ;
#2641 = EDGE_LOOP ( 'NONE', ( #1920, #1795, #1522, #276 ) ) ;
#2642 = CARTESIAN_POINT ( 'NONE',  ( 29.83244999020650212, -10.52787079273797310, -25.00000000000000355 ) ) ;
#2643 = LINE ( 'NONE', #992, #791 ) ;
#2644 = APPLICATION_CONTEXT ( 'configuration controlled 3d designs of mechanical parts and assemblies' ) ;
#2645 = ORIENTED_EDGE ( 'NONE', *, *, #437, .T. ) ;
#2646 = CARTESIAN_POINT ( 'NONE',  ( -47.00000000000000000, -9.443650813896097063, -40.55634918610403616 ) ) ;
#2647 = AXIS2_PLACEMENT_3D ( 'NONE', #1889, #525, #2985 ) ;
#2648 = DIRECTION ( 'NONE',  ( 0.000000000000000000, 0.7071067811865499042, 0.7071067811865451302 ) ) ;
#2649 = DIRECTION ( 'NONE',  ( -1.000000000000000000, -0.000000000000000000, 0.000000000000000000 ) ) ;
#2650 = CARTESIAN_POINT ( 'NONE',  ( -28.57882009854764149, -12.57886458900405202, 25.00000000000000355 ) ) ;
#2651 = DIRECTION ( 'NONE',  ( -0.000000000000000000, -0.000000000000000000, 1.000000000000000000 ) ) ;
#2652 = AXIS2_PLACEMENT_3D ( 'NONE', #2250, #3075, #2267 ) ;
#2653 = CARTESIAN_POINT ( 'NONE',  ( -50.00000000000000000, -22.00000000000000355, -9.112698372208113184 ) ) ;
#2654 = SPHERICAL_SURFACE ( 'NONE', #2628, 3.000000000000000000 ) ;
#2655 = CARTESIAN_POINT ( 'NONE',  ( -47.00000000000000000, 22.00000000000000355, 25.00000000000000000 ) ) ;
#2656 = ORIENTED_EDGE ( 'NONE', *, *, #2875, .F. ) ;
#2657 = EDGE_CURVE ( 'NONE', #814, #2861, #3534, .T. ) ;
#2658 = DIRECTION ( 'NONE',  ( 0.000000000000000000, -0.000000000000000000, 1.000000000000000000 ) ) ;
#2659 = ORIENTED_EDGE ( 'NONE', *, *, #306, .F. ) ;
#2660 = ORIENTED_EDGE ( 'NONE', *, *, #2876, .F. ) ;
#2661 = CARTESIAN_POINT ( 'NONE',  ( 35.56226491856771332, 9.112698372208093645, 25.00000000000000000 ) ) ;
#2662 = CARTESIAN_POINT ( 'NONE',  ( 16.82949354222763816, -22.00000000000000355, -22.00000000000000355 ) ) ;
#2663 = EDGE_LOOP ( 'NONE', ( #2042, #1452, #774 ) ) ;
#2664 = CYLINDRICAL_SURFACE ( 'NONE', #3313, 8.000000000000000000 ) ;
#2665 = ADVANCED_FACE ( 'NONE', ( #522 ), #2078, .T. ) ;
#2666 = FACE_OUTER_BOUND ( 'NONE', #559, .T. ) ;
#2667 = CARTESIAN_POINT ( 'NONE',  ( -50.00000000000000000, 0.000000000000000000, 0.000000000000000000 ) ) ;
#2668 = CARTESIAN_POINT ( 'NONE',  ( -47.00000000000000000, 11.23401871576769295, -24.12132034355965260 ) ) ;
#2669 = DIRECTION ( 'NONE',  ( -1.000000000000000000, -1.734723475976807094E-16, -0.000000000000000000 ) ) ;
#2670 = CARTESIAN_POINT ( 'NONE',  ( -33.62464464701692890, -25.00000000000000000, -9.398178028109407833 ) ) ;
#2671 = DIRECTION ( 'NONE',  ( 0.4006291549168349841, 0.8789161044352991059, 0.2588489165418719207 ) ) ;
#2672 = ORIENTED_EDGE ( 'NONE', *, *, #3114, .F. ) ;
#2673 = AXIS2_PLACEMENT_3D ( 'NONE', #2689, #1846, #1371 ) ;
#2674 = EDGE_CURVE ( 'NONE', #1381, #3392, #1809, .T. ) ;
#2675 = CARTESIAN_POINT ( 'NONE',  ( -10.00000000000000000, 0.000000000000000000, 22.00000000000000000 ) ) ;
#2676 = ORIENTED_EDGE ( 'NONE', *, *, #723, .F. ) ;
#2677 = ORIENTED_EDGE ( 'NONE', *, *, #886, .T. ) ;
#2678 = CARTESIAN_POINT ( 'NONE',  ( 28.57882009854834493, -25.00000000000000000, -12.57886458902003390 ) ) ;
#2679 = EDGE_CURVE ( 'NONE', #1688, #1586, #518, .T. ) ;
#2680 = EDGE_LOOP ( 'NONE', ( #2837, #121, #1018, #1197 ) ) ;
#2681 = ORIENTED_EDGE ( 'NONE', *, *, #812, .F. ) ;
#2682 = CARTESIAN_POINT ( 'NONE',  ( -29.83244999020650212, 10.52787079274480853, -25.00000000000000355 ) ) ;
#2683 = CARTESIAN_POINT ( 'NONE',  ( 29.83244999020988075, -10.52787079274453497, 25.00000000000000000 ) ) ;
#2684 = AXIS2_PLACEMENT_3D ( 'NONE', #543, #813, #1606 ) ;
#2685 = CIRCLE ( 'NONE', #1076, 3.000000000000000888 ) ;
#2686 = CARTESIAN_POINT ( 'NONE',  ( 16.82949354222763461, -22.00000000000000355, 25.00000000000000000 ) ) ;
#2687 = CARTESIAN_POINT ( 'NONE',  ( 16.82949354222763816, 25.00000000000000000, 22.00000000000000355 ) ) ;
#2688 = AXIS2_PLACEMENT_3D ( 'NONE', #3341, #1198, #843 ) ;
#2689 = CARTESIAN_POINT ( 'NONE',  ( -16.82949354222763816, -22.00000000000000355, -22.00000000000000355 ) ) ;
#2690 = DIRECTION ( 'NONE',  ( 1.000000000000000000, 0.000000000000000000, 0.000000000000000000 ) ) ;
#2691 = DIRECTION ( 'NONE',  ( -5.782411586589358822E-15, 0.000000000000000000, 1.000000000000000000 ) ) ;
#2692 = CARTESIAN_POINT ( 'NONE',  ( 50.00000000000000000, -15.55634918610404327, -15.55634918610404682 ) ) ;
#2693 = AXIS2_PLACEMENT_3D ( 'NONE', #2537, #958, #3079 ) ;
#2694 = AXIS2_PLACEMENT_3D ( 'NONE', #2151, #2428, #189 ) ;
#2695 = DIRECTION ( 'NONE',  ( 0.000000000000000000, 0.000000000000000000, 1.000000000000000000 ) ) ;
#2696 = ORIENTED_EDGE ( 'NONE', *, *, #2782, .T. ) ;
#2697 = EDGE_LOOP ( 'NONE', ( #571, #1656, #215, #137 ) ) ;
#2698 = CC_DESIGN_PERSON_AND_ORGANIZATION_ASSIGNMENT ( #1499, #3126, ( #1774 ) ) ;
#2699 = DIRECTION ( 'NONE',  ( -1.000000000000000000, 0.000000000000000000, 4.047688110612546206E-15 ) ) ;
#2700 = ORIENTED_EDGE ( 'NONE', *, *, #3231, .T. ) ;
#2701 = DIRECTION ( 'NONE',  ( -0.8399349719120027258, -0.5426870580354606899, 0.000000000000000000 ) ) ;
#2702 = CARTESIAN_POINT ( 'NONE',  ( -16.82949354222763816, 22.00000000000000355, 22.00000000000000355 ) ) ;
#2703 = EDGE_CURVE ( 'NONE', #2512, #1817, #2906, .T. ) ;
#2704 = CIRCLE ( 'NONE', #2469, 3.000000000000000444 ) ;
#2705 = DIRECTION ( 'NONE',  ( 0.000000000000000000, 0.000000000000000000, -1.000000000000000000 ) ) ;
#2706 = DIRECTION ( 'NONE',  ( -1.000000000000000000, 0.000000000000000000, -0.000000000000000000 ) ) ;
#2707 = VECTOR ( 'NONE', #59, 1000.000000000000000 ) ;
#2708 = DIRECTION ( 'NONE',  ( 1.000000000000000000, 5.551115123125802424E-16, -0.000000000000000000 ) ) ;
#2709 = FACE_OUTER_BOUND ( 'NONE', #3456, .T. ) ;
#2710 = CARTESIAN_POINT ( 'NONE',  ( 50.00000000000000000, 25.00000000000000000, 25.00000000000000000 ) ) ;
#2711 = TOROIDAL_SURFACE ( 'NONE', #1153, 11.00000000000000000, 3.000000000000000000 ) ;
#2712 = CARTESIAN_POINT ( 'NONE',  ( -18.32897391849435564, 25.00000000000001066, 22.96882332703168217 ) ) ;
#2713 = FACE_OUTER_BOUND ( 'NONE', #1911, .T. ) ;
#2714 = ORIENTED_EDGE ( 'NONE', *, *, #2984, .T. ) ;
#2715 = FACE_OUTER_BOUND ( 'NONE', #1958, .T. ) ;
#2716 = EDGE_CURVE ( 'NONE', #2380, #1345, #1882, .T. ) ;
#2717 = ORIENTED_EDGE ( 'NONE', *, *, #3220, .F. ) ;
#2718 = CARTESIAN_POINT ( 'NONE',  ( 16.82949354222764171, 22.00000000000000355, 22.00000000000000355 ) ) ;
#2719 = CARTESIAN_POINT ( 'NONE',  ( -10.00000000000000000, 11.00000000000000000, -22.00000000000000355 ) ) ;
#2720 = CARTESIAN_POINT ( 'NONE',  ( 47.00000000000000000, -25.00000000000000000, 9.112698372208125619 ) ) ;
#2721 = SPHERICAL_SURFACE ( 'NONE', #526, 3.000000000000000000 ) ;
#2722 = CARTESIAN_POINT ( 'NONE',  ( -24.43191315291967669, -25.00000000000000000, -13.58291653457855297 ) ) ;
#2723 = LINE ( 'NONE', #270, #1540 ) ;
#2724 = DIRECTION ( 'NONE',  ( 0.000000000000000000, -0.7071067811865454633, 0.7071067811865495711 ) ) ;
#2725 = ADVANCED_FACE ( 'NONE', ( #2959 ), #2635, .T. ) ;
#2726 = CARTESIAN_POINT ( 'NONE',  ( -20.21129770927552016, -21.51617619707183948, -23.53931142952423272 ) ) ;
#2727 = CARTESIAN_POINT ( 'NONE',  ( -35.56226491857312766, 25.00000000000000000, -9.112698372208141606 ) ) ;
#2728 = EDGE_CURVE ( 'NONE', #976, #3069, #3145, .T. ) ;
#2729 = ADVANCED_FACE ( 'NONE', ( #1374 ), #20, .F. ) ;
#2730 = CARTESIAN_POINT ( 'NONE',  ( -16.82949354222763105, 22.00000000000000711, -22.00000000000000355 ) ) ;
#2731 = ORIENTED_EDGE ( 'NONE', *, *, #2827, .T. ) ;
#2732 = VERTEX_POINT ( 'NONE', #538 ) ;
#2733 = DIRECTION ( 'NONE',  ( 0.000000000000000000, 0.000000000000000000, 1.000000000000000000 ) ) ;
#2734 = CARTESIAN_POINT ( 'NONE',  ( 16.82949354222763461, -22.00000000000001421, 25.00000000000000000 ) ) ;
#2735 = ORIENTED_EDGE ( 'NONE', *, *, #1542, .F. ) ;
#2736 = CARTESIAN_POINT ( 'NONE',  ( -22.21386321382058782, -13.66643036367050001, 25.00000000000000000 ) ) ;
#2737 = CARTESIAN_POINT ( 'NONE',  ( 49.99999999999999289, 22.00000000000000355, 9.112698372208051012 ) ) ;
#2738 = FACE_OUTER_BOUND ( 'NONE', #2157, .T. ) ;
#2739 = AXIS2_PLACEMENT_3D ( 'NONE', #1405, #3328, #2520 ) ;
#2740 = CARTESIAN_POINT ( 'NONE',  ( -23.85166358376838502, -23.87737041544557925, 15.54380077911613611 ) ) ;
#2741 = CARTESIAN_POINT ( 'NONE',  ( -50.00000000000000000, 9.112698372208059894, -22.00000000000000355 ) ) ;
#2742 = CARTESIAN_POINT ( 'NONE',  ( -23.71167745532895665, -16.09257051417283790, -25.00000000000000355 ) ) ;
#2743 = CIRCLE ( 'NONE', #511, 11.00000000000000000 ) ;
#2744 = AXIS2_PLACEMENT_3D ( 'NONE', #3057, #1708, #2786 ) ;
#2745 = DIRECTION ( 'NONE',  ( 0.000000000000000000, 0.000000000000000000, 1.000000000000000000 ) ) ;
#2746 = ORIENTED_EDGE ( 'NONE', *, *, #3007, .T. ) ;
#2747 = CARTESIAN_POINT ( 'NONE',  ( 25.28089044475498071, -24.99999999999999645, -14.74614857548877289 ) ) ;
#2748 = AXIS2_PLACEMENT_3D ( 'NONE', #2815, #351, #2055 ) ;
#2749 = ORIENTED_EDGE ( 'NONE', *, *, #859, .F. ) ;
#2750 = EDGE_LOOP ( 'NONE', ( #529, #1273, #3340, #2205, #3073 ) ) ;
#2751 = CARTESIAN_POINT ( 'NONE',  ( -28.99823236640786561, 13.37233269735296481, -24.00028370309252423 ) ) ;
#2752 = VERTEX_POINT ( 'NONE', #1068 ) ;
#2753 = LINE ( 'NONE', #1639, #1773 ) ;
#2754 = CARTESIAN_POINT ( 'NONE',  ( 50.00000000000000711, -9.112698372208040354, 22.00000000000000355 ) ) ;
#2755 = CARTESIAN_POINT ( 'NONE',  ( 49.99999999999999289, -9.112698372208051012, -22.00000000000000355 ) ) ;
#2756 = CC_DESIGN_PERSON_AND_ORGANIZATION_ASSIGNMENT ( #3077, #325, ( #1713 ) ) ;
#2757 = CARTESIAN_POINT ( 'NONE',  ( 50.00000000000000711, -9.112698372208086539, -22.00000000000000355 ) ) ;
#2758 = DIRECTION ( 'NONE',  ( -0.5426870580354584694, 0.8399349719120040580, 0.000000000000000000 ) ) ;
#2759 = CARTESIAN_POINT ( 'NONE',  ( -30.65397320553872618, -12.57337832805597699, -24.04550753531971807 ) ) ;
#2760 = CARTESIAN_POINT ( 'NONE',  ( -35.68388219759663116, 25.00000000000000355, -10.35533905932239129 ) ) ;
#2761 = CARTESIAN_POINT ( 'NONE',  ( -24.43191315291966959, -25.00000000000000355, 13.58291653458584669 ) ) ;
#2762 = ORIENTED_EDGE ( 'NONE', *, *, #1430, .T. ) ;
#2763 = EDGE_CURVE ( 'NONE', #1071, #2808, #626, .T. ) ;
#2764 = DIRECTION ( 'NONE',  ( 0.000000000000000000, 1.000000000000000000, -0.000000000000000000 ) ) ;
#2765 = CIRCLE ( 'NONE', #1385, 2.999999999999999112 ) ;
#2766 = EDGE_CURVE ( 'NONE', #783, #227, #3500, .T. ) ;
#2767 = ORIENTED_EDGE ( 'NONE', *, *, #301, .F. ) ;
#2768 = ORIENTED_EDGE ( 'NONE', *, *, #2855, .T. ) ;
#2769 = DIRECTION ( 'NONE',  ( 1.000000000000000000, 0.000000000000000000, -0.000000000000000000 ) ) ;
#2770 = AXIS2_PLACEMENT_3D ( 'NONE', #1612, #1322, #287 ) ;
#2771 = EDGE_CURVE ( 'NONE', #3121, #2530, #3300, .T. ) ;
#2772 = ORIENTED_EDGE ( 'NONE', *, *, #350, .T. ) ;
#2773 = CARTESIAN_POINT ( 'NONE',  ( 50.00000000000002132, 9.112698372208003050, -25.00000000000000000 ) ) ;
#2774 = DIRECTION ( 'NONE',  ( -0.5426870580354580254, 0.000000000000000000, -0.8399349719120042801 ) ) ;
#2775 = DIRECTION ( 'NONE',  ( -0.000000000000000000, 0.7071067811865499042, 0.7071067811865451302 ) ) ;
#2776 = SPHERICAL_SURFACE ( 'NONE', #1440, 3.000000000000000000 ) ;
#2777 = CARTESIAN_POINT ( 'NONE',  ( -24.43191315291966959, -13.58291653457855475, -25.00000000000000355 ) ) ;
#2778 = LINE ( 'NONE', #1686, #3439 ) ;
#2779 = CARTESIAN_POINT ( 'NONE',  ( -37.49999999999997868, -24.12132034355964194, 11.23401871576779243 ) ) ;
#2780 = ORIENTED_EDGE ( 'NONE', *, *, #2633, .T. ) ;
#2781 = DIRECTION ( 'NONE',  ( 0.000000000000000000, -1.000000000000000000, 0.000000000000000000 ) ) ;
#2782 = EDGE_CURVE ( 'NONE', #1778, #2857, #3549, .T. ) ;
#2783 = ORIENTED_EDGE ( 'NONE', *, *, #2984, .F. ) ;
#2784 = ORIENTED_EDGE ( 'NONE', *, *, #2814, .T. ) ;
#2785 = CARTESIAN_POINT ( 'NONE',  ( 37.50000000000000711, 25.00000000000000000, -9.112698372208134501 ) ) ;
#2786 = DIRECTION ( 'NONE',  ( 0.000000000000000000, 1.000000000000000000, 0.000000000000000000 ) ) ;
#2787 = ADVANCED_FACE ( 'NONE', ( #2999 ), #491, .T. ) ;
#2788 = ORIENTED_EDGE ( 'NONE', *, *, #3155, .F. ) ;
#2789 = CARTESIAN_POINT ( 'NONE',  ( -16.82949354222763461, -22.00000000000000355, 22.00000000000000355 ) ) ;
#2790 = EDGE_CURVE ( 'NONE', #1869, #1674, #2340, .T. ) ;
#2791 = CARTESIAN_POINT ( 'NONE',  ( 18.00000000000000355, 3.673940397442059178E-15, -22.00000000000000355 ) ) ;
#2792 = CARTESIAN_POINT ( 'NONE',  ( -49.99999999999999289, 11.23401871576769651, -24.12132034355965260 ) ) ;
#2793 = CARTESIAN_POINT ( 'NONE',  ( 23.85166358376838147, -15.54380077911607749, 23.87737041544558991 ) ) ;
#2794 = CARTESIAN_POINT ( 'NONE',  ( 50.00000000000000000, 25.00000000000000000, -22.00000000000000000 ) ) ;
#2795 = CARTESIAN_POINT ( 'NONE',  ( -37.50000000000000711, 22.00000000000000355, 9.112698372208109632 ) ) ;
#2796 = VERTEX_POINT ( 'NONE', #2490 ) ;
#2797 = VECTOR ( 'NONE', #341, 1000.000000000000000 ) ;
#2798 = CARTESIAN_POINT ( 'NONE',  ( 35.68388219759160762, -25.00000000000000000, -10.35533905933409748 ) ) ;
#2799 = VECTOR ( 'NONE', #3389, 1000.000000000000000 ) ;
#2800 = AXIS2_PLACEMENT_3D ( 'NONE', #3226, #749, #3464 ) ;
#2801 =( BOUNDED_CURVE ( )  B_SPLINE_CURVE ( 3, ( #274, #1375, #837, #3028 ),
 .UNSPECIFIED., .F., .F. ) 
 B_SPLINE_CURVE_WITH_KNOTS ( ( 4, 4 ),
 ( 2.311146533218450649, 3.141592653589793116 ),
 .UNSPECIFIED. ) 
 CURVE ( )  GEOMETRIC_REPRESENTATION_ITEM ( )  RATIONAL_B_SPLINE_CURVE ( ( 1.000000000000000000, 0.9433509080723008200, 0.9433509080723008200, 1.000000000000000000 ) ) 
 REPRESENTATION_ITEM ( '' )  );
#2802 = ORIENTED_EDGE ( 'NONE', *, *, #3335, .T. ) ;
#2803 = EDGE_LOOP ( 'NONE', ( #884, #3085, #1146, #1274 ) ) ;
#2804 = CARTESIAN_POINT ( 'NONE',  ( -22.21386321382058426, -25.00000000000000000, -13.66643036367052133 ) ) ;
#2805 = CIRCLE ( 'NONE', #2748, 2.999999999999999112 ) ;
#2806 = AXIS2_PLACEMENT_3D ( 'NONE', #2116, #2944, #206 ) ;
#2807 = CARTESIAN_POINT ( 'NONE',  ( 20.21129770927749547, 23.53931142951943301, -21.51617619707359452 ) ) ;
#2808 = VERTEX_POINT ( 'NONE', #326 ) ;
#2809 = DIRECTION ( 'NONE',  ( 0.5426870580354574702, 0.8399349719120047242, 0.000000000000000000 ) ) ;
#2810 = CARTESIAN_POINT ( 'NONE',  ( -50.00000000000000000, 10.35533905932738108, 22.00000000000000355 ) ) ;
#2811 = CARTESIAN_POINT ( 'NONE',  ( 47.00000000000000000, 22.00000000000000355, 9.112698372208106079 ) ) ;
#2812 = SPHERICAL_SURFACE ( 'NONE', #2572, 3.000000000000000000 ) ;
#2813 = CARTESIAN_POINT ( 'NONE',  ( 16.82949354222763816, 22.00000000000000355, -25.00000000000000355 ) ) ;
#2814 = EDGE_CURVE ( 'NONE', #1858, #2176, #3093, .T. ) ;
#2815 = CARTESIAN_POINT ( 'NONE',  ( -16.82949354222763105, -22.00000000000000355, -22.00000000000000355 ) ) ;
#2816 = CARTESIAN_POINT ( 'NONE',  ( 47.00000000000000000, -9.112698372208038577, 25.00000000000000000 ) ) ;
#2817 = ORIENTED_EDGE ( 'NONE', *, *, #1201, .T. ) ;
#2818 = CARTESIAN_POINT ( 'NONE',  ( 33.86260519532962832, -24.99999999999657518, -10.63726499475553489 ) ) ;
#2819 = CIRCLE ( 'NONE', #2647, 3.000000000000000444 ) ;
#2820 = ORIENTED_EDGE ( 'NONE', *, *, #3333, .T. ) ;
#2821 = AXIS2_PLACEMENT_3D ( 'NONE', #1141, #2269, #3363 ) ;
#2822 = ORIENTED_EDGE ( 'NONE', *, *, #1038, .F. ) ;
#2823 = DIRECTION ( 'NONE',  ( 1.000000000000000000, 0.000000000000000000, 0.000000000000000000 ) ) ;
#2824 =( BOUNDED_CURVE ( )  B_SPLINE_CURVE ( 3, ( #2249, #1203, #103, #3345 ),
 .UNSPECIFIED., .F., .F. ) 
 B_SPLINE_CURVE_WITH_KNOTS ( ( 4, 4 ),
 ( 5.452739186808243765, 6.283185307179586232 ),
 .UNSPECIFIED. ) 
 CURVE ( )  GEOMETRIC_REPRESENTATION_ITEM ( )  RATIONAL_B_SPLINE_CURVE ( ( 1.000000000000000000, 0.9433509080723008200, 0.9433509080723008200, 1.000000000000000000 ) ) 
 REPRESENTATION_ITEM ( '' )  );
#2825 = ORIENTED_EDGE ( 'NONE', *, *, #2989, .T. ) ;
#2826 = CARTESIAN_POINT ( 'NONE',  ( -19.04419066270325445, 23.43092918492793686, 23.43092918492793331 ) ) ;
#2827 = EDGE_CURVE ( 'NONE', #2310, #465, #2018, .T. ) ;
#2828 = FACE_OUTER_BOUND ( 'NONE', #3337, .T. ) ;
#2829 = COORDINATED_UNIVERSAL_TIME_OFFSET ( 5, 30, .AHEAD. ) ;
#2830 = CARTESIAN_POINT ( 'NONE',  ( -47.00000000000000000, 22.00000000000000355, 9.112698372208106079 ) ) ;
#2831 = CARTESIAN_POINT ( 'NONE',  ( 47.00000000000000000, 0.000000000000000000, -22.00000000000000355 ) ) ;
#2832 = DIRECTION ( 'NONE',  ( -0.000000000000000000, -0.000000000000000000, 1.000000000000000000 ) ) ;
#2833 = DIRECTION ( 'NONE',  ( -8.177564888977988501E-16, 0.7071067811865475727, -0.7071067811865475727 ) ) ;
#2834 = ORIENTED_EDGE ( 'NONE', *, *, #2505, .F. ) ;
#2835 = ADVANCED_FACE ( 'NONE', ( #3115 ), #2812, .T. ) ;
#2836 = ORIENTED_EDGE ( 'NONE', *, *, #1451, .T. ) ;
#2837 = ORIENTED_EDGE ( 'NONE', *, *, #2989, .F. ) ;
#2838 = DIRECTION ( 'NONE',  ( 0.000000000000000000, 0.000000000000000000, -1.000000000000000000 ) ) ;
#2839 = CARTESIAN_POINT ( 'NONE',  ( 21.51127130665701870, 19.78398749108230348, 23.63735984684538849 ) ) ;
#2840 = ORIENTED_EDGE ( 'NONE', *, *, #1613, .F. ) ;
#2841 = CARTESIAN_POINT ( 'NONE',  ( -47.00000000000000000, 9.112698372208106079, 22.00000000000000355 ) ) ;
#2842 = VECTOR ( 'NONE', #3008, 1000.000000000000000 ) ;
#2843 = CARTESIAN_POINT ( 'NONE',  ( 30.31488166380900395, -25.00000000000000711, 11.74582625983750894 ) ) ;
#2844 = MECHANICAL_CONTEXT ( 'NONE', #2896, 'mechanical' ) ;
#2845 = DIRECTION ( 'NONE',  ( -0.000000000000000000, 1.156482317317871725E-15, -1.000000000000000000 ) ) ;
#2846 = CARTESIAN_POINT ( 'NONE',  ( 19.04419066270325089, 23.43092918492792975, -23.43092918492794041 ) ) ;
#2847 = DIRECTION ( 'NONE',  ( 0.000000000000000000, 0.000000000000000000, 1.000000000000000000 ) ) ;
#2848 = APPROVAL ( #649, 'UNSPECIFIED' ) ;
#2849 = ADVANCED_FACE ( 'NONE', ( #651 ), #52, .F. ) ;
#2850 = DIRECTION ( 'NONE',  ( -0.5426870580354583584, 0.000000000000000000, -0.8399349719120040580 ) ) ;
#2851 = CARTESIAN_POINT ( 'NONE',  ( 49.99999999999999289, 11.00000000000001599, -25.00000000000000000 ) ) ;
#2852 = DIRECTION ( 'NONE',  ( 1.000000000000000000, 0.000000000000000000, 0.000000000000000000 ) ) ;
#2853 = ORIENTED_EDGE ( 'NONE', *, *, #1876, .F. ) ;
#2854 = ADVANCED_FACE ( 'NONE', ( #1171 ), #421, .T. ) ;
#2855 = EDGE_CURVE ( 'NONE', #1490, #676, #1031, .T. ) ;
#2856 = EDGE_LOOP ( 'NONE', ( #39, #2714, #74, #862, #3281, #2494, #1585, #2276, #3470, #554, #3212, #3359 ) ) ;
#2857 = VERTEX_POINT ( 'NONE', #2288 ) ;
#2858 = CARTESIAN_POINT ( 'NONE',  ( 33.62464464702379985, 9.398178028109414939, 25.00000000000000000 ) ) ;
#2859 = EDGE_CURVE ( 'NONE', #1780, #280, #3349, .T. ) ;
#2860 = CIRCLE ( 'NONE', #3142, 2.999999999999997780 ) ;
#2861 = VERTEX_POINT ( 'NONE', #2303 ) ;
#2862 = DIRECTION ( 'NONE',  ( 0.000000000000000000, 0.7071067811865499042, 0.7071067811865451302 ) ) ;
#2863 = CIRCLE ( 'NONE', #1601, 2.999999999999999112 ) ;
#2864 = CIRCLE ( 'NONE', #792, 3.000000000000002665 ) ;
#2865 = CIRCLE ( 'NONE', #1315, 3.000000000000002665 ) ;
#2866 = CARTESIAN_POINT ( 'NONE',  ( 21.51127130666066023, -23.63735984684732117, 19.78398749107668664 ) ) ;
#2867 = APPROVAL_ROLE ( '' ) ;
#2868 = DIRECTION ( 'NONE',  ( -0.5426870580354570262, 0.8399349719120049462, 2.226585915623644346E-15 ) ) ;
#2869 = DIRECTION ( 'NONE',  ( -0.000000000000000000, 0.7071067811865475727, -0.7071067811865475727 ) ) ;
#2870 = CARTESIAN_POINT ( 'NONE',  ( 16.82949354222763461, -22.00000000000000355, 22.00000000000000355 ) ) ;
#2871 = DIRECTION ( 'NONE',  ( -0.000000000000000000, -0.7071067811865475727, 0.7071067811865474617 ) ) ;
#2872 = CARTESIAN_POINT ( 'NONE',  ( -27.97802025037344364, 25.00000000000000355, 11.37204899426773785 ) ) ;
#2873 = ORIENTED_EDGE ( 'NONE', *, *, #1292, .F. ) ;
#2874 = AXIS2_PLACEMENT_3D ( 'NONE', #3127, #3147, #708 ) ;
#2875 = EDGE_CURVE ( 'NONE', #704, #1989, #3555, .T. ) ;
#2876 = EDGE_CURVE ( 'NONE', #1976, #3157, #1332, .T. ) ;
#2877 = CARTESIAN_POINT ( 'NONE',  ( 28.57882009854382943, 24.99999999999639400, -12.57886458901146121 ) ) ;
#2878 = ORIENTED_EDGE ( 'NONE', *, *, #2703, .T. ) ;
#2879 = ORIENTED_EDGE ( 'NONE', *, *, #1667, .T. ) ;
#2880 = CARTESIAN_POINT ( 'NONE',  ( 18.32897391849436275, -22.96882332703167862, -25.00000000000000355 ) ) ;
#2881 = DIRECTION ( 'NONE',  ( -0.000000000000000000, -0.000000000000000000, 1.000000000000000000 ) ) ;
#2882 = ORIENTED_EDGE ( 'NONE', *, *, #1583, .F. ) ;
#2883 = DIRECTION ( 'NONE',  ( 0.000000000000000000, -1.000000000000000000, 0.000000000000000000 ) ) ;
#2884 = CARTESIAN_POINT ( 'NONE',  ( 47.00000000000000000, -22.00000000000001066, -9.112698372208086539 ) ) ;
#2885 = ADVANCED_FACE ( 'NONE', ( #3405 ), #2552, .F. ) ;
#2886 = DIRECTION ( 'NONE',  ( 0.000000000000000000, 0.000000000000000000, 1.000000000000000000 ) ) ;
#2887 = CARTESIAN_POINT ( 'NONE',  ( -10.00000000000000000, 8.000000000000000000, -25.00000000000000000 ) ) ;
#2888 = CARTESIAN_POINT ( 'NONE',  ( -16.82949354222763461, -22.00000000000000355, 22.00000000000000355 ) ) ;
#2889 = CARTESIAN_POINT ( 'NONE',  ( 9.999999999999996447, 8.000000000000003553, -22.00000000000000355 ) ) ;
#2890 = CARTESIAN_POINT ( 'NONE',  ( -25.83206531510576198, 23.88184437057858389, 15.46476090514987867 ) ) ;
#2891 = VERTEX_POINT ( 'NONE', #1985 ) ;
#2892 = CARTESIAN_POINT ( 'NONE',  ( 33.62464464702379985, 25.00000000000000000, -9.398178028109462900 ) ) ;
#2893 = EDGE_LOOP ( 'NONE', ( #2418, #2459, #354, #2656 ) ) ;
#2894 = VERTEX_POINT ( 'NONE', #402 ) ;
#2895 = DIRECTION ( 'NONE',  ( 1.000000000000000000, 5.551115123125783688E-16, 1.232595164407831767E-32 ) ) ;
#2896 = APPLICATION_CONTEXT ( 'configuration controlled 3d designs of mechanical parts and assemblies' ) ;
#2897 = EDGE_LOOP ( 'NONE', ( #714, #2265, #3015 ) ) ;
#2898 = CARTESIAN_POINT ( 'NONE',  ( -50.00000000000000000, -10.35533905932738818, -22.00000000000000355 ) ) ;
#2899 = EDGE_CURVE ( 'NONE', #2168, #3414, #1444, .T. ) ;
#2900 = CARTESIAN_POINT ( 'NONE',  ( 33.86260519532497426, -25.00000000000000000, 10.63726499476047138 ) ) ;
#2901 = DIRECTION ( 'NONE',  ( -1.000000000000000000, 0.000000000000000000, 0.000000000000000000 ) ) ;
#2902 = CARTESIAN_POINT ( 'NONE',  ( -35.56226491856771332, -9.112698372208058117, 25.00000000000000000 ) ) ;
#2903 = DIRECTION ( 'NONE',  ( -1.000000000000000000, 0.000000000000000000, 0.000000000000000000 ) ) ;
#2904 = CARTESIAN_POINT ( 'NONE',  ( 19.49043530615860931, 25.00000000000000355, 21.01920179886856133 ) ) ;
#2905 = CARTESIAN_POINT ( 'NONE',  ( 49.99999999999999289, 24.12132034355964194, 11.23401871576774980 ) ) ;
#2906 = LINE ( 'NONE', #2408, #684 ) ;
#2907 = ORIENTED_EDGE ( 'NONE', *, *, #687, .T. ) ;
#2908 = CYLINDRICAL_SURFACE ( 'NONE', #1999, 3.000000000000000444 ) ;
#2909 = ORIENTED_EDGE ( 'NONE', *, *, #823, .F. ) ;
#2910 = ORIENTED_EDGE ( 'NONE', *, *, #1451, .F. ) ;
#2911 = CARTESIAN_POINT ( 'NONE',  ( 20.21129770927403158, -21.51617619707594642, -23.53931142952243860 ) ) ;
#2912 = CARTESIAN_POINT ( 'NONE',  ( 23.85166358376837437, -15.54380077911610591, -23.87737041544559347 ) ) ;
#2913 = VECTOR ( 'NONE', #835, 1000.000000000000000 ) ;
#2914 = AXIS2_PLACEMENT_3D ( 'NONE', #1078, #2173, #2733 ) ;
#2915 = VERTEX_POINT ( 'NONE', #667 ) ;
#2916 = DIRECTION ( 'NONE',  ( 3.925231146709439766E-16, -0.7071067811865451302, 0.7071067811865499042 ) ) ;
#2917 = AXIS2_PLACEMENT_3D ( 'NONE', #1868, #469, #1853 ) ;
#2918 = CARTESIAN_POINT ( 'NONE',  ( 47.00000000000000000, 9.112698372208058117, -22.00000000000000355 ) ) ;
#2919 = CARTESIAN_POINT ( 'NONE',  ( -24.32173693682645066, 23.80863253003616364, -16.75817008804364505 ) ) ;
#2920 = AXIS2_PLACEMENT_3D ( 'NONE', #1372, #3547, #873 ) ;
#2921 =( BOUNDED_CURVE ( )  B_SPLINE_CURVE ( 3, ( #1437, #969, #3176, #3412 ),
 .UNSPECIFIED., .F., .F. ) 
 B_SPLINE_CURVE_WITH_KNOTS ( ( 4, 4 ),
 ( 2.311146533218450649, 3.141592653589793116 ),
 .UNSPECIFIED. ) 
 CURVE ( )  GEOMETRIC_REPRESENTATION_ITEM ( )  RATIONAL_B_SPLINE_CURVE ( ( 1.000000000000000000, 0.9433509080723008200, 0.9433509080723008200, 1.000000000000000000 ) ) 
 REPRESENTATION_ITEM ( '' )  );
#2922 = CARTESIAN_POINT ( 'NONE',  ( -35.76987939158082952, -11.23401871576264988, 24.12132034356469390 ) ) ;
#2923 = CYLINDRICAL_SURFACE ( 'NONE', #2239, 8.000000000000001776 ) ;
#2924 = AXIS2_PLACEMENT_3D ( 'NONE', #112, #2832, #1504 ) ;
#2925 = DIRECTION ( 'NONE',  ( -1.000000000000000000, -5.551115123125802424E-16, 4.718900761249917346E-32 ) ) ;
#2926 = DIRECTION ( 'NONE',  ( 1.000000000000000000, 0.000000000000000000, 0.000000000000000000 ) ) ;
#2927 = ORIENTED_EDGE ( 'NONE', *, *, #1487, .F. ) ;
#2928 = LINE ( 'NONE', #2220, #3029 ) ;
#2929 = ORIENTED_EDGE ( 'NONE', *, *, #2006, .F. ) ;
#2930 = FACE_OUTER_BOUND ( 'NONE', #335, .T. ) ;
#2931 = DIRECTION ( 'NONE',  ( 0.000000000000000000, 0.000000000000000000, 1.000000000000000000 ) ) ;
#2932 = CARTESIAN_POINT ( 'NONE',  ( -10.00000000000000000, 8.000000000000000000, -25.00000000000000000 ) ) ;
#2933 = CIRCLE ( 'NONE', #1074, 8.000000000000001776 ) ;
#2934 = ORIENTED_EDGE ( 'NONE', *, *, #3473, .F. ) ;
#2935 = CARTESIAN_POINT ( 'NONE',  ( 47.00000000000000000, 15.55634918610400241, -15.55634918610410722 ) ) ;
#2936 = CARTESIAN_POINT ( 'NONE',  ( 50.00000000000000000, 22.00000000000000355, 9.112698372208102526 ) ) ;
#2937 = CARTESIAN_POINT ( 'NONE',  ( 50.00000000000000000, -22.00000000000000355, 22.00000000000000355 ) ) ;
#2938 = CARTESIAN_POINT ( 'NONE',  ( -30.31488166380510663, -11.74582625983991768, 24.99999999999999645 ) ) ;
#2939 = CARTESIAN_POINT ( 'NONE',  ( -29.51779302434808372, 9.112698372208095421, 25.00000000000000000 ) ) ;
#2940 = CARTESIAN_POINT ( 'NONE',  ( 37.50000000000000711, -9.112698372208056341, 25.00000000000000000 ) ) ;
#2941 =( BOUNDED_CURVE ( )  B_SPLINE_CURVE ( 3, ( #3237, #1062, #1364, #261 ),
 .UNSPECIFIED., .F., .F. ) 
 B_SPLINE_CURVE_WITH_KNOTS ( ( 4, 4 ),
 ( 5.452739186808243765, 6.283185307179586232 ),
 .UNSPECIFIED. ) 
 CURVE ( )  GEOMETRIC_REPRESENTATION_ITEM ( )  RATIONAL_B_SPLINE_CURVE ( ( 1.000000000000000000, 0.9433509080723008200, 0.9433509080723008200, 1.000000000000000000 ) ) 
 REPRESENTATION_ITEM ( '' )  );
#2942 = EDGE_CURVE ( 'NONE', #302, #82, #2863, .T. ) ;
#2943 = DIRECTION ( 'NONE',  ( -1.000000000000000000, -5.551115123125802424E-16, 4.718900761249917346E-32 ) ) ;
#2944 = DIRECTION ( 'NONE',  ( -1.000000000000000000, 0.000000000000000000, 0.000000000000000000 ) ) ;
#2945 = VERTEX_POINT ( 'NONE', #70 ) ;
#2946 = ADVANCED_FACE ( 'NONE', ( #1501 ), #87, .T. ) ;
#2947 = AXIS2_PLACEMENT_3D ( 'NONE', #1409, #2258, #3087 ) ;
#2948 = EDGE_LOOP ( 'NONE', ( #1182, #3302, #392, #1577, #2485, #950, #369, #299 ) ) ;
#2949 = ORIENTED_EDGE ( 'NONE', *, *, #3181, .T. ) ;
#2950 = CARTESIAN_POINT ( 'NONE',  ( 16.82949354222762040, -25.00000000000000000, -22.00000000000002487 ) ) ;
#2951 = ADVANCED_FACE ( 'NONE', ( #1228 ), #2322, .T. ) ;
#2952 = VERTEX_POINT ( 'NONE', #2668 ) ;
#2953 = CARTESIAN_POINT ( 'NONE',  ( -35.76987939157802998, 11.23401871576684741, -24.12132034356049459 ) ) ;
#2954 = CARTESIAN_POINT ( 'NONE',  ( 34.03986129197794952, -11.50420481866846245, 24.10602679056825082 ) ) ;
#2955 = DIRECTION ( 'NONE',  ( -0.000000000000000000, 0.7071067811865499042, 0.7071067811865451302 ) ) ;
#2956 = DIRECTION ( 'NONE',  ( 0.000000000000000000, 0.000000000000000000, 1.000000000000000000 ) ) ;
#2957 = CARTESIAN_POINT ( 'NONE',  ( 16.82949354222763816, 25.00000000000000000, -22.00000000000000355 ) ) ;
#2958 = CARTESIAN_POINT ( 'NONE',  ( -19.49043530614347475, 21.01920179886095852, 25.00000000000000000 ) ) ;
#2959 = FACE_OUTER_BOUND ( 'NONE', #1239, .T. ) ;
#2960 = AXIS2_PLACEMENT_3D ( 'NONE', #2054, #2370, #3151 ) ;
#2961 = DIRECTION ( 'NONE',  ( 0.000000000000000000, 0.000000000000000000, -1.000000000000000000 ) ) ;
#2962 = EDGE_LOOP ( 'NONE', ( #1305, #1728, #2882, #2598 ) ) ;
#2963 = ORIENTED_EDGE ( 'NONE', *, *, #1069, .F. ) ;
#2964 = EDGE_CURVE ( 'NONE', #1705, #1306, #3550, .T. ) ;
#2965 = ORIENTED_EDGE ( 'NONE', *, *, #1929, .F. ) ;
#2966 = CARTESIAN_POINT ( 'NONE',  ( -35.56226491857057681, 9.112698372208051012, -25.00000000000000355 ) ) ;
#2967 = EDGE_CURVE ( 'NONE', #607, #1891, #3261, .T. ) ;
#2968 = DIRECTION ( 'NONE',  ( 0.000000000000000000, -0.7071067811865450192, 0.7071067811865501263 ) ) ;
#2969 = AXIS2_PLACEMENT_3D ( 'NONE', #2719, #1280, #497 ) ;
#2970 = VECTOR ( 'NONE', #3006, 1000.000000000000000 ) ;
#2971 = DIRECTION ( 'NONE',  ( -0.000000000000000000, -0.7071067811865499042, -0.7071067811865451302 ) ) ;
#2972 = CYLINDRICAL_SURFACE ( 'NONE', #2558, 3.000000000000000000 ) ;
#2973 = AXIS2_PLACEMENT_3D ( 'NONE', #1494, #398, #2399 ) ;
#2974 = AXIS2_PLACEMENT_3D ( 'NONE', #440, #3445, #2690 ) ;
#2975 = LINE ( 'NONE', #1624, #2326 ) ;
#2976 = CARTESIAN_POINT ( 'NONE',  ( -30.31488166381069504, 11.74582625983735440, 25.00000000000000355 ) ) ;
#2977 = SPHERICAL_SURFACE ( 'NONE', #1685, 3.000000000000000000 ) ;
#2978 = CARTESIAN_POINT ( 'NONE',  ( -19.49043530616087949, 24.99999999998762590, 21.01920179887302709 ) ) ;
#2979 = VECTOR ( 'NONE', #3561, 1000.000000000000000 ) ;
#2980 = VECTOR ( 'NONE', #1537, 1000.000000000000000 ) ;
#2981 = CARTESIAN_POINT ( 'NONE',  ( -47.00000000000000000, -25.00000000000000000, 22.00000000000000355 ) ) ;
#2982 = ADVANCED_FACE ( 'NONE', ( #1553 ), #84, .T. ) ;
#2983 = ORIENTED_EDGE ( 'NONE', *, *, #753, .T. ) ;
#2984 = EDGE_CURVE ( 'NONE', #63, #1810, #777, .T. ) ;
#2985 = DIRECTION ( 'NONE',  ( 0.000000000000000000, -0.7071067811865490160, -0.7071067811865460184 ) ) ;
#2986 = EDGE_CURVE ( 'NONE', #976, #2447, #2284, .T. ) ;
#2987 = ORIENTED_EDGE ( 'NONE', *, *, #2474, .T. ) ;
#2988 = CARTESIAN_POINT ( 'NONE',  ( 23.85166358376838147, -23.87737041544557925, 15.54380077911613789 ) ) ;
#2989 = EDGE_CURVE ( 'NONE', #1378, #1869, #1263, .T. ) ;
#2990 = DIRECTION ( 'NONE',  ( 0.000000000000000000, 0.7071067811865499042, 0.7071067811865451302 ) ) ;
#2991 = AXIS2_PLACEMENT_3D ( 'NONE', #1790, #2903, #3149 ) ;
#2992 = DIRECTION ( 'NONE',  ( -0.8399349719120035029, 0.5426870580354592466, 0.000000000000000000 ) ) ;
#2993 = DIRECTION ( 'NONE',  ( 0.000000000000000000, 0.000000000000000000, -1.000000000000000000 ) ) ;
#2994 = AXIS2_PLACEMENT_3D ( 'NONE', #785, #822, #1059 ) ;
#2995 = EDGE_CURVE ( 'NONE', #3414, #98, #342, .T. ) ;
#2996 = DIRECTION ( 'NONE',  ( 1.000000000000000000, -0.000000000000000000, -0.000000000000000000 ) ) ;
#2997 = DIRECTION ( 'NONE',  ( 8.177564888977961877E-16, 0.7071067811865499042, 0.7071067811865453523 ) ) ;
#2998 = VECTOR ( 'NONE', #3348, 1000.000000000000000 ) ;
#2999 = FACE_OUTER_BOUND ( 'NONE', #590, .T. ) ;
#3000 = ORIENTED_EDGE ( 'NONE', *, *, #2615, .T. ) ;
#3001 = CARTESIAN_POINT ( 'NONE',  ( 19.49043530617345255, -24.99999999999999645, -21.01920179887829221 ) ) ;
#3002 = EDGE_LOOP ( 'NONE', ( #1287, #804, #2011, #2561 ) ) ;
#3003 = CARTESIAN_POINT ( 'NONE',  ( 19.04419066270324734, -23.43092918492792975, 23.43092918492794041 ) ) ;
#3004 = CARTESIAN_POINT ( 'NONE',  ( 18.13664457374091654, -19.97687848144926548, 25.00000000000000000 ) ) ;
#3005 = ORIENTED_EDGE ( 'NONE', *, *, #350, .F. ) ;
#3006 = DIRECTION ( 'NONE',  ( 1.000000000000000000, 3.486305596842064505E-32, 5.551115123125764953E-16 ) ) ;
#3007 = EDGE_CURVE ( 'NONE', #3317, #717, #3186, .T. ) ;
#3008 = DIRECTION ( 'NONE',  ( -0.000000000000000000, -0.000000000000000000, 1.000000000000000000 ) ) ;
#3009 = FACE_OUTER_BOUND ( 'NONE', #1486, .T. ) ;
#3010 = DIRECTION ( 'NONE',  ( -2.312964634635743450E-15, 1.000000000000000000, 0.000000000000000000 ) ) ;
#3011 = CARTESIAN_POINT ( 'NONE',  ( -16.82949354222763816, -22.00000000000000000, -25.00000000000000355 ) ) ;
#3012 = DIRECTION ( 'NONE',  ( 1.000000000000000000, 0.000000000000000000, 0.000000000000000000 ) ) ;
#3013 = ORIENTED_EDGE ( 'NONE', *, *, #3163, .F. ) ;
#3014 = CARTESIAN_POINT ( 'NONE',  ( 22.74034536925201877, -25.00000000000000000, -14.94953755801524409 ) ) ;
#3015 = ORIENTED_EDGE ( 'NONE', *, *, #1866, .T. ) ;
#3016 = EDGE_LOOP ( 'NONE', ( #947, #79, #606 ) ) ;
#3017 = CARTESIAN_POINT ( 'NONE',  ( -35.68388219759550140, 10.35533905932396870, -25.00000000000000000 ) ) ;
#3018 = ORIENTED_EDGE ( 'NONE', *, *, #1979, .F. ) ;
#3019 = DIRECTION ( 'NONE',  ( 1.000000000000000000, 0.000000000000000000, 0.000000000000000000 ) ) ;
#3020 = CARTESIAN_POINT ( 'NONE',  ( -37.50000000000000711, -9.112698372208086539, -22.00000000000000355 ) ) ;
#3021 = CYLINDRICAL_SURFACE ( 'NONE', #1560, 2.999999999999999112 ) ;
#3022 = AXIS2_PLACEMENT_3D ( 'NONE', #2178, #3241, #3527 ) ;
#3023 = ADVANCED_FACE ( 'NONE', ( #709 ), #3170, .T. ) ;
#3024 = CIRCLE ( 'NONE', #1072, 3.000000000000000444 ) ;
#3025 = CARTESIAN_POINT ( 'NONE',  ( -34.03986129197672028, 11.50420481867297795, 24.10602679056413677 ) ) ;
#3026 = CARTESIAN_POINT ( 'NONE',  ( -16.82949354222763461, -22.00000000000000355, -22.00000000000000355 ) ) ;
#3027 = CARTESIAN_POINT ( 'NONE',  ( -37.49999999999997868, 24.12132034355964194, -11.23401871576779065 ) ) ;
#3028 = CARTESIAN_POINT ( 'NONE',  ( 37.50000000000000711, 25.00000000000000000, 9.112698372208100750 ) ) ;
#3029 = VECTOR ( 'NONE', #3336, 1000.000000000000000 ) ;
#3030 = CARTESIAN_POINT ( 'NONE',  ( -35.68388081362463282, -25.00000000000336087, 10.35533905932239129 ) ) ;
#3031 = AXIS2_PLACEMENT_3D ( 'NONE', #1157, #1208, #2253 ) ;
#3032 = ORIENTED_EDGE ( 'NONE', *, *, #1334, .T. ) ;
#3033 = CARTESIAN_POINT ( 'NONE',  ( 29.51779302434808372, 9.112698372208052788, -25.00000000000000711 ) ) ;
#3034 = AXIS2_PLACEMENT_3D ( 'NONE', #655, #384, #2329 ) ;
#3035 = EDGE_CURVE ( 'NONE', #3194, #264, #3316, .T. ) ;
#3036 = EDGE_LOOP ( 'NONE', ( #1548, #242, #29 ) ) ;
#3037 = VERTEX_POINT ( 'NONE', #1135 ) ;
#3038 = CARTESIAN_POINT ( 'NONE',  ( -37.50000000000000711, 9.112698372208047459, -25.00000000000000000 ) ) ;
#3039 = ORIENTED_EDGE ( 'NONE', *, *, #3131, .T. ) ;
#3040 = DIRECTION ( 'NONE',  ( 2.465190328815662439E-32, 0.7071067811865475727, -0.7071067811865474617 ) ) ;
#3041 = CARTESIAN_POINT ( 'NONE',  ( 16.82949354222763816, -22.00000000000000355, 22.00000000000000355 ) ) ;
#3042 = VECTOR ( 'NONE', #2669, 1000.000000000000000 ) ;
#3043 = CARTESIAN_POINT ( 'NONE',  ( -50.00000000000000000, 22.00000000000000355, 9.112698372208104303 ) ) ;
#3044 = CARTESIAN_POINT ( 'NONE',  ( -30.65397320554675176, 12.57337832805551336, 24.04550753531780316 ) ) ;
#3045 = CARTESIAN_POINT ( 'NONE',  ( 9.999999999999998224, -7.999999999999996447, -25.00000000000000000 ) ) ;
#3046 = CARTESIAN_POINT ( 'NONE',  ( -22.74034536924884264, -14.94953755800710660, -25.00000000000000355 ) ) ;
#3047 = DIRECTION ( 'NONE',  ( -1.000000000000000000, 0.000000000000000000, -0.000000000000000000 ) ) ;
#3048 = EDGE_CURVE ( 'NONE', #1112, #3247, #2753, .T. ) ;
#3049 = EDGE_CURVE ( 'NONE', #1598, #644, #2003, .T. ) ;
#3050 = CARTESIAN_POINT ( 'NONE',  ( -33.86260519532495294, -25.00000000000000000, 10.63726499476047671 ) ) ;
#3051 = ORIENTED_EDGE ( 'NONE', *, *, #3072, .F. ) ;
#3052 = DIRECTION ( 'NONE',  ( -1.000000000000000000, 0.000000000000000000, 0.000000000000000000 ) ) ;
#3053 = EDGE_CURVE ( 'NONE', #1345, #2168, #849, .T. ) ;
#3054 = VERTEX_POINT ( 'NONE', #235 ) ;
#3055 = ORIENTED_EDGE ( 'NONE', *, *, #877, .T. ) ;
#3056 = FACE_OUTER_BOUND ( 'NONE', #1745, .T. ) ;
#3057 = CARTESIAN_POINT ( 'NONE',  ( -10.00000000000000000, -11.00000000000000000, 22.00000000000000000 ) ) ;
#3058 = ORIENTED_EDGE ( 'NONE', *, *, #1694, .F. ) ;
#3059 = CARTESIAN_POINT ( 'NONE',  ( -16.82949354222763816, 25.00000000000000000, 22.00000000000000355 ) ) ;
#3060 = DIRECTION ( 'NONE',  ( 0.4006291549168347621, -0.8789161044352993279, -0.2588489165418715321 ) ) ;
#3061 = SPHERICAL_SURFACE ( 'NONE', #1101, 3.000000000000000000 ) ;
#3062 = PERSON_AND_ORGANIZATION_ROLE ( 'design_supplier' ) ;
#3063 = CARTESIAN_POINT ( 'NONE',  ( 50.00000000000000000, -25.00000000000000000, 22.00000000000000355 ) ) ;
#3064 = CARTESIAN_POINT ( 'NONE',  ( 19.04419066270324734, -23.43092918492792975, 23.43092918492794041 ) ) ;
#3065 = CARTESIAN_POINT ( 'NONE',  ( 20.21129770927704072, 21.51617619707259976, -23.53931142952112054 ) ) ;
#3066 = CARTESIAN_POINT ( 'NONE',  ( 20.99999999999999645, 3.673940397442059178E-15, -25.00000000000000000 ) ) ;
#3067 = ORIENTED_EDGE ( 'NONE', *, *, #2214, .T. ) ;
#3068 = CARTESIAN_POINT ( 'NONE',  ( 37.50000000000000711, -22.00000000000000355, 9.112698372208132724 ) ) ;
#3069 = VERTEX_POINT ( 'NONE', #2720 ) ;
#3070 = VERTEX_POINT ( 'NONE', #1678 ) ;
#3071 = DIRECTION ( 'NONE',  ( 0.000000000000000000, 0.000000000000000000, 1.000000000000000000 ) ) ;
#3072 = EDGE_CURVE ( 'NONE', #2336, #1869, #2434, .T. ) ;
#3073 = ORIENTED_EDGE ( 'NONE', *, *, #2814, .F. ) ;
#3074 = DIRECTION ( 'NONE',  ( -0.000000000000000000, -0.7071067811865475727, 0.7071067811865474617 ) ) ;
#3075 = DIRECTION ( 'NONE',  ( -0.000000000000000000, 1.000000000000000000, 0.000000000000000000 ) ) ;
#3076 = EDGE_CURVE ( 'NONE', #696, #196, #3495, .T. ) ;
#3077 = PERSON_AND_ORGANIZATION ( #796, #390 ) ;
#3078 = CARTESIAN_POINT ( 'NONE',  ( -50.00000000000000000, 22.00000000000000355, -10.35533905932744325 ) ) ;
#3079 = DIRECTION ( 'NONE',  ( -0.5426870580354584694, 0.000000000000000000, 0.8399349719120040580 ) ) ;
#3080 = CARTESIAN_POINT ( 'NONE',  ( 24.32173693682944915, 16.75817008804189712, -23.80863253003482072 ) ) ;
#3081 = CIRCLE ( 'NONE', #2739, 2.999999999999999112 ) ;
#3082 = CARTESIAN_POINT ( 'NONE',  ( -30.37302948602507513, -24.12132034355964905, -11.23401871576773559 ) ) ;
#3083 = VECTOR ( 'NONE', #720, 1000.000000000000000 ) ;
#3084 = CARTESIAN_POINT ( 'NONE',  ( -23.85166358376837437, 15.54380077911606683, -23.87737041544560057 ) ) ;
#3085 = ORIENTED_EDGE ( 'NONE', *, *, #221, .F. ) ;
#3086 = VECTOR ( 'NONE', #1527, 1000.000000000000000 ) ;
#3087 = DIRECTION ( 'NONE',  ( -0.8399349719120031699, 0.000000000000000000, -0.5426870580354598017 ) ) ;
#3088 = VECTOR ( 'NONE', #2775, 1000.000000000000114 ) ;
#3089 = ORIENTED_EDGE ( 'NONE', *, *, #3181, .F. ) ;
#3090 = ORIENTED_EDGE ( 'NONE', *, *, #387, .F. ) ;
#3091 = CARTESIAN_POINT ( 'NONE',  ( 37.50000000000000711, -10.35533905932737042, -25.00000000000001066 ) ) ;
#3092 = CARTESIAN_POINT ( 'NONE',  ( 24.43191315292331112, 13.58291653457129655, 25.00000000000000000 ) ) ;
#3093 = CIRCLE ( 'NONE', #1659, 8.000000000000000000 ) ;
#3094 = ADVANCED_FACE ( 'NONE', ( #1369 ), #1607, .F. ) ;
#3095 = ORIENTED_EDGE ( 'NONE', *, *, #633, .F. ) ;
#3096 = CARTESIAN_POINT ( 'NONE',  ( -47.00000000000000000, -22.00000000000000355, 9.112698372208154041 ) ) ;
#3097 =( BOUNDED_SURFACE ( )  B_SPLINE_SURFACE ( 3, 2, ( 
 ( #2425, #1336, #3515 ),
 ( #3225, #1574, #1051 ),
 ( #2448, #3242, #2670 ),
 ( #1106, #1065, #3501 ),
 ( #2161, #748, #535 ),
 ( #3546, #1039, #2722 ),
 ( #1088, #252, #204 ),
 ( #2407, #1352, #2133 ),
 ( #2179, #766, #3274 ),
 ( #816, #1913, #546 ) ),
 .UNSPECIFIED., .F., .F., .F. ) 
 B_SPLINE_SURFACE_WITH_KNOTS ( ( 4, 2, 2, 2, 4 ),
 ( 3, 3 ),
 ( 0.000000000000000000, 0.2076115300928357277, 0.4152230601856714554, 0.6228345902785071830, 0.8304461203713429107 ),
 ( 0.000000000000000000, 1.000000000000000000 ),
 .UNSPECIFIED. ) 
 GEOMETRIC_REPRESENTATION_ITEM ( )  RATIONAL_B_SPLINE_SURFACE ( (
 ( 1.000000000000000000, 0.9238795325112866275, 1.000000000000000000),
 ( 1.000000000000000000, 0.9238795325112866275, 1.000000000000000000),
 ( 1.000000000000000000, 0.9225031065367517158, 1.000000000000000000),
 ( 1.000000000000000000, 0.9170198683928851846, 1.000000000000000000),
 ( 1.000000000000000000, 0.9129130246143946081, 1.000000000000000000),
 ( 1.000000000000000000, 0.9020367518870615609, 1.000000000000000000),
 ( 1.000000000000000000, 0.8952672519916923255, 1.000000000000000000),
 ( 1.000000000000000000, 0.8791803030592019175, 1.000000000000000000),
 ( 1.000000000000000000, 0.8698635397553191595, 1.000000000000000000),
 ( 1.000000000000000000, 0.8593533600841907205, 1.000000000000000000) ) ) 
 REPRESENTATION_ITEM ( '' )  SURFACE ( )  );
#3098 = FACE_OUTER_BOUND ( 'NONE', #2544, .T. ) ;
#3099 = APPROVAL_ROLE ( '' ) ;
#3100 = CARTESIAN_POINT ( 'NONE',  ( 16.82949354222763461, 22.00000000000000355, -25.00000000000000000 ) ) ;
#3101 = CARTESIAN_POINT ( 'NONE',  ( -50.00000000000000000, 22.87867965644035095, 8.234018715767753349 ) ) ;
#3102 = CARTESIAN_POINT ( 'NONE',  ( 37.49999999999997868, 11.23401871576768585, -24.12132034355965615 ) ) ;
#3103 = EDGE_CURVE ( 'NONE', #494, #1438, #1946, .T. ) ;
#3104 = DIRECTION ( 'NONE',  ( 1.000000000000000000, 0.000000000000000000, 0.000000000000000000 ) ) ;
#3105 = DIRECTION ( 'NONE',  ( 0.000000000000000000, 0.7071067811865475727, -0.7071067811865474617 ) ) ;
#3106 = ORIENTED_EDGE ( 'NONE', *, *, #416, .F. ) ;
#3107 = VERTEX_POINT ( 'NONE', #3059 ) ;
#3108 = ORIENTED_EDGE ( 'NONE', *, *, #2145, .T. ) ;
#3109 = CARTESIAN_POINT ( 'NONE',  ( 16.82949354222763105, 22.84753612443770976, -24.87779125681018044 ) ) ;
#3110 = SPHERICAL_SURFACE ( 'NONE', #808, 3.000000000000000000 ) ;
#3111 = VERTEX_POINT ( 'NONE', #829 ) ;
#3112 = FACE_OUTER_BOUND ( 'NONE', #12, .T. ) ;
#3113 = CARTESIAN_POINT ( 'NONE',  ( 47.00000000000000000, 22.00000000000000355, 9.112698372208102526 ) ) ;
#3114 = EDGE_CURVE ( 'NONE', #2084, #7, #389, .T. ) ;
#3115 = FACE_OUTER_BOUND ( 'NONE', #1431, .T. ) ;
#3116 = CARTESIAN_POINT ( 'NONE',  ( 27.97802025037341522, 11.37204899426047433, -25.00000000000000355 ) ) ;
#3117 = ADVANCED_FACE ( 'NONE', ( #560 ), #1335, .F. ) ;
#3118 = LINE ( 'NONE', #2289, #1890 ) ;
#3119 = CYLINDRICAL_SURFACE ( 'NONE', #3034, 2.999999999999999112 ) ;
#3120 = ORIENTED_EDGE ( 'NONE', *, *, #338, .T. ) ;
#3121 = VERTEX_POINT ( 'NONE', #291 ) ;
#3122 = ORIENTED_EDGE ( 'NONE', *, *, #2194, .F. ) ;
#3123 = DIRECTION ( 'NONE',  ( 0.000000000000000000, 1.000000000000000000, -0.000000000000000000 ) ) ;
#3124 = VERTEX_POINT ( 'NONE', #2475 ) ;
#3125 = DIRECTION ( 'NONE',  ( 0.8399349719120049462, -0.5426870580354571372, 0.000000000000000000 ) ) ;
#3126 = PERSON_AND_ORGANIZATION_ROLE ( 'creator' ) ;
#3127 = CARTESIAN_POINT ( 'NONE',  ( 20.99999999999999645, 3.673940397442059178E-15, -22.00000000000000355 ) ) ;
#3128 = DIRECTION ( 'NONE',  ( 0.5426870580354592466, 0.000000000000000000, 0.8399349719120033919 ) ) ;
#3129 = DIRECTION ( 'NONE',  ( -1.000000000000000000, -0.000000000000000000, 0.000000000000000000 ) ) ;
#3130 = CARTESIAN_POINT ( 'NONE',  ( 23.71167745532855520, 25.00000000000000355, 16.09257051417712958 ) ) ;
#3131 = EDGE_CURVE ( 'NONE', #2857, #1586, #1951, .T. ) ;
#3132 = DIRECTION ( 'NONE',  ( 1.000000000000000000, 1.734723475976807341E-16, -0.000000000000000000 ) ) ;
#3133 = CARTESIAN_POINT ( 'NONE',  ( -29.83244999020650212, 25.00000000000000355, 10.52787079273798021 ) ) ;
#3134 = EDGE_LOOP ( 'NONE', ( #1023, #2788, #3484, #3320 ) ) ;
#3135 = EDGE_CURVE ( 'NONE', #2447, #2336, #1392, .T. ) ;
#3136 = VECTOR ( 'NONE', #2883, 1000.000000000000000 ) ;
#3137 = PLANE ( 'NONE',  #3255 ) ;
#3138 = ORIENTED_EDGE ( 'NONE', *, *, #2995, .F. ) ;
#3139 = EDGE_LOOP ( 'NONE', ( #1506, #1408, #357, #1293 ) ) ;
#3140 = CARTESIAN_POINT ( 'NONE',  ( 27.97802025036980211, 11.37204899426773963, 25.00000000000000000 ) ) ;
#3141 = CARTESIAN_POINT ( 'NONE',  ( 16.82949354222764171, 22.00000000000000355, 25.00000000000000000 ) ) ;
#3142 = AXIS2_PLACEMENT_3D ( 'NONE', #2730, #1125, #57 ) ;
#3143 = ORIENTED_EDGE ( 'NONE', *, *, #853, .T. ) ;
#3144 = VECTOR ( 'NONE', #347, 1000.000000000000000 ) ;
#3145 = CIRCLE ( 'NONE', #164, 3.000000000000002665 ) ;
#3146 = CARTESIAN_POINT ( 'NONE',  ( 27.97802025037344364, -25.00000000000000355, 11.37204899426777338 ) ) ;
#3147 = DIRECTION ( 'NONE',  ( 0.000000000000000000, -1.000000000000000000, 0.000000000000000000 ) ) ;
#3148 = CARTESIAN_POINT ( 'NONE',  ( 50.00000000000000000, -22.00000000000000355, 25.00000000000000000 ) ) ;
#3149 = DIRECTION ( 'NONE',  ( 0.000000000000000000, 0.000000000000000000, 1.000000000000000000 ) ) ;
#3150 = EDGE_CURVE ( 'NONE', #1289, #2084, #2801, .T. ) ;
#3151 = DIRECTION ( 'NONE',  ( 0.000000000000000000, 1.000000000000000000, 2.312964634635743450E-15 ) ) ;
#3152 = DIRECTION ( 'NONE',  ( 1.000000000000000000, 0.000000000000000000, -0.000000000000000000 ) ) ;
#3153 = CARTESIAN_POINT ( 'NONE',  ( -34.03986129198492705, 24.10602679056223607, 11.50420481867244682 ) ) ;
#3154 = ORIENTED_EDGE ( 'NONE', *, *, #877, .F. ) ;
#3155 = EDGE_CURVE ( 'NONE', #82, #3070, #1649, .T. ) ;
#3156 = AXIS2_PLACEMENT_3D ( 'NONE', #1036, #2073, #422 ) ;
#3157 = VERTEX_POINT ( 'NONE', #1668 ) ;
#3158 = ORIENTED_EDGE ( 'NONE', *, *, #2439, .F. ) ;
#3159 = CARTESIAN_POINT ( 'NONE',  ( 50.00000000000002132, 24.12132034355964549, -11.23401871576779065 ) ) ;
#3160 = CARTESIAN_POINT ( 'NONE',  ( 37.50000000000000711, -11.23401871576771782, -24.12132034355965260 ) ) ;
#3161 = AXIS2_PLACEMENT_3D ( 'NONE', #248, #3476, #1347 ) ;
#3162 = EDGE_CURVE ( 'NONE', #196, #1638, #2778, .T. ) ;
#3163 = EDGE_CURVE ( 'NONE', #227, #465, #2316, .T. ) ;
#3164 = AXIS2_PLACEMENT_3D ( 'NONE', #2811, #3384, #636 ) ;
#3165 = ORIENTED_EDGE ( 'NONE', *, *, #968, .F. ) ;
#3166 = CARTESIAN_POINT ( 'NONE',  ( 16.82949354222763461, -22.00000000000000355, -22.00000000000000355 ) ) ;
#3167 = CARTESIAN_POINT ( 'NONE',  ( 37.50000000000000711, -25.00000000000000355, 9.112698372208141606 ) ) ;
#3168 = DIRECTION ( 'NONE',  ( -1.000000000000000000, 0.000000000000000000, 0.000000000000000000 ) ) ;
#3169 =( BOUNDED_SURFACE ( )  B_SPLINE_SURFACE ( 3, 2, ( 
 ( #1008, #2315, #2101 ),
 ( #703, #2335, #3435 ),
 ( #3196, #2395, #2892 ),
 ( #2616, #3432, #1978 ),
 ( #2499, #2877, #610 ),
 ( #3323, #593, #1779 ),
 ( #2356, #319, #2247 ),
 ( #1234, #116, #2311 ),
 ( #2807, #699, #154 ),
 ( #887, #1133, #869 ) ),
 .UNSPECIFIED., .F., .F., .F. ) 
 B_SPLINE_SURFACE_WITH_KNOTS ( ( 4, 2, 2, 2, 4 ),
 ( 3, 3 ),
 ( 0.000000000000000000, 0.2076115300928356444, 0.4152230601856712888, 0.6228345902785069610, 0.8304461203713425776 ),
 ( 0.000000000000000000, 1.000000000000000000 ),
 .UNSPECIFIED. ) 
 GEOMETRIC_REPRESENTATION_ITEM ( )  RATIONAL_B_SPLINE_SURFACE ( (
 ( 1.000000000000000000, 0.9238795325112862944, 1.000000000000000000),
 ( 1.000000000000000000, 0.9238795325112862944, 1.000000000000000000),
 ( 1.000000000000000000, 0.9225031065366413596, 1.000000000000000000),
 ( 1.000000000000000000, 0.9170198683929944306, 1.000000000000000000),
 ( 1.000000000000000000, 0.9129130246142782568, 1.000000000000000000),
 ( 1.000000000000000000, 0.9020367518871772461, 1.000000000000000000),
 ( 1.000000000000000000, 0.8952672519916921035, 1.000000000000000000),
 ( 1.000000000000000000, 0.8791803030592016954, 1.000000000000000000),
 ( 1.000000000000000000, 0.8698635397553183823, 1.000000000000000000),
 ( 1.000000000000000000, 0.8593533600841902764, 1.000000000000000000) ) ) 
 REPRESENTATION_ITEM ( '' )  SURFACE ( )  );
#3170 = CYLINDRICAL_SURFACE ( 'NONE', #678, 2.999999999999999112 ) ;
#3171 = CARTESIAN_POINT ( 'NONE',  ( 47.00000000000000000, 9.443650813895962060, -40.55634918610405037 ) ) ;
#3172 = LINE ( 'NONE', #1535, #1120 ) ;
#3173 = DIRECTION ( 'NONE',  ( 0.000000000000000000, 0.000000000000000000, 1.000000000000000000 ) ) ;
#3174 = CARTESIAN_POINT ( 'NONE',  ( -19.59262386345570306, 25.00000000000000355, 18.14662764423322372 ) ) ;
#3175 = ORIENTED_EDGE ( 'NONE', *, *, #3053, .T. ) ;
#3176 = CARTESIAN_POINT ( 'NONE',  ( -29.51779302434808372, -25.00000000000000711, 9.112698372208143383 ) ) ;
#3177 = ORIENTED_EDGE ( 'NONE', *, *, #3250, .F. ) ;
#3178 = EDGE_LOOP ( 'NONE', ( #991, #1126, #1202 ) ) ;
#3179 = CARTESIAN_POINT ( 'NONE',  ( 19.49043530615300668, -21.01920179886543849, -25.00000000000000711 ) ) ;
#3180 = CARTESIAN_POINT ( 'NONE',  ( 37.50000000000000711, 25.00000000000000000, 9.112698372208100750 ) ) ;
#3181 = EDGE_CURVE ( 'NONE', #2243, #1954, #468, .T. ) ;
#3182 = ORIENTED_EDGE ( 'NONE', *, *, #1382, .F. ) ;
#3183 = DIRECTION ( 'NONE',  ( 0.000000000000000000, -0.7071067811865447972, 0.7071067811865501263 ) ) ;
#3184 = CARTESIAN_POINT ( 'NONE',  ( 19.59262386345570306, -25.00000000000000355, 18.14662764423324504 ) ) ;
#3185 = DIRECTION ( 'NONE',  ( 0.000000000000000000, 0.000000000000000000, 1.000000000000000000 ) ) ;
#3186 = LINE ( 'NONE', #1878, #1084 ) ;
#3187 = DIRECTION ( 'NONE',  ( 0.000000000000000000, 0.000000000000000000, -1.000000000000000000 ) ) ;
#3188 = CARTESIAN_POINT ( 'NONE',  ( 34.03986129198490573, 24.10602679056223607, 11.50420481867245215 ) ) ;
#3189 =( BOUNDED_SURFACE ( )  B_SPLINE_SURFACE ( 3, 2, ( 
 ( #1099, #1314, #826 ),
 ( #2953, #3017, #2966 ),
 ( #556, #1657, #1048 ),
 ( #1620, #495, #2682 ),
 ( #2751, #1604, #281 ),
 ( #810, #2482, #513 ),
 ( #2419, #1909, #13 ),
 ( #775, #1116, #1875 ),
 ( #232, #1330, #3537 ),
 ( #2432, #3524, #2158 ) ),
 .UNSPECIFIED., .F., .F., .F. ) 
 B_SPLINE_SURFACE_WITH_KNOTS ( ( 4, 2, 2, 2, 4 ),
 ( 3, 3 ),
 ( 3.141592653589793116, 3.349204183682628511, 3.556815713775464349, 3.764427243868300188, 3.972038773961135583 ),
 ( 0.000000000000000000, 1.000000000000000000 ),
 .UNSPECIFIED. ) 
 GEOMETRIC_REPRESENTATION_ITEM ( )  RATIONAL_B_SPLINE_SURFACE ( (
 ( 1.000000000000000000, 0.9238795325112874046, 1.000000000000000000),
 ( 1.000000000000000000, 0.9238802365527772897, 1.000000000000000000),
 ( 1.000000000000000000, 0.9225031065366469107, 1.000000000000000000),
 ( 1.000000000000000000, 0.9170198683929913219, 1.000000000000000000),
 ( 1.000000000000000000, 0.9129130246141633487, 1.000000000000000000),
 ( 1.000000000000000000, 0.9020367518872941526, 1.000000000000000000),
 ( 1.000000000000000000, 0.8952672519916350380, 1.000000000000000000),
 ( 1.000000000000000000, 0.8791803030592603152, 1.000000000000000000),
 ( 1.000000000000000000, 0.8698635397552760828, 1.000000000000000000),
 ( 1.000000000000000000, 0.8593533600841911646, 1.000000000000000000) ) ) 
 REPRESENTATION_ITEM ( '' )  SURFACE ( )  );
#3190 = CARTESIAN_POINT ( 'NONE',  ( -37.50000000000000711, -25.00000000000000000, -9.112698372208107855 ) ) ;
#3191 = CARTESIAN_POINT ( 'NONE',  ( -20.21129770927518265, 23.53931142951760336, 21.51617619707900175 ) ) ;
#3192 = ORIENTED_EDGE ( 'NONE', *, *, #2379, .T. ) ;
#3193 = DIRECTION ( 'NONE',  ( 0.000000000000000000, 0.000000000000000000, 1.000000000000000000 ) ) ;
#3194 = VERTEX_POINT ( 'NONE', #2889 ) ;
#3195 = DIRECTION ( 'NONE',  ( 1.000000000000000000, 5.551115123125783688E-16, 1.232595164407831767E-32 ) ) ;
#3196 = CARTESIAN_POINT ( 'NONE',  ( 34.03986129198193566, 24.10602679056135500, -11.50420481867426226 ) ) ;
#3197 = VECTOR ( 'NONE', #377, 1000.000000000000000 ) ;
#3198 = AXIS2_PLACEMENT_3D ( 'NONE', #2718, #2143, #1384 ) ;
#3199 = ORIENTED_EDGE ( 'NONE', *, *, #2145, .F. ) ;
#3200 = CARTESIAN_POINT ( 'NONE',  ( 10.00000000000000000, 3.673940397442059178E-15, -22.00000000000000355 ) ) ;
#3201 = EDGE_CURVE ( 'NONE', #1071, #642, #3118, .T. ) ;
#3202 = AXIS2_PLACEMENT_3D ( 'NONE', #1290, #157, #1797 ) ;
#3203 = DIRECTION ( 'NONE',  ( 1.000000000000000000, 0.000000000000000000, 5.551115123125783688E-16 ) ) ;
#3204 = DIRECTION ( 'NONE',  ( 1.000000000000000000, -0.000000000000000000, 0.000000000000000000 ) ) ;
#3205 = AXIS2_PLACEMENT_3D ( 'NONE', #2757, #34, #286 ) ;
#3206 = CARTESIAN_POINT ( 'NONE',  ( -37.50000000000000711, -9.112698372208058117, 25.00000000000000000 ) ) ;
#3207 = CARTESIAN_POINT ( 'NONE',  ( -10.00000000000000000, 8.000000000000000000, 22.00000000000000000 ) ) ;
#3208 = ADVANCED_FACE ( 'NONE', ( #3366 ), #1714, .T. ) ;
#3209 = CARTESIAN_POINT ( 'NONE',  ( 16.82949354222763816, 25.00000000000000355, 22.00000000000000355 ) ) ;
#3210 = FACE_OUTER_BOUND ( 'NONE', #1235, .T. ) ;
#3211 = DIRECTION ( 'NONE',  ( 2.465190328815662439E-32, -0.7071067811865475727, 0.7071067811865474617 ) ) ;
#3212 = ORIENTED_EDGE ( 'NONE', *, *, #2771, .T. ) ;
#3213 = EDGE_CURVE ( 'NONE', #2467, #883, #1426, .T. ) ;
#3214 = ORIENTED_EDGE ( 'NONE', *, *, #3103, .T. ) ;
#3215 = EDGE_LOOP ( 'NONE', ( #173, #2746, #3452, #2528, #631, #2772, #2357, #448 ) ) ;
#3216 = DIRECTION ( 'NONE',  ( 0.9099284479795602953, -0.4147652583781681335, 0.000000000000000000 ) ) ;
#3217 = AXIS2_PLACEMENT_3D ( 'NONE', #619, #1445, #2538 ) ;
#3218 = ORIENTED_EDGE ( 'NONE', *, *, #2086, .T. ) ;
#3219 = CARTESIAN_POINT ( 'NONE',  ( 47.00000000000000000, 9.112698372208106079, 25.00000000000000000 ) ) ;
#3220 = EDGE_CURVE ( 'NONE', #3392, #696, #3409, .T. ) ;
#3221 = CARTESIAN_POINT ( 'NONE',  ( 37.49999999999997868, -11.23401871576769295, 24.12132034355965260 ) ) ;
#3222 = CARTESIAN_POINT ( 'NONE',  ( 9.999999999999994671, 11.00000000000000355, 22.00000000000000000 ) ) ;
#3223 = CARTESIAN_POINT ( 'NONE',  ( -37.50000000000000711, 9.112698372208100750, 25.00000000000000000 ) ) ;
#3224 = CIRCLE ( 'NONE', #2015, 2.999999999999999112 ) ;
#3225 = CARTESIAN_POINT ( 'NONE',  ( -35.76987939158117769, -24.12132034355712307, -11.23401871577025091 ) ) ;
#3226 = CARTESIAN_POINT ( 'NONE',  ( 10.00000000000000000, 3.673940397442059178E-15, 22.00000000000000000 ) ) ;
#3227 = DIRECTION ( 'NONE',  ( 0.000000000000000000, -1.000000000000000000, 0.000000000000000000 ) ) ;
#3228 = EDGE_CURVE ( 'NONE', #412, #417, #915, .T. ) ;
#3229 = EDGE_CURVE ( 'NONE', #2230, #783, #2805, .T. ) ;
#3230 = AXIS2_PLACEMENT_3D ( 'NONE', #3310, #1123, #1915 ) ;
#3231 = EDGE_CURVE ( 'NONE', #2796, #3194, #1776, .T. ) ;
#3232 = LINE ( 'NONE', #2121, #1079 ) ;
#3233 = ORIENTED_EDGE ( 'NONE', *, *, #3231, .F. ) ;
#3234 = ORIENTED_EDGE ( 'NONE', *, *, #1178, .F. ) ;
#3235 = FACE_OUTER_BOUND ( 'NONE', #1128, .T. ) ;
#3236 = ORIENTED_EDGE ( 'NONE', *, *, #1316, .T. ) ;
#3237 = CARTESIAN_POINT ( 'NONE',  ( 19.04419066270325445, 23.43092918492793686, 23.43092918492793331 ) ) ;
#3238 = AXIS2_PLACEMENT_3D ( 'NONE', #2702, #514, #478 ) ;
#3239 = CARTESIAN_POINT ( 'NONE',  ( 25.83206531511265069, -15.46476090514783763, 23.88184437057629950 ) ) ;
#3240 = CARTESIAN_POINT ( 'NONE',  ( -20.81825009609269372, -19.22081494768391607, 25.00000000000000355 ) ) ;
#3241 = DIRECTION ( 'NONE',  ( -1.000000000000000000, -0.000000000000000000, 5.551115123125764953E-16 ) ) ;
#3242 = CARTESIAN_POINT ( 'NONE',  ( -33.86260519532897462, -24.99999999999999645, -10.63726499476130449 ) ) ;
#3243 = CARTESIAN_POINT ( 'NONE',  ( -27.97802025036827089, 11.37204899426012616, 25.00000000000000000 ) ) ;
#3244 = DIRECTION ( 'NONE',  ( 1.000000000000000000, 0.000000000000000000, 0.000000000000000000 ) ) ;
#3245 = EDGE_CURVE ( 'NONE', #2915, #2397, #715, .T. ) ;
#3246 = CYLINDRICAL_SURFACE ( 'NONE', #913, 25.00000000000000355 ) ;
#3247 = VERTEX_POINT ( 'NONE', #896 ) ;
#3248 = CARTESIAN_POINT ( 'NONE',  ( -37.50000000000000711, -11.23401871576767874, 24.12132034355966326 ) ) ;
#3249 = ORIENTED_EDGE ( 'NONE', *, *, #1028, .F. ) ;
#3250 = EDGE_CURVE ( 'NONE', #1306, #2353, #623, .T. ) ;
#3251 = CARTESIAN_POINT ( 'NONE',  ( 37.49999999999997868, -9.112698372208058117, 25.00000000000000000 ) ) ;
#3252 = CIRCLE ( 'NONE', #960, 3.000000000000000000 ) ;
#3253 = VECTOR ( 'NONE', #977, 1000.000000000000000 ) ;
#3254 = CARTESIAN_POINT ( 'NONE',  ( -10.00000000000000000, -8.000000000000000000, -22.00000000000000355 ) ) ;
#3255 = AXIS2_PLACEMENT_3D ( 'NONE', #2331, #679, #988 ) ;
#3256 = VECTOR ( 'NONE', #1681, 1000.000000000000000 ) ;
#3257 = CARTESIAN_POINT ( 'NONE',  ( 47.00000000000000000, -22.00000000000000355, -9.112698372208077657 ) ) ;
#3258 = CARTESIAN_POINT ( 'NONE',  ( -47.00000000000000000, 22.00000000000000355, -9.112698372208139830 ) ) ;
#3259 = DIRECTION ( 'NONE',  ( 0.8399349719120049462, 0.000000000000000000, 0.5426870580354571372 ) ) ;
#3260 = CARTESIAN_POINT ( 'NONE',  ( -28.99823236640480673, -13.37233269735395602, -24.00028370309346926 ) ) ;
#3261 = CIRCLE ( 'NONE', #2229, 2.999999999999999112 ) ;
#3262 = VECTOR ( 'NONE', #3211, 1000.000000000000000 ) ;
#3263 = DIRECTION ( 'NONE',  ( 0.000000000000000000, 0.7071067811865475727, -0.7071067811865474617 ) ) ;
#3264 = SPHERICAL_SURFACE ( 'NONE', #2566, 3.000000000000000000 ) ;
#3265 = EDGE_LOOP ( 'NONE', ( #142, #1468, #492, #2097 ) ) ;
#3266 = ORIENTED_EDGE ( 'NONE', *, *, #1488, .T. ) ;
#3267 = ORIENTED_EDGE ( 'NONE', *, *, #2728, .F. ) ;
#3268 = CARTESIAN_POINT ( 'NONE',  ( 9.999999999999998224, -7.999999999999996447, 22.00000000000000000 ) ) ;
#3269 = CARTESIAN_POINT ( 'NONE',  ( 25.28089044475822433, -14.74614857548719193, 25.00000000000000000 ) ) ;
#3270 = ORIENTED_EDGE ( 'NONE', *, *, #3448, .F. ) ;
#3271 = DIRECTION ( 'NONE',  ( 0.000000000000000000, 1.000000000000000000, -2.891205793294679411E-15 ) ) ;
#3272 = LINE ( 'NONE', #3306, #2970 ) ;
#3273 = CIRCLE ( 'NONE', #528, 3.000000000000002665 ) ;
#3274 = CARTESIAN_POINT ( 'NONE',  ( -18.13664457375388395, -25.00000000000000000, -19.97687848145843148 ) ) ;
#3275 = CARTESIAN_POINT ( 'NONE',  ( 37.50000000000000711, -7.322330470336465780, -42.67766952966367455 ) ) ;
#3276 = DIRECTION ( 'NONE',  ( 1.000000000000000000, -5.551115123125783688E-16, -1.232595164407831767E-32 ) ) ;
#3277 = CIRCLE ( 'NONE', #56, 2.999999999999999112 ) ;
#3278 = CARTESIAN_POINT ( 'NONE',  ( -34.03986129198490573, -11.50420481867244504, -24.10602679056223607 ) ) ;
#3279 = CARTESIAN_POINT ( 'NONE',  ( 50.00000000000000000, -25.00000000000000000, 25.00000000000000000 ) ) ;
#3280 = CARTESIAN_POINT ( 'NONE',  ( -19.49043530615751862, -25.00000000000000355, 21.01920179886909068 ) ) ;
#3281 = ORIENTED_EDGE ( 'NONE', *, *, #2876, .T. ) ;
#3282 =( BOUNDED_SURFACE ( )  B_SPLINE_SURFACE ( 3, 2, ( 
 ( #3283, #1308, #2950 ),
 ( #3522, #3001, #259 ),
 ( #2442, #2170, #1095 ),
 ( #1360, #2187, #3014 ),
 ( #553, #2747, #2478 ),
 ( #1582, #2678, #210 ),
 ( #3507, #1046, #1936 ),
 ( #1725, #2818, #2493 ),
 ( #3354, #2798, #2009 ),
 ( #2509, #2241, #2274 ) ),
 .UNSPECIFIED., .F., .F., .F. ) 
 B_SPLINE_SURFACE_WITH_KNOTS ( ( 4, 2, 2, 2, 4 ),
 ( 3, 3 ),
 ( 5.452739186808242877, 5.660350716901078272, 5.867962246993914555, 6.075573777086750837, 6.283185307179586232 ),
 ( 0.000000000000000000, 1.000000000000000000 ),
 .UNSPECIFIED. ) 
 GEOMETRIC_REPRESENTATION_ITEM ( )  RATIONAL_B_SPLINE_SURFACE ( (
 ( 1.000000000000000000, 0.8593533600841904985, 1.000000000000000000),
 ( 1.000000000000000000, 0.8698635397553623472, 1.000000000000000000),
 ( 1.000000000000000000, 0.8791803030591435197, 1.000000000000000000),
 ( 1.000000000000000000, 0.8952672519917498350, 1.000000000000000000),
 ( 1.000000000000000000, 0.9020367518874528034, 1.000000000000000000),
 ( 1.000000000000000000, 0.9129130246140038096, 1.000000000000000000),
 ( 1.000000000000000000, 0.9170198683928055816, 1.000000000000000000),
 ( 1.000000000000000000, 0.9225031065368308747, 1.000000000000000000),
 ( 1.000000000000000000, 0.9238802365526378457, 1.000000000000000000),
 ( 1.000000000000000000, 0.9238795325112866275, 1.000000000000000000) ) ) 
 REPRESENTATION_ITEM ( '' )  SURFACE ( )  );
#3283 = CARTESIAN_POINT ( 'NONE',  ( 19.04419066270323668, -23.43092918492793331, -23.43092918492795818 ) ) ;
#3284 = ADVANCED_FACE ( 'NONE', ( #1211 ), #218, .T. ) ;
#3285 = ORIENTED_EDGE ( 'NONE', *, *, #1331, .T. ) ;
#3286 = ORIENTED_EDGE ( 'NONE', *, *, #1621, .F. ) ;
#3287 = LINE ( 'NONE', #759, #37 ) ;
#3288 = EDGE_CURVE ( 'NONE', #2512, #2336, #1831, .T. ) ;
#3289 = ORIENTED_EDGE ( 'NONE', *, *, #1867, .T. ) ;
#3290 = DIRECTION ( 'NONE',  ( 0.8399349719120049462, -0.5426870580354571372, 0.000000000000000000 ) ) ;
#3291 = DIRECTION ( 'NONE',  ( -0.000000000000000000, -0.7071067811865475727, 0.7071067811865474617 ) ) ;
#3292 = DIRECTION ( 'NONE',  ( 0.9099284479795607394, 0.4147652583781671343, 0.000000000000000000 ) ) ;
#3293 = CARTESIAN_POINT ( 'NONE',  ( -22.21386321382058426, 25.00000000000000000, -13.66643036367055686 ) ) ;
#3294 = DIRECTION ( 'NONE',  ( -0.8399349719120049462, 0.000000000000000000, -0.5426870580354571372 ) ) ;
#3295 = CARTESIAN_POINT ( 'NONE',  ( -29.83244999020988075, 25.00000000000000000, -10.52787079274461135 ) ) ;
#3296 = ADVANCED_FACE ( 'NONE', ( #3351 ), #1447, .T. ) ;
#3297 = ORIENTED_EDGE ( 'NONE', *, *, #3424, .T. ) ;
#3298 = AXIS2_PLACEMENT_3D ( 'NONE', #3257, #1610, #501 ) ;
#3299 = CYLINDRICAL_SURFACE ( 'NONE', #2994, 3.000000000000000444 ) ;
#3300 =( BOUNDED_CURVE ( )  B_SPLINE_CURVE ( 3, ( #36, #836, #1898, #1628 ),
 .UNSPECIFIED., .F., .F. ) 
 B_SPLINE_CURVE_WITH_KNOTS ( ( 4, 4 ),
 ( 3.141592653589793116, 3.972038773961135583 ),
 .UNSPECIFIED. ) 
 CURVE ( )  GEOMETRIC_REPRESENTATION_ITEM ( )  RATIONAL_B_SPLINE_CURVE ( ( 1.000000000000000000, 0.9433509080723008200, 0.9433509080723008200, 1.000000000000000000 ) ) 
 REPRESENTATION_ITEM ( '' )  );
#3301 = VERTEX_POINT ( 'NONE', #2020 ) ;
#3302 = ORIENTED_EDGE ( 'NONE', *, *, #1609, .T. ) ;
#3303 = DIRECTION ( 'NONE',  ( -1.000000000000000000, -3.486305596842098443E-32, 5.551115123125783688E-16 ) ) ;
#3304 = ORIENTED_EDGE ( 'NONE', *, *, #2763, .T. ) ;
#3305 = DIRECTION ( 'NONE',  ( -3.925231146709439766E-16, -0.7071067811865451302, 0.7071067811865499042 ) ) ;
#3306 = CARTESIAN_POINT ( 'NONE',  ( 49.99999999999999289, -24.12132034355963484, 11.23401871576778355 ) ) ;
#3307 = CARTESIAN_POINT ( 'NONE',  ( 37.50000000000000711, 7.322330470336323671, -42.67766952966368876 ) ) ;
#3308 = AXIS2_PLACEMENT_3D ( 'NONE', #1662, #15, #1064 ) ;
#3309 = DIRECTION ( 'NONE',  ( 0.000000000000000000, 0.7071067811865472397, 0.7071067811865477948 ) ) ;
#3310 = CARTESIAN_POINT ( 'NONE',  ( -47.00000000000000000, -9.112698372208111408, -22.00000000000000355 ) ) ;
#3311 = EDGE_CURVE ( 'NONE', #2226, #2894, #2308, .T. ) ;
#3312 = CARTESIAN_POINT ( 'NONE',  ( -30.31488166380941962, -11.74582625983903839, -25.00000000000344613 ) ) ;
#3313 = AXIS2_PLACEMENT_3D ( 'NONE', #3418, #705, #455 ) ;
#3314 = EDGE_CURVE ( 'NONE', #2358, #2752, #1712, .T. ) ;
#3315 = DIRECTION ( 'NONE',  ( -1.000000000000000000, -0.000000000000000000, 5.551115123125764953E-16 ) ) ;
#3316 = CIRCLE ( 'NONE', #101, 8.000000000000001776 ) ;
#3317 = VERTEX_POINT ( 'NONE', #1052 ) ;
#3318 = LOCAL_TIME ( 20, 11, 33.00000000000000000, #68 ) ;
#3319 = CARTESIAN_POINT ( 'NONE',  ( -16.82949354222763816, 22.00000000000000000, 25.00000000000000000 ) ) ;
#3320 = ORIENTED_EDGE ( 'NONE', *, *, #1850, .F. ) ;
#3321 = EDGE_LOOP ( 'NONE', ( #3218, #3556, #397, #2660 ) ) ;
#3322 = DIRECTION ( 'NONE',  ( -1.000000000000000000, 3.486305596842098443E-32, -5.551115123125783688E-16 ) ) ;
#3323 = CARTESIAN_POINT ( 'NONE',  ( 25.83206531510688464, 23.88184437057459419, -15.46476090515319157 ) ) ;
#3324 = ORIENTED_EDGE ( 'NONE', *, *, #158, .F. ) ;
#3325 = CARTESIAN_POINT ( 'NONE',  ( 50.00000000000000000, -42.67766952966372429, -7.322330470336181563 ) ) ;
#3326 = DIRECTION ( 'NONE',  ( 0.000000000000000000, 0.000000000000000000, -1.000000000000000000 ) ) ;
#3327 = CARTESIAN_POINT ( 'NONE',  ( -37.49999999999997868, 9.112698372208093645, 25.00000000000000000 ) ) ;
#3328 = DIRECTION ( 'NONE',  ( -1.000000000000000000, -0.000000000000000000, -0.000000000000000000 ) ) ;
#3329 = DIRECTION ( 'NONE',  ( 0.000000000000000000, 0.7071067811865475727, -0.7071067811865474617 ) ) ;
#3330 = FACE_OUTER_BOUND ( 'NONE', #1691, .T. ) ;
#3331 = ADVANCED_FACE ( 'NONE', ( #3210 ), #2654, .T. ) ;
#3332 = CIRCLE ( 'NONE', #1617, 3.000000000000002665 ) ;
#3333 = EDGE_CURVE ( 'NONE', #3037, #2952, #160, .T. ) ;
#3334 = CARTESIAN_POINT ( 'NONE',  ( -50.00000000000000000, -22.00000000000000355, 10.35533905932743970 ) ) ;
#3335 = EDGE_CURVE ( 'NONE', #2512, #2891, #2169, .T. ) ;
#3336 = DIRECTION ( 'NONE',  ( -1.000000000000000000, -1.734723475976807341E-16, 0.000000000000000000 ) ) ;
#3337 = EDGE_LOOP ( 'NONE', ( #902, #1236, #485 ) ) ;
#3338 = DIRECTION ( 'NONE',  ( -0.000000000000000000, -0.7071067811865475727, 0.7071067811865474617 ) ) ;
#3339 = EDGE_LOOP ( 'NONE', ( #1581, #2083, #442, #2987 ) ) ;
#3340 = ORIENTED_EDGE ( 'NONE', *, *, #2967, .F. ) ;
#3341 = CARTESIAN_POINT ( 'NONE',  ( -47.00000000000000000, 9.112698372208100750, 22.00000000000000355 ) ) ;
#3342 = EDGE_CURVE ( 'NONE', #3247, #7, #205, .T. ) ;
#3343 = CARTESIAN_POINT ( 'NONE',  ( -16.82949354222763105, -22.00000000000000355, 25.00000000000000000 ) ) ;
#3344 = ORIENTED_EDGE ( 'NONE', *, *, #1602, .T. ) ;
#3345 = CARTESIAN_POINT ( 'NONE',  ( 37.50000000000000711, 24.12132034355964905, -11.23401871576777644 ) ) ;
#3346 = FACE_OUTER_BOUND ( 'NONE', #507, .T. ) ;
#3347 = APPROVAL_STATUS ( 'not_yet_approved' ) ;
#3348 = DIRECTION ( 'NONE',  ( 0.000000000000000000, -1.000000000000000000, 0.000000000000000000 ) ) ;
#3349 = LINE ( 'NONE', #3101, #3144 ) ;
#3350 = DIRECTION ( 'NONE',  ( 0.000000000000000000, 0.000000000000000000, 1.000000000000000000 ) ) ;
#3351 = FACE_OUTER_BOUND ( 'NONE', #2431, .T. ) ;
#3352 = LINE ( 'NONE', #897, #2228 ) ;
#3353 = ORIENTED_EDGE ( 'NONE', *, *, #993, .T. ) ;
#3354 = CARTESIAN_POINT ( 'NONE',  ( 35.76987939157930185, -24.12132034355712662, -11.23401871577025446 ) ) ;
#3355 = ORIENTED_EDGE ( 'NONE', *, *, #1673, .F. ) ;
#3356 = ORIENTED_EDGE ( 'NONE', *, *, #3150, .F. ) ;
#3357 = DIRECTION ( 'NONE',  ( -2.312964634635742267E-15, 0.000000000000000000, -1.000000000000000000 ) ) ;
#3358 = EDGE_CURVE ( 'NONE', #1438, #1918, #2350, .T. ) ;
#3359 = ORIENTED_EDGE ( 'NONE', *, *, #2264, .T. ) ;
#3360 = FACE_OUTER_BOUND ( 'NONE', #25, .T. ) ;
#3361 = CARTESIAN_POINT ( 'NONE',  ( 16.82949354222763816, 24.87779125681018044, 22.84753612443771331 ) ) ;
#3362 = CALENDAR_DATE ( 2026, 11, 8 ) ;
#3363 = DIRECTION ( 'NONE',  ( 0.000000000000000000, 0.7071067811865445751, -0.7071067811865504593 ) ) ;
#3364 = CARTESIAN_POINT ( 'NONE',  ( 22.74034536924884264, 14.94953755800709239, -25.00000000000000355 ) ) ;
#3365 = AXIS2_PLACEMENT_3D ( 'NONE', #3, #2997, #2724 ) ;
#3366 = FACE_OUTER_BOUND ( 'NONE', #2212, .T. ) ;
#3367 = VECTOR ( 'NONE', #3303, 1000.000000000000000 ) ;
#3368 = CARTESIAN_POINT ( 'NONE',  ( -28.99823236640597202, 24.00028370308949022, 13.37233269735721919 ) ) ;
#3369 = ORIENTED_EDGE ( 'NONE', *, *, #2264, .F. ) ;
#3370 = EDGE_CURVE ( 'NONE', #3037, #717, #2864, .T. ) ;
#3371 = CARTESIAN_POINT ( 'NONE',  ( -37.50000000000000711, 42.67766952966368876, -7.322330470336306796 ) ) ;
#3372 = EDGE_CURVE ( 'NONE', #1416, #2415, #2460, .T. ) ;
#3373 = AXIS2_PLACEMENT_3D ( 'NONE', #2309, #92, #916 ) ;
#3374 = VECTOR ( 'NONE', #855, 1000.000000000000000 ) ;
#3375 = EDGE_LOOP ( 'NONE', ( #2414, #2480, #2618, #2927 ) ) ;
#3376 = ORIENTED_EDGE ( 'NONE', *, *, #3372, .T. ) ;
#3377 = LINE ( 'NONE', #885, #3367 ) ;
#3378 = AXIS2_PLACEMENT_3D ( 'NONE', #640, #930, #3104 ) ;
#3379 = EDGE_CURVE ( 'NONE', #2176, #607, #268, .T. ) ;
#3380 = VERTEX_POINT ( 'NONE', #3190 ) ;
#3381 = CARTESIAN_POINT ( 'NONE',  ( -30.37302948602507513, 11.23401871576773736, 24.12132034355964905 ) ) ;
#3382 = CARTESIAN_POINT ( 'NONE',  ( 16.82949354222765947, -25.00000000000000355, 21.99999999999997513 ) ) ;
#3383 = PERSON_AND_ORGANIZATION ( #796, #390 ) ;
#3384 = DIRECTION ( 'NONE',  ( 1.000000000000000000, 0.000000000000000000, 0.000000000000000000 ) ) ;
#3385 = CARTESIAN_POINT ( 'NONE',  ( 30.37302948602507513, 11.23401871576767874, -24.12132034355965615 ) ) ;
#3386 = CARTESIAN_POINT ( 'NONE',  ( -30.37302948602507513, 24.12132034355964905, 11.23401871576774447 ) ) ;
#3387 = AXIS2_PLACEMENT_3D ( 'NONE', #1281, #2868, #479 ) ;
#3388 = DIRECTION ( 'NONE',  ( -0.000000000000000000, 0.7071067811865499042, 0.7071067811865451302 ) ) ;
#3389 = DIRECTION ( 'NONE',  ( 1.000000000000000000, 1.734723475976807094E-16, 0.000000000000000000 ) ) ;
#3390 = ORIENTED_EDGE ( 'NONE', *, *, #505, .F. ) ;
#3391 = ORIENTED_EDGE ( 'NONE', *, *, #3048, .F. ) ;
#3392 = VERTEX_POINT ( 'NONE', #730 ) ;
#3393 = CARTESIAN_POINT ( 'NONE',  ( 27.97802025037344364, -11.37204899426773075, -25.00000000000000355 ) ) ;
#3394 = CIRCLE ( 'NONE', #474, 3.000000000000000444 ) ;
#3395 = CARTESIAN_POINT ( 'NONE',  ( 19.04419066270325089, 23.43092918492793686, 23.43092918492793331 ) ) ;
#3396 = APPROVAL_PERSON_ORGANIZATION ( #1983, #2848, #2867 ) ;
#3397 = ORIENTED_EDGE ( 'NONE', *, *, #3131, .F. ) ;
#3398 = CARTESIAN_POINT ( 'NONE',  ( 50.00000000000000711, 25.00000000000000000, 9.112698372208107855 ) ) ;
#3399 = EDGE_CURVE ( 'NONE', #2226, #1345, #852, .T. ) ;
#3400 = AXIS2_PLACEMENT_3D ( 'NONE', #355, #75, #2781 ) ;
#3401 = ADVANCED_FACE ( 'NONE', ( #1864 ), #364, .T. ) ;
#3402 = LINE ( 'NONE', #665, #1883 ) ;
#3403 = CARTESIAN_POINT ( 'NONE',  ( 0.000000000000000000, 0.000000000000000000, 0.000000000000000000 ) ) ;
#3404 = LINE ( 'NONE', #2792, #2112 ) ;
#3405 = FACE_OUTER_BOUND ( 'NONE', #190, .T. ) ;
#3406 = CARTESIAN_POINT ( 'NONE',  ( 19.04419066270324734, 23.43092918492792975, -23.43092918492794396 ) ) ;
#3407 = EDGE_CURVE ( 'NONE', #1887, #1989, #453, .T. ) ;
#3408 = CARTESIAN_POINT ( 'NONE',  ( 22.21386321382059137, 25.00000000000000000, -13.66643036367055331 ) ) ;
#3409 = LINE ( 'NONE', #962, #794 ) ;
#3410 = CARTESIAN_POINT ( 'NONE',  ( -47.00000000000000000, 40.55634918610405748, -9.443650813895944296 ) ) ;
#3411 = ORIENTED_EDGE ( 'NONE', *, *, #1117, .T. ) ;
#3412 = CARTESIAN_POINT ( 'NONE',  ( -37.50000000000000711, -25.00000000000000000, 9.112698372208138053 ) ) ;
#3413 = ORIENTED_EDGE ( 'NONE', *, *, #2899, .F. ) ;
#3414 = VERTEX_POINT ( 'NONE', #307 ) ;
#3415 = FACE_OUTER_BOUND ( 'NONE', #578, .T. ) ;
#3416 = LINE ( 'NONE', #3453, #91 ) ;
#3417 = ORIENTED_EDGE ( 'NONE', *, *, #806, .T. ) ;
#3418 = CARTESIAN_POINT ( 'NONE',  ( -10.00000000000000000, 0.000000000000000000, -25.00000000000000000 ) ) ;
#3419 = CARTESIAN_POINT ( 'NONE',  ( 20.81825009609190147, -25.00000000000392930, 19.22081494767994059 ) ) ;
#3420 = CARTESIAN_POINT ( 'NONE',  ( -19.04419066270324379, 23.43092918492792975, -23.43092918492794396 ) ) ;
#3421 =( BOUNDED_CURVE ( )  B_SPLINE_CURVE ( 3, ( #1215, #28, #410, #45 ),
 .UNSPECIFIED., .F., .F. ) 
 B_SPLINE_CURVE_WITH_KNOTS ( ( 4, 4 ),
 ( 3.141592653589793116, 3.972038773961135139 ),
 .UNSPECIFIED. ) 
 CURVE ( )  GEOMETRIC_REPRESENTATION_ITEM ( )  RATIONAL_B_SPLINE_CURVE ( ( 1.000000000000000000, 0.9433509080723010420, 0.9433509080723010420, 1.000000000000000000 ) ) 
 REPRESENTATION_ITEM ( '' )  );
#3422 = CARTESIAN_POINT ( 'NONE',  ( 50.00000000000000000, -10.99999999999998934, -22.00000000000000355 ) ) ;
#3423 = DIRECTION ( 'NONE',  ( 0.000000000000000000, 0.000000000000000000, -1.000000000000000000 ) ) ;
#3424 = EDGE_CURVE ( 'NONE', #280, #1688, #1081, .T. ) ;
#3425 = CARTESIAN_POINT ( 'NONE',  ( 33.86260519532538638, 24.99999999999658584, 10.63726499475857956 ) ) ;
#3426 = DIRECTION ( 'NONE',  ( -1.000000000000000000, 0.000000000000000000, 0.000000000000000000 ) ) ;
#3427 = FACE_OUTER_BOUND ( 'NONE', #1278, .T. ) ;
#3428 = ORIENTED_EDGE ( 'NONE', *, *, #3333, .F. ) ;
#3429 = EDGE_CURVE ( 'NONE', #1118, #1416, #1066, .T. ) ;
#3430 = ADVANCED_FACE ( 'NONE', ( #1388 ), #2181, .T. ) ;
#3431 = AXIS2_PLACEMENT_3D ( 'NONE', #2841, #1401, #30 ) ;
#3432 = CARTESIAN_POINT ( 'NONE',  ( 30.31488166380511018, 25.00000000000000355, -11.74582625983657458 ) ) ;
#3433 = VERTEX_POINT ( 'NONE', #2199 ) ;
#3434 = ORIENTED_EDGE ( 'NONE', *, *, #761, .T. ) ;
#3435 = CARTESIAN_POINT ( 'NONE',  ( 35.56226491856769201, 25.00000000000000000, -9.112698372208141606 ) ) ;
#3436 = AXIS2_PLACEMENT_3D ( 'NONE', #2586, #1836, #2603 ) ;
#3437 = ORIENTED_EDGE ( 'NONE', *, *, #3311, .F. ) ;
#3438 = DIRECTION ( 'NONE',  ( 0.000000000000000000, 0.7071067811865502373, 0.7071067811865449082 ) ) ;
#3439 = VECTOR ( 'NONE', #1987, 1000.000000000000000 ) ;
#3440 = CARTESIAN_POINT ( 'NONE',  ( 35.76987939157915264, -24.12132034355964194, 11.23401871576779243 ) ) ;
#3441 = CARTESIAN_POINT ( 'NONE',  ( -19.49043530615085729, 25.00000000000000000, -21.01920179886507611 ) ) ;
#3442 = LINE ( 'NONE', #1845, #1042 ) ;
#3443 = CYLINDRICAL_SURFACE ( 'NONE', #1872, 25.00000000000000355 ) ;
#3444 =( BOUNDED_SURFACE ( )  B_SPLINE_SURFACE ( 3, 2, ( 
 ( #433, #2626, #3167 ),
 ( #3440, #1550, #939 ),
 ( #2608, #2900, #165 ),
 ( #1750, #2843, #1787 ),
 ( #1767, #956, #3146 ),
 ( #124, #2029, #1261 ),
 ( #2573, #458, #2090 ),
 ( #2866, #3419, #3184 ),
 ( #2319, #376, #1513 ),
 ( #724, #1241, #3382 ) ),
 .UNSPECIFIED., .F., .F., .F. ) 
 B_SPLINE_SURFACE_WITH_KNOTS ( ( 4, 2, 2, 2, 4 ),
 ( 3, 3 ),
 ( 3.141592653589793116, 3.349204183682628511, 3.556815713775464349, 3.764427243868300188, 3.972038773961135583 ),
 ( 0.000000000000000000, 1.000000000000000000 ),
 .UNSPECIFIED. ) 
 GEOMETRIC_REPRESENTATION_ITEM ( )  RATIONAL_B_SPLINE_SURFACE ( (
 ( 1.000000000000000000, 0.9238795325112860723, 1.000000000000000000),
 ( 1.000000000000000000, 0.9238795325112860723, 1.000000000000000000),
 ( 1.000000000000000000, 0.9225031065367554906, 1.000000000000000000),
 ( 1.000000000000000000, 0.9170198683928800776, 1.000000000000000000),
 ( 1.000000000000000000, 0.9129130246142781457, 1.000000000000000000),
 ( 1.000000000000000000, 0.9020367518871771351, 1.000000000000000000),
 ( 1.000000000000000000, 0.8952672519915092497, 1.000000000000000000),
 ( 1.000000000000000000, 0.8791803030593836610, 1.000000000000000000),
 ( 1.000000000000000000, 0.8698635397551816029, 1.000000000000000000),
 ( 1.000000000000000000, 0.8593533600841901654, 1.000000000000000000) ) ) 
 REPRESENTATION_ITEM ( '' )  SURFACE ( )  );
#3445 = DIRECTION ( 'NONE',  ( 0.000000000000000000, 0.000000000000000000, 1.000000000000000000 ) ) ;
#3446 = DIRECTION ( 'NONE',  ( -0.000000000000000000, -0.7071067811865499042, -0.7071067811865451302 ) ) ;
#3447 = ORIENTED_EDGE ( 'NONE', *, *, #657, .F. ) ;
#3448 = EDGE_CURVE ( 'NONE', #2752, #1580, #1214, .T. ) ;
#3449 = AXIS2_PLACEMENT_3D ( 'NONE', #2627, #185, #745 ) ;
#3450 = DIRECTION ( 'NONE',  ( 0.000000000000000000, -0.7071067811865499042, -0.7071067811865451302 ) ) ;
#3451 = ORIENTED_EDGE ( 'NONE', *, *, #864, .T. ) ;
#3452 = ORIENTED_EDGE ( 'NONE', *, *, #1673, .T. ) ;
#3453 = CARTESIAN_POINT ( 'NONE',  ( 50.00000000000002132, 11.23401871576774980, 24.12132034355963839 ) ) ;
#3454 = AXIS2_PLACEMENT_3D ( 'NONE', #1618, #1919, #2156 ) ;
#3455 = AXIS2_PLACEMENT_3D ( 'NONE', #127, #3204, #459 ) ;
#3456 = EDGE_LOOP ( 'NONE', ( #1165, #1045, #2142, #3447 ) ) ;
#3457 = CARTESIAN_POINT ( 'NONE',  ( 18.00000000000000355, 3.673940397442059178E-15, -25.00000000000000000 ) ) ;
#3458 = CIRCLE ( 'NONE', #1906, 2.999999999999999112 ) ;
#3459 = DIRECTION ( 'NONE',  ( 0.000000000000000000, 0.7071067811865451302, -0.7071067811865499042 ) ) ;
#3460 = CARTESIAN_POINT ( 'NONE',  ( -28.57882009854073146, 25.00000000000000000, -12.57886458901133686 ) ) ;
#3461 = DIRECTION ( 'NONE',  ( 0.000000000000000000, 0.000000000000000000, 1.000000000000000000 ) ) ;
#3462 = DIRECTION ( 'NONE',  ( -1.000000000000000000, 0.000000000000000000, 0.000000000000000000 ) ) ;
#3463 = CARTESIAN_POINT ( 'NONE',  ( 25.28089044475478531, 24.99999999999636557, 14.74614857549823554 ) ) ;
#3464 = DIRECTION ( 'NONE',  ( -1.000000000000000000, 8.881784197001252323E-16, 0.000000000000000000 ) ) ;
#3465 = CARTESIAN_POINT ( 'NONE',  ( -19.04419066270326510, 23.43092918492794041, 23.43092918492790488 ) ) ;
#3466 = ORIENTED_EDGE ( 'NONE', *, *, #290, .F. ) ;
#3467 = EDGE_CURVE ( 'NONE', #3433, #82, #1108, .T. ) ;
#3468 = CARTESIAN_POINT ( 'NONE',  ( -37.50000000000000711, -25.00000000000000000, 9.112698372208138053 ) ) ;
#3469 = ORIENTED_EDGE ( 'NONE', *, *, #2567, .F. ) ;
#3470 = ORIENTED_EDGE ( 'NONE', *, *, #3162, .T. ) ;
#3471 = LINE ( 'NONE', #3159, #263 ) ;
#3472 = CARTESIAN_POINT ( 'NONE',  ( 50.00000000000000000, -22.00000000000000355, 0.000000000000000000 ) ) ;
#3473 = EDGE_CURVE ( 'NONE', #704, #408, #2471, .T. ) ;
#3474 = ORIENTED_EDGE ( 'NONE', *, *, #1056, .F. ) ;
#3475 = CARTESIAN_POINT ( 'NONE',  ( -47.00000000000000000, 24.12132034355964549, 11.23401871576774802 ) ) ;
#3476 = DIRECTION ( 'NONE',  ( 1.000000000000000000, 0.000000000000000000, 0.000000000000000000 ) ) ;
#3477 = DIRECTION ( 'NONE',  ( -0.000000000000000000, 0.7071067811865499042, 0.7071067811865451302 ) ) ;
#3478 = CARTESIAN_POINT ( 'NONE',  ( -28.99823236640670743, -13.37233269734971586, 24.00028370309650683 ) ) ;
#3479 = FACE_OUTER_BOUND ( 'NONE', #2317, .T. ) ;
#3480 = CYLINDRICAL_SURFACE ( 'NONE', #1402, 2.999999999999999112 ) ;
#3481 = DIRECTION ( 'NONE',  ( -0.000000000000000000, 0.7071067811865475727, -0.7071067811865474617 ) ) ;
#3482 = ORIENTED_EDGE ( 'NONE', *, *, #443, .T. ) ;
#3483 = DIRECTION ( 'NONE',  ( 0.000000000000000000, 1.000000000000000000, 0.000000000000000000 ) ) ;
#3484 = ORIENTED_EDGE ( 'NONE', *, *, #2633, .F. ) ;
#3485 = LINE ( 'NONE', #508, #1271 ) ;
#3486 = CARTESIAN_POINT ( 'NONE',  ( -37.50000000000000711, 9.112698372208051012, -22.00000000000000355 ) ) ;
#3487 = AXIS2_PLACEMENT_3D ( 'NONE', #923, #1963, #1455 ) ;
#3488 = CIRCLE ( 'NONE', #383, 3.000000000000002665 ) ;
#3489 = EDGE_LOOP ( 'NONE', ( #1003, #1921, #315, #2853 ) ) ;
#3490 = CARTESIAN_POINT ( 'NONE',  ( -47.00000000000000000, -9.112698372208106079, -25.00000000000000000 ) ) ;
#3491 = ADVANCED_FACE ( 'NONE', ( #2709 ), #2436, .T. ) ;
#3492 = EDGE_CURVE ( 'NONE', #2583, #2857, #2118, .T. ) ;
#3493 = AXIS2_PLACEMENT_3D ( 'NONE', #838, #1145, #38 ) ;
#3494 = CARTESIAN_POINT ( 'NONE',  ( 35.68388219760181812, -10.35533905933742105, 25.00000000000000000 ) ) ;
#3495 = CIRCLE ( 'NONE', #967, 2.999999999999999112 ) ;
#3496 = CYLINDRICAL_SURFACE ( 'NONE', #343, 25.00000000000000000 ) ;
#3497 = AXIS2_PLACEMENT_3D ( 'NONE', #3403, #615, #1422 ) ;
#3498 = DIRECTION ( 'NONE',  ( -1.000000000000000000, -5.782411586589358625E-16, 5.782411586589352708E-16 ) ) ;
#3499 = CARTESIAN_POINT ( 'NONE',  ( 50.00000000000000000, -15.55634918610399176, 15.55634918610409656 ) ) ;
#3500 = CIRCLE ( 'NONE', #1943, 3.000000000000000444 ) ;
#3501 = CARTESIAN_POINT ( 'NONE',  ( -29.83244999020944732, -25.00000000000000000, -10.52787079273709558 ) ) ;
#3502 = DIRECTION ( 'NONE',  ( -0.000000000000000000, 1.000000000000000000, -5.782411586589358625E-16 ) ) ;
#3503 = CARTESIAN_POINT ( 'NONE',  ( -47.00000000000000000, -25.00000000000000000, -22.00000000000000355 ) ) ;
#3504 = CYLINDRICAL_SURFACE ( 'NONE', #1309, 2.999999999999999112 ) ;
#3505 = EDGE_LOOP ( 'NONE', ( #1044, #1799, #1102, #2784 ) ) ;
#3506 = ORIENTED_EDGE ( 'NONE', *, *, #1739, .F. ) ;
#3507 = CARTESIAN_POINT ( 'NONE',  ( 30.65397320553917382, -24.04550753531550100, -12.57337832806007150 ) ) ;
#3508 = AXIS2_PLACEMENT_3D ( 'NONE', #1229, #186, #2323 ) ;
#3509 = ORIENTED_EDGE ( 'NONE', *, *, #2152, .F. ) ;
#3510 = DIRECTION ( 'NONE',  ( -0.5426870580354602458, 0.8399349719120028368, 0.000000000000000000 ) ) ;
#3511 = CARTESIAN_POINT ( 'NONE',  ( 23.71167745532645554, -16.09257051417364437, 25.00000000000000355 ) ) ;
#3512 = EDGE_CURVE ( 'NONE', #3301, #3380, #2723, .T. ) ;
#3513 = CARTESIAN_POINT ( 'NONE',  ( -23.71167745533131566, -16.09257051418121165, 25.00000000000000000 ) ) ;
#3514 = DIRECTION ( 'NONE',  ( 0.000000000000000000, 0.000000000000000000, -1.000000000000000000 ) ) ;
#3515 = CARTESIAN_POINT ( 'NONE',  ( -37.50000000000000711, -25.00000000000000000, -9.112698372208086539 ) ) ;
#3516 = CARTESIAN_POINT ( 'NONE',  ( -28.99823236640202140, 13.37233269735646068, 24.00028370309270898 ) ) ;
#3517 = CARTESIAN_POINT ( 'NONE',  ( 37.50000000000000711, -24.12132034355963839, -11.23401871576772848 ) ) ;
#3518 = CARTESIAN_POINT ( 'NONE',  ( -18.13664457374962424, 25.00000000000000355, 19.97687848145816858 ) ) ;
#3519 = ADVANCED_FACE ( 'NONE', ( #3009 ), #1664, .T. ) ;
#3520 = CARTESIAN_POINT ( 'NONE',  ( -47.00000000000000000, 9.112698372208058117, -22.00000000000000355 ) ) ;
#3521 = ORIENTED_EDGE ( 'NONE', *, *, #338, .F. ) ;
#3522 = CARTESIAN_POINT ( 'NONE',  ( 20.21129770927495173, -23.53931142951997657, -21.51617619707698026 ) ) ;
#3523 = VERTEX_POINT ( 'NONE', #2488 ) ;
#3524 = CARTESIAN_POINT ( 'NONE',  ( -18.32897391849435564, 22.96882332703168217, -25.00000000000000355 ) ) ;
#3525 = CARTESIAN_POINT ( 'NONE',  ( 30.31488166381757665, -11.74582625984591999, 25.00000000000000355 ) ) ;
#3526 = CARTESIAN_POINT ( 'NONE',  ( -50.00000000000000000, 42.67766952966369587, -7.322330470336303243 ) ) ;
#3527 = DIRECTION ( 'NONE',  ( 0.000000000000000000, 0.000000000000000000, 1.000000000000000000 ) ) ;
#3528 = SPHERICAL_SURFACE ( 'NONE', #2211, 3.000000000000000000 ) ;
#3529 = DIRECTION ( 'NONE',  ( 0.000000000000000000, 0.000000000000000000, 1.000000000000000000 ) ) ;
#3530 = DIRECTION ( 'NONE',  ( 0.000000000000000000, 0.000000000000000000, -1.000000000000000000 ) ) ;
#3531 = EDGE_CURVE ( 'NONE', #412, #3194, #1252, .T. ) ;
#3532 = CARTESIAN_POINT ( 'NONE',  ( -47.00000000000000000, -9.112698372208106079, -22.00000000000000355 ) ) ;
#3533 = ORIENTED_EDGE ( 'NONE', *, *, #96, .F. ) ;
#3534 =( BOUNDED_CURVE ( )  B_SPLINE_CURVE ( 3, ( #1286, #225, #2388, #1040 ),
 .UNSPECIFIED., .F., .F. ) 
 B_SPLINE_CURVE_WITH_KNOTS ( ( 4, 4 ),
 ( 0.000000000000000000, 0.8304461203713425776 ),
 .UNSPECIFIED. ) 
 CURVE ( )  GEOMETRIC_REPRESENTATION_ITEM ( )  RATIONAL_B_SPLINE_CURVE ( ( 1.000000000000000000, 0.9433509080723008200, 0.9433509080723008200, 1.000000000000000000 ) ) 
 REPRESENTATION_ITEM ( '' )  );
#3535 = CARTESIAN_POINT ( 'NONE',  ( -47.00000000000000000, 24.99999999999999289, -10.35533905932744148 ) ) ;
#3536 = ORIENTED_EDGE ( 'NONE', *, *, #3407, .F. ) ;
#3537 = CARTESIAN_POINT ( 'NONE',  ( -18.13664457374962424, 19.97687848145816503, -25.00000000000000355 ) ) ;
#3538 = CIRCLE ( 'NONE', #3365, 3.000000000000000444 ) ;
#3539 = CARTESIAN_POINT ( 'NONE',  ( 35.76987939158392749, -11.23401871576265165, 24.12132034356469745 ) ) ;
#3540 = VECTOR ( 'NONE', #1835, 1000.000000000000000 ) ;
#3541 = VECTOR ( 'NONE', #2533, 1000.000000000000000 ) ;
#3542 = ORIENTED_EDGE ( 'NONE', *, *, #496, .F. ) ;
#3543 = CARTESIAN_POINT ( 'NONE',  ( 47.00000000000000000, 25.00000000000000000, -9.112698372208139830 ) ) ;
#3544 = AXIS2_PLACEMENT_3D ( 'NONE', #1886, #770, #1615 ) ;
#3545 = AXIS2_PLACEMENT_3D ( 'NONE', #1518, #1301, #3173 ) ;
#3546 = CARTESIAN_POINT ( 'NONE',  ( -25.83206531510640858, -23.88184437057383747, -15.46476090515420765 ) ) ;
#3547 = DIRECTION ( 'NONE',  ( 0.4006291549168350952, 0.8789161044352993279, 0.2588489165418705884 ) ) ;
#3548 = DIRECTION ( 'NONE',  ( -0.5426870580354574702, -1.255215972910528390E-15, 0.8399349719120047242 ) ) ;
#3549 = LINE ( 'NONE', #255, #1310 ) ;
#3550 = CIRCLE ( 'NONE', #1541, 2.999999999999999112 ) ;
#3551 = DIRECTION ( 'NONE',  ( 0.000000000000000000, 0.7071067811865499042, 0.7071067811865451302 ) ) ;
#3552 = CARTESIAN_POINT ( 'NONE',  ( 47.00000000000000000, -24.12132034355963839, 11.23401871576777822 ) ) ;
#3553 = VERTEX_POINT ( 'NONE', #1140 ) ;
#3554 = DIRECTION ( 'NONE',  ( 0.000000000000000000, 0.7071067811865499042, 0.7071067811865451302 ) ) ;
#3555 =( BOUNDED_CURVE ( )  B_SPLINE_CURVE ( 3, ( #378, #3385, #365, #2846 ),
 .UNSPECIFIED., .F., .F. ) 
 B_SPLINE_CURVE_WITH_KNOTS ( ( 4, 4 ),
 ( 3.141592653589793116, 3.972038773961135583 ),
 .UNSPECIFIED. ) 
 CURVE ( )  GEOMETRIC_REPRESENTATION_ITEM ( )  RATIONAL_B_SPLINE_CURVE ( ( 1.000000000000000000, 0.9433509080723008200, 0.9433509080723008200, 1.000000000000000000 ) ) 
 REPRESENTATION_ITEM ( '' )  );
#3556 = ORIENTED_EDGE ( 'NONE', *, *, #2484, .F. ) ;
#3557 = ORIENTED_EDGE ( 'NONE', *, *, #2790, .F. ) ;
#3558 = CARTESIAN_POINT ( 'NONE',  ( -30.37302948602507513, -11.23401871576773381, -24.12132034355965615 ) ) ;
#3559 = AXIS2_PLACEMENT_3D ( 'NONE', #2553, #652, #2847 ) ;
#3560 = ORIENTED_EDGE ( 'NONE', *, *, #2361, .F. ) ;
#3561 = DIRECTION ( 'NONE',  ( -0.000000000000000000, -0.000000000000000000, -1.000000000000000000 ) ) ;
#3562 = LINE ( 'NONE', #3398, #3541 ) ;
ENDSEC;
END-ISO-10303-21;
