ISO-10303-21;
HEADER;
FILE_DESCRIPTION (( 'STEP AP203' ),
    '1' );
FILE_NAME ('CSWA_10_2.STEP',
    '2026-08-11T18:29:32',
    ( '' ),
    ( '' ),
    'SwSTEP 2.0',
    'SolidWorks 2026',
    '' );
FILE_SCHEMA (( 'CONFIG_CONTROL_DESIGN' ));
ENDSEC;

DATA;
#1 = LINE ( 'NONE', #1859, #3123 ) ;
#2 = ORIENTED_EDGE ( 'NONE', *, *, #2065, .F. ) ;
#3 = CARTESIAN_POINT ( 'NONE',  ( -11.39999999999999858, 8.599999999999996092, 6.700000000000000178 ) ) ;
#4 = CARTESIAN_POINT ( 'NONE',  ( -11.99999999999999289, 11.40000000000000036, -1.599999999999999423 ) ) ;
#5 = FACE_BOUND ( 'NONE', #2194, .T. ) ;
#6 = ORIENTED_EDGE ( 'NONE', *, *, #2202, .F. ) ;
#7 = LINE ( 'NONE', #1428, #3008 ) ;
#8 = ORIENTED_EDGE ( 'NONE', *, *, #2836, .T. ) ;
#9 = ORIENTED_EDGE ( 'NONE', *, *, #728, .F. ) ;
#10 = ORIENTED_EDGE ( 'NONE', *, *, #722, .F. ) ;
#11 = EDGE_CURVE ( 'NONE', #2960, #1334, #742, .T. ) ;
#12 = CARTESIAN_POINT ( 'NONE',  ( -14.29999999999999716, 8.599999999999999645, 4.599999999999997868 ) ) ;
#13 = CARTESIAN_POINT ( 'NONE',  ( 0.5500000000000000444, 2.299999999999999822, 3.203123475609392923 ) ) ;
#14 = DIRECTION ( 'NONE',  ( 0.000000000000000000, -0.000000000000000000, -1.000000000000000000 ) ) ;
#15 = CARTESIAN_POINT ( 'NONE',  ( -14.49999999999999645, 9.816552506059649019, 3.399999999999998579 ) ) ;
#16 = ORIENTED_EDGE ( 'NONE', *, *, #2338, .T. ) ;
#17 = EDGE_CURVE ( 'NONE', #1019, #2734, #2463, .T. ) ;
#18 = CARTESIAN_POINT ( 'NONE',  ( -14.49999999999999645, 0.000000000000000000, -6.700000000000000178 ) ) ;
#19 = ORIENTED_EDGE ( 'NONE', *, *, #806, .T. ) ;
#20 = EDGE_CURVE ( 'NONE', #2066, #3436, #3319, .T. ) ;
#21 = PLANE ( 'NONE',  #1284 ) ;
#22 = AXIS2_PLACEMENT_3D ( 'NONE', #525, #3307, #2986 ) ;
#23 = CARTESIAN_POINT ( 'NONE',  ( -3.399999999999998579, 0.000000000000000000, -6.700000000000000178 ) ) ;
#24 = FACE_BOUND ( 'NONE', #1500, .T. ) ;
#25 = VERTEX_POINT ( 'NONE', #2706 ) ;
#26 = VECTOR ( 'NONE', #325, 1000.000000000000000 ) ;
#27 = ORIENTED_EDGE ( 'NONE', *, *, #1914, .F. ) ;
#28 = VECTOR ( 'NONE', #1094, 1000.000000000000000 ) ;
#29 = VECTOR ( 'NONE', #727, 1000.000000000000000 ) ;
#30 = ORIENTED_EDGE ( 'NONE', *, *, #3488, .T. ) ;
#31 = EDGE_LOOP ( 'NONE', ( #2489, #1033, #2448, #3321 ) ) ;
#32 = VECTOR ( 'NONE', #584, 1000.000000000000000 ) ;
#33 = CARTESIAN_POINT ( 'NONE',  ( -3.999999999999998224, 8.599999999999999645, -3.999999999999998224 ) ) ;
#34 = LINE ( 'NONE', #1267, #49 ) ;
#35 = EDGE_CURVE ( 'NONE', #1311, #2478, #2379, .T. ) ;
#36 = CARTESIAN_POINT ( 'NONE',  ( -4.599999999999999645, 0.000000000000000000, 6.500000000000000888 ) ) ;
#37 = ORIENTED_EDGE ( 'NONE', *, *, #2653, .F. ) ;
#38 = AXIS2_PLACEMENT_3D ( 'NONE', #623, #948, #1545 ) ;
#39 = CARTESIAN_POINT ( 'NONE',  ( -12.00000000000000000, 15.07695526217004733, 5.299999999999998046 ) ) ;
#40 = APPLICATION_PROTOCOL_DEFINITION ( 'international standard', 'config_control_design', 1994, #730 ) ;
#41 = VERTEX_POINT ( 'NONE', #3023 ) ;
#42 = CARTESIAN_POINT ( 'NONE',  ( -12.00000000000000000, 9.599999999999999645, 1.599999999999999423 ) ) ;
#43 = EDGE_CURVE ( 'NONE', #3560, #3232, #2659, .T. ) ;
#44 = PLANE ( 'NONE',  #1854 ) ;
#45 = DIRECTION ( 'NONE',  ( 0.000000000000000000, -1.000000000000000000, 0.000000000000000000 ) ) ;
#46 = VERTEX_POINT ( 'NONE', #244 ) ;
#47 = ORIENTED_EDGE ( 'NONE', *, *, #2841, .F. ) ;
#48 = VECTOR ( 'NONE', #531, 1000.000000000000000 ) ;
#49 = VECTOR ( 'NONE', #3731, 1000.000000000000000 ) ;
#50 = AXIS2_PLACEMENT_3D ( 'NONE', #3805, #2593, #1964 ) ;
#51 = VECTOR ( 'NONE', #1603, 1000.000000000000000 ) ;
#52 = EDGE_LOOP ( 'NONE', ( #2523, #16, #504, #2241 ) ) ;
#53 = VECTOR ( 'NONE', #2343, 1000.000000000000000 ) ;
#54 = AXIS2_PLACEMENT_3D ( 'NONE', #2324, #1662, #1976 ) ;
#55 = ORIENTED_EDGE ( 'NONE', *, *, #2653, .T. ) ;
#56 = DIRECTION ( 'NONE',  ( 1.000000000000000000, 0.000000000000000000, -0.000000000000000000 ) ) ;
#57 = LINE ( 'NONE', #2555, #1213 ) ;
#58 = LINE ( 'NONE', #1874, #2047 ) ;
#59 = AXIS2_PLACEMENT_3D ( 'NONE', #1030, #3207, #1949 ) ;
#60 = EDGE_LOOP ( 'NONE', ( #2571, #780 ) ) ;
#61 = EDGE_CURVE ( 'NONE', #1910, #2449, #515, .T. ) ;
#62 = COORDINATED_UNIVERSAL_TIME_OFFSET ( 5, 30, .AHEAD. ) ;
#63 = ORIENTED_EDGE ( 'NONE', *, *, #2728, .T. ) ;
#64 = CARTESIAN_POINT ( 'NONE',  ( 11.99999999999998579, 11.40000000000000036, -1.600000000000019407 ) ) ;
#65 = LINE ( 'NONE', #3143, #689 ) ;
#66 = EDGE_CURVE ( 'NONE', #2857, #1454, #3634, .T. ) ;
#67 = PLANE ( 'NONE',  #1901 ) ;
#68 = EDGE_LOOP ( 'NONE', ( #974, #356 ) ) ;
#69 = DIRECTION ( 'NONE',  ( 0.000000000000000000, 0.000000000000000000, 1.000000000000000000 ) ) ;
#70 = DIRECTION ( 'NONE',  ( 0.000000000000000000, -0.000000000000000000, -1.000000000000000000 ) ) ;
#71 = ORIENTED_EDGE ( 'NONE', *, *, #2378, .T. ) ;
#72 = LINE ( 'NONE', #3167, #1256 ) ;
#73 = ADVANCED_FACE ( 'NONE', ( #266 ), #3000, .T. ) ;
#74 = EDGE_CURVE ( 'NONE', #668, #3523, #1519, .T. ) ;
#75 = ORIENTED_EDGE ( 'NONE', *, *, #2261, .T. ) ;
#76 = LINE ( 'NONE', #3217, #560 ) ;
#77 = PLANE ( 'NONE',  #3734 ) ;
#78 = CARTESIAN_POINT ( 'NONE',  ( -11.40000000000000036, 0.000000000000000000, 6.700000000000000178 ) ) ;
#79 = FACE_BOUND ( 'NONE', #2285, .T. ) ;
#80 = ORIENTED_EDGE ( 'NONE', *, *, #2841, .T. ) ;
#81 = LINE ( 'NONE', #125, #2286 ) ;
#82 = AXIS2_PLACEMENT_3D ( 'NONE', #1245, #919, #56 ) ;
#83 = LINE ( 'NONE', #3140, #2801 ) ;
#84 = EDGE_LOOP ( 'NONE', ( #1027, #2781 ) ) ;
#85 = CARTESIAN_POINT ( 'NONE',  ( 14.49999999999999645, 8.599999999999999645, -4.599999999999997868 ) ) ;
#86 = LINE ( 'NONE', #367, #2624 ) ;
#87 = DIRECTION ( 'NONE',  ( 1.508455196501571429E-15, 0.000000000000000000, 1.000000000000000000 ) ) ;
#88 = CARTESIAN_POINT ( 'NONE',  ( -11.99999999999999289, 8.599999999999999645, -3.999999999999998224 ) ) ;
#89 = ORIENTED_EDGE ( 'NONE', *, *, #2951, .T. ) ;
#90 = CARTESIAN_POINT ( 'NONE',  ( -14.49999999999999645, 0.000000000000000000, -6.700000000000000178 ) ) ;
#91 = EDGE_CURVE ( 'NONE', #1390, #2639, #2397, .T. ) ;
#92 = EDGE_LOOP ( 'NONE', ( #489, #2932, #408, #1867 ) ) ;
#93 = CARTESIAN_POINT ( 'NONE',  ( 3.999999999999991562, 10.30000000000000071, -5.300000000000002487 ) ) ;
#94 = VECTOR ( 'NONE', #2723, 1000.000000000000000 ) ;
#95 = VERTEX_POINT ( 'NONE', #2355 ) ;
#96 = EDGE_CURVE ( 'NONE', #258, #2117, #3576, .T. ) ;
#97 = AXIS2_PLACEMENT_3D ( 'NONE', #1073, #447, #2383 ) ;
#98 = EDGE_CURVE ( 'NONE', #1038, #3404, #3484, .T. ) ;
#99 = LINE ( 'NONE', #1962, #1660 ) ;
#100 = CARTESIAN_POINT ( 'NONE',  ( -14.49999999999999645, 0.000000000000000000, 4.599999999999996980 ) ) ;
#101 = DIRECTION ( 'NONE',  ( -1.000000000000000000, 0.000000000000000000, 0.000000000000000000 ) ) ;
#102 = VERTEX_POINT ( 'NONE', #3656 ) ;
#103 = CYLINDRICAL_SURFACE ( 'NONE', #937, 2.399999999999997691 ) ;
#104 = CARTESIAN_POINT ( 'NONE',  ( 3.999999999999991562, 11.40000000000000036, -4.000000000000005329 ) ) ;
#105 = DIRECTION ( 'NONE',  ( 0.000000000000000000, 1.000000000000000000, 0.000000000000000000 ) ) ;
#106 = ORIENTED_EDGE ( 'NONE', *, *, #578, .F. ) ;
#107 = VECTOR ( 'NONE', #2864, 1000.000000000000000 ) ;
#108 = CARTESIAN_POINT ( 'NONE',  ( 14.49999999999999112, 0.000000000000000000, -4.599999999999997868 ) ) ;
#109 = CC_DESIGN_APPROVAL ( #3979, ( #3060 ) ) ;
#110 = CYLINDRICAL_SURFACE ( 'NONE', #874, 1.299999999999999156 ) ;
#111 = ORIENTED_EDGE ( 'NONE', *, *, #192, .F. ) ;
#112 = LINE ( 'NONE', #1955, #869 ) ;
#113 = SECURITY_CLASSIFICATION ( '', '', #741 ) ;
#114 = CARTESIAN_POINT ( 'NONE',  ( -14.49999999999999645, 8.599999999999999645, -4.599999999999997868 ) ) ;
#115 = EDGE_CURVE ( 'NONE', #154, #1546, #526, .T. ) ;
#116 = FACE_OUTER_BOUND ( 'NONE', #1261, .T. ) ;
#117 = VERTEX_POINT ( 'NONE', #1731 ) ;
#118 = CIRCLE ( 'NONE', #2696, 2.399999999999997691 ) ;
#119 = PLANE ( 'NONE',  #2692 ) ;
#120 = AXIS2_PLACEMENT_3D ( 'NONE', #1309, #1292, #3774 ) ;
#121 = CARTESIAN_POINT ( 'NONE',  ( 14.29999999999999716, 0.000000000000000000, -4.599999999999997868 ) ) ;
#122 = VECTOR ( 'NONE', #2228, 1000.000000000000000 ) ;
#123 = LINE ( 'NONE', #3826, #122 ) ;
#124 = VERTEX_POINT ( 'NONE', #1169 ) ;
#125 = CARTESIAN_POINT ( 'NONE',  ( -14.49999999999999645, 0.000000000000000000, 6.700000000000000178 ) ) ;
#126 = DIRECTION ( 'NONE',  ( -1.005636797667714286E-15, 0.000000000000000000, 1.000000000000000000 ) ) ;
#127 = ORIENTED_EDGE ( 'NONE', *, *, #3821, .F. ) ;
#128 = DIRECTION ( 'NONE',  ( 0.000000000000000000, -1.000000000000000000, 0.000000000000000000 ) ) ;
#129 = ADVANCED_FACE ( 'NONE', ( #841 ), #3298, .F. ) ;
#130 = DIRECTION ( 'NONE',  ( 0.000000000000000000, -1.000000000000000000, -0.000000000000000000 ) ) ;
#131 = CARTESIAN_POINT ( 'NONE',  ( -11.39999999999999858, 0.000000000000000000, 6.700000000000000178 ) ) ;
#132 = EDGE_LOOP ( 'NONE', ( #658, #1105 ) ) ;
#133 = CARTESIAN_POINT ( 'NONE',  ( 2.510525938252073200E-16, -9.192388155425119223, -2.049999999999999822 ) ) ;
#134 = CARTESIAN_POINT ( 'NONE',  ( 11.40000000000000036, 0.000000000000000000, 6.500000000000000888 ) ) ;
#135 = DIRECTION ( 'NONE',  ( -8.673617379884051249E-15, 0.000000000000000000, 1.000000000000000000 ) ) ;
#136 = DIRECTION ( 'NONE',  ( -0.000000000000000000, 1.000000000000000000, -0.000000000000000000 ) ) ;
#137 = ORIENTED_EDGE ( 'NONE', *, *, #2326, .F. ) ;
#138 = DIRECTION ( 'NONE',  ( -1.000000000000000000, 0.000000000000000000, 0.000000000000000000 ) ) ;
#139 = CARTESIAN_POINT ( 'NONE',  ( 14.49999999999999112, 0.000000000000000000, 3.399999999999997691 ) ) ;
#140 = CARTESIAN_POINT ( 'NONE',  ( 3.980102097228897245E-16, 0.000000000000000000, -3.250000000000000444 ) ) ;
#141 = EDGE_CURVE ( 'NONE', #1068, #909, #2113, .T. ) ;
#142 = ORIENTED_EDGE ( 'NONE', *, *, #1822, .T. ) ;
#143 = PLANE ( 'NONE',  #415 ) ;
#144 = APPROVAL_ROLE ( '' ) ;
#145 = DIRECTION ( 'NONE',  ( 0.000000000000000000, -1.000000000000000000, 0.000000000000000000 ) ) ;
#146 = EDGE_CURVE ( 'NONE', #1217, #3883, #1774, .T. ) ;
#147 = DIRECTION ( 'NONE',  ( -1.508455196501571429E-15, 0.000000000000000000, -1.000000000000000000 ) ) ;
#148 = DIRECTION ( 'NONE',  ( 0.000000000000000000, -0.000000000000000000, -1.000000000000000000 ) ) ;
#149 = ADVANCED_FACE ( 'NONE', ( #282 ), #1128, .F. ) ;
#150 = DIRECTION ( 'NONE',  ( 0.000000000000000000, 0.000000000000000000, -1.000000000000000000 ) ) ;
#151 = ORIENTED_EDGE ( 'NONE', *, *, #2749, .F. ) ;
#152 = LINE ( 'NONE', #2895, #3206 ) ;
#153 = AXIS2_PLACEMENT_3D ( 'NONE', #486, #571, #3605 ) ;
#154 = VERTEX_POINT ( 'NONE', #3258 ) ;
#155 = CARTESIAN_POINT ( 'NONE',  ( 4.599999999999999645, 0.000000000000000000, 6.500000000000000888 ) ) ;
#156 = CARTESIAN_POINT ( 'NONE',  ( -14.49999999999999645, 0.000000000000000000, -3.399999999999998579 ) ) ;
#157 = AXIS2_PLACEMENT_3D ( 'NONE', #800, #1750, #2974 ) ;
#158 = ORIENTED_EDGE ( 'NONE', *, *, #1502, .T. ) ;
#159 = DIRECTION ( 'NONE',  ( -1.000000000000000000, -0.000000000000000000, -0.000000000000000000 ) ) ;
#160 = CIRCLE ( 'NONE', #2805, 2.399999999999997691 ) ;
#161 = ADVANCED_FACE ( 'NONE', ( #498 ), #2959, .T. ) ;
#162 = EDGE_LOOP ( 'NONE', ( #1835, #8, #2076, #3249 ) ) ;
#163 = ORIENTED_EDGE ( 'NONE', *, *, #3223, .F. ) ;
#164 = CARTESIAN_POINT ( 'NONE',  ( -14.49999999999999645, 8.599999999999996092, -6.700000000000000178 ) ) ;
#165 = CARTESIAN_POINT ( 'NONE',  ( 0.000000000000000000, 0.000000000000000000, 0.000000000000000000 ) ) ;
#166 = DIRECTION ( 'NONE',  ( 1.000000000000000000, -0.000000000000000000, -0.000000000000000000 ) ) ;
#167 = AXIS2_PLACEMENT_3D ( 'NONE', #3124, #330, #2488 ) ;
#168 = EDGE_LOOP ( 'NONE', ( #194, #3852 ) ) ;
#169 = LINE ( 'NONE', #3006, #1892 ) ;
#170 = CARTESIAN_POINT ( 'NONE',  ( -15.89999999999999680, 9.599999999999999645, -7.900000000000000355 ) ) ;
#171 = ORGANIZATION ( 'UNSPECIFIED', 'UNSPECIFIED', '' ) ;
#172 = LINE ( 'NONE', #18, #290 ) ;
#173 = ORIENTED_EDGE ( 'NONE', *, *, #2503, .F. ) ;
#174 = CC_DESIGN_DATE_AND_TIME_ASSIGNMENT ( #3098, #3660, ( #2561 ) ) ;
#175 = CARTESIAN_POINT ( 'NONE',  ( 11.39999999999999858, 8.599999999999999645, 6.700000000000000178 ) ) ;
#176 = FACE_OUTER_BOUND ( 'NONE', #84, .T. ) ;
#177 = CARTESIAN_POINT ( 'NONE',  ( -0.5500000000000000444, 2.299999999999999822, 3.250000000000000000 ) ) ;
#178 = ORIENTED_EDGE ( 'NONE', *, *, #1159, .T. ) ;
#179 = VECTOR ( 'NONE', #3261, 1000.000000000000000 ) ;
#180 = DIRECTION ( 'NONE',  ( 0.000000000000000000, 0.000000000000000000, -1.000000000000000000 ) ) ;
#181 = CIRCLE ( 'NONE', #3585, 2.399999999999997691 ) ;
#182 = VECTOR ( 'NONE', #3635, 1000.000000000000000 ) ;
#183 = CARTESIAN_POINT ( 'NONE',  ( 3.999999999999994671, 8.599999999999999645, 4.000000000000005329 ) ) ;
#184 = ORIENTED_EDGE ( 'NONE', *, *, #146, .F. ) ;
#185 = CARTESIAN_POINT ( 'NONE',  ( -0.5500000000000000444, 2.299999999999999822, -3.203123475609393367 ) ) ;
#186 = ADVANCED_FACE ( 'NONE', ( #2127 ), #77, .T. ) ;
#187 = VECTOR ( 'NONE', #2810, 1000.000000000000000 ) ;
#188 = CARTESIAN_POINT ( 'NONE',  ( -14.29999999999999716, 8.599999999999999645, 4.599999999999997868 ) ) ;
#189 = ORIENTED_EDGE ( 'NONE', *, *, #3753, .T. ) ;
#190 = LINE ( 'NONE', #879, #1579 ) ;
#191 = CARTESIAN_POINT ( 'NONE',  ( -12.60000000000000142, 0.000000000000000000, -6.700000000000000178 ) ) ;
#192 = EDGE_CURVE ( 'NONE', #3191, #2051, #3672, .T. ) ;
#193 = ADVANCED_FACE ( 'NONE', ( #3055 ), #1593, .T. ) ;
#194 = ORIENTED_EDGE ( 'NONE', *, *, #1816, .T. ) ;
#195 = EDGE_CURVE ( 'NONE', #3061, #1953, #2144, .T. ) ;
#196 = ADVANCED_FACE ( 'NONE', ( #3431 ), #964, .F. ) ;
#197 = DIRECTION ( 'NONE',  ( 0.000000000000000000, 0.000000000000000000, -1.000000000000000000 ) ) ;
#198 = DIRECTION ( 'NONE',  ( 0.000000000000000000, -1.000000000000000000, 0.000000000000000000 ) ) ;
#199 = DIRECTION ( 'NONE',  ( -0.000000000000000000, -1.000000000000000000, -0.000000000000000000 ) ) ;
#200 = ORIENTED_EDGE ( 'NONE', *, *, #61, .F. ) ;
#201 = LINE ( 'NONE', #840, #94 ) ;
#202 = CARTESIAN_POINT ( 'NONE',  ( 11.40000000000000036, 9.816552506059649019, -6.500000000000000888 ) ) ;
#203 = DIRECTION ( 'NONE',  ( -0.000000000000000000, 1.000000000000000000, -0.000000000000000000 ) ) ;
#204 = VERTEX_POINT ( 'NONE', #1308 ) ;
#205 = CARTESIAN_POINT ( 'NONE',  ( -3.400000000000000355, 8.599999999999999645, -6.500000000000000888 ) ) ;
#206 = FACE_OUTER_BOUND ( 'NONE', #2665, .T. ) ;
#207 = DIRECTION ( 'NONE',  ( 0.000000000000000000, 0.000000000000000000, -1.000000000000000000 ) ) ;
#208 = ORIENTED_EDGE ( 'NONE', *, *, #2041, .T. ) ;
#209 = CARTESIAN_POINT ( 'NONE',  ( 14.49999999999999112, 0.000000000000000000, -3.399999999999998579 ) ) ;
#210 = CARTESIAN_POINT ( 'NONE',  ( -14.49999999999999645, 0.000000000000000000, 6.700000000000000178 ) ) ;
#211 = VECTOR ( 'NONE', #1948, 1000.000000000000000 ) ;
#212 = EDGE_CURVE ( 'NONE', #679, #1265, #300, .T. ) ;
#213 = ORIENTED_EDGE ( 'NONE', *, *, #2583, .T. ) ;
#214 = CARTESIAN_POINT ( 'NONE',  ( 0.000000000000000000, 8.599999999999999645, 0.000000000000000000 ) ) ;
#215 = CARTESIAN_POINT ( 'NONE',  ( 0.000000000000000000, -9.192388155425119223, 3.250000000000000444 ) ) ;
#216 = ADVANCED_FACE ( 'NONE', ( #1291 ), #3751, .T. ) ;
#217 = CARTESIAN_POINT ( 'NONE',  ( -14.49999999999999645, 41.54620478241506731, 6.700000000000000178 ) ) ;
#218 = ORIENTED_EDGE ( 'NONE', *, *, #485, .T. ) ;
#219 = EDGE_CURVE ( 'NONE', #843, #3027, #1061, .T. ) ;
#220 = CARTESIAN_POINT ( 'NONE',  ( -14.49999999999999645, 41.54620478241506731, -6.700000000000000178 ) ) ;
#221 = DIRECTION ( 'NONE',  ( 1.508455196501571429E-15, 0.000000000000000000, 1.000000000000000000 ) ) ;
#222 = AXIS2_PLACEMENT_3D ( 'NONE', #230, #2365, #2689 ) ;
#223 = CARTESIAN_POINT ( 'NONE',  ( 14.49999999999999645, 8.599999999999999645, -3.399999999999998579 ) ) ;
#224 = VERTEX_POINT ( 'NONE', #13 ) ;
#225 = LINE ( 'NONE', #2662, #2102 ) ;
#226 = PLANE ( 'NONE',  #2086 ) ;
#227 = CIRCLE ( 'NONE', #3308, 2.399999999999996803 ) ;
#228 = FACE_OUTER_BOUND ( 'NONE', #915, .T. ) ;
#229 = ORIENTED_EDGE ( 'NONE', *, *, #1869, .F. ) ;
#230 = CARTESIAN_POINT ( 'NONE',  ( 8.000000000000000000, 0.000000000000000000, 0.000000000000000000 ) ) ;
#231 = CARTESIAN_POINT ( 'NONE',  ( 3.999999999999991562, 11.40000000000000036, -4.000000000000005329 ) ) ;
#232 = FACE_OUTER_BOUND ( 'NONE', #1757, .T. ) ;
#233 = CIRCLE ( 'NONE', #3626, 2.399999999999997691 ) ;
#234 = ORIENTED_EDGE ( 'NONE', *, *, #452, .F. ) ;
#235 = ORIENTED_EDGE ( 'NONE', *, *, #2089, .F. ) ;
#236 = AXIS2_PLACEMENT_3D ( 'NONE', #2384, #1490, #207 ) ;
#237 = ADVANCED_FACE ( 'NONE', ( #3077 ), #3131, .T. ) ;
#238 = VECTOR ( 'NONE', #788, 1000.000000000000000 ) ;
#239 = DIRECTION ( 'NONE',  ( 0.000000000000000000, -1.000000000000000000, 0.000000000000000000 ) ) ;
#240 = CARTESIAN_POINT ( 'NONE',  ( 11.99999999999999289, 8.599999999999999645, 4.000000000000017764 ) ) ;
#241 = CYLINDRICAL_SURFACE ( 'NONE', #821, 1.299999999999999156 ) ;
#242 = VERTEX_POINT ( 'NONE', #2167 ) ;
#243 = CARTESIAN_POINT ( 'NONE',  ( 3.999999999999991562, 9.599999999999999645, -1.600000000000008527 ) ) ;
#244 = CARTESIAN_POINT ( 'NONE',  ( 14.49999999999999112, 8.599999999999996092, -3.399999999999998579 ) ) ;
#245 = CARTESIAN_POINT ( 'NONE',  ( -12.00000000000000000, 11.40000000000000036, 3.999999999999998224 ) ) ;
#246 = ORIENTED_EDGE ( 'NONE', *, *, #2231, .F. ) ;
#247 = CIRCLE ( 'NONE', #2236, 2.399999999999999023 ) ;
#248 = LINE ( 'NONE', #1855, #3817 ) ;
#249 = AXIS2_PLACEMENT_3D ( 'NONE', #3693, #2536, #359 ) ;
#250 = AXIS2_PLACEMENT_3D ( 'NONE', #1458, #3320, #516 ) ;
#251 = CARTESIAN_POINT ( 'NONE',  ( -11.39999999999999858, 9.816552506059649019, 6.700000000000000178 ) ) ;
#252 = CIRCLE ( 'NONE', #1279, 1.300000000000000044 ) ;
#253 = VERTEX_POINT ( 'NONE', #3353 ) ;
#254 = EDGE_CURVE ( 'NONE', #1903, #204, #3416, .T. ) ;
#255 = LINE ( 'NONE', #1492, #2735 ) ;
#256 = VECTOR ( 'NONE', #2404, 1000.000000000000000 ) ;
#257 = CARTESIAN_POINT ( 'NONE',  ( -3.999999999999998224, 9.599999999999999645, -3.999999999999998224 ) ) ;
#258 = VERTEX_POINT ( 'NONE', #1574 ) ;
#259 = AXIS2_PLACEMENT_3D ( 'NONE', #3367, #3292, #1140 ) ;
#260 = EDGE_LOOP ( 'NONE', ( #3246, #1465 ) ) ;
#261 = DIRECTION ( 'NONE',  ( -1.000000000000000000, 0.000000000000000000, -0.000000000000000000 ) ) ;
#262 = DIRECTION ( 'NONE',  ( 0.000000000000000000, 0.000000000000000000, 1.000000000000000000 ) ) ;
#263 = ORIENTED_EDGE ( 'NONE', *, *, #61, .T. ) ;
#264 = ORIENTED_EDGE ( 'NONE', *, *, #2161, .T. ) ;
#265 = PLANE ( 'NONE',  #2471 ) ;
#266 = FACE_OUTER_BOUND ( 'NONE', #3733, .T. ) ;
#267 = EDGE_CURVE ( 'NONE', #615, #3915, #1537, .T. ) ;
#268 = VERTEX_POINT ( 'NONE', #1227 ) ;
#269 = DIRECTION ( 'NONE',  ( -0.000000000000000000, -1.000000000000000000, -0.000000000000000000 ) ) ;
#270 = ORIENTED_EDGE ( 'NONE', *, *, #3757, .T. ) ;
#271 = CARTESIAN_POINT ( 'NONE',  ( 3.399999999999998579, 0.000000000000000000, 6.700000000000000178 ) ) ;
#272 = EDGE_CURVE ( 'NONE', #1011, #2023, #639, .T. ) ;
#273 = CARTESIAN_POINT ( 'NONE',  ( -12.00000000000000000, 10.30000000000000071, 3.999999999999998224 ) ) ;
#274 = EDGE_CURVE ( 'NONE', #2639, #1390, #3498, .T. ) ;
#275 = EDGE_LOOP ( 'NONE', ( #3540, #2777 ) ) ;
#276 = ORIENTED_EDGE ( 'NONE', *, *, #3778, .F. ) ;
#277 = AXIS2_PLACEMENT_3D ( 'NONE', #2740, #903, #3957 ) ;
#278 = CARTESIAN_POINT ( 'NONE',  ( -12.00000000000000000, 15.07695526217004733, 2.699999999999998401 ) ) ;
#279 = DIRECTION ( 'NONE',  ( 1.005636797667714286E-15, 0.000000000000000000, -1.000000000000000000 ) ) ;
#280 = ORIENTED_EDGE ( 'NONE', *, *, #3778, .T. ) ;
#281 = DIRECTION ( 'NONE',  ( -0.000000000000000000, 1.000000000000000000, -0.000000000000000000 ) ) ;
#282 = FACE_OUTER_BOUND ( 'NONE', #2543, .T. ) ;
#283 = CARTESIAN_POINT ( 'NONE',  ( -15.89999999999999680, 9.599999999999999645, 7.900000000000000355 ) ) ;
#284 = VERTEX_POINT ( 'NONE', #3976 ) ;
#285 = DIRECTION ( 'NONE',  ( 0.000000000000000000, 0.000000000000000000, -1.000000000000000000 ) ) ;
#286 = EDGE_CURVE ( 'NONE', #2318, #1390, #596, .T. ) ;
#287 = CALENDAR_DATE ( 2026, 11, 8 ) ;
#288 = ORIENTED_EDGE ( 'NONE', *, *, #1161, .F. ) ;
#289 = EDGE_CURVE ( 'NONE', #3091, #3954, #2802, .T. ) ;
#290 = VECTOR ( 'NONE', #3676, 1000.000000000000000 ) ;
#291 = CARTESIAN_POINT ( 'NONE',  ( -12.60000000000000142, 8.599999999999999645, -6.700000000000000178 ) ) ;
#292 = EDGE_CURVE ( 'NONE', #3968, #2082, #3179, .T. ) ;
#293 = VERTEX_POINT ( 'NONE', #2589 ) ;
#294 = ORIENTED_EDGE ( 'NONE', *, *, #355, .F. ) ;
#295 = VECTOR ( 'NONE', #2017, 1000.000000000000000 ) ;
#296 = LINE ( 'NONE', #1533, #890 ) ;
#297 = ORIENTED_EDGE ( 'NONE', *, *, #1023, .F. ) ;
#298 = ORIENTED_EDGE ( 'NONE', *, *, #2413, .F. ) ;
#299 = CARTESIAN_POINT ( 'NONE',  ( -3.399999999999998579, 9.816552506059649019, -6.700000000000000178 ) ) ;
#300 = LINE ( 'NONE', #1266, #669 ) ;
#301 = CARTESIAN_POINT ( 'NONE',  ( 11.99999999999999289, 11.40000000000000036, 4.000000000000017764 ) ) ;
#302 = ORIENTED_EDGE ( 'NONE', *, *, #1616, .F. ) ;
#303 = CARTESIAN_POINT ( 'NONE',  ( -15.89999999999999680, 9.599999999999999645, 7.900000000000000355 ) ) ;
#304 = PLANE ( 'NONE',  #2997 ) ;
#305 = VERTEX_POINT ( 'NONE', #2243 ) ;
#306 = FACE_OUTER_BOUND ( 'NONE', #1592, .T. ) ;
#307 = AXIS2_PLACEMENT_3D ( 'NONE', #273, #646, #3663 ) ;
#308 = CARTESIAN_POINT ( 'NONE',  ( 11.99999999999999289, 11.40000000000000036, 6.400000000000015454 ) ) ;
#309 = ORIENTED_EDGE ( 'NONE', *, *, #1992, .T. ) ;
#310 = CIRCLE ( 'NONE', #250, 2.399999999999999911 ) ;
#311 = LINE ( 'NONE', #3570, #48 ) ;
#312 = EDGE_CURVE ( 'NONE', #899, #1681, #750, .T. ) ;
#313 = VERTEX_POINT ( 'NONE', #1702 ) ;
#314 = DIRECTION ( 'NONE',  ( 0.000000000000000000, 0.000000000000000000, 1.000000000000000000 ) ) ;
#315 = ORIENTED_EDGE ( 'NONE', *, *, #3859, .F. ) ;
#316 = EDGE_CURVE ( 'NONE', #268, #3397, #3746, .T. ) ;
#317 = ORIENTED_EDGE ( 'NONE', *, *, #3413, .T. ) ;
#318 = EDGE_CURVE ( 'NONE', #1019, #3027, #773, .T. ) ;
#319 = CARTESIAN_POINT ( 'NONE',  ( 4.600000000000001421, 8.599999999999996092, -6.700000000000000178 ) ) ;
#320 = CARTESIAN_POINT ( 'NONE',  ( -14.49999999999999645, 0.000000000000000000, 6.700000000000000178 ) ) ;
#321 = CARTESIAN_POINT ( 'NONE',  ( -14.49999999999999645, 0.000000000000000000, -4.599999999999997868 ) ) ;
#322 = FACE_BOUND ( 'NONE', #456, .T. ) ;
#323 = ORIENTED_EDGE ( 'NONE', *, *, #1816, .F. ) ;
#324 = CARTESIAN_POINT ( 'NONE',  ( 0.5500000000000000444, -9.192388155425119223, 3.203123475609392923 ) ) ;
#325 = DIRECTION ( 'NONE',  ( 1.000000000000000000, 0.000000000000000000, -0.000000000000000000 ) ) ;
#326 = PERSON_AND_ORGANIZATION_ROLE ( 'design_owner' ) ;
#327 = ORIENTED_EDGE ( 'NONE', *, *, #1648, .F. ) ;
#328 = DIRECTION ( 'NONE',  ( 0.000000000000000000, -1.000000000000000000, 0.000000000000000000 ) ) ;
#329 = CARTESIAN_POINT ( 'NONE',  ( 8.000000000000000000, -9.192388155425119223, 0.000000000000000000 ) ) ;
#330 = DIRECTION ( 'NONE',  ( -0.000000000000000000, -1.000000000000000000, -0.000000000000000000 ) ) ;
#331 = ORIENTED_EDGE ( 'NONE', *, *, #1161, .T. ) ;
#332 = ORIENTED_EDGE ( 'NONE', *, *, #929, .F. ) ;
#333 = ADVANCED_FACE ( 'NONE', ( #1979 ), #2001, .T. ) ;
#334 = EDGE_LOOP ( 'NONE', ( #3515, #2421, #789, #3348 ) ) ;
#335 = ORIENTED_EDGE ( 'NONE', *, *, #2622, .T. ) ;
#336 = EDGE_CURVE ( 'NONE', #154, #3573, #3767, .T. ) ;
#337 = DIRECTION ( 'NONE',  ( -0.000000000000000000, 1.000000000000000000, -0.000000000000000000 ) ) ;
#338 = CARTESIAN_POINT ( 'NONE',  ( -4.600000000000001421, 8.599999999999996092, 6.700000000000000178 ) ) ;
#339 = CARTESIAN_POINT ( 'NONE',  ( 14.49999999999999112, 0.000000000000000000, 6.700000000000000178 ) ) ;
#340 = ORIENTED_EDGE ( 'NONE', *, *, #1938, .F. ) ;
#341 = CIRCLE ( 'NONE', #1377, 1.299999999999999156 ) ;
#342 = CARTESIAN_POINT ( 'NONE',  ( 4.600000000000001421, 8.599999999999996092, 6.700000000000000178 ) ) ;
#343 = ORIENTED_EDGE ( 'NONE', *, *, #1502, .F. ) ;
#344 = LINE ( 'NONE', #1619, #1920 ) ;
#345 = PLANE ( 'NONE',  #307 ) ;
#346 = DIRECTION ( 'NONE',  ( 0.000000000000000000, 0.000000000000000000, -1.000000000000000000 ) ) ;
#347 = ORIENTED_EDGE ( 'NONE', *, *, #3161, .F. ) ;
#348 = VECTOR ( 'NONE', #2666, 1000.000000000000000 ) ;
#349 = CARTESIAN_POINT ( 'NONE',  ( -0.5500000000000001554, 8.599999999999999645, -3.203123475609394255 ) ) ;
#350 = VERTEX_POINT ( 'NONE', #2282 ) ;
#351 = AXIS2_PLACEMENT_3D ( 'NONE', #2014, #2361, #769 ) ;
#352 = VECTOR ( 'NONE', #136, 1000.000000000000000 ) ;
#353 = DIRECTION ( 'NONE',  ( -0.000000000000000000, -1.000000000000000000, -0.000000000000000000 ) ) ;
#354 = ORIENTED_EDGE ( 'NONE', *, *, #2411, .T. ) ;
#355 = EDGE_CURVE ( 'NONE', #305, #2945, #1050, .T. ) ;
#356 = ORIENTED_EDGE ( 'NONE', *, *, #1616, .T. ) ;
#357 = CIRCLE ( 'NONE', #3691, 2.399999999999999023 ) ;
#358 = DIRECTION ( 'NONE',  ( 0.000000000000000000, 0.000000000000000000, 1.000000000000000000 ) ) ;
#359 = DIRECTION ( 'NONE',  ( 0.000000000000000000, 0.000000000000000000, -1.000000000000000000 ) ) ;
#360 = CARTESIAN_POINT ( 'NONE',  ( -14.49999999999999645, 41.54620478241506731, 6.700000000000000178 ) ) ;
#361 = EDGE_LOOP ( 'NONE', ( #2838, #2416, #732, #1319 ) ) ;
#362 = AXIS2_PLACEMENT_3D ( 'NONE', #88, #462, #3504 ) ;
#363 = PERSON_AND_ORGANIZATION_ROLE ( 'creator' ) ;
#364 = EDGE_LOOP ( 'NONE', ( #1694, #3224, #706, #3608 ) ) ;
#365 = FACE_OUTER_BOUND ( 'NONE', #1511, .T. ) ;
#366 = EDGE_CURVE ( 'NONE', #644, #1234, #72, .T. ) ;
#367 = CARTESIAN_POINT ( 'NONE',  ( -14.29999999999999716, 9.816552506059649019, -4.599999999999997868 ) ) ;
#368 = EDGE_CURVE ( 'NONE', #2759, #3052, #1364, .T. ) ;
#369 = DIRECTION ( 'NONE',  ( -1.000000000000000000, 0.000000000000000000, 8.673617379884051249E-15 ) ) ;
#370 = ORIENTED_EDGE ( 'NONE', *, *, #2428, .F. ) ;
#371 = CARTESIAN_POINT ( 'NONE',  ( -4.600000000000001421, 8.599999999999999645, 6.700000000000000178 ) ) ;
#372 = ORIENTED_EDGE ( 'NONE', *, *, #2111, .T. ) ;
#373 = AXIS2_PLACEMENT_3D ( 'NONE', #804, #3491, #1000 ) ;
#374 = VECTOR ( 'NONE', #2518, 1000.000000000000000 ) ;
#375 = AXIS2_PLACEMENT_3D ( 'NONE', #2104, #857, #262 ) ;
#376 = ORIENTED_EDGE ( 'NONE', *, *, #1106, .T. ) ;
#377 = VECTOR ( 'NONE', #3857, 1000.000000000000000 ) ;
#378 = CARTESIAN_POINT ( 'NONE',  ( -3.400000000000000355, 9.816552506059649019, 6.500000000000000888 ) ) ;
#379 = CARTESIAN_POINT ( 'NONE',  ( -4.600000000000001421, 9.816552506059649019, 6.700000000000000178 ) ) ;
#380 = FACE_OUTER_BOUND ( 'NONE', #1654, .T. ) ;
#381 = CARTESIAN_POINT ( 'NONE',  ( 3.400000000000000355, 0.000000000000000000, -6.500000000000000888 ) ) ;
#382 = ORIENTED_EDGE ( 'NONE', *, *, #822, .T. ) ;
#383 = EDGE_CURVE ( 'NONE', #893, #939, #3470, .T. ) ;
#384 = PERSON_AND_ORGANIZATION ( #2443, #171 ) ;
#385 = ORIENTED_EDGE ( 'NONE', *, *, #3479, .F. ) ;
#386 = CARTESIAN_POINT ( 'NONE',  ( 11.99999999999998579, 8.599999999999999645, -5.300000000000016698 ) ) ;
#387 = CARTESIAN_POINT ( 'NONE',  ( 0.000000000000000000, -9.192388155425119223, 0.000000000000000000 ) ) ;
#388 = LINE ( 'NONE', #3664, #2029 ) ;
#389 = VERTEX_POINT ( 'NONE', #450 ) ;
#390 = EDGE_CURVE ( 'NONE', #898, #1395, #160, .T. ) ;
#391 = DIRECTION ( 'NONE',  ( 1.000000000000000000, 0.000000000000000000, -8.673617379884051249E-15 ) ) ;
#392 = DIRECTION ( 'NONE',  ( 0.000000000000000000, -1.000000000000000000, 0.000000000000000000 ) ) ;
#393 = ORIENTED_EDGE ( 'NONE', *, *, #3119, .T. ) ;
#394 = DIRECTION ( 'NONE',  ( 0.000000000000000000, 0.000000000000000000, 1.000000000000000000 ) ) ;
#395 = EDGE_CURVE ( 'NONE', #95, #3667, #1036, .T. ) ;
#396 = LINE ( 'NONE', #594, #3683 ) ;
#397 = ORIENTED_EDGE ( 'NONE', *, *, #2391, .F. ) ;
#398 = DIRECTION ( 'NONE',  ( 1.000000000000000000, 0.000000000000000000, -0.000000000000000000 ) ) ;
#399 = DIRECTION ( 'NONE',  ( -0.000000000000000000, 1.000000000000000000, -0.000000000000000000 ) ) ;
#400 = PLANE ( 'NONE',  #3832 ) ;
#401 = ORIENTED_EDGE ( 'NONE', *, *, #2973, .F. ) ;
#402 = CARTESIAN_POINT ( 'NONE',  ( -14.49999999999999645, 2.299999999999996270, -6.700000000000000178 ) ) ;
#403 = LINE ( 'NONE', #782, #1769 ) ;
#404 = ORIENTED_EDGE ( 'NONE', *, *, #3969, .T. ) ;
#405 = CARTESIAN_POINT ( 'NONE',  ( -14.29999999999999716, 0.000000000000000000, 3.399999999999998579 ) ) ;
#406 = EDGE_CURVE ( 'NONE', #1615, #521, #411, .T. ) ;
#407 = FACE_OUTER_BOUND ( 'NONE', #1126, .T. ) ;
#408 = ORIENTED_EDGE ( 'NONE', *, *, #3415, .F. ) ;
#409 = FACE_OUTER_BOUND ( 'NONE', #1517, .T. ) ;
#410 = LINE ( 'NONE', #650, #3505 ) ;
#411 = LINE ( 'NONE', #114, #1706 ) ;
#412 = DIRECTION ( 'NONE',  ( 0.000000000000000000, -1.000000000000000000, 0.000000000000000000 ) ) ;
#413 = AXIS2_PLACEMENT_3D ( 'NONE', #3671, #1629, #3975 ) ;
#414 = ORIENTED_EDGE ( 'NONE', *, *, #274, .F. ) ;
#415 = AXIS2_PLACEMENT_3D ( 'NONE', #1005, #474, #3221 ) ;
#416 = VECTOR ( 'NONE', #2473, 1000.000000000000000 ) ;
#417 = LINE ( 'NONE', #1986, #1723 ) ;
#418 = DIRECTION ( 'NONE',  ( 0.000000000000000000, -1.000000000000000000, 0.000000000000000000 ) ) ;
#419 = CARTESIAN_POINT ( 'NONE',  ( 14.49999999999999645, 9.816552506059649019, 3.399999999999998579 ) ) ;
#420 = ORIENTED_EDGE ( 'NONE', *, *, #286, .T. ) ;
#421 = CARTESIAN_POINT ( 'NONE',  ( 3.399999999999998579, 0.000000000000000000, -6.700000000000000178 ) ) ;
#422 = VERTEX_POINT ( 'NONE', #2569 ) ;
#423 = VECTOR ( 'NONE', #1443, 1000.000000000000000 ) ;
#424 = FACE_OUTER_BOUND ( 'NONE', #3366, .T. ) ;
#425 = AXIS2_PLACEMENT_3D ( 'NONE', #2623, #448, #2645 ) ;
#426 = CARTESIAN_POINT ( 'NONE',  ( 11.99999999999999289, 9.599999999999999645, 6.400000000000015454 ) ) ;
#427 = ORIENTED_EDGE ( 'NONE', *, *, #2916, .T. ) ;
#428 = DIRECTION ( 'NONE',  ( -0.000000000000000000, 1.000000000000000000, -0.000000000000000000 ) ) ;
#429 = DIRECTION ( 'NONE',  ( -1.000000000000000000, 0.000000000000000000, 0.000000000000000000 ) ) ;
#430 = EDGE_CURVE ( 'NONE', #616, #1705, #3948, .T. ) ;
#431 = ORIENTED_EDGE ( 'NONE', *, *, #66, .F. ) ;
#432 = VECTOR ( 'NONE', #418, 1000.000000000000000 ) ;
#433 = VECTOR ( 'NONE', #3335, 1000.000000000000000 ) ;
#434 = AXIS2_PLACEMENT_3D ( 'NONE', #1218, #972, #2792 ) ;
#435 = DIRECTION ( 'NONE',  ( -8.673617379884051249E-15, 0.000000000000000000, 1.000000000000000000 ) ) ;
#436 = VECTOR ( 'NONE', #428, 1000.000000000000000 ) ;
#437 = CARTESIAN_POINT ( 'NONE',  ( 3.999999999999994671, 11.40000000000000036, 1.600000000000005862 ) ) ;
#438 = EDGE_CURVE ( 'NONE', #2257, #1618, #2042, .T. ) ;
#439 = VECTOR ( 'NONE', #1158, 1000.000000000000000 ) ;
#440 = CARTESIAN_POINT ( 'NONE',  ( 3.399999999999998579, 0.000000000000000000, -6.700000000000000178 ) ) ;
#441 = VECTOR ( 'NONE', #3566, 1000.000000000000000 ) ;
#442 = ORIENTED_EDGE ( 'NONE', *, *, #2634, .F. ) ;
#443 = EDGE_CURVE ( 'NONE', #1974, #3688, #2795, .T. ) ;
#444 = DIRECTION ( 'NONE',  ( 0.000000000000000000, 0.000000000000000000, 1.000000000000000000 ) ) ;
#445 = EDGE_LOOP ( 'NONE', ( #1689, #3726, #751, #2585 ) ) ;
#446 = CARTESIAN_POINT ( 'NONE',  ( -4.000000000000001776, 11.40000000000000036, 6.399999999999997691 ) ) ;
#447 = DIRECTION ( 'NONE',  ( 1.000000000000000000, 0.000000000000000000, 0.000000000000000000 ) ) ;
#448 = DIRECTION ( 'NONE',  ( -1.000000000000000000, 0.000000000000000000, 0.000000000000000000 ) ) ;
#449 = ORIENTED_EDGE ( 'NONE', *, *, #1222, .T. ) ;
#450 = CARTESIAN_POINT ( 'NONE',  ( -3.400000000000000355, 0.000000000000000000, 6.500000000000000888 ) ) ;
#451 = EDGE_LOOP ( 'NONE', ( #2460, #2579, #459, #1505 ) ) ;
#452 = EDGE_CURVE ( 'NONE', #124, #3033, #2648, .T. ) ;
#453 = CARTESIAN_POINT ( 'NONE',  ( 3.399999999999998579, 8.599999999999999645, 6.700000000000000178 ) ) ;
#454 = DIRECTION ( 'NONE',  ( 0.000000000000000000, -1.000000000000000000, 0.000000000000000000 ) ) ;
#455 = CARTESIAN_POINT ( 'NONE',  ( -14.49999999999999645, 8.599999999999999645, -3.399999999999998579 ) ) ;
#456 = EDGE_LOOP ( 'NONE', ( #370, #2981 ) ) ;
#457 = DIRECTION ( 'NONE',  ( 0.000000000000000000, -1.000000000000000000, 0.000000000000000000 ) ) ;
#458 = ORIENTED_EDGE ( 'NONE', *, *, #2999, .F. ) ;
#459 = ORIENTED_EDGE ( 'NONE', *, *, #274, .T. ) ;
#460 = DIRECTION ( 'NONE',  ( 0.000000000000000000, -1.000000000000000000, 0.000000000000000000 ) ) ;
#461 = DIRECTION ( 'NONE',  ( 0.000000000000000000, -1.000000000000000000, 0.000000000000000000 ) ) ;
#462 = DIRECTION ( 'NONE',  ( -0.000000000000000000, 1.000000000000000000, -0.000000000000000000 ) ) ;
#463 = ORIENTED_EDGE ( 'NONE', *, *, #2622, .F. ) ;
#464 = DIRECTION ( 'NONE',  ( 0.000000000000000000, 0.000000000000000000, -1.000000000000000000 ) ) ;
#465 = DIRECTION ( 'NONE',  ( -0.000000000000000000, -1.000000000000000000, -0.000000000000000000 ) ) ;
#466 = CARTESIAN_POINT ( 'NONE',  ( 8.000000000000000000, -9.192388155425119223, 3.250000000000000444 ) ) ;
#467 = EDGE_LOOP ( 'NONE', ( #1353, #1190 ) ) ;
#468 = CARTESIAN_POINT ( 'NONE',  ( -12.60000000000000142, 9.816552506059649019, -6.700000000000000178 ) ) ;
#469 = DIRECTION ( 'NONE',  ( 0.000000000000000000, -1.000000000000000000, 0.000000000000000000 ) ) ;
#470 = EDGE_CURVE ( 'NONE', #268, #3164, #341, .T. ) ;
#471 = CARTESIAN_POINT ( 'NONE',  ( -14.49999999999999645, 41.54620478241506731, 6.700000000000000178 ) ) ;
#472 = CIRCLE ( 'NONE', #222, 2.050000000000000266 ) ;
#473 = ORIENTED_EDGE ( 'NONE', *, *, #3332, .T. ) ;
#474 = DIRECTION ( 'NONE',  ( -0.000000000000000000, 1.000000000000000000, 0.000000000000000000 ) ) ;
#475 = EDGE_LOOP ( 'NONE', ( #3151, #3137, #106, #1100 ) ) ;
#476 = EDGE_CURVE ( 'NONE', #3949, #916, #1886, .T. ) ;
#477 = ORIENTED_EDGE ( 'NONE', *, *, #2942, .T. ) ;
#478 = EDGE_CURVE ( 'NONE', #1539, #2881, #2345, .T. ) ;
#479 = LINE ( 'NONE', #2013, #3829 ) ;
#480 = LINE ( 'NONE', #1998, #238 ) ;
#481 = VECTOR ( 'NONE', #3166, 1000.000000000000000 ) ;
#482 = ORIENTED_EDGE ( 'NONE', *, *, #1423, .T. ) ;
#483 = LINE ( 'NONE', #2309, #3761 ) ;
#484 = CARTESIAN_POINT ( 'NONE',  ( -8.000000000000000000, 8.599999999999999645, 0.000000000000000000 ) ) ;
#485 = EDGE_CURVE ( 'NONE', #2957, #25, #3548, .T. ) ;
#486 = CARTESIAN_POINT ( 'NONE',  ( -12.00000000000000000, 8.599999999999999645, 3.999999999999998224 ) ) ;
#487 = CIRCLE ( 'NONE', #3763, 2.050000000000000266 ) ;
#488 = ADVANCED_FACE ( 'NONE', ( #2930 ), #868, .F. ) ;
#489 = ORIENTED_EDGE ( 'NONE', *, *, #1355, .F. ) ;
#490 = DIRECTION ( 'NONE',  ( -8.673617379884051249E-15, 0.000000000000000000, 1.000000000000000000 ) ) ;
#491 = DIRECTION ( 'NONE',  ( 0.000000000000000000, -0.000000000000000000, -1.000000000000000000 ) ) ;
#492 = PLANE ( 'NONE',  #2762 ) ;
#493 = VERTEX_POINT ( 'NONE', #3269 ) ;
#494 = AXIS2_PLACEMENT_3D ( 'NONE', #3897, #827, #518 ) ;
#495 = DIRECTION ( 'NONE',  ( 1.000000000000000000, 0.000000000000000000, 0.000000000000000000 ) ) ;
#496 = VECTOR ( 'NONE', #2613, 1000.000000000000000 ) ;
#497 = CIRCLE ( 'NONE', #1150, 3.249999999999999556 ) ;
#498 = FACE_OUTER_BOUND ( 'NONE', #275, .T. ) ;
#499 = VERTEX_POINT ( 'NONE', #1098 ) ;
#500 = LINE ( 'NONE', #2925, #2430 ) ;
#501 = LINE ( 'NONE', #1735, #28 ) ;
#502 = EDGE_CURVE ( 'NONE', #644, #3462, #791, .T. ) ;
#503 = CARTESIAN_POINT ( 'NONE',  ( 3.999999999999991562, 15.07695526217004733, -4.000000000000005329 ) ) ;
#504 = ORIENTED_EDGE ( 'NONE', *, *, #66, .T. ) ;
#505 = DIRECTION ( 'NONE',  ( -1.000000000000000000, 0.000000000000000000, 0.000000000000000000 ) ) ;
#506 = FACE_OUTER_BOUND ( 'NONE', #31, .T. ) ;
#507 = ADVANCED_FACE ( 'NONE', ( #506 ), #2020, .F. ) ;
#508 = EDGE_CURVE ( 'NONE', #3436, #852, #3881, .T. ) ;
#509 = ORIENTED_EDGE ( 'NONE', *, *, #1106, .F. ) ;
#510 = DIRECTION ( 'NONE',  ( 0.000000000000000000, 0.000000000000000000, -1.000000000000000000 ) ) ;
#511 = CARTESIAN_POINT ( 'NONE',  ( 8.000000000000000000, -9.192388155425119223, -2.050000000000000266 ) ) ;
#512 = CARTESIAN_POINT ( 'NONE',  ( 0.000000000000000000, 2.299999999999999822, 0.000000000000000000 ) ) ;
#513 = ORIENTED_EDGE ( 'NONE', *, *, #2898, .T. ) ;
#514 = DIRECTION ( 'NONE',  ( 0.000000000000000000, 0.000000000000000000, -1.000000000000000000 ) ) ;
#515 = LINE ( 'NONE', #2680, #2969 ) ;
#516 = DIRECTION ( 'NONE',  ( 0.000000000000000000, 0.000000000000000000, -1.000000000000000000 ) ) ;
#517 = ORIENTED_EDGE ( 'NONE', *, *, #2973, .T. ) ;
#518 = DIRECTION ( 'NONE',  ( 0.000000000000000000, -0.000000000000000000, -1.000000000000000000 ) ) ;
#519 = CARTESIAN_POINT ( 'NONE',  ( 14.49999999999999645, 9.816552506059649019, -4.599999999999997868 ) ) ;
#520 = DIRECTION ( 'NONE',  ( -0.000000000000000000, -1.000000000000000000, -0.000000000000000000 ) ) ;
#521 = VERTEX_POINT ( 'NONE', #3927 ) ;
#522 = DIRECTION ( 'NONE',  ( 0.000000000000000000, 0.000000000000000000, -1.000000000000000000 ) ) ;
#523 = DIRECTION ( 'NONE',  ( 0.000000000000000000, 0.000000000000000000, -1.000000000000000000 ) ) ;
#524 = ADVANCED_FACE ( 'NONE', ( #2062 ), #3286, .F. ) ;
#525 = CARTESIAN_POINT ( 'NONE',  ( -14.49999999999999645, 41.54620478241506731, 6.700000000000000178 ) ) ;
#526 = CIRCLE ( 'NONE', #2264, 3.250000000000000444 ) ;
#527 = ORIENTED_EDGE ( 'NONE', *, *, #613, .T. ) ;
#528 = ORIENTED_EDGE ( 'NONE', *, *, #11, .F. ) ;
#529 = ADVANCED_FACE ( 'NONE', ( #232 ), #1467, .F. ) ;
#530 = AXIS2_PLACEMENT_3D ( 'NONE', #2517, #619, #942 ) ;
#531 = DIRECTION ( 'NONE',  ( 0.000000000000000000, 1.000000000000000000, -0.000000000000000000 ) ) ;
#532 = CARTESIAN_POINT ( 'NONE',  ( -3.399999999999998579, 0.000000000000000000, -6.700000000000000178 ) ) ;
#533 = DIRECTION ( 'NONE',  ( 0.000000000000000000, -1.000000000000000000, -0.000000000000000000 ) ) ;
#534 = ORIENTED_EDGE ( 'NONE', *, *, #318, .T. ) ;
#535 = EDGE_CURVE ( 'NONE', #41, #1647, #2501, .T. ) ;
#536 = DIRECTION ( 'NONE',  ( -0.000000000000000000, -1.000000000000000000, -0.000000000000000000 ) ) ;
#537 = DIRECTION ( 'NONE',  ( 0.000000000000000000, 0.000000000000000000, 1.000000000000000000 ) ) ;
#538 = VECTOR ( 'NONE', #1563, 1000.000000000000000 ) ;
#539 = ORIENTED_EDGE ( 'NONE', *, *, #1914, .T. ) ;
#540 = DIRECTION ( 'NONE',  ( 0.000000000000000000, 0.000000000000000000, -1.000000000000000000 ) ) ;
#541 = CIRCLE ( 'NONE', #2803, 2.399999999999999467 ) ;
#542 = VECTOR ( 'NONE', #3508, 1000.000000000000000 ) ;
#543 = CARTESIAN_POINT ( 'NONE',  ( 15.90000000000000391, 0.000000000000000000, -7.900000000000000355 ) ) ;
#544 = ORIENTED_EDGE ( 'NONE', *, *, #3087, .F. ) ;
#545 = CARTESIAN_POINT ( 'NONE',  ( 12.59999999999999964, 0.000000000000000000, -6.500000000000000888 ) ) ;
#546 = DIRECTION ( 'NONE',  ( 0.000000000000000000, -1.000000000000000000, 0.000000000000000000 ) ) ;
#547 = VECTOR ( 'NONE', #3442, 1000.000000000000000 ) ;
#548 = ORIENTED_EDGE ( 'NONE', *, *, #2753, .F. ) ;
#549 = ORIENTED_EDGE ( 'NONE', *, *, #1695, .T. ) ;
#550 = VECTOR ( 'NONE', #3467, 1000.000000000000000 ) ;
#551 = EDGE_CURVE ( 'NONE', #1479, #692, #1784, .T. ) ;
#552 = DIRECTION ( 'NONE',  ( -0.000000000000000000, -1.000000000000000000, -0.000000000000000000 ) ) ;
#553 = PLANE ( 'NONE',  #3967 ) ;
#554 = ORIENTED_EDGE ( 'NONE', *, *, #2999, .T. ) ;
#555 = CARTESIAN_POINT ( 'NONE',  ( 14.49999999999999112, 41.54620478241506731, -6.700000000000000178 ) ) ;
#556 = EDGE_CURVE ( 'NONE', #3092, #499, #118, .T. ) ;
#557 = DIRECTION ( 'NONE',  ( 0.000000000000000000, 0.000000000000000000, -1.000000000000000000 ) ) ;
#558 = EDGE_CURVE ( 'NONE', #2924, #1529, #565, .T. ) ;
#559 = ORIENTED_EDGE ( 'NONE', *, *, #1767, .T. ) ;
#560 = VECTOR ( 'NONE', #2858, 1000.000000000000000 ) ;
#561 = CARTESIAN_POINT ( 'NONE',  ( -12.60000000000000142, 8.599999999999996092, -6.700000000000000178 ) ) ;
#562 = CIRCLE ( 'NONE', #2368, 1.299999999999999156 ) ;
#563 = VECTOR ( 'NONE', #2701, 1000.000000000000000 ) ;
#564 = DIRECTION ( 'NONE',  ( 0.000000000000000000, -1.000000000000000000, 0.000000000000000000 ) ) ;
#565 = CIRCLE ( 'NONE', #2560, 2.399999999999999467 ) ;
#566 = ORIENTED_EDGE ( 'NONE', *, *, #3069, .F. ) ;
#567 = CARTESIAN_POINT ( 'NONE',  ( -3.999999999999998224, 11.40000000000000036, -1.600000000000000755 ) ) ;
#568 = FACE_OUTER_BOUND ( 'NONE', #2092, .T. ) ;
#569 = AXIS2_PLACEMENT_3D ( 'NONE', #1175, #3905, #3620 ) ;
#570 = AXIS2_PLACEMENT_3D ( 'NONE', #3204, #2888, #2254 ) ;
#571 = DIRECTION ( 'NONE',  ( 0.000000000000000000, -1.000000000000000000, 0.000000000000000000 ) ) ;
#572 = ORIENTED_EDGE ( 'NONE', *, *, #1938, .T. ) ;
#573 = AXIS2_PLACEMENT_3D ( 'NONE', #1726, #3067, #3845 ) ;
#574 = ORIENTED_EDGE ( 'NONE', *, *, #2207, .T. ) ;
#575 = CARTESIAN_POINT ( 'NONE',  ( 3.999999999999994671, 8.599999999999999645, 4.000000000000005329 ) ) ;
#576 = DIRECTION ( 'NONE',  ( 0.000000000000000000, -1.000000000000000000, 0.000000000000000000 ) ) ;
#577 = ORIENTED_EDGE ( 'NONE', *, *, #1904, .T. ) ;
#578 = EDGE_CURVE ( 'NONE', #389, #3052, #607, .T. ) ;
#579 = ORIENTED_EDGE ( 'NONE', *, *, #2101, .T. ) ;
#580 = CARTESIAN_POINT ( 'NONE',  ( 12.59999999999999964, 9.816552506059649019, -6.500000000000000888 ) ) ;
#581 = DIRECTION ( 'NONE',  ( 1.508455196501571429E-15, 0.000000000000000000, 1.000000000000000000 ) ) ;
#582 = DIRECTION ( 'NONE',  ( 0.000000000000000000, 0.000000000000000000, -1.000000000000000000 ) ) ;
#583 = ORIENTED_EDGE ( 'NONE', *, *, #141, .F. ) ;
#584 = DIRECTION ( 'NONE',  ( 0.000000000000000000, 0.000000000000000000, 1.000000000000000000 ) ) ;
#585 = COORDINATED_UNIVERSAL_TIME_OFFSET ( 5, 30, .AHEAD. ) ;
#586 = EDGE_LOOP ( 'NONE', ( #2039, #1201, #2625, #297 ) ) ;
#587 = DIRECTION ( 'NONE',  ( 0.000000000000000000, 0.000000000000000000, 1.000000000000000000 ) ) ;
#588 = ORIENTED_EDGE ( 'NONE', *, *, #3415, .T. ) ;
#589 = DIRECTION ( 'NONE',  ( -0.000000000000000000, 1.000000000000000000, -0.000000000000000000 ) ) ;
#590 = ORIENTED_EDGE ( 'NONE', *, *, #2787, .F. ) ;
#591 = CARTESIAN_POINT ( 'NONE',  ( -14.49999999999999645, 41.54620478241506731, 6.700000000000000178 ) ) ;
#592 = ORIENTED_EDGE ( 'NONE', *, *, #1512, .F. ) ;
#593 = EDGE_LOOP ( 'NONE', ( #2516, #3220 ) ) ;
#594 = CARTESIAN_POINT ( 'NONE',  ( 3.400000000000000355, 9.816552506059649019, 6.500000000000000888 ) ) ;
#595 = EDGE_CURVE ( 'NONE', #662, #1828, #2306, .T. ) ;
#596 = LINE ( 'NONE', #1905, #416 ) ;
#597 = CARTESIAN_POINT ( 'NONE',  ( 3.999999999999991562, 11.40000000000000036, -6.400000000000002132 ) ) ;
#598 = ORIENTED_EDGE ( 'NONE', *, *, #2931, .T. ) ;
#599 = AXIS2_PLACEMENT_3D ( 'NONE', #3936, #820, #3917 ) ;
#600 = EDGE_CURVE ( 'NONE', #3270, #2709, #3582, .T. ) ;
#601 = MECHANICAL_CONTEXT ( 'NONE', #811, 'mechanical' ) ;
#602 = ORIENTED_EDGE ( 'NONE', *, *, #901, .T. ) ;
#603 = EDGE_CURVE ( 'NONE', #3316, #899, #1879, .T. ) ;
#604 = LINE ( 'NONE', #3906, #439 ) ;
#605 = FACE_OUTER_BOUND ( 'NONE', #3550, .T. ) ;
#606 = AXIS2_PLACEMENT_3D ( 'NONE', #2663, #2644, #148 ) ;
#607 = LINE ( 'NONE', #3044, #2173 ) ;
#608 = DIRECTION ( 'NONE',  ( 0.000000000000000000, 0.000000000000000000, -1.000000000000000000 ) ) ;
#609 = ORIENTED_EDGE ( 'NONE', *, *, #600, .F. ) ;
#610 = ADVANCED_FACE ( 'NONE', ( #1525 ), #1510, .T. ) ;
#611 = DIRECTION ( 'NONE',  ( -1.005636797667714286E-15, 0.000000000000000000, 1.000000000000000000 ) ) ;
#612 = ORIENTED_EDGE ( 'NONE', *, *, #2533, .F. ) ;
#613 = EDGE_CURVE ( 'NONE', #939, #2881, #2485, .T. ) ;
#614 = AXIS2_PLACEMENT_3D ( 'NONE', #3469, #1587, #70 ) ;
#615 = VERTEX_POINT ( 'NONE', #953 ) ;
#616 = VERTEX_POINT ( 'NONE', #1862 ) ;
#617 = AXIS2_PLACEMENT_3D ( 'NONE', #1051, #2276, #2926 ) ;
#618 = CARTESIAN_POINT ( 'NONE',  ( -14.29999999999999716, 0.000000000000000000, 4.599999999999997868 ) ) ;
#619 = DIRECTION ( 'NONE',  ( 0.000000000000000000, -1.000000000000000000, 0.000000000000000000 ) ) ;
#620 = CARTESIAN_POINT ( 'NONE',  ( 0.000000000000000000, 8.599999999999999645, 0.000000000000000000 ) ) ;
#621 = VERTEX_POINT ( 'NONE', #23 ) ;
#622 = DIRECTION ( 'NONE',  ( -0.000000000000000000, 1.000000000000000000, -0.000000000000000000 ) ) ;
#623 = CARTESIAN_POINT ( 'NONE',  ( -3.999999999999998224, 11.40000000000000036, -3.999999999999998224 ) ) ;
#624 = ORIENTED_EDGE ( 'NONE', *, *, #2829, .T. ) ;
#625 = CYLINDRICAL_SURFACE ( 'NONE', #1982, 1.300000000000000044 ) ;
#626 = VECTOR ( 'NONE', #1943, 1000.000000000000000 ) ;
#627 = CARTESIAN_POINT ( 'NONE',  ( 8.000000000000000000, 8.599999999999999645, 0.000000000000000000 ) ) ;
#628 = ADVANCED_FACE ( 'NONE', ( #2731 ), #44, .T. ) ;
#629 = VECTOR ( 'NONE', #3007, 1000.000000000000000 ) ;
#630 = DIRECTION ( 'NONE',  ( 8.673617379884051249E-15, -0.000000000000000000, 1.000000000000000000 ) ) ;
#631 = VECTOR ( 'NONE', #685, 1000.000000000000000 ) ;
#632 = EDGE_LOOP ( 'NONE', ( #2441, #3590, #2513, #2712 ) ) ;
#633 = AXIS2_PLACEMENT_3D ( 'NONE', #1768, #1791, #2069 ) ;
#634 = ORIENTED_EDGE ( 'NONE', *, *, #2181, .T. ) ;
#635 = ADVANCED_FACE ( 'NONE', ( #2750 ), #3423, .T. ) ;
#636 = ADVANCED_FACE ( 'NONE', ( #1567 ), #345, .T. ) ;
#637 = ORIENTED_EDGE ( 'NONE', *, *, #3170, .F. ) ;
#638 = ORIENTED_EDGE ( 'NONE', *, *, #355, .T. ) ;
#639 = LINE ( 'NONE', #320, #3112 ) ;
#640 = PLANE ( 'NONE',  #3132 ) ;
#641 = DIRECTION ( 'NONE',  ( 1.000000000000000000, 0.000000000000000000, -0.000000000000000000 ) ) ;
#642 = ORIENTED_EDGE ( 'NONE', *, *, #1326, .F. ) ;
#643 = APPLICATION_PROTOCOL_DEFINITION ( 'international standard', 'config_control_design', 1994, #811 ) ;
#644 = VERTEX_POINT ( 'NONE', #3101 ) ;
#645 = LINE ( 'NONE', #3701, #187 ) ;
#646 = DIRECTION ( 'NONE',  ( 0.000000000000000000, -1.000000000000000000, 0.000000000000000000 ) ) ;
#647 = LINE ( 'NONE', #3065, #1004 ) ;
#648 = VERTEX_POINT ( 'NONE', #3964 ) ;
#649 = ADVANCED_FACE ( 'NONE', ( #1584 ), #2812, .F. ) ;
#650 = CARTESIAN_POINT ( 'NONE',  ( 11.39999999999999858, 0.000000000000000000, -6.700000000000000178 ) ) ;
#651 = ORIENTED_EDGE ( 'NONE', *, *, #1531, .F. ) ;
#652 = VERTEX_POINT ( 'NONE', #1277 ) ;
#653 = AXIS2_PLACEMENT_3D ( 'NONE', #3340, #1151, #2398 ) ;
#654 = ORIENTED_EDGE ( 'NONE', *, *, #192, .T. ) ;
#655 = DIRECTION ( 'NONE',  ( -0.000000000000000000, -1.000000000000000000, -0.000000000000000000 ) ) ;
#656 = CARTESIAN_POINT ( 'NONE',  ( -8.000000000000000000, -9.192388155425119223, 0.000000000000000000 ) ) ;
#657 = CYLINDRICAL_SURFACE ( 'NONE', #886, 1.299999999999999156 ) ;
#658 = ORIENTED_EDGE ( 'NONE', *, *, #2673, .T. ) ;
#659 = EDGE_CURVE ( 'NONE', #350, #1570, #3363, .T. ) ;
#660 = VECTOR ( 'NONE', #1117, 1000.000000000000000 ) ;
#661 = PLANE ( 'NONE',  #1902 ) ;
#662 = VERTEX_POINT ( 'NONE', #4 ) ;
#663 = DIRECTION ( 'NONE',  ( -8.673617379884051249E-15, 0.000000000000000000, -1.000000000000000000 ) ) ;
#664 = FACE_OUTER_BOUND ( 'NONE', #1875, .T. ) ;
#665 = CARTESIAN_POINT ( 'NONE',  ( 0.000000000000000000, 8.599999999999999645, 0.000000000000000000 ) ) ;
#666 = ORIENTED_EDGE ( 'NONE', *, *, #1195, .F. ) ;
#667 = VECTOR ( 'NONE', #1773, 1000.000000000000000 ) ;
#668 = VERTEX_POINT ( 'NONE', #2508 ) ;
#669 = VECTOR ( 'NONE', #2535, 1000.000000000000000 ) ;
#670 = ORIENTED_EDGE ( 'NONE', *, *, #774, .T. ) ;
#671 = ADVANCED_FACE ( 'NONE', ( #306 ), #3723, .T. ) ;
#672 = VECTOR ( 'NONE', #2911, 1000.000000000000000 ) ;
#673 = CARTESIAN_POINT ( 'NONE',  ( 12.60000000000000142, 0.000000000000000000, -6.700000000000000178 ) ) ;
#674 = LINE ( 'NONE', #965, #1724 ) ;
#675 = DIRECTION ( 'NONE',  ( 0.000000000000000000, 0.000000000000000000, 1.000000000000000000 ) ) ;
#676 = ORIENTED_EDGE ( 'NONE', *, *, #2597, .F. ) ;
#677 = EDGE_CURVE ( 'NONE', #878, #2520, #819, .T. ) ;
#678 = LINE ( 'NONE', #924, #1317 ) ;
#679 = VERTEX_POINT ( 'NONE', #2426 ) ;
#680 = EDGE_CURVE ( 'NONE', #963, #917, #1236, .T. ) ;
#681 = DIRECTION ( 'NONE',  ( -1.000000000000000000, 0.000000000000000000, 0.000000000000000000 ) ) ;
#682 = DIRECTION ( 'NONE',  ( 0.000000000000000000, 0.000000000000000000, -1.000000000000000000 ) ) ;
#683 = DIRECTION ( 'NONE',  ( 0.000000000000000000, -1.000000000000000000, 0.000000000000000000 ) ) ;
#684 = ORIENTED_EDGE ( 'NONE', *, *, #1152, .T. ) ;
#685 = DIRECTION ( 'NONE',  ( -1.000000000000000000, -0.000000000000000000, -0.000000000000000000 ) ) ;
#686 = CARTESIAN_POINT ( 'NONE',  ( 4.599999999999999645, 8.599999999999999645, 6.500000000000000888 ) ) ;
#687 = ORIENTED_EDGE ( 'NONE', *, *, #1327, .T. ) ;
#688 = DIRECTION ( 'NONE',  ( -0.000000000000000000, -1.000000000000000000, -0.000000000000000000 ) ) ;
#689 = VECTOR ( 'NONE', #2238, 1000.000000000000000 ) ;
#690 = CIRCLE ( 'NONE', #885, 2.399999999999996803 ) ;
#691 = DIRECTION ( 'NONE',  ( 0.000000000000000000, 0.000000000000000000, -1.000000000000000000 ) ) ;
#692 = VERTEX_POINT ( 'NONE', #2154 ) ;
#693 = AXIS2_PLACEMENT_3D ( 'NONE', #2214, #2832, #2462 ) ;
#694 = DIRECTION ( 'NONE',  ( -1.000000000000000000, 0.000000000000000000, 0.000000000000000000 ) ) ;
#695 = CARTESIAN_POINT ( 'NONE',  ( -3.999999999999998224, 9.599999999999999645, -3.999999999999998224 ) ) ;
#696 = ADVANCED_FACE ( 'NONE', ( #2524 ), #2216, .T. ) ;
#697 = DIRECTION ( 'NONE',  ( 0.000000000000000000, 0.000000000000000000, 1.000000000000000000 ) ) ;
#698 = VERTEX_POINT ( 'NONE', #721 ) ;
#699 = ADVANCED_FACE ( 'NONE', ( #664 ), #1378, .T. ) ;
#700 = DIRECTION ( 'NONE',  ( -0.000000000000000000, 1.000000000000000000, -0.000000000000000000 ) ) ;
#701 = DATE_AND_TIME ( #3833, #2292 ) ;
#702 = ORIENTED_EDGE ( 'NONE', *, *, #98, .F. ) ;
#703 = DIRECTION ( 'NONE',  ( -0.000000000000000000, -1.000000000000000000, -0.000000000000000000 ) ) ;
#704 = FACE_OUTER_BOUND ( 'NONE', #2683, .T. ) ;
#705 = LINE ( 'NONE', #1952, #3885 ) ;
#706 = ORIENTED_EDGE ( 'NONE', *, *, #3535, .T. ) ;
#707 = CARTESIAN_POINT ( 'NONE',  ( -14.49999999999999645, 0.000000000000000000, -6.700000000000000178 ) ) ;
#708 = APPROVAL ( #2921, 'UNSPECIFIED' ) ;
#709 = DIRECTION ( 'NONE',  ( 0.000000000000000000, 0.000000000000000000, -1.000000000000000000 ) ) ;
#710 = ORIENTED_EDGE ( 'NONE', *, *, #443, .T. ) ;
#711 = DIRECTION ( 'NONE',  ( 0.000000000000000000, 0.000000000000000000, -1.000000000000000000 ) ) ;
#712 = LINE ( 'NONE', #1351, #626 ) ;
#713 = CARTESIAN_POINT ( 'NONE',  ( 15.90000000000000391, 9.599999999999999645, 7.900000000000000355 ) ) ;
#714 = VERTEX_POINT ( 'NONE', #2563 ) ;
#715 = CARTESIAN_POINT ( 'NONE',  ( 4.600000000000001421, 0.000000000000000000, 6.700000000000000178 ) ) ;
#716 = AXIS2_PLACEMENT_3D ( 'NONE', #1676, #145, #1374 ) ;
#717 = DIRECTION ( 'NONE',  ( 0.000000000000000000, 0.000000000000000000, -1.000000000000000000 ) ) ;
#718 = COORDINATED_UNIVERSAL_TIME_OFFSET ( 5, 30, .AHEAD. ) ;
#719 = CARTESIAN_POINT ( 'NONE',  ( -15.89999999999999680, 0.000000000000000000, 7.900000000000000355 ) ) ;
#720 = CARTESIAN_POINT ( 'NONE',  ( -12.00000000000000000, 10.30000000000000071, 3.999999999999998224 ) ) ;
#721 = CARTESIAN_POINT ( 'NONE',  ( -14.29999999999999716, 8.599999999999999645, -3.399999999999998579 ) ) ;
#722 = EDGE_CURVE ( 'NONE', #1556, #3356, #1915, .T. ) ;
#723 = FACE_OUTER_BOUND ( 'NONE', #1848, .T. ) ;
#724 = ORIENTED_EDGE ( 'NONE', *, *, #2764, .T. ) ;
#725 = DIRECTION ( 'NONE',  ( 0.000000000000000000, -1.000000000000000000, 0.000000000000000000 ) ) ;
#726 = FACE_OUTER_BOUND ( 'NONE', #1109, .T. ) ;
#727 = DIRECTION ( 'NONE',  ( 0.000000000000000000, -1.000000000000000000, 0.000000000000000000 ) ) ;
#728 = EDGE_CURVE ( 'NONE', #786, #648, #1147, .T. ) ;
#729 = DIRECTION ( 'NONE',  ( -0.000000000000000000, -1.000000000000000000, -0.000000000000000000 ) ) ;
#730 = APPLICATION_CONTEXT ( 'configuration controlled 3d designs of mechanical parts and assemblies' ) ;
#731 = EDGE_CURVE ( 'NONE', #3228, #2996, #252, .T. ) ;
#732 = ORIENTED_EDGE ( 'NONE', *, *, #3170, .T. ) ;
#733 = AXIS2_PLACEMENT_3D ( 'NONE', #1044, #2270, #444 ) ;
#734 = AXIS2_PLACEMENT_3D ( 'NONE', #379, #3730, #982 ) ;
#735 = DIRECTION ( 'NONE',  ( -0.000000000000000000, 0.000000000000000000, -1.000000000000000000 ) ) ;
#736 = DIRECTION ( 'NONE',  ( 0.000000000000000000, 0.000000000000000000, -1.000000000000000000 ) ) ;
#737 = DIRECTION ( 'NONE',  ( 0.000000000000000000, -1.000000000000000000, 0.000000000000000000 ) ) ;
#738 = ORIENTED_EDGE ( 'NONE', *, *, #1992, .F. ) ;
#739 = DIRECTION ( 'NONE',  ( -1.000000000000000000, 0.000000000000000000, 0.000000000000000000 ) ) ;
#740 = CARTESIAN_POINT ( 'NONE',  ( -15.89999999999999680, 0.000000000000000000, 7.900000000000000355 ) ) ;
#741 = SECURITY_CLASSIFICATION_LEVEL ( 'unclassified' ) ;
#742 = LINE ( 'NONE', #719, #211 ) ;
#743 = DIRECTION ( 'NONE',  ( 0.000000000000000000, -0.000000000000000000, -1.000000000000000000 ) ) ;
#744 = AXIS2_PLACEMENT_3D ( 'NONE', #251, #2686, #2423 ) ;
#745 = FACE_OUTER_BOUND ( 'NONE', #1990, .T. ) ;
#746 = CARTESIAN_POINT ( 'NONE',  ( -12.00000000000000000, 10.30000000000000071, 2.699999999999998401 ) ) ;
#747 = LINE ( 'NONE', #1972, #3631 ) ;
#748 = ORIENTED_EDGE ( 'NONE', *, *, #2839, .F. ) ;
#749 = EDGE_CURVE ( 'NONE', #3468, #1361, #1658, .T. ) ;
#750 = LINE ( 'NONE', #996, #2671 ) ;
#751 = ORIENTED_EDGE ( 'NONE', *, *, #3064, .F. ) ;
#752 = CIRCLE ( 'NONE', #951, 3.250000000000000444 ) ;
#753 = ADVANCED_FACE ( 'NONE', ( #745 ), #3122, .T. ) ;
#754 = AXIS2_PLACEMENT_3D ( 'NONE', #1672, #1686, #2637 ) ;
#755 = CIRCLE ( 'NONE', #1214, 3.250000000000000444 ) ;
#756 = AXIS2_PLACEMENT_3D ( 'NONE', #1257, #1823, #1840 ) ;
#757 = CARTESIAN_POINT ( 'NONE',  ( 4.599999999999999645, 9.816552506059649019, -6.500000000000000888 ) ) ;
#758 = VECTOR ( 'NONE', #866, 1000.000000000000000 ) ;
#759 = DIRECTION ( 'NONE',  ( 0.000000000000000000, 0.000000000000000000, -1.000000000000000000 ) ) ;
#760 = AXIS2_PLACEMENT_3D ( 'NONE', #3662, #2405, #523 ) ;
#761 = DIRECTION ( 'NONE',  ( -1.000000000000000000, 0.000000000000000000, 0.000000000000000000 ) ) ;
#762 = VERTEX_POINT ( 'NONE', #3813 ) ;
#763 = DIRECTION ( 'NONE',  ( -1.000000000000000000, 0.000000000000000000, 0.000000000000000000 ) ) ;
#764 = COORDINATED_UNIVERSAL_TIME_OFFSET ( 5, 30, .AHEAD. ) ;
#765 = ORIENTED_EDGE ( 'NONE', *, *, #1456, .T. ) ;
#766 = VECTOR ( 'NONE', #1396, 1000.000000000000000 ) ;
#767 = ORIENTED_EDGE ( 'NONE', *, *, #1271, .F. ) ;
#768 = CARTESIAN_POINT ( 'NONE',  ( 8.000000000000000000, 0.000000000000000000, -2.050000000000000266 ) ) ;
#769 = DIRECTION ( 'NONE',  ( 0.000000000000000000, 0.000000000000000000, 1.000000000000000000 ) ) ;
#770 = DIRECTION ( 'NONE',  ( -0.000000000000000000, 1.000000000000000000, -0.000000000000000000 ) ) ;
#771 = VERTEX_POINT ( 'NONE', #1896 ) ;
#772 = LINE ( 'NONE', #2000, #1281 ) ;
#773 = LINE ( 'NONE', #1324, #1453 ) ;
#774 = EDGE_CURVE ( 'NONE', #1615, #1479, #86, .T. ) ;
#775 = EDGE_LOOP ( 'NONE', ( #826, #2737, #1965, #2044 ) ) ;
#776 = EDGE_CURVE ( 'NONE', #3316, #313, #3439, .T. ) ;
#777 = LINE ( 'NONE', #1684, #3708 ) ;
#778 = CARTESIAN_POINT ( 'NONE',  ( 0.000000000000000000, 8.599999999999999645, 0.000000000000000000 ) ) ;
#779 = CARTESIAN_POINT ( 'NONE',  ( 12.60000000000000142, 8.599999999999996092, -6.700000000000000178 ) ) ;
#780 = ORIENTED_EDGE ( 'NONE', *, *, #3069, .T. ) ;
#781 = DIRECTION ( 'NONE',  ( -0.000000000000000000, 1.000000000000000000, 0.000000000000000000 ) ) ;
#782 = CARTESIAN_POINT ( 'NONE',  ( 14.49999999999999645, 0.000000000000000000, 4.599999999999997868 ) ) ;
#783 = EDGE_CURVE ( 'NONE', #2178, #389, #65, .T. ) ;
#784 = VERTEX_POINT ( 'NONE', #1678 ) ;
#785 = EDGE_CURVE ( 'NONE', #917, #1238, #3181, .T. ) ;
#786 = VERTEX_POINT ( 'NONE', #446 ) ;
#787 = DIRECTION ( 'NONE',  ( 0.000000000000000000, 0.000000000000000000, 1.000000000000000000 ) ) ;
#788 = DIRECTION ( 'NONE',  ( 0.000000000000000000, -1.000000000000000000, 0.000000000000000000 ) ) ;
#789 = ORIENTED_EDGE ( 'NONE', *, *, #1320, .T. ) ;
#790 = LINE ( 'NONE', #3247, #2861 ) ;
#791 = LINE ( 'NONE', #210, #1215 ) ;
#792 = EDGE_LOOP ( 'NONE', ( #2133, #2192, #3912, #1421 ) ) ;
#793 = AXIS2_PLACEMENT_3D ( 'NONE', #1445, #1669, #2669 ) ;
#794 = CARTESIAN_POINT ( 'NONE',  ( 3.999999999999991562, 9.599999999999999645, -4.000000000000005329 ) ) ;
#795 = DIRECTION ( 'NONE',  ( 0.000000000000000000, 0.000000000000000000, -1.000000000000000000 ) ) ;
#796 = DIRECTION ( 'NONE',  ( -0.000000000000000000, 1.000000000000000000, -0.000000000000000000 ) ) ;
#797 = CIRCLE ( 'NONE', #3559, 1.299999999999999156 ) ;
#798 = ADVANCED_FACE ( 'NONE', ( #424 ), #2544, .F. ) ;
#799 = ORIENTED_EDGE ( 'NONE', *, *, #3621, .F. ) ;
#800 = CARTESIAN_POINT ( 'NONE',  ( -11.99999999999999289, 11.40000000000000036, -3.999999999999998224 ) ) ;
#801 = VERTEX_POINT ( 'NONE', #108 ) ;
#802 = EDGE_LOOP ( 'NONE', ( #1418, #3183, #2768, #2790 ) ) ;
#803 = ADVANCED_FACE ( 'NONE', ( #704 ), #2891, .T. ) ;
#804 = CARTESIAN_POINT ( 'NONE',  ( -15.89999999999999680, 9.599999999999999645, 7.900000000000000355 ) ) ;
#805 = DIRECTION ( 'NONE',  ( 0.000000000000000000, -0.000000000000000000, -1.000000000000000000 ) ) ;
#806 = EDGE_CURVE ( 'NONE', #2034, #2066, #1009, .T. ) ;
#807 = CARTESIAN_POINT ( 'NONE',  ( -4.000000000000001776, 11.40000000000000036, 3.999999999999998224 ) ) ;
#808 = CIRCLE ( 'NONE', #1329, 1.300000000000000044 ) ;
#809 = VERTEX_POINT ( 'NONE', #405 ) ;
#810 = DIRECTION ( 'NONE',  ( -8.673617379884051249E-15, 0.000000000000000000, -1.000000000000000000 ) ) ;
#811 = APPLICATION_CONTEXT ( 'configuration controlled 3d designs of mechanical parts and assemblies' ) ;
#812 = DIRECTION ( 'NONE',  ( 0.000000000000000000, 0.000000000000000000, -1.000000000000000000 ) ) ;
#813 = AXIS2_PLACEMENT_3D ( 'NONE', #1155, #3602, #3302 ) ;
#814 = EDGE_LOOP ( 'NONE', ( #3458, #624, #2364, #2557 ) ) ;
#815 = CARTESIAN_POINT ( 'NONE',  ( -14.49999999999999645, 0.000000000000000000, 3.399999999999997691 ) ) ;
#816 = PLANE ( 'NONE',  #2502 ) ;
#817 = LINE ( 'NONE', #2720, #433 ) ;
#818 = EDGE_LOOP ( 'NONE', ( #710, #404 ) ) ;
#819 = CIRCLE ( 'NONE', #2370, 1.300000000000000044 ) ;
#820 = DIRECTION ( 'NONE',  ( -0.000000000000000000, 1.000000000000000000, -0.000000000000000000 ) ) ;
#821 = AXIS2_PLACEMENT_3D ( 'NONE', #2956, #199, #1124 ) ;
#822 = EDGE_CURVE ( 'NONE', #313, #521, #3502, .T. ) ;
#823 = VECTOR ( 'NONE', #1989, 1000.000000000000000 ) ;
#824 = CARTESIAN_POINT ( 'NONE',  ( 0.5500000000000000444, 2.299999999999999822, -3.250000000000001332 ) ) ;
#825 = LINE ( 'NONE', #3657, #1017 ) ;
#826 = ORIENTED_EDGE ( 'NONE', *, *, #1072, .T. ) ;
#827 = DIRECTION ( 'NONE',  ( 0.000000000000000000, -1.000000000000000000, 0.000000000000000000 ) ) ;
#828 = FACE_BOUND ( 'NONE', #467, .T. ) ;
#829 = DIRECTION ( 'NONE',  ( 0.000000000000000000, 0.000000000000000000, -1.000000000000000000 ) ) ;
#830 = VERTEX_POINT ( 'NONE', #3782 ) ;
#831 = CARTESIAN_POINT ( 'NONE',  ( -4.000000000000001776, 10.30000000000000071, 2.699999999999998401 ) ) ;
#832 = EDGE_CURVE ( 'NONE', #3834, #2854, #1437, .T. ) ;
#833 = CARTESIAN_POINT ( 'NONE',  ( 14.49999999999999112, 41.54620478241506731, 6.700000000000000178 ) ) ;
#834 = ORIENTED_EDGE ( 'NONE', *, *, #2657, .F. ) ;
#835 = EDGE_CURVE ( 'NONE', #1153, #2449, #479, .T. ) ;
#836 = LINE ( 'NONE', #3886, #3021 ) ;
#837 = CARTESIAN_POINT ( 'NONE',  ( -11.99999999999999289, 11.40000000000000036, -3.999999999999998224 ) ) ;
#838 = CARTESIAN_POINT ( 'NONE',  ( -11.99999999999999289, 10.30000000000000071, -5.299999999999998046 ) ) ;
#839 = VERTEX_POINT ( 'NONE', #768 ) ;
#840 = CARTESIAN_POINT ( 'NONE',  ( -15.89999999999999680, 9.599999999999999645, 7.900000000000000355 ) ) ;
#841 = FACE_OUTER_BOUND ( 'NONE', #2009, .T. ) ;
#842 = DIRECTION ( 'NONE',  ( 1.000000000000000000, 0.000000000000000000, -0.000000000000000000 ) ) ;
#843 = VERTEX_POINT ( 'NONE', #3579 ) ;
#844 = LINE ( 'NONE', #164, #3642 ) ;
#845 = CARTESIAN_POINT ( 'NONE',  ( -12.00000000000000000, 8.599999999999999645, 2.699999999999998401 ) ) ;
#846 = ORIENTED_EDGE ( 'NONE', *, *, #2716, .F. ) ;
#847 = FACE_OUTER_BOUND ( 'NONE', #1776, .T. ) ;
#848 = DIRECTION ( 'NONE',  ( 8.673617379884051249E-15, 0.000000000000000000, 1.000000000000000000 ) ) ;
#849 = CARTESIAN_POINT ( 'NONE',  ( 11.99999999999999289, 10.30000000000000071, 4.000000000000017764 ) ) ;
#850 = EDGE_CURVE ( 'NONE', #1301, #3408, #2883, .T. ) ;
#851 = EDGE_LOOP ( 'NONE', ( #3793, #2798, #2937, #2894 ) ) ;
#852 = VERTEX_POINT ( 'NONE', #185 ) ;
#853 = ADVANCED_FACE ( 'NONE', ( #1754 ), #3875, .F. ) ;
#854 = EDGE_CURVE ( 'NONE', #809, #2854, #1696, .T. ) ;
#855 = CYLINDRICAL_SURFACE ( 'NONE', #2112, 1.300000000000000044 ) ;
#856 = CARTESIAN_POINT ( 'NONE',  ( -4.000000000000001776, 11.40000000000000036, 3.999999999999998224 ) ) ;
#857 = DIRECTION ( 'NONE',  ( -0.000000000000000000, 1.000000000000000000, -0.000000000000000000 ) ) ;
#858 = ORIENTED_EDGE ( 'NONE', *, *, #3364, .F. ) ;
#859 = FACE_OUTER_BOUND ( 'NONE', #1742, .T. ) ;
#860 = CARTESIAN_POINT ( 'NONE',  ( -8.000000000000000000, 0.000000000000000000, 0.000000000000000000 ) ) ;
#861 = CARTESIAN_POINT ( 'NONE',  ( -14.49999999999999645, 8.599999999999996092, -6.700000000000000178 ) ) ;
#862 = ORIENTED_EDGE ( 'NONE', *, *, #3544, .F. ) ;
#863 = CARTESIAN_POINT ( 'NONE',  ( 0.000000000000000000, 8.599999999999999645, 0.000000000000000000 ) ) ;
#864 = CARTESIAN_POINT ( 'NONE',  ( 15.90000000000000391, 9.599999999999999645, 7.900000000000000355 ) ) ;
#865 = EDGE_LOOP ( 'NONE', ( #3929, #1264, #846, #2213 ) ) ;
#866 = DIRECTION ( 'NONE',  ( 0.000000000000000000, -1.000000000000000000, 0.000000000000000000 ) ) ;
#867 = DIRECTION ( 'NONE',  ( 8.673617379884051249E-15, 0.000000000000000000, -1.000000000000000000 ) ) ;
#868 = PLANE ( 'NONE',  #1798 ) ;
#869 = VECTOR ( 'NONE', #429, 1000.000000000000000 ) ;
#870 = ORIENTED_EDGE ( 'NONE', *, *, #3346, .F. ) ;
#871 = EDGE_CURVE ( 'NONE', #2385, #124, #225, .T. ) ;
#872 = DIRECTION ( 'NONE',  ( 0.000000000000000000, 0.000000000000000000, 1.000000000000000000 ) ) ;
#873 = ORIENTED_EDGE ( 'NONE', *, *, #3046, .F. ) ;
#874 = AXIS2_PLACEMENT_3D ( 'NONE', #2851, #3527, #150 ) ;
#875 = FACE_OUTER_BOUND ( 'NONE', #2816, .T. ) ;
#876 = CARTESIAN_POINT ( 'NONE',  ( 14.29999999999999716, 9.816552506059649019, -3.399999999999998579 ) ) ;
#877 = ORIENTED_EDGE ( 'NONE', *, *, #1459, .T. ) ;
#878 = VERTEX_POINT ( 'NONE', #2340 ) ;
#879 = CARTESIAN_POINT ( 'NONE',  ( -4.000000000000001776, 11.40000000000000036, 6.399999999999997691 ) ) ;
#880 = DIRECTION ( 'NONE',  ( -8.673617379884051249E-15, -0.000000000000000000, -1.000000000000000000 ) ) ;
#881 = CARTESIAN_POINT ( 'NONE',  ( -12.00000000000000000, 11.40000000000000036, 6.399999999999997691 ) ) ;
#882 = ORIENTED_EDGE ( 'NONE', *, *, #2461, .T. ) ;
#883 = VECTOR ( 'NONE', #1419, 1000.000000000000000 ) ;
#884 = PRODUCT_RELATED_PRODUCT_CATEGORY ( 'detail', '', ( #2265 ) ) ;
#885 = AXIS2_PLACEMENT_3D ( 'NONE', #1086, #454, #736 ) ;
#886 = AXIS2_PLACEMENT_3D ( 'NONE', #1596, #3977, #1228 ) ;
#887 = FACE_OUTER_BOUND ( 'NONE', #2604, .T. ) ;
#888 = ORIENTED_EDGE ( 'NONE', *, *, #3049, .T. ) ;
#889 = CARTESIAN_POINT ( 'NONE',  ( -14.49999999999999645, 0.000000000000000000, -6.700000000000000178 ) ) ;
#890 = VECTOR ( 'NONE', #552, 1000.000000000000000 ) ;
#891 = VECTOR ( 'NONE', #2983, 1000.000000000000000 ) ;
#892 = DIRECTION ( 'NONE',  ( 0.000000000000000000, 0.000000000000000000, -1.000000000000000000 ) ) ;
#893 = VERTEX_POINT ( 'NONE', #3837 ) ;
#894 = FACE_OUTER_BOUND ( 'NONE', #1376, .T. ) ;
#895 = VERTEX_POINT ( 'NONE', #1461 ) ;
#896 = EDGE_CURVE ( 'NONE', #1238, #668, #1717, .T. ) ;
#897 = FACE_OUTER_BOUND ( 'NONE', #3419, .T. ) ;
#898 = VERTEX_POINT ( 'NONE', #2941 ) ;
#899 = VERTEX_POINT ( 'NONE', #3599 ) ;
#900 = ADVANCED_FACE ( 'NONE', ( #2684 ), #2360, .T. ) ;
#901 = EDGE_CURVE ( 'NONE', #2342, #1714, #844, .T. ) ;
#902 = DIRECTION ( 'NONE',  ( 1.005636797667714286E-15, 0.000000000000000000, -1.000000000000000000 ) ) ;
#903 = DIRECTION ( 'NONE',  ( -1.000000000000000000, 0.000000000000000000, 1.508455196501571429E-15 ) ) ;
#904 = DIRECTION ( 'NONE',  ( 0.000000000000000000, 0.000000000000000000, -1.000000000000000000 ) ) ;
#905 = EDGE_LOOP ( 'NONE', ( #590, #2642, #1194, #1469 ) ) ;
#906 = EDGE_CURVE ( 'NONE', #25, #1234, #3524, .T. ) ;
#907 = UNCERTAINTY_MEASURE_WITH_UNIT (LENGTH_MEASURE( 1.000000000000000082E-05 ), #1598, 'distance_accuracy_value', 'NONE');
#908 = APPROVAL_ROLE ( '' ) ;
#909 = VERTEX_POINT ( 'NONE', #3280 ) ;
#910 = EDGE_CURVE ( 'NONE', #1395, #2687, #1111, .T. ) ;
#911 = EDGE_CURVE ( 'NONE', #1809, #3954, #500, .T. ) ;
#912 = DIRECTION ( 'NONE',  ( -0.000000000000000000, 1.000000000000000000, -0.000000000000000000 ) ) ;
#913 = DIRECTION ( 'NONE',  ( 0.000000000000000000, 0.000000000000000000, 1.000000000000000000 ) ) ;
#914 = ORIENTED_EDGE ( 'NONE', *, *, #3815, .T. ) ;
#915 = EDGE_LOOP ( 'NONE', ( #3646, #544, #528, #1794 ) ) ;
#916 = VERTEX_POINT ( 'NONE', #1093 ) ;
#917 = VERTEX_POINT ( 'NONE', #205 ) ;
#918 = CARTESIAN_POINT ( 'NONE',  ( 14.29999999999999716, 0.000000000000000000, -3.399999999999998579 ) ) ;
#919 = DIRECTION ( 'NONE',  ( 0.000000000000000000, 0.000000000000000000, 1.000000000000000000 ) ) ;
#920 = ADVANCED_FACE ( 'NONE', ( #3561 ), #2319, .F. ) ;
#921 = CARTESIAN_POINT ( 'NONE',  ( 3.400000000000000355, 8.599999999999999645, 6.500000000000000888 ) ) ;
#922 = EDGE_LOOP ( 'NONE', ( #858, #1782, #3546, #3677 ) ) ;
#923 = DIRECTION ( 'NONE',  ( 0.000000000000000000, -1.000000000000000000, 0.000000000000000000 ) ) ;
#924 = CARTESIAN_POINT ( 'NONE',  ( -14.49999999999999645, 8.599999999999996092, -6.700000000000000178 ) ) ;
#925 = VECTOR ( 'NONE', #536, 1000.000000000000000 ) ;
#926 = EDGE_LOOP ( 'NONE', ( #2590, #3567 ) ) ;
#927 = FACE_BOUND ( 'NONE', #2468, .T. ) ;
#928 = PLANE ( 'NONE',  #1777 ) ;
#929 = EDGE_CURVE ( 'NONE', #714, #2318, #3129, .T. ) ;
#930 = VECTOR ( 'NONE', #159, 1000.000000000000000 ) ;
#931 = VECTOR ( 'NONE', #688, 1000.000000000000000 ) ;
#932 = DIRECTION ( 'NONE',  ( 8.673617379884051249E-15, 0.000000000000000000, 1.000000000000000000 ) ) ;
#933 = EDGE_CURVE ( 'NONE', #762, #293, #2756, .T. ) ;
#934 = FACE_OUTER_BOUND ( 'NONE', #2188, .T. ) ;
#935 = ORIENTED_EDGE ( 'NONE', *, *, #3792, .T. ) ;
#936 = ORIENTED_EDGE ( 'NONE', *, *, #2550, .F. ) ;
#937 = AXIS2_PLACEMENT_3D ( 'NONE', #3177, #1690, #1354 ) ;
#938 = ORIENTED_EDGE ( 'NONE', *, *, #3930, .T. ) ;
#939 = VERTEX_POINT ( 'NONE', #3130 ) ;
#940 = AXIS2_PLACEMENT_3D ( 'NONE', #2962, #2711, #3902 ) ;
#941 = CYLINDRICAL_SURFACE ( 'NONE', #2541, 1.299999999999997380 ) ;
#942 = DIRECTION ( 'NONE',  ( 0.000000000000000000, -0.000000000000000000, -1.000000000000000000 ) ) ;
#943 = CARTESIAN_POINT ( 'NONE',  ( 4.600000000000001421, 9.816552506059649019, -6.700000000000000178 ) ) ;
#944 = LINE ( 'NONE', #3375, #1916 ) ;
#945 = EDGE_LOOP ( 'NONE', ( #1999, #3769, #1339, #1253 ) ) ;
#946 = EDGE_CURVE ( 'NONE', #3053, #3834, #76, .T. ) ;
#947 = CARTESIAN_POINT ( 'NONE',  ( -14.49999999999999645, 8.599999999999996092, 6.700000000000000178 ) ) ;
#948 = DIRECTION ( 'NONE',  ( -0.000000000000000000, 1.000000000000000000, -0.000000000000000000 ) ) ;
#949 = ORIENTED_EDGE ( 'NONE', *, *, #1205, .T. ) ;
#950 = FACE_OUTER_BOUND ( 'NONE', #2876, .T. ) ;
#951 = AXIS2_PLACEMENT_3D ( 'NONE', #3913, #2348, #510 ) ;
#952 = CIRCLE ( 'NONE', #1408, 1.300000000000000044 ) ;
#953 = CARTESIAN_POINT ( 'NONE',  ( 12.60000000000000142, 0.000000000000000000, -6.700000000000000178 ) ) ;
#954 = AXIS2_PLACEMENT_3D ( 'NONE', #1160, #546, #1403 ) ;
#955 = CARTESIAN_POINT ( 'NONE',  ( -11.40000000000000036, 0.000000000000000000, -6.500000000000000888 ) ) ;
#956 = VECTOR ( 'NONE', #1643, 1000.000000000000000 ) ;
#957 = ORIENTED_EDGE ( 'NONE', *, *, #476, .F. ) ;
#958 = CIRCLE ( 'NONE', #3208, 1.300000000000000044 ) ;
#959 = ORIENTED_EDGE ( 'NONE', *, *, #1332, .F. ) ;
#960 = VECTOR ( 'NONE', #611, 1000.000000000000000 ) ;
#961 = EDGE_CURVE ( 'NONE', #1038, #3971, #1330, .T. ) ;
#962 = EDGE_LOOP ( 'NONE', ( #3911, #229, #80, #3117 ) ) ;
#963 = VERTEX_POINT ( 'NONE', #1307 ) ;
#964 = PLANE ( 'NONE',  #82 ) ;
#965 = CARTESIAN_POINT ( 'NONE',  ( -14.49999999999999645, 0.000000000000000000, -3.399999999999998579 ) ) ;
#966 = FACE_OUTER_BOUND ( 'NONE', #2677, .T. ) ;
#967 = ORIENTED_EDGE ( 'NONE', *, *, #2634, .T. ) ;
#968 = CARTESIAN_POINT ( 'NONE',  ( 0.5500000000000000444, 8.599999999999999645, 3.203123475609393367 ) ) ;
#969 = FACE_OUTER_BOUND ( 'NONE', #1240, .T. ) ;
#970 = EDGE_LOOP ( 'NONE', ( #877, #184, #2012, #3668 ) ) ;
#971 = DIRECTION ( 'NONE',  ( 0.000000000000000000, -0.000000000000000000, -1.000000000000000000 ) ) ;
#972 = DIRECTION ( 'NONE',  ( 0.000000000000000000, -1.000000000000000000, 0.000000000000000000 ) ) ;
#973 = CARTESIAN_POINT ( 'NONE',  ( 11.39999999999999858, 9.816552506059649019, -6.700000000000000178 ) ) ;
#974 = ORIENTED_EDGE ( 'NONE', *, *, #430, .T. ) ;
#975 = CARTESIAN_POINT ( 'NONE',  ( 14.49999999999999645, 0.000000000000000000, -4.599999999999997868 ) ) ;
#976 = EDGE_CURVE ( 'NONE', #102, #1953, #3750, .T. ) ;
#977 = ORIENTED_EDGE ( 'NONE', *, *, #96, .F. ) ;
#978 = ORIENTED_EDGE ( 'NONE', *, *, #785, .T. ) ;
#979 = VECTOR ( 'NONE', #1484, 1000.000000000000000 ) ;
#980 = ADVANCED_FACE ( 'NONE', ( #3512 ), #3152, .T. ) ;
#981 = ADVANCED_FACE ( 'NONE', ( #2842 ), #2266, .T. ) ;
#982 = DIRECTION ( 'NONE',  ( -8.673617379884051249E-15, 0.000000000000000000, 1.000000000000000000 ) ) ;
#983 = CARTESIAN_POINT ( 'NONE',  ( 3.999999999999991562, 8.599999999999999645, -4.000000000000005329 ) ) ;
#984 = FACE_OUTER_BOUND ( 'NONE', #2322, .T. ) ;
#985 = ORIENTED_EDGE ( 'NONE', *, *, #316, .F. ) ;
#986 = LINE ( 'NONE', #39, #3047 ) ;
#987 = ORIENTED_EDGE ( 'NONE', *, *, #195, .T. ) ;
#988 = DIRECTION ( 'NONE',  ( 8.673617379884051249E-15, -0.000000000000000000, 1.000000000000000000 ) ) ;
#989 = DIRECTION ( 'NONE',  ( 0.000000000000000000, 0.000000000000000000, -1.000000000000000000 ) ) ;
#990 = CARTESIAN_POINT ( 'NONE',  ( -4.600000000000001421, 9.816552506059649019, -6.700000000000000178 ) ) ;
#991 = ORIENTED_EDGE ( 'NONE', *, *, #2336, .T. ) ;
#992 = CARTESIAN_POINT ( 'NONE',  ( -15.89999999999999680, 0.000000000000000000, -7.900000000000000355 ) ) ;
#993 = VECTOR ( 'NONE', #495, 1000.000000000000000 ) ;
#994 = CARTESIAN_POINT ( 'NONE',  ( 11.99999999999999289, 8.599999999999999645, 2.700000000000018385 ) ) ;
#995 = ORIENTED_EDGE ( 'NONE', *, *, #3658, .T. ) ;
#996 = CARTESIAN_POINT ( 'NONE',  ( -12.59999999999999964, 8.599999999999999645, -6.500000000000000888 ) ) ;
#997 = EDGE_CURVE ( 'NONE', #1661, #1524, #2312, .T. ) ;
#998 = ORIENTED_EDGE ( 'NONE', *, *, #3338, .T. ) ;
#999 = AXIS2_PLACEMENT_3D ( 'NONE', #665, #683, #3740 ) ;
#1000 = DIRECTION ( 'NONE',  ( -1.000000000000000000, 0.000000000000000000, -0.000000000000000000 ) ) ;
#1001 = DIRECTION ( 'NONE',  ( 0.000000000000000000, -1.000000000000000000, 0.000000000000000000 ) ) ;
#1002 = LINE ( 'NONE', #1709, #2170 ) ;
#1003 = ORIENTED_EDGE ( 'NONE', *, *, #3538, .T. ) ;
#1004 = VECTOR ( 'NONE', #630, 1000.000000000000000 ) ;
#1005 = CARTESIAN_POINT ( 'NONE',  ( 11.99999999999999289, 11.40000000000000036, 4.000000000000017764 ) ) ;
#1006 = DATE_TIME_ROLE ( 'classification_date' ) ;
#1007 = VERTEX_POINT ( 'NONE', #155 ) ;
#1008 = PLANE ( 'NONE',  #1413 ) ;
#1009 = LINE ( 'NONE', #3465, #1985 ) ;
#1010 = LINE ( 'NONE', #131, #550 ) ;
#1011 = VERTEX_POINT ( 'NONE', #1367 ) ;
#1012 = DIRECTION ( 'NONE',  ( -1.000000000000000000, 0.000000000000000000, 0.000000000000000000 ) ) ;
#1013 = DIRECTION ( 'NONE',  ( -1.000000000000000000, 0.000000000000000000, -0.000000000000000000 ) ) ;
#1014 = CARTESIAN_POINT ( 'NONE',  ( 14.49999999999999645, 9.816552506059649019, -4.599999999999997868 ) ) ;
#1015 = VECTOR ( 'NONE', #2226, 1000.000000000000000 ) ;
#1016 = AXIS2_PLACEMENT_3D ( 'NONE', #3513, #2007, #795 ) ;
#1017 = VECTOR ( 'NONE', #904, 1000.000000000000000 ) ;
#1018 = CARTESIAN_POINT ( 'NONE',  ( -8.000000000000000000, 0.000000000000000000, 0.000000000000000000 ) ) ;
#1019 = VERTEX_POINT ( 'NONE', #2591 ) ;
#1020 = DIRECTION ( 'NONE',  ( 0.000000000000000000, -1.000000000000000000, 0.000000000000000000 ) ) ;
#1021 = CARTESIAN_POINT ( 'NONE',  ( -3.999999999999998224, 11.40000000000000036, -6.399999999999995914 ) ) ;
#1022 = CARTESIAN_POINT ( 'NONE',  ( 14.49999999999999645, 9.816552506059649019, -3.399999999999998579 ) ) ;
#1023 = EDGE_CURVE ( 'NONE', #3421, #1007, #3533, .T. ) ;
#1024 = ORIENTED_EDGE ( 'NONE', *, *, #600, .T. ) ;
#1025 = DIRECTION ( 'NONE',  ( -0.000000000000000000, 1.000000000000000000, -0.000000000000000000 ) ) ;
#1026 = FACE_OUTER_BOUND ( 'NONE', #2055, .T. ) ;
#1027 = ORIENTED_EDGE ( 'NONE', *, *, #1203, .F. ) ;
#1028 = CARTESIAN_POINT ( 'NONE',  ( 11.39999999999999858, 8.599999999999999645, -6.700000000000000178 ) ) ;
#1029 = EDGE_CURVE ( 'NONE', #3024, #3421, #99, .T. ) ;
#1030 = CARTESIAN_POINT ( 'NONE',  ( -12.00000000000000000, 11.40000000000000036, 3.999999999999998224 ) ) ;
#1031 = EDGE_CURVE ( 'NONE', #1328, #1898, #777, .T. ) ;
#1032 = CARTESIAN_POINT ( 'NONE',  ( 14.49999999999999112, 8.599999999999996092, -4.599999999999997868 ) ) ;
#1033 = ORIENTED_EDGE ( 'NONE', *, *, #3393, .T. ) ;
#1034 = CARTESIAN_POINT ( 'NONE',  ( 4.600000000000001421, 9.816552506059649019, 6.700000000000000178 ) ) ;
#1035 = PLANE ( 'NONE',  #614 ) ;
#1036 = LINE ( 'NONE', #2530, #3433 ) ;
#1037 = FACE_OUTER_BOUND ( 'NONE', #364, .T. ) ;
#1038 = VERTEX_POINT ( 'NONE', #3473 ) ;
#1039 = CARTESIAN_POINT ( 'NONE',  ( 11.99999999999998579, 10.30000000000000071, -4.000000000000017764 ) ) ;
#1040 = PLANE ( 'NONE',  #3009 ) ;
#1041 = PLANE ( 'NONE',  #50 ) ;
#1042 = ORIENTED_EDGE ( 'NONE', *, *, #2778, .T. ) ;
#1043 = DIRECTION ( 'NONE',  ( 0.000000000000000000, 0.000000000000000000, -1.000000000000000000 ) ) ;
#1044 = CARTESIAN_POINT ( 'NONE',  ( 8.000000000000000000, -9.192388155425119223, 0.000000000000000000 ) ) ;
#1045 = EDGE_CURVE ( 'NONE', #1265, #2940, #417, .T. ) ;
#1046 = APPROVAL_DATE_TIME ( #3962, #3979 ) ;
#1047 = ORIENTED_EDGE ( 'NONE', *, *, #835, .F. ) ;
#1048 = PLANE ( 'NONE',  #3333 ) ;
#1049 = CARTESIAN_POINT ( 'NONE',  ( -12.00000000000000000, 11.40000000000000036, 1.599999999999999423 ) ) ;
#1050 = CIRCLE ( 'NONE', #2608, 3.249999999999999556 ) ;
#1051 = CARTESIAN_POINT ( 'NONE',  ( 0.000000000000000000, 2.299999999999999822, 0.000000000000000000 ) ) ;
#1052 = ORIENTED_EDGE ( 'NONE', *, *, #3428, .F. ) ;
#1053 = ADVANCED_FACE ( 'NONE', ( #1651 ), #3194, .F. ) ;
#1054 = DIRECTION ( 'NONE',  ( 8.673617379884051249E-15, 0.000000000000000000, 1.000000000000000000 ) ) ;
#1055 = DIRECTION ( 'NONE',  ( 0.000000000000000000, 0.000000000000000000, -1.000000000000000000 ) ) ;
#1056 = DIRECTION ( 'NONE',  ( -1.000000000000000000, 0.000000000000000000, 0.000000000000000000 ) ) ;
#1057 = ADVANCED_FACE ( 'NONE', ( #3803 ), #119, .T. ) ;
#1058 = VECTOR ( 'NONE', #1433, 1000.000000000000000 ) ;
#1059 = EDGE_LOOP ( 'NONE', ( #799, #3844, #2546, #2455 ) ) ;
#1060 = AXIS2_PLACEMENT_3D ( 'NONE', #1617, #2770, #3058 ) ;
#1061 = CIRCLE ( 'NONE', #2080, 1.299999999999999156 ) ;
#1062 = DIRECTION ( 'NONE',  ( -0.000000000000000000, 1.000000000000000000, -0.000000000000000000 ) ) ;
#1063 = DIRECTION ( 'NONE',  ( 0.000000000000000000, 0.000000000000000000, -1.000000000000000000 ) ) ;
#1064 = DIRECTION ( 'NONE',  ( 0.000000000000000000, -1.000000000000000000, 0.000000000000000000 ) ) ;
#1065 = ORIENTED_EDGE ( 'NONE', *, *, #1930, .F. ) ;
#1066 = VECTOR ( 'NONE', #105, 1000.000000000000000 ) ;
#1067 = CARTESIAN_POINT ( 'NONE',  ( -15.89999999999999680, 9.599999999999999645, 7.900000000000000355 ) ) ;
#1068 = VERTEX_POINT ( 'NONE', #1611 ) ;
#1069 =( GEOMETRIC_REPRESENTATION_CONTEXT ( 3 ) GLOBAL_UNCERTAINTY_ASSIGNED_CONTEXT ( ( #907 ) ) GLOBAL_UNIT_ASSIGNED_CONTEXT ( ( #1598, #3059, #3720 ) ) REPRESENTATION_CONTEXT ( 'NONE', 'WORKASPACE' ) );
#1070 = ORIENTED_EDGE ( 'NONE', *, *, #1383, .F. ) ;
#1071 = DIRECTION ( 'NONE',  ( -1.000000000000000000, 0.000000000000000000, 0.000000000000000000 ) ) ;
#1072 = EDGE_CURVE ( 'NONE', #1328, #1921, #2534, .T. ) ;
#1073 = CARTESIAN_POINT ( 'NONE',  ( 14.49999999999999112, 41.54620478241506731, -6.700000000000000178 ) ) ;
#1074 = DIRECTION ( 'NONE',  ( 1.000000000000000000, 0.000000000000000000, 0.000000000000000000 ) ) ;
#1075 = ORIENTED_EDGE ( 'NONE', *, *, #2839, .T. ) ;
#1076 = LINE ( 'NONE', #1034, #956 ) ;
#1077 = LINE ( 'NONE', #2303, #2155 ) ;
#1078 = ORIENTED_EDGE ( 'NONE', *, *, #1152, .F. ) ;
#1079 = VECTOR ( 'NONE', #2005, 1000.000000000000000 ) ;
#1080 = VECTOR ( 'NONE', #2414, 1000.000000000000000 ) ;
#1081 = EDGE_CURVE ( 'NONE', #1828, #662, #247, .T. ) ;
#1082 = AXIS2_PLACEMENT_3D ( 'NONE', #3259, #2726, #3958 ) ;
#1083 = EDGE_CURVE ( 'NONE', #1130, #3523, #836, .T. ) ;
#1084 = CARTESIAN_POINT ( 'NONE',  ( -3.999999999999998224, 15.07695526217004733, -3.999999999999998224 ) ) ;
#1085 = AXIS2_PLACEMENT_3D ( 'NONE', #2547, #1975, #3212 ) ;
#1086 = CARTESIAN_POINT ( 'NONE',  ( 3.999999999999991562, 9.599999999999999645, -4.000000000000005329 ) ) ;
#1087 = VECTOR ( 'NONE', #3305, 1000.000000000000000 ) ;
#1088 = LINE ( 'NONE', #1022, #823 ) ;
#1089 = ORIENTED_EDGE ( 'NONE', *, *, #3629, .T. ) ;
#1090 = LINE ( 'NONE', #2884, #2606 ) ;
#1091 = VERTEX_POINT ( 'NONE', #2992 ) ;
#1092 = ORIENTED_EDGE ( 'NONE', *, *, #2991, .F. ) ;
#1093 = CARTESIAN_POINT ( 'NONE',  ( -12.00000000000000000, 8.599999999999999645, 5.299999999999998046 ) ) ;
#1094 = DIRECTION ( 'NONE',  ( 0.000000000000000000, 0.000000000000000000, -1.000000000000000000 ) ) ;
#1095 = DIRECTION ( 'NONE',  ( 0.000000000000000000, 0.000000000000000000, 1.000000000000000000 ) ) ;
#1096 = ORIENTED_EDGE ( 'NONE', *, *, #254, .T. ) ;
#1097 = DIRECTION ( 'NONE',  ( -8.673617379884051249E-15, 0.000000000000000000, -1.000000000000000000 ) ) ;
#1098 = CARTESIAN_POINT ( 'NONE',  ( -3.999999999999998224, 9.599999999999999645, -1.600000000000000755 ) ) ;
#1099 = EDGE_CURVE ( 'NONE', #224, #679, #2775, .T. ) ;
#1100 = ORIENTED_EDGE ( 'NONE', *, *, #783, .F. ) ;
#1101 = CARTESIAN_POINT ( 'NONE',  ( 15.90000000000000391, 9.599999999999999645, -7.900000000000000355 ) ) ;
#1102 = DIRECTION ( 'NONE',  ( -0.000000000000000000, -0.000000000000000000, -1.000000000000000000 ) ) ;
#1103 = EDGE_CURVE ( 'NONE', #2315, #3573, #752, .T. ) ;
#1104 = DIRECTION ( 'NONE',  ( -0.000000000000000000, 1.000000000000000000, 0.000000000000000000 ) ) ;
#1105 = ORIENTED_EDGE ( 'NONE', *, *, #1562, .T. ) ;
#1106 = EDGE_CURVE ( 'NONE', #2957, #3372, #7, .T. ) ;
#1107 = LINE ( 'NONE', #3277, #1058 ) ;
#1108 = ORIENTED_EDGE ( 'NONE', *, *, #289, .T. ) ;
#1109 = EDGE_LOOP ( 'NONE', ( #3729, #638 ) ) ;
#1110 = VECTOR ( 'NONE', #221, 1000.000000000000000 ) ;
#1111 = LINE ( 'NONE', #1996, #766 ) ;
#1112 = CARTESIAN_POINT ( 'NONE',  ( -14.49999999999999645, 0.000000000000000000, -6.700000000000000178 ) ) ;
#1113 = EDGE_CURVE ( 'NONE', #3316, #2881, #3591, .T. ) ;
#1114 = CARTESIAN_POINT ( 'NONE',  ( 8.000000000000000000, 8.599999999999999645, 0.000000000000000000 ) ) ;
#1115 = ORIENTED_EDGE ( 'NONE', *, *, #1081, .T. ) ;
#1116 = DIRECTION ( 'NONE',  ( 0.000000000000000000, -1.000000000000000000, 0.000000000000000000 ) ) ;
#1117 = DIRECTION ( 'NONE',  ( 1.000000000000000000, 0.000000000000000000, 0.000000000000000000 ) ) ;
#1118 = EDGE_LOOP ( 'NONE', ( #1572, #724, #2702, #431 ) ) ;
#1119 = ADVANCED_FACE ( 'NONE', ( #3553 ), #1844, .T. ) ;
#1120 = VECTOR ( 'NONE', #3850, 1000.000000000000000 ) ;
#1121 = DIRECTION ( 'NONE',  ( 0.000000000000000000, -1.000000000000000000, 0.000000000000000000 ) ) ;
#1122 = EDGE_CURVE ( 'NONE', #3408, #1301, #1489, .T. ) ;
#1123 = CARTESIAN_POINT ( 'NONE',  ( 14.49999999999999645, 8.599999999999999645, 3.399999999999998579 ) ) ;
#1124 = DIRECTION ( 'NONE',  ( 0.000000000000000000, 0.000000000000000000, -1.000000000000000000 ) ) ;
#1125 = AXIS2_PLACEMENT_3D ( 'NONE', #1656, #1392, #2938 ) ;
#1126 = EDGE_LOOP ( 'NONE', ( #3978, #2953, #2245, #3607 ) ) ;
#1127 = FACE_OUTER_BOUND ( 'NONE', #3427, .T. ) ;
#1128 = PLANE ( 'NONE',  #277 ) ;
#1129 = FACE_OUTER_BOUND ( 'NONE', #445, .T. ) ;
#1130 = VERTEX_POINT ( 'NONE', #2373 ) ;
#1131 = CARTESIAN_POINT ( 'NONE',  ( -3.400000000000000355, 0.000000000000000000, -6.500000000000000888 ) ) ;
#1132 = FACE_OUTER_BOUND ( 'NONE', #926, .T. ) ;
#1133 = PLANE ( 'NONE',  #744 ) ;
#1134 = ORIENTED_EDGE ( 'NONE', *, *, #3291, .F. ) ;
#1135 = CC_DESIGN_PERSON_AND_ORGANIZATION_ASSIGNMENT ( #2271, #1692, ( #3060 ) ) ;
#1136 = LINE ( 'NONE', #2040, #3306 ) ;
#1137 = CARTESIAN_POINT ( 'NONE',  ( -0.5500000000000000444, -9.192388155425119223, -3.203123475609393367 ) ) ;
#1138 = VECTOR ( 'NONE', #829, 1000.000000000000000 ) ;
#1139 = ORIENTED_EDGE ( 'NONE', *, *, #1741, .F. ) ;
#1140 = DIRECTION ( 'NONE',  ( 0.000000000000000000, 0.000000000000000000, -1.000000000000000000 ) ) ;
#1141 = VECTOR ( 'NONE', #3242, 1000.000000000000000 ) ;
#1142 = DIRECTION ( 'NONE',  ( -0.000000000000000000, 1.000000000000000000, -0.000000000000000000 ) ) ;
#1143 = DIRECTION ( 'NONE',  ( 1.000000000000000000, 0.000000000000000000, -0.000000000000000000 ) ) ;
#1144 = CIRCLE ( 'NONE', #3327, 2.399999999999999023 ) ;
#1145 = CIRCLE ( 'NONE', #2949, 2.399999999999997691 ) ;
#1146 = EDGE_LOOP ( 'NONE', ( #3141, #3749, #959, #2011 ) ) ;
#1147 = CIRCLE ( 'NONE', #1980, 2.399999999999999911 ) ;
#1148 = CARTESIAN_POINT ( 'NONE',  ( 11.99999999999999289, 8.599999999999999645, 4.000000000000017764 ) ) ;
#1149 = AXIS2_PLACEMENT_3D ( 'NONE', #2736, #3293, #1165 ) ;
#1150 = AXIS2_PLACEMENT_3D ( 'NONE', #3235, #737, #2880 ) ;
#1151 = DIRECTION ( 'NONE',  ( 0.000000000000000000, -1.000000000000000000, 0.000000000000000000 ) ) ;
#1152 = EDGE_CURVE ( 'NONE', #2693, #2771, #1288, .T. ) ;
#1153 = VERTEX_POINT ( 'NONE', #2067 ) ;
#1154 = DIRECTION ( 'NONE',  ( -1.000000000000000000, 0.000000000000000000, 0.000000000000000000 ) ) ;
#1155 = CARTESIAN_POINT ( 'NONE',  ( 0.000000000000000000, 0.000000000000000000, 0.000000000000000000 ) ) ;
#1156 = ORIENTED_EDGE ( 'NONE', *, *, #2532, .F. ) ;
#1157 = LINE ( 'NONE', #2626, #377 ) ;
#1158 = DIRECTION ( 'NONE',  ( -1.000000000000000000, 0.000000000000000000, 0.000000000000000000 ) ) ;
#1159 = EDGE_CURVE ( 'NONE', #3446, #102, #2024, .T. ) ;
#1160 = CARTESIAN_POINT ( 'NONE',  ( 0.000000000000000000, 0.000000000000000000, 0.000000000000000000 ) ) ;
#1161 = EDGE_CURVE ( 'NONE', #1903, #1761, #2311, .T. ) ;
#1162 = VERTEX_POINT ( 'NONE', #3251 ) ;
#1163 = ORIENTED_EDGE ( 'NONE', *, *, #946, .F. ) ;
#1164 = DIRECTION ( 'NONE',  ( -0.000000000000000000, 1.000000000000000000, -0.000000000000000000 ) ) ;
#1165 = DIRECTION ( 'NONE',  ( 0.000000000000000000, 0.000000000000000000, -1.000000000000000000 ) ) ;
#1166 = DIRECTION ( 'NONE',  ( 0.000000000000000000, -1.000000000000000000, 0.000000000000000000 ) ) ;
#1167 = ORIENTED_EDGE ( 'NONE', *, *, #2952, .T. ) ;
#1168 = PLANE ( 'NONE',  #157 ) ;
#1169 = CARTESIAN_POINT ( 'NONE',  ( -12.59999999999999964, 0.000000000000000000, 6.500000000000000888 ) ) ;
#1170 = VERTEX_POINT ( 'NONE', #2048 ) ;
#1171 = LINE ( 'NONE', #2401, #3884 ) ;
#1172 = EDGE_CURVE ( 'NONE', #1910, #2347, #311, .T. ) ;
#1173 = CYLINDRICAL_SURFACE ( 'NONE', #2357, 1.299999999999997380 ) ;
#1174 = ORIENTED_EDGE ( 'NONE', *, *, #1172, .F. ) ;
#1175 = CARTESIAN_POINT ( 'NONE',  ( -11.99999999999999289, 15.07695526217004733, -3.999999999999998224 ) ) ;
#1176 = DIRECTION ( 'NONE',  ( 0.000000000000000000, 0.000000000000000000, -1.000000000000000000 ) ) ;
#1177 = VECTOR ( 'NONE', #2073, 1000.000000000000000 ) ;
#1178 = DIRECTION ( 'NONE',  ( 0.000000000000000000, 0.000000000000000000, -1.000000000000000000 ) ) ;
#1179 = ORIENTED_EDGE ( 'NONE', *, *, #1866, .F. ) ;
#1180 = VERTEX_POINT ( 'NONE', #815 ) ;
#1181 = CARTESIAN_POINT ( 'NONE',  ( 14.49999999999998757, 8.599999999999996092, -6.700000000000000178 ) ) ;
#1182 = CC_DESIGN_PERSON_AND_ORGANIZATION_ASSIGNMENT ( #2808, #326, ( #2265 ) ) ;
#1183 = CARTESIAN_POINT ( 'NONE',  ( -8.000000000000000000, 8.599999999999999645, 0.000000000000000000 ) ) ;
#1184 = ORIENTED_EDGE ( 'NONE', *, *, #783, .T. ) ;
#1185 = ORIENTED_EDGE ( 'NONE', *, *, #2428, .T. ) ;
#1186 = CARTESIAN_POINT ( 'NONE',  ( 3.999999999999991562, 9.599999999999999645, -6.400000000000002132 ) ) ;
#1187 = CARTESIAN_POINT ( 'NONE',  ( -0.5499999999999951594, 8.599999999999999645, 8.296503580758569399E-16 ) ) ;
#1188 = VECTOR ( 'NONE', #2143, 1000.000000000000000 ) ;
#1189 = DIRECTION ( 'NONE',  ( -0.000000000000000000, 0.000000000000000000, -1.000000000000000000 ) ) ;
#1190 = ORIENTED_EDGE ( 'NONE', *, *, #535, .F. ) ;
#1191 = LINE ( 'NONE', #3961, #2353 ) ;
#1192 = VECTOR ( 'NONE', #655, 1000.000000000000000 ) ;
#1193 = FACE_OUTER_BOUND ( 'NONE', #3807, .T. ) ;
#1194 = ORIENTED_EDGE ( 'NONE', *, *, #551, .F. ) ;
#1195 = EDGE_CURVE ( 'NONE', #895, #1591, #2299, .T. ) ;
#1196 = CARTESIAN_POINT ( 'NONE',  ( -4.599999999999999645, 9.816552506059649019, 6.500000000000000888 ) ) ;
#1197 = VECTOR ( 'NONE', #1605, 1000.000000000000000 ) ;
#1198 = EDGE_LOOP ( 'NONE', ( #651, #1683, #1763, #2272 ) ) ;
#1199 = DIRECTION ( 'NONE',  ( 0.000000000000000000, -1.000000000000000000, 0.000000000000000000 ) ) ;
#1200 = EDGE_CURVE ( 'NONE', #305, #1608, #1745, .T. ) ;
#1201 = ORIENTED_EDGE ( 'NONE', *, *, #2359, .T. ) ;
#1202 = AXIS2_PLACEMENT_3D ( 'NONE', #1699, #2584, #3210 ) ;
#1203 = EDGE_CURVE ( 'NONE', #830, #3382, #2436, .T. ) ;
#1204 = CARTESIAN_POINT ( 'NONE',  ( 3.999999999999991562, 10.30000000000000071, -4.000000000000005329 ) ) ;
#1205 = EDGE_CURVE ( 'NONE', #25, #3921, #2392, .T. ) ;
#1206 = ORIENTED_EDGE ( 'NONE', *, *, #2484, .T. ) ;
#1207 = ADVANCED_FACE ( 'NONE', ( #3609 ), #855, .F. ) ;
#1208 = DIRECTION ( 'NONE',  ( 0.000000000000000000, 0.000000000000000000, 1.000000000000000000 ) ) ;
#1209 = DIRECTION ( 'NONE',  ( 8.673617379884051249E-15, 0.000000000000000000, -1.000000000000000000 ) ) ;
#1210 = CARTESIAN_POINT ( 'NONE',  ( 3.999999999999994671, 9.599999999999999645, 1.600000000000005862 ) ) ;
#1211 = ORIENTED_EDGE ( 'NONE', *, *, #3090, .T. ) ;
#1212 = VECTOR ( 'NONE', #1020, 1000.000000000000000 ) ;
#1213 = VECTOR ( 'NONE', #2475, 1000.000000000000000 ) ;
#1214 = AXIS2_PLACEMENT_3D ( 'NONE', #2519, #2454, #3673 ) ;
#1215 = VECTOR ( 'NONE', #1760, 1000.000000000000000 ) ;
#1216 = PERSON_AND_ORGANIZATION ( #2443, #171 ) ;
#1217 = VERTEX_POINT ( 'NONE', #1101 ) ;
#1218 = CARTESIAN_POINT ( 'NONE',  ( -4.000000000000001776, 11.40000000000000036, 3.999999999999998224 ) ) ;
#1219 = PLANE ( 'NONE',  #1711 ) ;
#1220 = EDGE_LOOP ( 'NONE', ( #3429, #3239 ) ) ;
#1221 = ORIENTED_EDGE ( 'NONE', *, *, #2328, .T. ) ;
#1222 = EDGE_CURVE ( 'NONE', #1529, #2924, #1797, .T. ) ;
#1223 = EDGE_LOOP ( 'NONE', ( #3303, #2846, #873, #3103 ) ) ;
#1224 = VERTEX_POINT ( 'NONE', #2651 ) ;
#1225 = DIRECTION ( 'NONE',  ( 0.000000000000000000, -1.000000000000000000, 0.000000000000000000 ) ) ;
#1226 = ADVANCED_FACE ( 'NONE', ( #2947 ), #1402, .F. ) ;
#1227 = CARTESIAN_POINT ( 'NONE',  ( 11.99999999999999289, 10.30000000000000071, 2.700000000000018385 ) ) ;
#1228 = DIRECTION ( 'NONE',  ( 0.000000000000000000, 0.000000000000000000, -1.000000000000000000 ) ) ;
#1229 = ADVANCED_FACE ( 'NONE', ( #3184 ), #1362, .F. ) ;
#1230 = EDGE_LOOP ( 'NONE', ( #3603, #3086, #2902, #3947 ) ) ;
#1231 = CARTESIAN_POINT ( 'NONE',  ( 11.99999999999998579, 11.40000000000000036, -4.000000000000017764 ) ) ;
#1232 = DIRECTION ( 'NONE',  ( 0.000000000000000000, 0.000000000000000000, -1.000000000000000000 ) ) ;
#1233 = DIRECTION ( 'NONE',  ( 0.000000000000000000, 0.000000000000000000, 1.000000000000000000 ) ) ;
#1234 = VERTEX_POINT ( 'NONE', #134 ) ;
#1235 = FACE_BOUND ( 'NONE', #3072, .T. ) ;
#1236 = LINE ( 'NONE', #3641, #3071 ) ;
#1237 = DIRECTION ( 'NONE',  ( -1.000000000000000000, 0.000000000000000000, 8.673617379884051249E-15 ) ) ;
#1238 = VERTEX_POINT ( 'NONE', #2587 ) ;
#1239 = DIRECTION ( 'NONE',  ( 0.000000000000000000, -1.000000000000000000, 0.000000000000000000 ) ) ;
#1240 = EDGE_LOOP ( 'NONE', ( #331, #3827 ) ) ;
#1241 = ORIENTED_EDGE ( 'NONE', *, *, #2903, .F. ) ;
#1242 = EDGE_CURVE ( 'NONE', #1546, #2315, #2279, .T. ) ;
#1243 = ORIENTED_EDGE ( 'NONE', *, *, #115, .F. ) ;
#1244 = DIRECTION ( 'NONE',  ( 0.000000000000000000, 0.000000000000000000, -1.000000000000000000 ) ) ;
#1245 = CARTESIAN_POINT ( 'NONE',  ( -14.49999999999999645, 41.54620478241506731, 6.700000000000000178 ) ) ;
#1246 = LINE ( 'NONE', #321, #1476 ) ;
#1247 = DIRECTION ( 'NONE',  ( 0.000000000000000000, -1.000000000000000000, 0.000000000000000000 ) ) ;
#1248 = ORIENTED_EDGE ( 'NONE', *, *, #854, .F. ) ;
#1249 = CARTESIAN_POINT ( 'NONE',  ( -12.00000000000000000, 9.599999999999999645, 3.999999999999998224 ) ) ;
#1250 = DIRECTION ( 'NONE',  ( -0.000000000000000000, -1.000000000000000000, -0.000000000000000000 ) ) ;
#1251 = AXIS2_PLACEMENT_3D ( 'NONE', #2165, #1536, #3076 ) ;
#1252 = CALENDAR_DATE ( 2026, 11, 8 ) ;
#1253 = ORIENTED_EDGE ( 'NONE', *, *, #933, .T. ) ;
#1254 = DIRECTION ( 'NONE',  ( 1.000000000000000000, 0.000000000000000000, -8.673617379884051249E-15 ) ) ;
#1255 = VECTOR ( 'NONE', #1637, 1000.000000000000000 ) ;
#1256 = VECTOR ( 'NONE', #3149, 1000.000000000000000 ) ;
#1257 = CARTESIAN_POINT ( 'NONE',  ( -11.99999999999999289, 11.40000000000000036, -3.999999999999998224 ) ) ;
#1258 = ADVANCED_FACE ( 'NONE', ( #2387 ), #2425, .T. ) ;
#1259 = DIRECTION ( 'NONE',  ( 0.000000000000000000, -1.000000000000000000, 0.000000000000000000 ) ) ;
#1260 = ORIENTED_EDGE ( 'NONE', *, *, #3896, .T. ) ;
#1261 = EDGE_LOOP ( 'NONE', ( #1771, #2531, #1286, #263, #2655 ) ) ;
#1262 = AXIS2_PLACEMENT_3D ( 'NONE', #1585, #913, #3680 ) ;
#1263 = CIRCLE ( 'NONE', #38, 2.399999999999997691 ) ;
#1264 = ORIENTED_EDGE ( 'NONE', *, *, #2580, .T. ) ;
#1265 = VERTEX_POINT ( 'NONE', #1820 ) ;
#1266 = CARTESIAN_POINT ( 'NONE',  ( 0.5499999999999966027, 2.299999999999999822, 6.700000000000001066 ) ) ;
#1267 = CARTESIAN_POINT ( 'NONE',  ( -14.49999999999999645, 0.000000000000000000, 6.700000000000000178 ) ) ;
#1268 = LINE ( 'NONE', #1293, #3710 ) ;
#1269 = EDGE_LOOP ( 'NONE', ( #3414, #2429, #200, #3337 ) ) ;
#1270 = DIRECTION ( 'NONE',  ( -1.000000000000000000, -0.000000000000000000, -0.000000000000000000 ) ) ;
#1271 = EDGE_CURVE ( 'NONE', #1393, #1919, #3943, .T. ) ;
#1272 = APPROVAL_STATUS ( 'not_yet_approved' ) ;
#1273 = ORIENTED_EDGE ( 'NONE', *, *, #2580, .F. ) ;
#1274 = DIRECTION ( 'NONE',  ( -0.000000000000000000, 1.000000000000000000, -0.000000000000000000 ) ) ;
#1275 = VECTOR ( 'NONE', #1071, 1000.000000000000000 ) ;
#1276 = AXIS2_PLACEMENT_3D ( 'NONE', #983, #1368, #759 ) ;
#1277 = CARTESIAN_POINT ( 'NONE',  ( 15.90000000000000391, 9.599999999999999645, 7.900000000000000355 ) ) ;
#1278 = AXIS2_PLACEMENT_3D ( 'NONE', #283, #1521, #2399 ) ;
#1279 = AXIS2_PLACEMENT_3D ( 'NONE', #2601, #1359, #682 ) ;
#1280 = FACE_BOUND ( 'NONE', #2218, .T. ) ;
#1281 = VECTOR ( 'NONE', #69, 1000.000000000000000 ) ;
#1282 = ORIENTED_EDGE ( 'NONE', *, *, #3930, .F. ) ;
#1283 = ADVANCED_FACE ( 'NONE', ( #3325 ), #2690, .T. ) ;
#1284 = AXIS2_PLACEMENT_3D ( 'NONE', #2195, #1254, #663 ) ;
#1285 = CARTESIAN_POINT ( 'NONE',  ( 3.400000000000000355, 8.599999999999999645, -6.500000000000000888 ) ) ;
#1286 = ORIENTED_EDGE ( 'NONE', *, *, #2951, .F. ) ;
#1287 = ADVANCED_FACE ( 'NONE', ( #568 ), #1493, .T. ) ;
#1288 = CIRCLE ( 'NONE', #3516, 2.399999999999996803 ) ;
#1289 = ORIENTED_EDGE ( 'NONE', *, *, #1029, .T. ) ;
#1290 = EDGE_LOOP ( 'NONE', ( #2337, #1446, #2358, #2774 ) ) ;
#1291 = FACE_OUTER_BOUND ( 'NONE', #260, .T. ) ;
#1292 = DIRECTION ( 'NONE',  ( 0.000000000000000000, -1.000000000000000000, 0.000000000000000000 ) ) ;
#1293 = CARTESIAN_POINT ( 'NONE',  ( -4.600000000000001421, 9.816552506059649019, 6.700000000000000178 ) ) ;
#1294 = ORIENTED_EDGE ( 'NONE', *, *, #613, .F. ) ;
#1295 = DIRECTION ( 'NONE',  ( -1.000000000000000000, 0.000000000000000000, 0.000000000000000000 ) ) ;
#1296 = PERSON_AND_ORGANIZATION ( #2443, #171 ) ;
#1297 = EDGE_LOOP ( 'NONE', ( #2115, #1994, #1826, #2646 ) ) ;
#1298 = DIRECTION ( 'NONE',  ( 0.000000000000000000, -1.000000000000000000, 0.000000000000000000 ) ) ;
#1299 = EDGE_CURVE ( 'NONE', #1361, #3934, #2504, .T. ) ;
#1300 = DIRECTION ( 'NONE',  ( 8.673617379884051249E-15, 0.000000000000000000, -1.000000000000000000 ) ) ;
#1301 = VERTEX_POINT ( 'NONE', #1807 ) ;
#1302 = FACE_OUTER_BOUND ( 'NONE', #1314, .T. ) ;
#1303 = ORIENTED_EDGE ( 'NONE', *, *, #3479, .T. ) ;
#1304 = DIRECTION ( 'NONE',  ( 0.000000000000000000, 0.000000000000000000, -1.000000000000000000 ) ) ;
#1305 = ORIENTED_EDGE ( 'NONE', *, *, #2119, .F. ) ;
#1306 = CLOSED_SHELL ( 'NONE', ( #3705, #3109, #129, #1837, #3162, #2275, #1053, #1369, #649, #3842, #1595, #2707, #2486, #980, #610, #1514, #1762, #3503, #3801, #3001, #193, #699, #1630, #488, #1226, #507, #798, #2304, #853, #3822, #1649, #1551, #196, #524, #3649, #1622, #1908, #1398, #1688, #529, #1526, #920, #3946, #3192, #3384, #1336, #1805, #2329, #2714, #1287, #3156, #803, #3070, #3257, #2635, #73, #1772, #753, #1950, #3873, #1349, #2026, #3531, #3586, #3950, #1229, #1917, #3747, #1425, #2879, #628, #2874, #216, #1207, #636, #2078, #2035, #1871, #161, #3861, #3186, #2114, #2799, #2018, #3379, #671, #635, #3134, #3168, #900, #149, #3698, #696, #2814, #1744, #2783, #3611, #1667, #1119, #333, #3724, #3486, #1884, #1404, #3960, #2514, #981, #1582, #3863, #3577, #2528, #1487, #3354, #1628, #2451, #3869, #1704, #3632, #186, #1427, #2450, #1057, #237, #1258, #3601, #3889, #1283, #3707, #3236, #3343, #3362, #2923 ) ) ;
#1307 = CARTESIAN_POINT ( 'NONE',  ( -4.599999999999999645, 8.599999999999999645, -6.500000000000000888 ) ) ;
#1308 = CARTESIAN_POINT ( 'NONE',  ( -11.99999999999999289, 8.599999999999999645, -5.299999999999998046 ) ) ;
#1309 = CARTESIAN_POINT ( 'NONE',  ( -12.00000000000000000, 11.40000000000000036, 3.999999999999998224 ) ) ;
#1310 = FACE_OUTER_BOUND ( 'NONE', #1290, .T. ) ;
#1311 = VERTEX_POINT ( 'NONE', #271 ) ;
#1312 = LINE ( 'NONE', #2542, #295 ) ;
#1313 = APPROVAL_DATE_TIME ( #701, #708 ) ;
#1314 = EDGE_LOOP ( 'NONE', ( #602, #938, #598, #2409 ) ) ;
#1315 = CARTESIAN_POINT ( 'NONE',  ( 14.29999999999999716, 8.599999999999999645, -4.599999999999997868 ) ) ;
#1316 = CARTESIAN_POINT ( 'NONE',  ( -3.400000000000000355, 9.816552506059649019, -6.500000000000000888 ) ) ;
#1317 = VECTOR ( 'NONE', #1295, 1000.000000000000000 ) ;
#1318 = CARTESIAN_POINT ( 'NONE',  ( 0.000000000000000000, 2.299999999999999822, 0.000000000000000000 ) ) ;
#1319 = ORIENTED_EDGE ( 'NONE', *, *, #2411, .F. ) ;
#1320 = EDGE_CURVE ( 'NONE', #3404, #253, #3640, .T. ) ;
#1321 = CARTESIAN_POINT ( 'NONE',  ( 4.600000000000001421, 8.599999999999999645, -6.700000000000000178 ) ) ;
#1322 = VECTOR ( 'NONE', #3580, 1000.000000000000000 ) ;
#1323 = DIRECTION ( 'NONE',  ( -0.000000000000000000, 0.000000000000000000, 1.000000000000000000 ) ) ;
#1324 = CARTESIAN_POINT ( 'NONE',  ( 3.999999999999994671, 15.07695526217004733, 5.300000000000004263 ) ) ;
#1325 = DIRECTION ( 'NONE',  ( 0.000000000000000000, 0.000000000000000000, 1.000000000000000000 ) ) ;
#1326 = EDGE_CURVE ( 'NONE', #2066, #1674, #604, .T. ) ;
#1327 = EDGE_CURVE ( 'NONE', #3372, #3371, #3062, .T. ) ;
#1328 = VERTEX_POINT ( 'NONE', #3 ) ;
#1329 = AXIS2_PLACEMENT_3D ( 'NONE', #3725, #2217, #608 ) ;
#1330 = LINE ( 'NONE', #2612, #3389 ) ;
#1331 = DIRECTION ( 'NONE',  ( -1.000000000000000000, -0.000000000000000000, -0.000000000000000000 ) ) ;
#1332 = EDGE_CURVE ( 'NONE', #204, #2269, #958, .T. ) ;
#1333 = LINE ( 'NONE', #455, #1725 ) ;
#1334 = VERTEX_POINT ( 'NONE', #3422 ) ;
#1335 = AXIS2_PLACEMENT_3D ( 'NONE', #2212, #1233, #3358 ) ;
#1336 = ADVANCED_FACE ( 'NONE', ( #950 ), #1008, .F. ) ;
#1337 = CARTESIAN_POINT ( 'NONE',  ( -15.89999999999999680, 9.599999999999999645, -7.900000000000000355 ) ) ;
#1338 = CC_DESIGN_APPROVAL ( #708, ( #113 ) ) ;
#1339 = ORIENTED_EDGE ( 'NONE', *, *, #2284, .T. ) ;
#1340 = CARTESIAN_POINT ( 'NONE',  ( -14.49999999999999645, 8.599999999999996092, -6.700000000000000178 ) ) ;
#1341 = CARTESIAN_POINT ( 'NONE',  ( -3.999999999999998224, 11.40000000000000036, -6.399999999999995914 ) ) ;
#1342 = ORIENTED_EDGE ( 'NONE', *, *, #336, .F. ) ;
#1343 = DIRECTION ( 'NONE',  ( 0.000000000000000000, 0.000000000000000000, -1.000000000000000000 ) ) ;
#1344 = DIRECTION ( 'NONE',  ( -1.000000000000000000, 0.000000000000000000, 0.000000000000000000 ) ) ;
#1345 = AXIS2_PLACEMENT_3D ( 'NONE', #387, #1970, #2849 ) ;
#1346 = VECTOR ( 'NONE', #3938, 1000.000000000000000 ) ;
#1347 = LINE ( 'NONE', #3169, #3243 ) ;
#1348 = ORIENTED_EDGE ( 'NONE', *, *, #832, .F. ) ;
#1349 = ADVANCED_FACE ( 'NONE', ( #3383 ), #1547, .F. ) ;
#1350 = DIRECTION ( 'NONE',  ( 0.000000000000000000, 0.000000000000000000, -1.000000000000000000 ) ) ;
#1351 = CARTESIAN_POINT ( 'NONE',  ( 14.29999999999999716, 8.599999999999999645, 4.599999999999997868 ) ) ;
#1352 = PLANE ( 'NONE',  #3587 ) ;
#1353 = ORIENTED_EDGE ( 'NONE', *, *, #2158, .F. ) ;
#1354 = DIRECTION ( 'NONE',  ( 0.000000000000000000, 0.000000000000000000, -1.000000000000000000 ) ) ;
#1355 = EDGE_CURVE ( 'NONE', #3755, #1883, #2235, .T. ) ;
#1356 = CARTESIAN_POINT ( 'NONE',  ( -14.49999999999999645, 8.599999999999996092, 6.700000000000000178 ) ) ;
#1357 = ORIENTED_EDGE ( 'NONE', *, *, #728, .T. ) ;
#1358 = EDGE_CURVE ( 'NONE', #899, #1539, #344, .T. ) ;
#1359 = DIRECTION ( 'NONE',  ( -0.000000000000000000, 1.000000000000000000, -0.000000000000000000 ) ) ;
#1360 = DIRECTION ( 'NONE',  ( 1.000000000000000000, 0.000000000000000000, -0.000000000000000000 ) ) ;
#1361 = VERTEX_POINT ( 'NONE', #42 ) ;
#1362 = CYLINDRICAL_SURFACE ( 'NONE', #54, 1.299999999999999156 ) ;
#1363 = CARTESIAN_POINT ( 'NONE',  ( 2.510525938252073200E-16, 8.599999999999999645, -2.049999999999999822 ) ) ;
#1364 = LINE ( 'NONE', #3487, #29 ) ;
#1365 = EDGE_CURVE ( 'NONE', #1883, #3759, #2179, .T. ) ;
#1366 = ORIENTED_EDGE ( 'NONE', *, *, #1532, .F. ) ;
#1367 = CARTESIAN_POINT ( 'NONE',  ( -4.600000000000001421, 0.000000000000000000, 6.700000000000000178 ) ) ;
#1368 = DIRECTION ( 'NONE',  ( 0.000000000000000000, -1.000000000000000000, 0.000000000000000000 ) ) ;
#1369 = ADVANCED_FACE ( 'NONE', ( #365 ), #625, .F. ) ;
#1370 = CARTESIAN_POINT ( 'NONE',  ( -3.399999999999998579, 8.599999999999996092, -6.700000000000000178 ) ) ;
#1371 = ORIENTED_EDGE ( 'NONE', *, *, #2336, .F. ) ;
#1372 = CARTESIAN_POINT ( 'NONE',  ( 12.59999999999999964, 8.599999999999999645, -6.500000000000000888 ) ) ;
#1373 = CARTESIAN_POINT ( 'NONE',  ( 3.400000000000000355, 9.816552506059649019, -6.500000000000000888 ) ) ;
#1374 = DIRECTION ( 'NONE',  ( 0.000000000000000000, 0.000000000000000000, -1.000000000000000000 ) ) ;
#1375 = FACE_OUTER_BOUND ( 'NONE', #905, .T. ) ;
#1376 = EDGE_LOOP ( 'NONE', ( #3289, #2703, #1748, #2157 ) ) ;
#1377 = AXIS2_PLACEMENT_3D ( 'NONE', #849, #2367, #2407 ) ;
#1378 = CYLINDRICAL_SURFACE ( 'NONE', #1345, 3.250000000000000444 ) ;
#1379 = FACE_BOUND ( 'NONE', #3216, .T. ) ;
#1380 = PLANE ( 'NONE',  #1967 ) ;
#1381 = ORIENTED_EDGE ( 'NONE', *, *, #485, .F. ) ;
#1382 = LINE ( 'NONE', #2605, #1482 ) ;
#1383 = EDGE_CURVE ( 'NONE', #1400, #2957, #645, .T. ) ;
#1384 = LINE ( 'NONE', #2002, #3622 ) ;
#1385 = CIRCLE ( 'NONE', #1251, 3.250000000000000444 ) ;
#1386 = ORIENTED_EDGE ( 'NONE', *, *, #74, .F. ) ;
#1387 = DIRECTION ( 'NONE',  ( 0.000000000000000000, 0.000000000000000000, -1.000000000000000000 ) ) ;
#1388 = CARTESIAN_POINT ( 'NONE',  ( 11.99999999999999289, 9.599999999999999645, 4.000000000000017764 ) ) ;
#1389 = DIRECTION ( 'NONE',  ( 0.000000000000000000, 0.000000000000000000, 1.000000000000000000 ) ) ;
#1390 = VERTEX_POINT ( 'NONE', #386 ) ;
#1391 = AXIS2_PLACEMENT_3D ( 'NONE', #2568, #3727, #1343 ) ;
#1392 = DIRECTION ( 'NONE',  ( -0.000000000000000000, 1.000000000000000000, -0.000000000000000000 ) ) ;
#1393 = VERTEX_POINT ( 'NONE', #1932 ) ;
#1394 = CIRCLE ( 'NONE', #2682, 1.299999999999998268 ) ;
#1395 = VERTEX_POINT ( 'NONE', #64 ) ;
#1396 = DIRECTION ( 'NONE',  ( 0.000000000000000000, -1.000000000000000000, 0.000000000000000000 ) ) ;
#1397 = DIRECTION ( 'NONE',  ( 0.000000000000000000, -0.000000000000000000, -1.000000000000000000 ) ) ;
#1398 = ADVANCED_FACE ( 'NONE', ( #3760, #2507, #3120, #3159, #2152, #1235, #1878, #927, #3722 ), #1861, .F. ) ;
#1399 = PLANE ( 'NONE',  #425 ) ;
#1400 = VERTEX_POINT ( 'NONE', #1566 ) ;
#1401 = CARTESIAN_POINT ( 'NONE',  ( 3.399999999999998579, 9.816552506059649019, 6.700000000000000178 ) ) ;
#1402 = PLANE ( 'NONE',  #2698 ) ;
#1403 = DIRECTION ( 'NONE',  ( 0.000000000000000000, 0.000000000000000000, -1.000000000000000000 ) ) ;
#1404 = ADVANCED_FACE ( 'NONE', ( #2791 ), #21, .T. ) ;
#1405 = EDGE_CURVE ( 'NONE', #3394, #258, #1894, .T. ) ;
#1406 = ORIENTED_EDGE ( 'NONE', *, *, #3223, .T. ) ;
#1407 = AXIS2_PLACEMENT_3D ( 'NONE', #1734, #3225, #787 ) ;
#1408 = AXIS2_PLACEMENT_3D ( 'NONE', #2573, #3534, #2955 ) ;
#1409 = VECTOR ( 'NONE', #1516, 1000.000000000000000 ) ;
#1410 = DIRECTION ( 'NONE',  ( 0.000000000000000000, 0.000000000000000000, -1.000000000000000000 ) ) ;
#1411 = VECTOR ( 'NONE', #3650, 1000.000000000000000 ) ;
#1412 = DIRECTION ( 'NONE',  ( 0.000000000000000000, -1.000000000000000000, 0.000000000000000000 ) ) ;
#1413 = AXIS2_PLACEMENT_3D ( 'NONE', #3738, #3463, #2482 ) ;
#1414 = DIRECTION ( 'NONE',  ( 1.000000000000000000, 0.000000000000000000, 1.005636797667714286E-15 ) ) ;
#1415 = ORIENTED_EDGE ( 'NONE', *, *, #1743, .F. ) ;
#1416 = CARTESIAN_POINT ( 'NONE',  ( 4.600000000000001421, 0.000000000000000000, -6.700000000000000178 ) ) ;
#1417 = ORIENTED_EDGE ( 'NONE', *, *, #731, .T. ) ;
#1418 = ORIENTED_EDGE ( 'NONE', *, *, #508, .F. ) ;
#1419 = DIRECTION ( 'NONE',  ( 0.000000000000000000, -1.000000000000000000, 0.000000000000000000 ) ) ;
#1420 = DIRECTION ( 'NONE',  ( -0.000000000000000000, 1.000000000000000000, -0.000000000000000000 ) ) ;
#1421 = ORIENTED_EDGE ( 'NONE', *, *, #438, .F. ) ;
#1422 = DIRECTION ( 'NONE',  ( -0.000000000000000000, -1.000000000000000000, -0.000000000000000000 ) ) ;
#1423 = EDGE_CURVE ( 'NONE', #1817, #2687, #3396, .T. ) ;
#1424 = CARTESIAN_POINT ( 'NONE',  ( 14.49999999999999112, 41.54620478241506731, -6.700000000000000178 ) ) ;
#1425 = ADVANCED_FACE ( 'NONE', ( #3481 ), #1048, .T. ) ;
#1426 = ORIENTED_EDGE ( 'NONE', *, *, #2532, .T. ) ;
#1427 = ADVANCED_FACE ( 'NONE', ( #1375 ), #2295, .T. ) ;
#1428 = CARTESIAN_POINT ( 'NONE',  ( 12.59999999999999964, 9.816552506059649019, 6.500000000000000888 ) ) ;
#1429 = CARTESIAN_POINT ( 'NONE',  ( -3.400000000000000355, 8.599999999999999645, 6.500000000000000888 ) ) ;
#1430 = CARTESIAN_POINT ( 'NONE',  ( 14.29999999999999716, 8.599999999999999645, 3.399999999999998579 ) ) ;
#1431 = ORIENTED_EDGE ( 'NONE', *, *, #366, .T. ) ;
#1432 = ORIENTED_EDGE ( 'NONE', *, *, #1355, .T. ) ;
#1433 = DIRECTION ( 'NONE',  ( 0.000000000000000000, -1.000000000000000000, 0.000000000000000000 ) ) ;
#1434 = CARTESIAN_POINT ( 'NONE',  ( -3.999999999999998224, 11.40000000000000036, -3.999999999999998224 ) ) ;
#1435 = CARTESIAN_POINT ( 'NONE',  ( -12.59999999999999964, 8.599999999999999645, 6.500000000000000888 ) ) ;
#1436 = VERTEX_POINT ( 'NONE', #1435 ) ;
#1437 = LINE ( 'NONE', #2382, #1141 ) ;
#1438 = PLANE ( 'NONE',  #1583 ) ;
#1439 = CYLINDRICAL_SURFACE ( 'NONE', #2813, 2.049999999999999822 ) ;
#1440 = ORIENTED_EDGE ( 'NONE', *, *, #17, .F. ) ;
#1441 = LINE ( 'NONE', #1401, #758 ) ;
#1442 = DIRECTION ( 'NONE',  ( -1.000000000000000000, 0.000000000000000000, -0.000000000000000000 ) ) ;
#1443 = DIRECTION ( 'NONE',  ( 0.000000000000000000, -1.000000000000000000, 0.000000000000000000 ) ) ;
#1444 = DIRECTION ( 'NONE',  ( 0.000000000000000000, 0.000000000000000000, -1.000000000000000000 ) ) ;
#1445 = CARTESIAN_POINT ( 'NONE',  ( -14.49999999999999645, 9.816552506059649019, 3.399999999999998579 ) ) ;
#1446 = ORIENTED_EDGE ( 'NONE', *, *, #976, .T. ) ;
#1447 = VECTOR ( 'NONE', #1116, 1000.000000000000000 ) ;
#1448 = EDGE_CURVE ( 'NONE', #2520, #878, #3645, .T. ) ;
#1449 = DIRECTION ( 'NONE',  ( 0.000000000000000000, 0.000000000000000000, -1.000000000000000000 ) ) ;
#1450 = CARTESIAN_POINT ( 'NONE',  ( -14.49999999999999645, 41.54620478241506731, -6.700000000000000178 ) ) ;
#1451 = CYLINDRICAL_SURFACE ( 'NONE', #633, 2.399999999999997691 ) ;
#1452 = AXIS2_PLACEMENT_3D ( 'NONE', #104, #2617, #180 ) ;
#1453 = VECTOR ( 'NONE', #3819, 1000.000000000000000 ) ;
#1454 = VERTEX_POINT ( 'NONE', #3872 ) ;
#1455 = CARTESIAN_POINT ( 'NONE',  ( 11.40000000000000213, 0.000000000000000000, -6.700000000000000178 ) ) ;
#1456 = EDGE_CURVE ( 'NONE', #1870, #1091, #310, .T. ) ;
#1457 = DIRECTION ( 'NONE',  ( 1.000000000000000000, 0.000000000000000000, -0.000000000000000000 ) ) ;
#1458 = CARTESIAN_POINT ( 'NONE',  ( -4.000000000000001776, 9.599999999999999645, 3.999999999999998224 ) ) ;
#1459 = EDGE_CURVE ( 'NONE', #284, #3883, #825, .T. ) ;
#1460 = ORIENTED_EDGE ( 'NONE', *, *, #871, .T. ) ;
#1461 = CARTESIAN_POINT ( 'NONE',  ( -11.99999999999999289, 9.599999999999999645, -1.599999999999999423 ) ) ;
#1462 = CARTESIAN_POINT ( 'NONE',  ( 3.400000000000000355, 0.000000000000000000, 6.500000000000000888 ) ) ;
#1463 = PLANE ( 'NONE',  #813 ) ;
#1464 = VECTOR ( 'NONE', #2685, 1000.000000000000000 ) ;
#1465 = ORIENTED_EDGE ( 'NONE', *, *, #2101, .F. ) ;
#1466 = DIRECTION ( 'NONE',  ( -0.000000000000000000, 1.000000000000000000, -0.000000000000000000 ) ) ;
#1467 = PLANE ( 'NONE',  #3392 ) ;
#1468 = VECTOR ( 'NONE', #2059, 1000.000000000000000 ) ;
#1469 = ORIENTED_EDGE ( 'NONE', *, *, #774, .F. ) ;
#1470 = ORIENTED_EDGE ( 'NONE', *, *, #3459, .T. ) ;
#1471 = DIRECTION ( 'NONE',  ( -0.000000000000000000, 1.000000000000000000, -0.000000000000000000 ) ) ;
#1472 = AXIS2_PLACEMENT_3D ( 'NONE', #2978, #3543, #2036 ) ;
#1473 = DIRECTION ( 'NONE',  ( -0.000000000000000000, 1.000000000000000000, -0.000000000000000000 ) ) ;
#1474 = CARTESIAN_POINT ( 'NONE',  ( 14.29999999999999716, 8.599999999999999645, -4.599999999999997868 ) ) ;
#1475 = VERTEX_POINT ( 'NONE', #2420 ) ;
#1476 = VECTOR ( 'NONE', #3432, 1000.000000000000000 ) ;
#1477 = EDGE_CURVE ( 'NONE', #898, #1817, #2380, .T. ) ;
#1478 = CIRCLE ( 'NONE', #3899, 3.250000000000000444 ) ;
#1479 = VERTEX_POINT ( 'NONE', #3597 ) ;
#1480 = AXIS2_PLACEMENT_3D ( 'NONE', #2297, #130, #147 ) ;
#1481 = LINE ( 'NONE', #555, #1640 ) ;
#1482 = VECTOR ( 'NONE', #3229, 1000.000000000000000 ) ;
#1483 = VECTOR ( 'NONE', #681, 1000.000000000000000 ) ;
#1484 = DIRECTION ( 'NONE',  ( 0.000000000000000000, -1.000000000000000000, 0.000000000000000000 ) ) ;
#1485 = DIRECTION ( 'NONE',  ( 0.000000000000000000, -1.000000000000000000, 0.000000000000000000 ) ) ;
#1486 = ORIENTED_EDGE ( 'NONE', *, *, #2200, .F. ) ;
#1487 = ADVANCED_FACE ( 'NONE', ( #1129 ), #2976, .T. ) ;
#1488 = DIRECTION ( 'NONE',  ( 0.000000000000000000, 0.000000000000000000, -1.000000000000000000 ) ) ;
#1489 = CIRCLE ( 'NONE', #259, 1.299999999999998268 ) ;
#1490 = DIRECTION ( 'NONE',  ( 0.000000000000000000, -1.000000000000000000, 0.000000000000000000 ) ) ;
#1491 = ORIENTED_EDGE ( 'NONE', *, *, #478, .T. ) ;
#1492 = CARTESIAN_POINT ( 'NONE',  ( -3.999999999999998224, 15.07695526217004733, -5.299999999999996270 ) ) ;
#1493 = CYLINDRICAL_SURFACE ( 'NONE', #3648, 2.399999999999996803 ) ;
#1494 = CARTESIAN_POINT ( 'NONE',  ( -14.29999999999999716, 0.000000000000000000, -4.599999999999997868 ) ) ;
#1495 = EDGE_LOOP ( 'NONE', ( #2788, #1657 ) ) ;
#1496 = ORIENTED_EDGE ( 'NONE', *, *, #2234, .F. ) ;
#1497 = DIRECTION ( 'NONE',  ( 0.000000000000000000, 0.000000000000000000, -1.000000000000000000 ) ) ;
#1498 = CARTESIAN_POINT ( 'NONE',  ( 11.99999999999998579, 9.599999999999999645, -6.400000000000015454 ) ) ;
#1499 = ORIENTED_EDGE ( 'NONE', *, *, #502, .T. ) ;
#1500 = EDGE_LOOP ( 'NONE', ( #1139, #3495 ) ) ;
#1501 = LINE ( 'NONE', #3256, #993 ) ;
#1502 = EDGE_CURVE ( 'NONE', #3053, #3128, #1504, .T. ) ;
#1503 = CARTESIAN_POINT ( 'NONE',  ( 8.000000000000000000, 0.000000000000000000, 0.000000000000000000 ) ) ;
#1504 = LINE ( 'NONE', #861, #182 ) ;
#1505 = ORIENTED_EDGE ( 'NONE', *, *, #286, .F. ) ;
#1506 = EDGE_CURVE ( 'NONE', #3759, #46, #2681, .T. ) ;
#1507 = LINE ( 'NONE', #3923, #1138 ) ;
#1508 = EDGE_LOOP ( 'NONE', ( #1381, #376, #676, #3558 ) ) ;
#1509 = AXIS2_PLACEMENT_3D ( 'NONE', #3870, #2054, #3278 ) ;
#1510 = CYLINDRICAL_SURFACE ( 'NONE', #434, 2.399999999999999911 ) ;
#1511 = EDGE_LOOP ( 'NONE', ( #3171, #1260, #995, #2732 ) ) ;
#1512 = EDGE_CURVE ( 'NONE', #2576, #3934, #3299, .T. ) ;
#1513 = ORIENTED_EDGE ( 'NONE', *, *, #312, .F. ) ;
#1514 = ADVANCED_FACE ( 'NONE', ( #1732 ), #1775, .T. ) ;
#1515 = DIRECTION ( 'NONE',  ( -8.673617379884051249E-15, 0.000000000000000000, 1.000000000000000000 ) ) ;
#1516 = DIRECTION ( 'NONE',  ( 0.000000000000000000, -1.000000000000000000, 0.000000000000000000 ) ) ;
#1517 = EDGE_LOOP ( 'NONE', ( #3942, #1075, #2446, #2599 ) ) ;
#1518 = DIRECTION ( 'NONE',  ( 0.000000000000000000, 0.000000000000000000, -1.000000000000000000 ) ) ;
#1519 = LINE ( 'NONE', #2975, #1685 ) ;
#1520 = CIRCLE ( 'NONE', #1951, 3.249999999999999556 ) ;
#1521 = DIRECTION ( 'NONE',  ( 1.000000000000000000, -0.000000000000000000, 0.000000000000000000 ) ) ;
#1522 = EDGE_LOOP ( 'NONE', ( #2796, #3639, #63, #527 ) ) ;
#1523 = CARTESIAN_POINT ( 'NONE',  ( 14.49999999999999112, 0.000000000000000000, -6.700000000000000178 ) ) ;
#1524 = VERTEX_POINT ( 'NONE', #2708 ) ;
#1525 = FACE_OUTER_BOUND ( 'NONE', #1829, .T. ) ;
#1526 = ADVANCED_FACE ( 'NONE', ( #3920 ), #3037, .F. ) ;
#1527 = VECTOR ( 'NONE', #3185, 1000.000000000000000 ) ;
#1528 = ORIENTED_EDGE ( 'NONE', *, *, #219, .T. ) ;
#1529 = VERTEX_POINT ( 'NONE', #1210 ) ;
#1530 = CIRCLE ( 'NONE', #617, 3.250000000000000444 ) ;
#1531 = EDGE_CURVE ( 'NONE', #3421, #1661, #2438, .T. ) ;
#1532 = EDGE_CURVE ( 'NONE', #2385, #1393, #944, .T. ) ;
#1533 = CARTESIAN_POINT ( 'NONE',  ( -4.000000000000001776, 15.07695526217004733, 2.699999999999998401 ) ) ;
#1534 = ORIENTED_EDGE ( 'NONE', *, *, #2207, .F. ) ;
#1535 = ORIENTED_EDGE ( 'NONE', *, *, #2413, .T. ) ;
#1536 = DIRECTION ( 'NONE',  ( 0.000000000000000000, -1.000000000000000000, 0.000000000000000000 ) ) ;
#1537 = LINE ( 'NONE', #673, #2989 ) ;
#1538 = DIRECTION ( 'NONE',  ( 0.000000000000000000, 0.000000000000000000, -1.000000000000000000 ) ) ;
#1539 = VERTEX_POINT ( 'NONE', #3401 ) ;
#1540 = VECTOR ( 'NONE', #932, 1000.000000000000000 ) ;
#1541 = DIRECTION ( 'NONE',  ( 0.000000000000000000, -1.000000000000000000, 0.000000000000000000 ) ) ;
#1542 = VECTOR ( 'NONE', #1727, 1000.000000000000000 ) ;
#1543 = VECTOR ( 'NONE', #2806, 1000.000000000000000 ) ;
#1544 = CYLINDRICAL_SURFACE ( 'NONE', #1954, 2.399999999999996803 ) ;
#1545 = DIRECTION ( 'NONE',  ( 0.000000000000000000, 0.000000000000000000, 1.000000000000000000 ) ) ;
#1546 = VERTEX_POINT ( 'NONE', #3434 ) ;
#1547 = PLANE ( 'NONE',  #693 ) ;
#1548 = DIRECTION ( 'NONE',  ( 0.000000000000000000, -0.000000000000000000, -1.000000000000000000 ) ) ;
#1549 = FACE_OUTER_BOUND ( 'NONE', #3443, .T. ) ;
#1550 = ORIENTED_EDGE ( 'NONE', *, *, #1456, .F. ) ;
#1551 = ADVANCED_FACE ( 'NONE', ( #966 ), #2191, .F. ) ;
#1552 = DIRECTION ( 'NONE',  ( 0.000000000000000000, 0.000000000000000000, 1.000000000000000000 ) ) ;
#1553 = ORIENTED_EDGE ( 'NONE', *, *, #1383, .T. ) ;
#1554 = CARTESIAN_POINT ( 'NONE',  ( -0.5500000000000417888, 2.299999999999996270, 6.700000000000000178 ) ) ;
#1555 = ORIENTED_EDGE ( 'NONE', *, *, #2231, .T. ) ;
#1556 = VERTEX_POINT ( 'NONE', #2825 ) ;
#1557 = LINE ( 'NONE', #12, #1764 ) ;
#1558 = DIRECTION ( 'NONE',  ( 1.000000000000000000, 0.000000000000000000, 0.000000000000000000 ) ) ;
#1559 = DIRECTION ( 'NONE',  ( 0.000000000000000000, -1.000000000000000000, 0.000000000000000000 ) ) ;
#1560 = CARTESIAN_POINT ( 'NONE',  ( -14.29999999999999716, 8.599999999999999645, -4.599999999999997868 ) ) ;
#1561 = ORIENTED_EDGE ( 'NONE', *, *, #1695, .F. ) ;
#1562 = EDGE_CURVE ( 'NONE', #3670, #1556, #1145, .T. ) ;
#1563 = DIRECTION ( 'NONE',  ( -0.000000000000000000, -1.000000000000000000, -0.000000000000000000 ) ) ;
#1564 = CARTESIAN_POINT ( 'NONE',  ( 14.29999999999999716, 0.000000000000000000, 3.399999999999998579 ) ) ;
#1565 = EDGE_LOOP ( 'NONE', ( #3890, #670, #2977, #173 ) ) ;
#1566 = CARTESIAN_POINT ( 'NONE',  ( 12.60000000000000142, 8.599999999999996092, 6.700000000000000178 ) ) ;
#1567 = FACE_OUTER_BOUND ( 'NONE', #1220, .T. ) ;
#1568 = LINE ( 'NONE', #2445, #2549 ) ;
#1569 = ORIENTED_EDGE ( 'NONE', *, *, #785, .F. ) ;
#1570 = VERTEX_POINT ( 'NONE', #36 ) ;
#1571 = ORIENTED_EDGE ( 'NONE', *, *, #776, .F. ) ;
#1572 = ORIENTED_EDGE ( 'NONE', *, *, #1578, .T. ) ;
#1573 = EDGE_CURVE ( 'NONE', #1921, #1011, #1268, .T. ) ;
#1574 = CARTESIAN_POINT ( 'NONE',  ( 11.40000000000000036, 8.599999999999999645, -6.500000000000000888 ) ) ;
#1575 = CARTESIAN_POINT ( 'NONE',  ( -12.00000000000000000, 10.30000000000000071, 3.999999999999998224 ) ) ;
#1576 = FACE_BOUND ( 'NONE', #3867, .T. ) ;
#1577 = VERTEX_POINT ( 'NONE', #597 ) ;
#1578 = EDGE_CURVE ( 'NONE', #2857, #2434, #3519, .T. ) ;
#1579 = VECTOR ( 'NONE', #2418, 1000.000000000000000 ) ;
#1580 = CARTESIAN_POINT ( 'NONE',  ( 3.400000000000000355, 9.816552506059649019, 6.500000000000000888 ) ) ;
#1581 = ORIENTED_EDGE ( 'NONE', *, *, #1788, .T. ) ;
#1582 = ADVANCED_FACE ( 'NONE', ( #2499 ), #1907, .T. ) ;
#1583 = AXIS2_PLACEMENT_3D ( 'NONE', #2037, #1679, #1397 ) ;
#1584 = FACE_OUTER_BOUND ( 'NONE', #1864, .T. ) ;
#1585 = CARTESIAN_POINT ( 'NONE',  ( 14.49999999999999645, 9.816552506059649019, 4.599999999999997868 ) ) ;
#1586 = ORIENTED_EDGE ( 'NONE', *, *, #911, .T. ) ;
#1587 = DIRECTION ( 'NONE',  ( 0.000000000000000000, -1.000000000000000000, 0.000000000000000000 ) ) ;
#1588 = ORIENTED_EDGE ( 'NONE', *, *, #659, .F. ) ;
#1589 = AXIS2_PLACEMENT_3D ( 'NONE', #2136, #3365, #3424 ) ;
#1590 = CC_DESIGN_APPROVAL ( #1941, ( #2561 ) ) ;
#1591 = VERTEX_POINT ( 'NONE', #3136 ) ;
#1592 = EDGE_LOOP ( 'NONE', ( #6, #2327 ) ) ;
#1593 = CYLINDRICAL_SURFACE ( 'NONE', #1821, 2.399999999999999467 ) ;
#1594 = FACE_OUTER_BOUND ( 'NONE', #3107, .T. ) ;
#1595 = ADVANCED_FACE ( 'NONE', ( #2767 ), #657, .F. ) ;
#1596 = CARTESIAN_POINT ( 'NONE',  ( 11.99999999999998579, 15.07695526217004733, -4.000000000000017764 ) ) ;
#1597 = EDGE_LOOP ( 'NONE', ( #2389, #280 ) ) ;
#1598 =( LENGTH_UNIT ( ) NAMED_UNIT ( * ) SI_UNIT ( .MILLI., .METRE. ) );
#1599 = VERTEX_POINT ( 'NONE', #381 ) ;
#1600 = CARTESIAN_POINT ( 'NONE',  ( -4.000000000000001776, 15.07695526217004733, 3.999999999999998224 ) ) ;
#1601 = VECTOR ( 'NONE', #1154, 1000.000000000000000 ) ;
#1602 = VECTOR ( 'NONE', #3051, 1000.000000000000000 ) ;
#1603 = DIRECTION ( 'NONE',  ( 0.000000000000000000, -1.000000000000000000, 0.000000000000000000 ) ) ;
#1604 = AXIS2_PLACEMENT_3D ( 'NONE', #3612, #576, #3017 ) ;
#1605 = DIRECTION ( 'NONE',  ( 1.000000000000000000, 0.000000000000000000, 0.000000000000000000 ) ) ;
#1606 = ORIENTED_EDGE ( 'NONE', *, *, #3918, .T. ) ;
#1607 = VECTOR ( 'NONE', #490, 1000.000000000000000 ) ;
#1608 = VERTEX_POINT ( 'NONE', #2171 ) ;
#1609 = EDGE_CURVE ( 'NONE', #3128, #2897, #58, .T. ) ;
#1610 = ORIENTED_EDGE ( 'NONE', *, *, #3951, .F. ) ;
#1611 = CARTESIAN_POINT ( 'NONE',  ( 0.5500000000000573319, 2.299999999999996270, -6.700000000000000178 ) ) ;
#1612 = CARTESIAN_POINT ( 'NONE',  ( -11.99999999999999289, 11.40000000000000036, -3.999999999999998224 ) ) ;
#1613 = DIRECTION ( 'NONE',  ( 0.000000000000000000, 0.000000000000000000, 1.000000000000000000 ) ) ;
#1614 = DIRECTION ( 'NONE',  ( -8.673617379884051249E-15, 0.000000000000000000, 1.000000000000000000 ) ) ;
#1615 = VERTEX_POINT ( 'NONE', #1560 ) ;
#1616 = EDGE_CURVE ( 'NONE', #1705, #616, #755, .T. ) ;
#1617 = CARTESIAN_POINT ( 'NONE',  ( -12.00000000000000000, 8.599999999999999645, 3.999999999999998224 ) ) ;
#1618 = VERTEX_POINT ( 'NONE', #339 ) ;
#1619 = CARTESIAN_POINT ( 'NONE',  ( -12.59999999999999964, 9.816552506059649019, -6.500000000000000888 ) ) ;
#1620 = CARTESIAN_POINT ( 'NONE',  ( -14.49999999999999645, 8.599999999999996092, -6.700000000000000178 ) ) ;
#1621 = EDGE_CURVE ( 'NONE', #3667, #1180, #2845, .T. ) ;
#1622 = ADVANCED_FACE ( 'NONE', ( #2786, #1576, #79, #3079, #322, #984 ), #2146, .T. ) ;
#1623 = FACE_OUTER_BOUND ( 'NONE', #1565, .T. ) ;
#1624 = ORIENTED_EDGE ( 'NONE', *, *, #2391, .T. ) ;
#1625 = CARTESIAN_POINT ( 'NONE',  ( 3.999999999999994671, 11.40000000000000036, 6.400000000000004796 ) ) ;
#1626 = FACE_BOUND ( 'NONE', #3616, .T. ) ;
#1627 = EDGE_LOOP ( 'NONE', ( #1631, #1909, #2250, #3276 ) ) ;
#1628 = ADVANCED_FACE ( 'NONE', ( #1310 ), #2537, .T. ) ;
#1629 = DIRECTION ( 'NONE',  ( 0.000000000000000000, -1.000000000000000000, 0.000000000000000000 ) ) ;
#1630 = ADVANCED_FACE ( 'NONE', ( #3355 ), #1041, .F. ) ;
#1631 = ORIENTED_EDGE ( 'NONE', *, *, #3459, .F. ) ;
#1632 = VECTOR ( 'NONE', #1457, 1000.000000000000000 ) ;
#1633 = CARTESIAN_POINT ( 'NONE',  ( -11.99999999999999289, 11.40000000000000036, -3.999999999999998224 ) ) ;
#1634 = DIRECTION ( 'NONE',  ( 0.000000000000000000, -1.000000000000000000, 0.000000000000000000 ) ) ;
#1635 = ORIENTED_EDGE ( 'NONE', *, *, #946, .T. ) ;
#1636 = DIRECTION ( 'NONE',  ( 0.000000000000000000, 0.000000000000000000, 1.000000000000000000 ) ) ;
#1637 = DIRECTION ( 'NONE',  ( -1.000000000000000000, 0.000000000000000000, 0.000000000000000000 ) ) ;
#1638 = ORIENTED_EDGE ( 'NONE', *, *, #3464, .F. ) ;
#1639 = DIRECTION ( 'NONE',  ( 0.000000000000000000, 0.000000000000000000, 1.000000000000000000 ) ) ;
#1640 = VECTOR ( 'NONE', #1957, 1000.000000000000000 ) ;
#1641 = FACE_OUTER_BOUND ( 'NONE', #2738, .T. ) ;
#1642 = ORIENTED_EDGE ( 'NONE', *, *, #1936, .T. ) ;
#1643 = DIRECTION ( 'NONE',  ( 0.000000000000000000, -1.000000000000000000, 0.000000000000000000 ) ) ;
#1644 = VECTOR ( 'NONE', #1270, 1000.000000000000000 ) ;
#1645 = EDGE_CURVE ( 'NONE', #3521, #1454, #2305, .T. ) ;
#1646 = PLANE ( 'NONE',  #413 ) ;
#1647 = VERTEX_POINT ( 'NONE', #3154 ) ;
#1648 = EDGE_CURVE ( 'NONE', #1475, #2960, #1002, .T. ) ;
#1649 = ADVANCED_FACE ( 'NONE', ( #2289 ), #1673, .F. ) ;
#1650 = AXIS2_PLACEMENT_3D ( 'NONE', #2130, #3025, #1836 ) ;
#1651 = FACE_OUTER_BOUND ( 'NONE', #3254, .T. ) ;
#1652 = LINE ( 'NONE', #3554, #1542 ) ;
#1653 = DIRECTION ( 'NONE',  ( -0.000000000000000000, 0.000000000000000000, -1.000000000000000000 ) ) ;
#1654 = EDGE_LOOP ( 'NONE', ( #298, #323, #2310, #449 ) ) ;
#1655 = VECTOR ( 'NONE', #3263, 1000.000000000000000 ) ;
#1656 = CARTESIAN_POINT ( 'NONE',  ( 8.000000000000000000, -9.192388155425119223, 0.000000000000000000 ) ) ;
#1657 = ORIENTED_EDGE ( 'NONE', *, *, #3658, .F. ) ;
#1658 = LINE ( 'NONE', #1049, #51 ) ;
#1659 = FACE_OUTER_BOUND ( 'NONE', #3811, .T. ) ;
#1660 = VECTOR ( 'NONE', #3451, 1000.000000000000000 ) ;
#1661 = VERTEX_POINT ( 'NONE', #2860 ) ;
#1662 = DIRECTION ( 'NONE',  ( -0.000000000000000000, -1.000000000000000000, -0.000000000000000000 ) ) ;
#1663 = VECTOR ( 'NONE', #3153, 1000.000000000000000 ) ;
#1664 = CARTESIAN_POINT ( 'NONE',  ( -14.49999999999999645, 41.54620478241506731, -6.700000000000000178 ) ) ;
#1665 = AXIS2_PLACEMENT_3D ( 'NONE', #2477, #3754, #2128 ) ;
#1666 = AXIS2_PLACEMENT_3D ( 'NONE', #1204, #1790, #1497 ) ;
#1667 = ADVANCED_FACE ( 'NONE', ( #2008 ), #3514, .T. ) ;
#1668 = AXIS2_PLACEMENT_3D ( 'NONE', #214, #1164, #1449 ) ;
#1669 = DIRECTION ( 'NONE',  ( 0.000000000000000000, 0.000000000000000000, -1.000000000000000000 ) ) ;
#1670 = ORIENTED_EDGE ( 'NONE', *, *, #2043, .F. ) ;
#1671 = DIRECTION ( 'NONE',  ( 0.000000000000000000, 0.000000000000000000, -1.000000000000000000 ) ) ;
#1672 = CARTESIAN_POINT ( 'NONE',  ( -3.999999999999998224, 15.07695526217004733, -3.999999999999998224 ) ) ;
#1673 = PLANE ( 'NONE',  #1857 ) ;
#1674 = VERTEX_POINT ( 'NONE', #1370 ) ;
#1675 = LINE ( 'NONE', #1373, #3686 ) ;
#1676 = CARTESIAN_POINT ( 'NONE',  ( 3.999999999999994671, 10.30000000000000071, 4.000000000000005329 ) ) ;
#1677 = EDGE_CURVE ( 'NONE', #46, #2619, #1088, .T. ) ;
#1678 = CARTESIAN_POINT ( 'NONE',  ( 0.000000000000000000, 2.299999999999999822, 3.250000000000000444 ) ) ;
#1679 = DIRECTION ( 'NONE',  ( 0.000000000000000000, -1.000000000000000000, 0.000000000000000000 ) ) ;
#1680 = DIRECTION ( 'NONE',  ( 0.000000000000000000, -1.000000000000000000, -0.000000000000000000 ) ) ;
#1681 = VERTEX_POINT ( 'NONE', #3219 ) ;
#1682 = LINE ( 'NONE', #133, #436 ) ;
#1683 = ORIENTED_EDGE ( 'NONE', *, *, #1023, .T. ) ;
#1684 = CARTESIAN_POINT ( 'NONE',  ( -11.39999999999999858, 8.599999999999999645, 6.700000000000000178 ) ) ;
#1685 = VECTOR ( 'NONE', #880, 1000.000000000000000 ) ;
#1686 = DIRECTION ( 'NONE',  ( -0.000000000000000000, -1.000000000000000000, -0.000000000000000000 ) ) ;
#1687 = CARTESIAN_POINT ( 'NONE',  ( -11.39999999999999858, 0.000000000000000000, -6.700000000000000178 ) ) ;
#1688 = ADVANCED_FACE ( 'NONE', ( #2901 ), #400, .F. ) ;
#1689 = ORIENTED_EDGE ( 'NONE', *, *, #2124, .F. ) ;
#1690 = DIRECTION ( 'NONE',  ( 0.000000000000000000, -1.000000000000000000, 0.000000000000000000 ) ) ;
#1691 = CARTESIAN_POINT ( 'NONE',  ( -3.399999999999998579, 0.000000000000000000, 6.700000000000000178 ) ) ;
#1692 = PERSON_AND_ORGANIZATION_ROLE ( 'design_supplier' ) ;
#1693 = EDGE_LOOP ( 'NONE', ( #1528, #2887 ) ) ;
#1694 = ORIENTED_EDGE ( 'NONE', *, *, #1200, .F. ) ;
#1695 = EDGE_CURVE ( 'NONE', #95, #698, #1333, .T. ) ;
#1696 = LINE ( 'NONE', #2621, #179 ) ;
#1697 = CYLINDRICAL_SURFACE ( 'NONE', #351, 2.049999999999999822 ) ;
#1698 = EDGE_CURVE ( 'NONE', #1130, #3574, #3536, .T. ) ;
#1699 = CARTESIAN_POINT ( 'NONE',  ( 11.99999999999999289, 11.40000000000000036, 4.000000000000017764 ) ) ;
#1700 = ORIENTED_EDGE ( 'NONE', *, *, #2200, .T. ) ;
#1701 = CARTESIAN_POINT ( 'NONE',  ( 11.99999999999999289, 9.599999999999999645, 4.000000000000017764 ) ) ;
#1702 = CARTESIAN_POINT ( 'NONE',  ( -14.49999999999999645, 8.599999999999996092, -6.700000000000000178 ) ) ;
#1703 = VECTOR ( 'NONE', #3296, 1000.000000000000000 ) ;
#1704 = ADVANCED_FACE ( 'NONE', ( #3493 ), #2574, .T. ) ;
#1705 = VERTEX_POINT ( 'NONE', #140 ) ;
#1706 = VECTOR ( 'NONE', #1344, 1000.000000000000000 ) ;
#1707 = CARTESIAN_POINT ( 'NONE',  ( -8.000000000000000000, -9.192388155425119223, -3.249999999999999556 ) ) ;
#1708 = LINE ( 'NONE', #2935, #3452 ) ;
#1709 = CARTESIAN_POINT ( 'NONE',  ( -15.89999999999999680, 9.599999999999999645, -7.900000000000000355 ) ) ;
#1710 = VERTEX_POINT ( 'NONE', #3776 ) ;
#1711 = AXIS2_PLACEMENT_3D ( 'NONE', #990, #1237, #1880 ) ;
#1712 = CYLINDRICAL_SURFACE ( 'NONE', #1125, 3.250000000000000444 ) ;
#1713 = EDGE_CURVE ( 'NONE', #1395, #898, #3074, .T. ) ;
#1714 = VERTEX_POINT ( 'NONE', #779 ) ;
#1715 = APPROVAL_PERSON_ORGANIZATION ( #1296, #3979, #908 ) ;
#1716 = EDGE_LOOP ( 'NONE', ( #2780, #2840, #3700, #2742 ) ) ;
#1717 = LINE ( 'NONE', #1131, #1601 ) ;
#1718 = LINE ( 'NONE', #2943, #1468 ) ;
#1719 = ORIENTED_EDGE ( 'NONE', *, *, #2476, .F. ) ;
#1720 = DIRECTION ( 'NONE',  ( 0.000000000000000000, 0.000000000000000000, 1.000000000000000000 ) ) ;
#1721 = DIRECTION ( 'NONE',  ( -8.673617379884051249E-15, -0.000000000000000000, -1.000000000000000000 ) ) ;
#1722 = ORIENTED_EDGE ( 'NONE', *, *, #3019, .F. ) ;
#1723 = VECTOR ( 'NONE', #3824, 1000.000000000000000 ) ;
#1724 = VECTOR ( 'NONE', #1331, 1000.000000000000000 ) ;
#1725 = VECTOR ( 'NONE', #2556, 1000.000000000000000 ) ;
#1726 = CARTESIAN_POINT ( 'NONE',  ( -11.99999999999999289, 10.30000000000000071, -3.999999999999998224 ) ) ;
#1727 = DIRECTION ( 'NONE',  ( 8.673617379884051249E-15, 0.000000000000000000, 1.000000000000000000 ) ) ;
#1728 = FACE_OUTER_BOUND ( 'NONE', #962, .T. ) ;
#1729 = VERTEX_POINT ( 'NONE', #440 ) ;
#1730 = LINE ( 'NONE', #580, #2602 ) ;
#1731 = CARTESIAN_POINT ( 'NONE',  ( 14.49999999999999112, 0.000000000000000000, 4.599999999999996980 ) ) ;
#1732 = FACE_OUTER_BOUND ( 'NONE', #3448, .T. ) ;
#1733 = ORIENTED_EDGE ( 'NONE', *, *, #3314, .T. ) ;
#1734 = CARTESIAN_POINT ( 'NONE',  ( -14.49999999999999645, 41.54620478241506731, -6.700000000000000178 ) ) ;
#1735 = CARTESIAN_POINT ( 'NONE',  ( 14.49999999999999112, 8.599999999999996092, -6.700000000000000178 ) ) ;
#1736 = DIRECTION ( 'NONE',  ( -0.000000000000000000, 1.000000000000000000, -0.000000000000000000 ) ) ;
#1737 = VERTEX_POINT ( 'NONE', #156 ) ;
#1738 = CARTESIAN_POINT ( 'NONE',  ( -3.399999999999998579, 8.599999999999999645, 6.700000000000000178 ) ) ;
#1739 = CARTESIAN_POINT ( 'NONE',  ( 3.999999999999991562, 11.40000000000000036, -1.600000000000008527 ) ) ;
#1740 = DIRECTION ( 'NONE',  ( -0.000000000000000000, 1.000000000000000000, -0.000000000000000000 ) ) ;
#1741 = EDGE_CURVE ( 'NONE', #3387, #1608, #497, .T. ) ;
#1742 = EDGE_LOOP ( 'NONE', ( #151, #1470, #548, #985 ) ) ;
#1743 = EDGE_CURVE ( 'NONE', #3053, #1919, #123, .T. ) ;
#1744 = ADVANCED_FACE ( 'NONE', ( #2936 ), #1352, .F. ) ;
#1745 = LINE ( 'NONE', #1707, #1079 ) ;
#1746 = LINE ( 'NONE', #278, #1602 ) ;
#1747 = PLANE ( 'NONE',  #3391 ) ;
#1748 = ORIENTED_EDGE ( 'NONE', *, *, #1961, .F. ) ;
#1749 = ORIENTED_EDGE ( 'NONE', *, *, #2124, .T. ) ;
#1750 = DIRECTION ( 'NONE',  ( -0.000000000000000000, 1.000000000000000000, 0.000000000000000000 ) ) ;
#1751 = DIRECTION ( 'NONE',  ( 0.000000000000000000, 0.000000000000000000, -1.000000000000000000 ) ) ;
#1752 = ORIENTED_EDGE ( 'NONE', *, *, #850, .T. ) ;
#1753 = AXIS2_PLACEMENT_3D ( 'NONE', #860, #3919, #1751 ) ;
#1754 = FACE_OUTER_BOUND ( 'NONE', #2100, .T. ) ;
#1755 = LINE ( 'NONE', #1462, #1464 ) ;
#1756 = FACE_BOUND ( 'NONE', #3532, .T. ) ;
#1757 = EDGE_LOOP ( 'NONE', ( #327, #2369, #2490, #2028 ) ) ;
#1758 = DIRECTION ( 'NONE',  ( 1.000000000000000000, -0.000000000000000000, -0.000000000000000000 ) ) ;
#1759 = VECTOR ( 'NONE', #2950, 1000.000000000000000 ) ;
#1760 = DIRECTION ( 'NONE',  ( -1.000000000000000000, -0.000000000000000000, -0.000000000000000000 ) ) ;
#1761 = VERTEX_POINT ( 'NONE', #3933 ) ;
#1762 = ADVANCED_FACE ( 'NONE', ( #3847 ), #1451, .T. ) ;
#1763 = ORIENTED_EDGE ( 'NONE', *, *, #3215, .F. ) ;
#1764 = VECTOR ( 'NONE', #1244, 1000.000000000000000 ) ;
#1765 = DIRECTION ( 'NONE',  ( 1.000000000000000000, 0.000000000000000000, 0.000000000000000000 ) ) ;
#1766 = LINE ( 'NONE', #511, #3331 ) ;
#1767 = EDGE_CURVE ( 'NONE', #1608, #3387, #3454, .T. ) ;
#1768 = CARTESIAN_POINT ( 'NONE',  ( -3.999999999999998224, 11.40000000000000036, -3.999999999999998224 ) ) ;
#1769 = VECTOR ( 'NONE', #763, 1000.000000000000000 ) ;
#1770 = AXIS2_PLACEMENT_3D ( 'NONE', #33, #2495, #358 ) ;
#1771 = ORIENTED_EDGE ( 'NONE', *, *, #3815, .F. ) ;
#1772 = ADVANCED_FACE ( 'NONE', ( #2415 ), #492, .T. ) ;
#1773 = DIRECTION ( 'NONE',  ( 0.000000000000000000, -1.000000000000000000, 0.000000000000000000 ) ) ;
#1774 = LINE ( 'NONE', #1815, #3231 ) ;
#1775 = CYLINDRICAL_SURFACE ( 'NONE', #3775, 2.399999999999999023 ) ;
#1776 = EDGE_LOOP ( 'NONE', ( #2918, #3661, #463, #834 ) ) ;
#1777 = AXIS2_PLACEMENT_3D ( 'NONE', #2153, #2733, #2776 ) ;
#1778 = CC_DESIGN_PERSON_AND_ORGANIZATION_ASSIGNMENT ( #1216, #363, ( #2561 ) ) ;
#1779 = LINE ( 'NONE', #2710, #1841 ) ;
#1780 = LINE ( 'NONE', #2075, #2552 ) ;
#1781 = AXIS2_PLACEMENT_3D ( 'NONE', #3102, #2815, #2015 ) ;
#1782 = ORIENTED_EDGE ( 'NONE', *, *, #659, .T. ) ;
#1783 = DIRECTION ( 'NONE',  ( 1.000000000000000000, 0.000000000000000000, -0.000000000000000000 ) ) ;
#1784 = LINE ( 'NONE', #1494, #629 ) ;
#1785 = APPROVAL_PERSON_ORGANIZATION ( #2618, #708, #144 ) ;
#1786 = ORIENTED_EDGE ( 'NONE', *, *, #3538, .F. ) ;
#1787 = ORIENTED_EDGE ( 'NONE', *, *, #438, .T. ) ;
#1788 = EDGE_CURVE ( 'NONE', #3759, #2800, #3572, .T. ) ;
#1789 = VECTOR ( 'NONE', #1298, 1000.000000000000000 ) ;
#1790 = DIRECTION ( 'NONE',  ( -0.000000000000000000, 1.000000000000000000, -0.000000000000000000 ) ) ;
#1791 = DIRECTION ( 'NONE',  ( 0.000000000000000000, -1.000000000000000000, 0.000000000000000000 ) ) ;
#1792 = ORIENTED_EDGE ( 'NONE', *, *, #3551, .F. ) ;
#1793 = CIRCLE ( 'NONE', #2237, 2.399999999999998135 ) ;
#1794 = ORIENTED_EDGE ( 'NONE', *, *, #2362, .F. ) ;
#1795 = VECTOR ( 'NONE', #3702, 1000.000000000000000 ) ;
#1796 = DIRECTION ( 'NONE',  ( -0.000000000000000000, -1.000000000000000000, -0.000000000000000000 ) ) ;
#1797 = CIRCLE ( 'NONE', #3908, 2.399999999999999467 ) ;
#1798 = AXIS2_PLACEMENT_3D ( 'NONE', #1424, #2629, #812 ) ;
#1799 = DIRECTION ( 'NONE',  ( 0.000000000000000000, -1.000000000000000000, 0.000000000000000000 ) ) ;
#1800 = EDGE_LOOP ( 'NONE', ( #862, #2913, #3158, #3330, #1047, #309, #3928, #2820 ) ) ;
#1801 = EDGE_CURVE ( 'NONE', #3560, #3091, #2394, .T. ) ;
#1802 = VECTOR ( 'NONE', #1765, 1000.000000000000000 ) ;
#1803 = DIRECTION ( 'NONE',  ( 0.000000000000000000, 0.000000000000000000, -1.000000000000000000 ) ) ;
#1804 = ORIENTED_EDGE ( 'NONE', *, *, #1677, .T. ) ;
#1805 = ADVANCED_FACE ( 'NONE', ( #2085 ), #1747, .F. ) ;
#1806 = CYLINDRICAL_SURFACE ( 'NONE', #3773, 2.050000000000000266 ) ;
#1807 = CARTESIAN_POINT ( 'NONE',  ( -3.999999999999998224, 10.30000000000000071, -2.700000000000000178 ) ) ;
#1808 = CARTESIAN_POINT ( 'NONE',  ( 0.000000000000000000, 8.599999999999999645, 0.000000000000000000 ) ) ;
#1809 = VERTEX_POINT ( 'NONE', #1430 ) ;
#1810 = ORIENTED_EDGE ( 'NONE', *, *, #1930, .T. ) ;
#1811 = DIRECTION ( 'NONE',  ( 0.000000000000000000, -1.000000000000000000, 0.000000000000000000 ) ) ;
#1812 = FACE_OUTER_BOUND ( 'NONE', #2074, .T. ) ;
#1813 = ORIENTED_EDGE ( 'NONE', *, *, #3466, .T. ) ;
#1814 = LINE ( 'NONE', #3034, #667 ) ;
#1815 = CARTESIAN_POINT ( 'NONE',  ( 15.90000000000000391, 9.599999999999999645, -7.900000000000000355 ) ) ;
#1816 = EDGE_CURVE ( 'NONE', #3283, #493, #3329, .T. ) ;
#1817 = VERTEX_POINT ( 'NONE', #1498 ) ;
#1818 = CARTESIAN_POINT ( 'NONE',  ( 3.999999999999994671, 11.40000000000000036, 1.600000000000005862 ) ) ;
#1819 = EDGE_LOOP ( 'NONE', ( #2424, #1586, #3665, #2209 ) ) ;
#1820 = CARTESIAN_POINT ( 'NONE',  ( 0.5499999999999967137, 8.599999999999996092, 6.700000000000000178 ) ) ;
#1821 = AXIS2_PLACEMENT_3D ( 'NONE', #1612, #2822, #2205 ) ;
#1822 = EDGE_CURVE ( 'NONE', #1011, #1570, #817, .T. ) ;
#1823 = DIRECTION ( 'NONE',  ( -0.000000000000000000, 1.000000000000000000, -0.000000000000000000 ) ) ;
#1824 = EDGE_CURVE ( 'NONE', #784, #2449, #2694, .T. ) ;
#1825 = ORIENTED_EDGE ( 'NONE', *, *, #2749, .T. ) ;
#1826 = ORIENTED_EDGE ( 'NONE', *, *, #1477, .T. ) ;
#1827 = DIRECTION ( 'NONE',  ( -0.000000000000000000, 1.000000000000000000, -0.000000000000000000 ) ) ;
#1828 = VERTEX_POINT ( 'NONE', #3866 ) ;
#1829 = EDGE_LOOP ( 'NONE', ( #991, #967, #3818, #1156 ) ) ;
#1830 = VECTOR ( 'NONE', #2323, 1000.000000000000000 ) ;
#1831 = LINE ( 'NONE', #299, #3494 ) ;
#1832 = DIRECTION ( 'NONE',  ( -0.000000000000000000, 0.000000000000000000, 1.000000000000000000 ) ) ;
#1833 = VECTOR ( 'NONE', #3497, 1000.000000000000000 ) ;
#1834 = DIRECTION ( 'NONE',  ( -0.000000000000000000, 1.000000000000000000, -0.000000000000000000 ) ) ;
#1835 = ORIENTED_EDGE ( 'NONE', *, *, #1609, .T. ) ;
#1836 = DIRECTION ( 'NONE',  ( 8.673617379884051249E-15, 0.000000000000000000, -1.000000000000000000 ) ) ;
#1837 = ADVANCED_FACE ( 'NONE', ( #1812 ), #3032, .T. ) ;
#1838 = APPROVAL_STATUS ( 'not_yet_approved' ) ;
#1839 = ORIENTED_EDGE ( 'NONE', *, *, #2929, .T. ) ;
#1840 = DIRECTION ( 'NONE',  ( 0.000000000000000000, 0.000000000000000000, 1.000000000000000000 ) ) ;
#1841 = VECTOR ( 'NONE', #622, 1000.000000000000000 ) ;
#1842 = DIRECTION ( 'NONE',  ( 8.673617379884051249E-15, 0.000000000000000000, 1.000000000000000000 ) ) ;
#1843 = ORIENTED_EDGE ( 'NONE', *, *, #390, .T. ) ;
#1844 = PLANE ( 'NONE',  #3214 ) ;
#1845 = ORIENTED_EDGE ( 'NONE', *, *, #2338, .F. ) ;
#1846 = VECTOR ( 'NONE', #269, 1000.000000000000000 ) ;
#1847 = EDGE_LOOP ( 'NONE', ( #3020, #1065 ) ) ;
#1848 = EDGE_LOOP ( 'NONE', ( #3018, #1893, #3148, #2290 ) ) ;
#1849 = DIRECTION ( 'NONE',  ( 0.000000000000000000, -1.000000000000000000, 0.000000000000000000 ) ) ;
#1850 = DIRECTION ( 'NONE',  ( 0.000000000000000000, 0.000000000000000000, 1.000000000000000000 ) ) ;
#1851 = AXIS2_PLACEMENT_3D ( 'NONE', #2169, #1001, #3453 ) ;
#1852 = CARTESIAN_POINT ( 'NONE',  ( 11.39999999999999858, 9.816552506059649019, 6.700000000000000178 ) ) ;
#1853 = ORIENTED_EDGE ( 'NONE', *, *, #1195, .T. ) ;
#1854 = AXIS2_PLACEMENT_3D ( 'NONE', #2180, #3406, #3084 ) ;
#1855 = CARTESIAN_POINT ( 'NONE',  ( -11.99999999999999289, 15.07695526217004733, -2.699999999999998401 ) ) ;
#1856 = VECTOR ( 'NONE', #1102, 1000.000000000000000 ) ;
#1857 = AXIS2_PLACEMENT_3D ( 'NONE', #471, #1389, #2249 ) ;
#1858 = CARTESIAN_POINT ( 'NONE',  ( 12.59999999999999964, 8.599999999999999645, 6.500000000000000888 ) ) ;
#1859 = CARTESIAN_POINT ( 'NONE',  ( -11.99999999999999289, 11.40000000000000036, -6.399999999999997691 ) ) ;
#1860 = ORIENTED_EDGE ( 'NONE', *, *, #1081, .F. ) ;
#1861 = PLANE ( 'NONE',  #3015 ) ;
#1862 = CARTESIAN_POINT ( 'NONE',  ( 0.000000000000000000, 0.000000000000000000, 3.250000000000000444 ) ) ;
#1863 = CARTESIAN_POINT ( 'NONE',  ( -11.99999999999999289, 10.30000000000000071, -3.999999999999998224 ) ) ;
#1864 = EDGE_LOOP ( 'NONE', ( #1417, #477, #3376, #1496 ) ) ;
#1865 = CARTESIAN_POINT ( 'NONE',  ( 3.399999999999998579, 9.816552506059649019, -6.700000000000000178 ) ) ;
#1866 = EDGE_CURVE ( 'NONE', #852, #1710, #1478, .T. ) ;
#1867 = ORIENTED_EDGE ( 'NONE', *, *, #2058, .F. ) ;
#1868 = ORIENTED_EDGE ( 'NONE', *, *, #3449, .F. ) ;
#1869 = EDGE_CURVE ( 'NONE', #2734, #1019, #2496, .T. ) ;
#1870 = VERTEX_POINT ( 'NONE', #3253 ) ;
#1871 = ADVANCED_FACE ( 'NONE', ( #1728 ), #241, .F. ) ;
#1872 = DIRECTION ( 'NONE',  ( 0.000000000000000000, -1.000000000000000000, 0.000000000000000000 ) ) ;
#1873 = LINE ( 'NONE', #943, #3831 ) ;
#1874 = CARTESIAN_POINT ( 'NONE',  ( -14.49999999999999645, 8.599999999999996092, 6.700000000000000178 ) ) ;
#1875 = EDGE_LOOP ( 'NONE', ( #302, #2277, #3480, #2672, #1881, #2263, #914, #2863 ) ) ;
#1876 = APPROVAL_DATE_TIME ( #2480, #1941 ) ;
#1877 = ORIENTED_EDGE ( 'NONE', *, *, #3266, .T. ) ;
#1878 = FACE_BOUND ( 'NONE', #1847, .T. ) ;
#1879 = LINE ( 'NONE', #291, #1540 ) ;
#1880 = DIRECTION ( 'NONE',  ( 8.673617379884051249E-15, 0.000000000000000000, 1.000000000000000000 ) ) ;
#1881 = ORIENTED_EDGE ( 'NONE', *, *, #2903, .T. ) ;
#1882 = PLANE ( 'NONE',  #2093 ) ;
#1883 = VERTEX_POINT ( 'NONE', #1474 ) ;
#1884 = ADVANCED_FACE ( 'NONE', ( #2375 ), #553, .T. ) ;
#1885 = ORIENTED_EDGE ( 'NONE', *, *, #1242, .F. ) ;
#1886 = CIRCLE ( 'NONE', #153, 1.300000000000000044 ) ;
#1887 = ORIENTED_EDGE ( 'NONE', *, *, #2755, .F. ) ;
#1888 = DIRECTION ( 'NONE',  ( 0.000000000000000000, -1.000000000000000000, 0.000000000000000000 ) ) ;
#1889 = CARTESIAN_POINT ( 'NONE',  ( 12.60000000000000142, 8.599999999999999645, -6.700000000000000178 ) ) ;
#1890 = DIRECTION ( 'NONE',  ( -0.000000000000000000, 1.000000000000000000, -0.000000000000000000 ) ) ;
#1891 = ORIENTED_EDGE ( 'NONE', *, *, #2283, .T. ) ;
#1892 = VECTOR ( 'NONE', #1422, 1000.000000000000000 ) ;
#1893 = ORIENTED_EDGE ( 'NONE', *, *, #2058, .T. ) ;
#1894 = LINE ( 'NONE', #1028, #3525 ) ;
#1895 = AXIS2_PLACEMENT_3D ( 'NONE', #2843, #1872, #3093 ) ;
#1896 = CARTESIAN_POINT ( 'NONE',  ( 3.999999999999991562, 11.40000000000000036, -1.600000000000008527 ) ) ;
#1897 = FACE_OUTER_BOUND ( 'NONE', #3197, .T. ) ;
#1898 = VERTEX_POINT ( 'NONE', #3593 ) ;
#1899 = DIRECTION ( 'NONE',  ( 0.000000000000000000, 0.000000000000000000, -1.000000000000000000 ) ) ;
#1900 = EDGE_LOOP ( 'NONE', ( #482, #3681 ) ) ;
#1901 = AXIS2_PLACEMENT_3D ( 'NONE', #973, #369, #1842 ) ;
#1902 = AXIS2_PLACEMENT_3D ( 'NONE', #1580, #2193, #2440 ) ;
#1903 = VERTEX_POINT ( 'NONE', #838 ) ;
#1904 = EDGE_CURVE ( 'NONE', #1301, #2082, #3411, .T. ) ;
#1905 = CARTESIAN_POINT ( 'NONE',  ( 11.99999999999998579, 15.07695526217004733, -5.300000000000016698 ) ) ;
#1906 = DIRECTION ( 'NONE',  ( 8.673617379884051249E-15, 0.000000000000000000, -1.000000000000000000 ) ) ;
#1907 = PLANE ( 'NONE',  #1978 ) ;
#1908 = ADVANCED_FACE ( 'NONE', ( #2203 ), #3651, .T. ) ;
#1909 = ORIENTED_EDGE ( 'NONE', *, *, #470, .F. ) ;
#1910 = VERTEX_POINT ( 'NONE', #1554 ) ;
#1911 = DIRECTION ( 'NONE',  ( 0.000000000000000000, -1.000000000000000000, 0.000000000000000000 ) ) ;
#1912 = AXIS2_PLACEMENT_3D ( 'NONE', #1039, #1062, #1350 ) ;
#1913 = VECTOR ( 'NONE', #3716, 1000.000000000000000 ) ;
#1914 = EDGE_CURVE ( 'NONE', #2641, #1714, #2779, .T. ) ;
#1915 = LINE ( 'NONE', #3482, #2889 ) ;
#1916 = VECTOR ( 'NONE', #3717, 1000.000000000000000 ) ;
#1917 = ADVANCED_FACE ( 'NONE', ( #2247 ), #2206, .T. ) ;
#1918 = FACE_BOUND ( 'NONE', #1495, .T. ) ;
#1919 = VERTEX_POINT ( 'NONE', #100 ) ;
#1920 = VECTOR ( 'NONE', #1911, 1000.000000000000000 ) ;
#1921 = VERTEX_POINT ( 'NONE', #338 ) ;
#1922 = DIRECTION ( 'NONE',  ( 0.000000000000000000, -1.000000000000000000, 0.000000000000000000 ) ) ;
#1923 = PLANE ( 'NONE',  #793 ) ;
#1924 = EDGE_LOOP ( 'NONE', ( #2661, #1845 ) ) ;
#1925 = CARTESIAN_POINT ( 'NONE',  ( -14.49999999999999645, 8.599999999999996092, 6.700000000000000178 ) ) ;
#1926 = CARTESIAN_POINT ( 'NONE',  ( 3.400000000000000355, 0.000000000000000000, -6.500000000000000888 ) ) ;
#1927 = ORIENTED_EDGE ( 'NONE', *, *, #3457, .F. ) ;
#1928 = DIRECTION ( 'NONE',  ( 0.000000000000000000, 0.000000000000000000, -1.000000000000000000 ) ) ;
#1929 = DIRECTION ( 'NONE',  ( -8.673617379884051249E-15, -0.000000000000000000, -1.000000000000000000 ) ) ;
#1930 = EDGE_CURVE ( 'NONE', #499, #3092, #181, .T. ) ;
#1931 = EDGE_LOOP ( 'NONE', ( #2137, #3711 ) ) ;
#1932 = CARTESIAN_POINT ( 'NONE',  ( -14.49999999999999645, 0.000000000000000000, 6.700000000000000178 ) ) ;
#1933 = DIRECTION ( 'NONE',  ( -1.000000000000000000, 0.000000000000000000, -0.000000000000000000 ) ) ;
#1934 = FACE_OUTER_BOUND ( 'NONE', #3959, .T. ) ;
#1935 = ORIENTED_EDGE ( 'NONE', *, *, #2898, .F. ) ;
#1936 = EDGE_CURVE ( 'NONE', #692, #1737, #674, .T. ) ;
#1937 = CARTESIAN_POINT ( 'NONE',  ( -8.000000000000000000, 8.599999999999999645, 3.249999999999999556 ) ) ;
#1938 = EDGE_CURVE ( 'NONE', #917, #1674, #57, .T. ) ;
#1939 = LINE ( 'NONE', #3189, #3944 ) ;
#1940 = ORIENTED_EDGE ( 'NONE', *, *, #3287, .T. ) ;
#1941 = APPROVAL ( #1272, 'UNSPECIFIED' ) ;
#1942 = DIRECTION ( 'NONE',  ( -0.000000000000000000, 1.000000000000000000, -0.000000000000000000 ) ) ;
#1943 = DIRECTION ( 'NONE',  ( 0.000000000000000000, 0.000000000000000000, 1.000000000000000000 ) ) ;
#1944 = DIRECTION ( 'NONE',  ( 0.000000000000000000, -1.000000000000000000, 0.000000000000000000 ) ) ;
#1945 = ORIENTED_EDGE ( 'NONE', *, *, #3046, .T. ) ;
#1946 = LINE ( 'NONE', #402, #2743 ) ;
#1947 = DIRECTION ( 'NONE',  ( 0.000000000000000000, 0.000000000000000000, -1.000000000000000000 ) ) ;
#1948 = DIRECTION ( 'NONE',  ( -0.000000000000000000, -0.000000000000000000, 1.000000000000000000 ) ) ;
#1949 = DIRECTION ( 'NONE',  ( 0.000000000000000000, 0.000000000000000000, -1.000000000000000000 ) ) ;
#1950 = ADVANCED_FACE ( 'NONE', ( #1594 ), #3417, .F. ) ;
#1951 = AXIS2_PLACEMENT_3D ( 'NONE', #1018, #2244, #691 ) ;
#1952 = CARTESIAN_POINT ( 'NONE',  ( -14.49999999999999645, 8.599999999999996092, 6.700000000000000178 ) ) ;
#1953 = VERTEX_POINT ( 'NONE', #2227 ) ;
#1954 = AXIS2_PLACEMENT_3D ( 'NONE', #3697, #2505, #1232 ) ;
#1955 = CARTESIAN_POINT ( 'NONE',  ( -14.49999999999999645, 8.599999999999996092, -6.700000000000000178 ) ) ;
#1956 = AXIS2_PLACEMENT_3D ( 'NONE', #1014, #3230, #1056 ) ;
#1957 = DIRECTION ( 'NONE',  ( -0.000000000000000000, -1.000000000000000000, -0.000000000000000000 ) ) ;
#1958 = EDGE_LOOP ( 'NONE', ( #2529, #1581, #2718, #2427 ) ) ;
#1959 = AXIS2_PLACEMENT_3D ( 'NONE', #2184, #1323, #2817 ) ;
#1960 = AXIS2_PLACEMENT_3D ( 'NONE', #1231, #2456, #540 ) ;
#1961 = EDGE_CURVE ( 'NONE', #1953, #1599, #2785, .T. ) ;
#1962 = CARTESIAN_POINT ( 'NONE',  ( 4.600000000000001421, 8.599999999999999645, 6.700000000000000178 ) ) ;
#1963 = CARTESIAN_POINT ( 'NONE',  ( -8.000000000000000000, 8.599999999999999645, 0.000000000000000000 ) ) ;
#1964 = DIRECTION ( 'NONE',  ( 0.000000000000000000, 0.000000000000000000, -1.000000000000000000 ) ) ;
#1965 = ORIENTED_EDGE ( 'NONE', *, *, #272, .T. ) ;
#1966 = CARTESIAN_POINT ( 'NONE',  ( 3.999999999999991562, 8.599999999999999645, -2.700000000000008171 ) ) ;
#1967 = AXIS2_PLACEMENT_3D ( 'NONE', #3798, #3545, #1074 ) ;
#1968 = CARTESIAN_POINT ( 'NONE',  ( 3.999999999999994671, 8.599999999999999645, 5.300000000000004263 ) ) ;
#1969 = ORIENTED_EDGE ( 'NONE', *, *, #1320, .F. ) ;
#1970 = DIRECTION ( 'NONE',  ( -0.000000000000000000, 1.000000000000000000, -0.000000000000000000 ) ) ;
#1971 = CARTESIAN_POINT ( 'NONE',  ( 14.49999999999999112, 8.599999999999996092, 4.599999999999996980 ) ) ;
#1972 = CARTESIAN_POINT ( 'NONE',  ( -3.400000000000000355, 0.000000000000000000, 6.500000000000000888 ) ) ;
#1973 = AXIS2_PLACEMENT_3D ( 'NONE', #2906, #989, #1933 ) ;
#1974 = VERTEX_POINT ( 'NONE', #1021 ) ;
#1975 = DIRECTION ( 'NONE',  ( -1.000000000000000000, 0.000000000000000000, -8.673617379884051249E-15 ) ) ;
#1976 = DIRECTION ( 'NONE',  ( 0.000000000000000000, 0.000000000000000000, -1.000000000000000000 ) ) ;
#1977 = AXIS2_PLACEMENT_3D ( 'NONE', #3315, #2995, #3888 ) ;
#1978 = AXIS2_PLACEMENT_3D ( 'NONE', #1852, #3418, #1614 ) ;
#1979 = FACE_OUTER_BOUND ( 'NONE', #92, .T. ) ;
#1980 = AXIS2_PLACEMENT_3D ( 'NONE', #2255, #2868, #2833 ) ;
#1981 = AXIS2_PLACEMENT_3D ( 'NONE', #2242, #2586, #464 ) ;
#1982 = AXIS2_PLACEMENT_3D ( 'NONE', #1600, #703, #3405 ) ;
#1983 = EDGE_CURVE ( 'NONE', #893, #1479, #1246, .T. ) ;
#1984 = ORIENTED_EDGE ( 'NONE', *, *, #2150, .T. ) ;
#1985 = VECTOR ( 'NONE', #3160, 1000.000000000000000 ) ;
#1986 = CARTESIAN_POINT ( 'NONE',  ( 0.5500000000000032641, 8.599999999999999645, 5.531002387172462101E-16 ) ) ;
#1987 = LINE ( 'NONE', #437, #2885 ) ;
#1988 = EDGE_CURVE ( 'NONE', #3688, #499, #2859, .T. ) ;
#1989 = DIRECTION ( 'NONE',  ( 0.000000000000000000, -1.000000000000000000, 0.000000000000000000 ) ) ;
#1990 = EDGE_LOOP ( 'NONE', ( #592, #1555, #3012, #2717 ) ) ;
#1991 = PLANE ( 'NONE',  #3438 ) ;
#1992 = EDGE_CURVE ( 'NONE', #1153, #3436, #2823, .T. ) ;
#1993 = CARTESIAN_POINT ( 'NONE',  ( -3.400000000000000355, 8.599999999999999645, 6.500000000000000888 ) ) ;
#1994 = ORIENTED_EDGE ( 'NONE', *, *, #1713, .T. ) ;
#1995 = ORIENTED_EDGE ( 'NONE', *, *, #906, .T. ) ;
#1996 = CARTESIAN_POINT ( 'NONE',  ( 11.99999999999998579, 11.40000000000000036, -1.600000000000019407 ) ) ;
#1997 = DIRECTION ( 'NONE',  ( 0.000000000000000000, -1.000000000000000000, 0.000000000000000000 ) ) ;
#1998 = CARTESIAN_POINT ( 'NONE',  ( 11.99999999999999289, 11.40000000000000036, 6.400000000000015454 ) ) ;
#1999 = ORIENTED_EDGE ( 'NONE', *, *, #3896, .F. ) ;
#2000 = CARTESIAN_POINT ( 'NONE',  ( 14.49999999999999112, 0.000000000000000000, -6.700000000000000178 ) ) ;
#2001 = PLANE ( 'NONE',  #1956 ) ;
#2002 = CARTESIAN_POINT ( 'NONE',  ( 0.5500000000000049294, 8.599999999999999645, -8.296503580758717310E-16 ) ) ;
#2003 = ORIENTED_EDGE ( 'NONE', *, *, #3901, .F. ) ;
#2004 = EDGE_CURVE ( 'NONE', #2909, #3061, #1873, .T. ) ;
#2005 = DIRECTION ( 'NONE',  ( -0.000000000000000000, 1.000000000000000000, -0.000000000000000000 ) ) ;
#2006 = VECTOR ( 'NONE', #1888, 1000.000000000000000 ) ;
#2007 = DIRECTION ( 'NONE',  ( 0.000000000000000000, -1.000000000000000000, 0.000000000000000000 ) ) ;
#2008 = FACE_OUTER_BOUND ( 'NONE', #3029, .T. ) ;
#2009 = EDGE_LOOP ( 'NONE', ( #2747, #3510, #2963, #1969 ) ) ;
#2010 = CARTESIAN_POINT ( 'NONE',  ( -4.600000000000001421, 9.816552506059649019, -6.700000000000000178 ) ) ;
#2011 = ORIENTED_EDGE ( 'NONE', *, *, #254, .F. ) ;
#2012 = ORIENTED_EDGE ( 'NONE', *, *, #3918, .F. ) ;
#2013 = CARTESIAN_POINT ( 'NONE',  ( -0.5500000000000000444, -9.192388155425119223, 3.203123475609393367 ) ) ;
#2014 = CARTESIAN_POINT ( 'NONE',  ( 0.000000000000000000, -9.192388155425119223, 0.000000000000000000 ) ) ;
#2015 = DIRECTION ( 'NONE',  ( 1.508455196501571429E-15, 0.000000000000000000, 1.000000000000000000 ) ) ;
#2016 = ORIENTED_EDGE ( 'NONE', *, *, #2882, .F. ) ;
#2017 = DIRECTION ( 'NONE',  ( -0.000000000000000000, 1.000000000000000000, -0.000000000000000000 ) ) ;
#2018 = ADVANCED_FACE ( 'NONE', ( #3133 ), #1806, .F. ) ;
#2019 = FACE_OUTER_BOUND ( 'NONE', #3180, .T. ) ;
#2020 = PLANE ( 'NONE',  #2175 ) ;
#2021 = DIRECTION ( 'NONE',  ( -1.508455196501571429E-15, 0.000000000000000000, -1.000000000000000000 ) ) ;
#2022 = AXIS2_PLACEMENT_3D ( 'NONE', #3471, #2873, #709 ) ;
#2023 = VERTEX_POINT ( 'NONE', #78 ) ;
#2024 = LINE ( 'NONE', #2636, #1802 ) ;
#2025 = LINE ( 'NONE', #121, #1856 ) ;
#2026 = ADVANCED_FACE ( 'NONE', ( #380 ), #3752, .T. ) ;
#2027 = DIRECTION ( 'NONE',  ( 0.000000000000000000, 0.000000000000000000, -1.000000000000000000 ) ) ;
#2028 = ORIENTED_EDGE ( 'NONE', *, *, #2362, .T. ) ;
#2029 = VECTOR ( 'NONE', #45, 1000.000000000000000 ) ;
#2030 = LINE ( 'NONE', #2658, #3806 ) ;
#2031 = ORIENTED_EDGE ( 'NONE', *, *, #395, .F. ) ;
#2032 = EDGE_CURVE ( 'NONE', #1647, #830, #2824, .T. ) ;
#2033 = AXIS2_PLACEMENT_3D ( 'NONE', #2038, #2116, #3026 ) ;
#2034 = VERTEX_POINT ( 'NONE', #3400 ) ;
#2035 = ADVANCED_FACE ( 'NONE', ( #3078 ), #640, .T. ) ;
#2036 = DIRECTION ( 'NONE',  ( 0.000000000000000000, 0.000000000000000000, -1.000000000000000000 ) ) ;
#2037 = CARTESIAN_POINT ( 'NONE',  ( 3.999999999999991562, 11.40000000000000036, -4.000000000000005329 ) ) ;
#2038 = CARTESIAN_POINT ( 'NONE',  ( -3.400000000000000355, 9.816552506059649019, -6.500000000000000888 ) ) ;
#2039 = ORIENTED_EDGE ( 'NONE', *, *, #1029, .F. ) ;
#2040 = CARTESIAN_POINT ( 'NONE',  ( -14.49999999999999645, 8.599999999999996092, -6.700000000000000178 ) ) ;
#2041 = EDGE_CURVE ( 'NONE', #1618, #3371, #34, .T. ) ;
#2042 = LINE ( 'NONE', #833, #1759 ) ;
#2043 = EDGE_CURVE ( 'NONE', #1454, #3521, #2760, .T. ) ;
#2044 = ORIENTED_EDGE ( 'NONE', *, *, #3409, .F. ) ;
#2045 = AXIS2_PLACEMENT_3D ( 'NONE', #1808, #3028, #1548 ) ;
#2046 = AXIS2_PLACEMENT_3D ( 'NONE', #3804, #198, #1063 ) ;
#2047 = VECTOR ( 'NONE', #3095, 1000.000000000000000 ) ;
#2048 = CARTESIAN_POINT ( 'NONE',  ( -14.29999999999999716, 8.599999999999999645, 3.399999999999998579 ) ) ;
#2049 = CARTESIAN_POINT ( 'NONE',  ( 3.999999999999991562, 11.40000000000000036, -6.400000000000002132 ) ) ;
#2050 = CARTESIAN_POINT ( 'NONE',  ( -3.999999999999998224, 11.40000000000000036, -3.999999999999998224 ) ) ;
#2051 = VERTEX_POINT ( 'NONE', #139 ) ;
#2052 = ORIENTED_EDGE ( 'NONE', *, *, #3115, .T. ) ;
#2053 = CARTESIAN_POINT ( 'NONE',  ( 11.99999999999998579, 9.599999999999999645, -1.600000000000019407 ) ) ;
#2054 = DIRECTION ( 'NONE',  ( 0.000000000000000000, -1.000000000000000000, 0.000000000000000000 ) ) ;
#2055 = EDGE_LOOP ( 'NONE', ( #566, #3851, #3105, #1342 ) ) ;
#2056 = DIRECTION ( 'NONE',  ( -1.000000000000000000, 0.000000000000000000, 0.000000000000000000 ) ) ;
#2057 = FACE_OUTER_BOUND ( 'NONE', #792, .T. ) ;
#2058 = EDGE_CURVE ( 'NONE', #1883, #422, #3195, .T. ) ;
#2059 = DIRECTION ( 'NONE',  ( 0.000000000000000000, -1.000000000000000000, 0.000000000000000000 ) ) ;
#2060 = ORIENTED_EDGE ( 'NONE', *, *, #2378, .F. ) ;
#2061 = DIRECTION ( 'NONE',  ( 0.000000000000000000, 0.000000000000000000, -1.000000000000000000 ) ) ;
#2062 = FACE_OUTER_BOUND ( 'NONE', #775, .T. ) ;
#2063 = EDGE_CURVE ( 'NONE', #3745, #3356, #1793, .T. ) ;
#2064 = ORIENTED_EDGE ( 'NONE', *, *, #896, .T. ) ;
#2065 = EDGE_CURVE ( 'NONE', #3283, #1529, #1987, .T. ) ;
#2066 = VERTEX_POINT ( 'NONE', #3218 ) ;
#2067 = CARTESIAN_POINT ( 'NONE',  ( -0.5500000000000000444, 8.599999999999999645, 3.203123475609393811 ) ) ;
#2068 = CARTESIAN_POINT ( 'NONE',  ( -11.99999999999999289, 8.599999999999999645, -2.699999999999998401 ) ) ;
#2069 = DIRECTION ( 'NONE',  ( 0.000000000000000000, 0.000000000000000000, -1.000000000000000000 ) ) ;
#2070 = ORIENTED_EDGE ( 'NONE', *, *, #2787, .T. ) ;
#2071 = EDGE_CURVE ( 'NONE', #2771, #2693, #690, .T. ) ;
#2072 = CARTESIAN_POINT ( 'NONE',  ( -11.99999999999999289, 11.40000000000000036, -1.599999999999999423 ) ) ;
#2073 = DIRECTION ( 'NONE',  ( -0.000000000000000000, -1.000000000000000000, -0.000000000000000000 ) ) ;
#2074 = EDGE_LOOP ( 'NONE', ( #294, #2538, #559, #2122 ) ) ;
#2075 = CARTESIAN_POINT ( 'NONE',  ( 12.60000000000000142, 9.816552506059649019, 6.700000000000000178 ) ) ;
#2076 = ORIENTED_EDGE ( 'NONE', *, *, #1532, .T. ) ;
#2077 = CARTESIAN_POINT ( 'NONE',  ( -4.000000000000001776, 11.40000000000000036, 1.599999999999998535 ) ) ;
#2078 = ADVANCED_FACE ( 'NONE', ( #3825 ), #2592, .F. ) ;
#2079 = CARTESIAN_POINT ( 'NONE',  ( 12.59999999999999964, 8.599999999999999645, 6.500000000000000888 ) ) ;
#2080 = AXIS2_PLACEMENT_3D ( 'NONE', #183, #337, #1850 ) ;
#2081 = ORIENTED_EDGE ( 'NONE', *, *, #1609, .F. ) ;
#2082 = VERTEX_POINT ( 'NONE', #2900 ) ;
#2083 = CIRCLE ( 'NONE', #599, 2.399999999999997691 ) ;
#2084 = DIRECTION ( 'NONE',  ( 0.000000000000000000, -1.000000000000000000, 0.000000000000000000 ) ) ;
#2085 = FACE_OUTER_BOUND ( 'NONE', #162, .T. ) ;
#2086 = AXIS2_PLACEMENT_3D ( 'NONE', #165, #461, #805 ) ;
#2087 = VECTOR ( 'NONE', #2453, 1000.000000000000000 ) ;
#2088 = ORIENTED_EDGE ( 'NONE', *, *, #3040, .T. ) ;
#2089 = EDGE_CURVE ( 'NONE', #3755, #2342, #2313, .T. ) ;
#2090 = CYLINDRICAL_SURFACE ( 'NONE', #2667, 1.299999999999999156 ) ;
#2091 = CARTESIAN_POINT ( 'NONE',  ( 3.999999999999991562, 15.07695526217004733, -5.300000000000002487 ) ) ;
#2092 = EDGE_LOOP ( 'NONE', ( #1868, #3125, #574, #3848 ) ) ;
#2093 = AXIS2_PLACEMENT_3D ( 'NONE', #1664, #1899, #1013 ) ;
#2094 = DIRECTION ( 'NONE',  ( -0.000000000000000000, 1.000000000000000000, -0.000000000000000000 ) ) ;
#2095 = PLANE ( 'NONE',  #940 ) ;
#2096 = ORIENTED_EDGE ( 'NONE', *, *, #212, .F. ) ;
#2097 = DIRECTION ( 'NONE',  ( 1.000000000000000000, 0.000000000000000000, -8.673617379884051249E-15 ) ) ;
#2098 = CARTESIAN_POINT ( 'NONE',  ( 3.999999999999994671, 9.599999999999999645, 4.000000000000005329 ) ) ;
#2099 = ORIENTED_EDGE ( 'NONE', *, *, #3241, .F. ) ;
#2100 = EDGE_LOOP ( 'NONE', ( #1415, #158, #2147, #2633 ) ) ;
#2101 = EDGE_CURVE ( 'NONE', #2996, #3228, #952, .T. ) ;
#2102 = VECTOR ( 'NONE', #3853, 1000.000000000000000 ) ;
#2103 = CARTESIAN_POINT ( 'NONE',  ( -0.5500000000000035971, 8.599999999999996092, 6.700000000000000178 ) ) ;
#2104 = CARTESIAN_POINT ( 'NONE',  ( 3.999999999999994671, 11.40000000000000036, 4.000000000000005329 ) ) ;
#2105 = ORIENTED_EDGE ( 'NONE', *, *, #1326, .T. ) ;
#2106 = CIRCLE ( 'NONE', #2046, 2.399999999999999023 ) ;
#2107 = AXIS2_PLACEMENT_3D ( 'NONE', #2314, #2917, #2614 ) ;
#2108 = ORIENTED_EDGE ( 'NONE', *, *, #2111, .F. ) ;
#2109 = CARTESIAN_POINT ( 'NONE',  ( 3.999999999999994671, 10.30000000000000071, 2.700000000000006395 ) ) ;
#2110 = CIRCLE ( 'NONE', #2371, 2.399999999999999911 ) ;
#2111 = EDGE_CURVE ( 'NONE', #3468, #2576, #2106, .T. ) ;
#2112 = AXIS2_PLACEMENT_3D ( 'NONE', #3233, #2934, #1410 ) ;
#2113 = LINE ( 'NONE', #824, #2724 ) ;
#2114 = ADVANCED_FACE ( 'NONE', ( #176 ), #1040, .T. ) ;
#2115 = ORIENTED_EDGE ( 'NONE', *, *, #910, .F. ) ;
#2116 = DIRECTION ( 'NONE',  ( 0.000000000000000000, 0.000000000000000000, 1.000000000000000000 ) ) ;
#2117 = VERTEX_POINT ( 'NONE', #3492 ) ;
#2118 = DIRECTION ( 'NONE',  ( -0.000000000000000000, 1.000000000000000000, -0.000000000000000000 ) ) ;
#2119 = EDGE_CURVE ( 'NONE', #3404, #1038, #3201, .T. ) ;
#2120 = EDGE_LOOP ( 'NONE', ( #2870, #1825 ) ) ;
#2121 = LINE ( 'NONE', #3666, #2872 ) ;
#2122 = ORIENTED_EDGE ( 'NONE', *, *, #3535, .F. ) ;
#2123 = DIRECTION ( 'NONE',  ( 0.000000000000000000, 0.000000000000000000, 1.000000000000000000 ) ) ;
#2124 = EDGE_CURVE ( 'NONE', #3300, #3446, #1652, .T. ) ;
#2125 = ORIENTED_EDGE ( 'NONE', *, *, #1988, .T. ) ;
#2126 = CARTESIAN_POINT ( 'NONE',  ( -12.60000000000000142, 8.599999999999996092, 6.700000000000000178 ) ) ;
#2127 = FACE_OUTER_BOUND ( 'NONE', #3288, .T. ) ;
#2128 = DIRECTION ( 'NONE',  ( 8.673617379884051249E-15, 0.000000000000000000, -1.000000000000000000 ) ) ;
#2129 = ORIENTED_EDGE ( 'NONE', *, *, #1904, .F. ) ;
#2130 = CARTESIAN_POINT ( 'NONE',  ( -11.39999999999999858, 9.816552506059649019, -6.700000000000000178 ) ) ;
#2131 = LINE ( 'NONE', #2149, #1644 ) ;
#2132 = FACE_OUTER_BOUND ( 'NONE', #1198, .T. ) ;
#2133 = ORIENTED_EDGE ( 'NONE', *, *, #3161, .T. ) ;
#2134 = DIRECTION ( 'NONE',  ( -1.000000000000000000, 0.000000000000000000, 8.673617379884051249E-15 ) ) ;
#2135 = CARTESIAN_POINT ( 'NONE',  ( -12.00000000000000000, 15.07695526217004733, 3.999999999999998224 ) ) ;
#2136 = CARTESIAN_POINT ( 'NONE',  ( -14.49999999999999645, 9.816552506059649019, -4.599999999999997868 ) ) ;
#2137 = ORIENTED_EDGE ( 'NONE', *, *, #390, .F. ) ;
#2138 = CARTESIAN_POINT ( 'NONE',  ( -11.99999999999999289, 9.599999999999999645, -3.999999999999998224 ) ) ;
#2139 = ORIENTED_EDGE ( 'NONE', *, *, #1031, .T. ) ;
#2140 = ORIENTED_EDGE ( 'NONE', *, *, #3193, .F. ) ;
#2141 = ORIENTED_EDGE ( 'NONE', *, *, #595, .F. ) ;
#2142 = AXIS2_PLACEMENT_3D ( 'NONE', #484, #2964, #2061 ) ;
#2143 = DIRECTION ( 'NONE',  ( 0.000000000000000000, -1.000000000000000000, 0.000000000000000000 ) ) ;
#2144 = LINE ( 'NONE', #2766, #3549 ) ;
#2145 = VECTOR ( 'NONE', #2176, 1000.000000000000000 ) ;
#2146 = PLANE ( 'NONE',  #2564 ) ;
#2147 = ORIENTED_EDGE ( 'NONE', *, *, #2210, .T. ) ;
#2148 = DIRECTION ( 'NONE',  ( 0.000000000000000000, 0.000000000000000000, -1.000000000000000000 ) ) ;
#2149 = CARTESIAN_POINT ( 'NONE',  ( -12.59999999999999964, 0.000000000000000000, -6.500000000000000888 ) ) ;
#2150 = EDGE_CURVE ( 'NONE', #1809, #3560, #712, .T. ) ;
#2151 = ORIENTED_EDGE ( 'NONE', *, *, #2728, .F. ) ;
#2152 = FACE_BOUND ( 'NONE', #1900, .T. ) ;
#2153 = CARTESIAN_POINT ( 'NONE',  ( -14.49999999999999645, 9.816552506059649019, 4.599999999999997868 ) ) ;
#2154 = CARTESIAN_POINT ( 'NONE',  ( -14.29999999999999716, 0.000000000000000000, -3.399999999999998579 ) ) ;
#2155 = VECTOR ( 'NONE', #465, 1000.000000000000000 ) ;
#2156 = FACE_OUTER_BOUND ( 'NONE', #802, .T. ) ;
#2157 = ORIENTED_EDGE ( 'NONE', *, *, #976, .F. ) ;
#2158 = EDGE_CURVE ( 'NONE', #1647, #41, #3518, .T. ) ;
#2159 = ORIENTED_EDGE ( 'NONE', *, *, #2630, .T. ) ;
#2160 = CIRCLE ( 'NONE', #3509, 3.250000000000000444 ) ;
#2161 = EDGE_CURVE ( 'NONE', #3394, #2730, #1708, .T. ) ;
#2162 = CC_DESIGN_SECURITY_CLASSIFICATION ( #113, ( #3060 ) ) ;
#2163 = ORIENTED_EDGE ( 'NONE', *, *, #2328, .F. ) ;
#2164 = EDGE_LOOP ( 'NONE', ( #3068, #3935, #1248, #1273 ) ) ;
#2165 = CARTESIAN_POINT ( 'NONE',  ( 0.000000000000000000, 8.599999999999999645, 0.000000000000000000 ) ) ;
#2166 = VECTOR ( 'NONE', #435, 1000.000000000000000 ) ;
#2167 = CARTESIAN_POINT ( 'NONE',  ( 11.99999999999999289, 8.599999999999999645, 5.300000000000016698 ) ) ;
#2168 = VECTOR ( 'NONE', #1906, 1000.000000000000000 ) ;
#2169 = CARTESIAN_POINT ( 'NONE',  ( 3.999999999999994671, 11.40000000000000036, 4.000000000000005329 ) ) ;
#2170 = VECTOR ( 'NONE', #3455, 1000.000000000000000 ) ;
#2171 = CARTESIAN_POINT ( 'NONE',  ( -8.000000000000000000, 8.599999999999999645, -3.249999999999999556 ) ) ;
#2172 = ORIENTED_EDGE ( 'NONE', *, *, #1961, .T. ) ;
#2173 = VECTOR ( 'NONE', #3385, 1000.000000000000000 ) ;
#2174 = CIRCLE ( 'NONE', #1666, 1.299999999999997380 ) ;
#2175 = AXIS2_PLACEMENT_3D ( 'NONE', #3248, #1444, #2668 ) ;
#2176 = DIRECTION ( 'NONE',  ( 1.000000000000000000, 0.000000000000000000, -0.000000000000000000 ) ) ;
#2177 = CARTESIAN_POINT ( 'NONE',  ( -8.000000000000000000, 8.599999999999999645, -2.050000000000000266 ) ) ;
#2178 = VERTEX_POINT ( 'NONE', #1429 ) ;
#2179 = LINE ( 'NONE', #1315, #2308 ) ;
#2180 = CARTESIAN_POINT ( 'NONE',  ( -12.00000000000000000, 10.30000000000000071, 3.999999999999998224 ) ) ;
#2181 = EDGE_CURVE ( 'NONE', #2800, #422, #2025, .T. ) ;
#2182 = CYLINDRICAL_SURFACE ( 'NONE', #167, 1.300000000000000044 ) ;
#2183 = ORIENTED_EDGE ( 'NONE', *, *, #2657, .T. ) ;
#2184 = CARTESIAN_POINT ( 'NONE',  ( 3.400000000000000355, 9.816552506059649019, -6.500000000000000888 ) ) ;
#2185 = ORIENTED_EDGE ( 'NONE', *, *, #336, .T. ) ;
#2186 = EDGE_CURVE ( 'NONE', #2619, #2800, #3791, .T. ) ;
#2187 = ORIENTED_EDGE ( 'NONE', *, *, #3271, .T. ) ;
#2188 = EDGE_LOOP ( 'NONE', ( #2400, #3222, #1386, #401 ) ) ;
#2189 = CARTESIAN_POINT ( 'NONE',  ( 14.29999999999999716, 0.000000000000000000, 4.599999999999997868 ) ) ;
#2190 = CARTESIAN_POINT ( 'NONE',  ( -12.00000000000000000, 10.30000000000000071, 3.999999999999998224 ) ) ;
#2191 = PLANE ( 'NONE',  #3011 ) ;
#2192 = ORIENTED_EDGE ( 'NONE', *, *, #2688, .T. ) ;
#2193 = DIRECTION ( 'NONE',  ( 0.000000000000000000, 0.000000000000000000, -1.000000000000000000 ) ) ;
#2194 = EDGE_LOOP ( 'NONE', ( #2494, #3323 ) ) ;
#2195 = CARTESIAN_POINT ( 'NONE',  ( 4.600000000000001421, 9.816552506059649019, 6.700000000000000178 ) ) ;
#2196 = CARTESIAN_POINT ( 'NONE',  ( -14.49999999999999645, 0.000000000000000000, -6.700000000000000178 ) ) ;
#2197 = FACE_OUTER_BOUND ( 'NONE', #1223, .T. ) ;
#2198 = VECTOR ( 'NONE', #1209, 1000.000000000000000 ) ;
#2199 = ORIENTED_EDGE ( 'NONE', *, *, #2041, .F. ) ;
#2200 = EDGE_CURVE ( 'NONE', #3191, #1809, #3865, .T. ) ;
#2201 = ORIENTED_EDGE ( 'NONE', *, *, #3364, .T. ) ;
#2202 = EDGE_CURVE ( 'NONE', #253, #3971, #3073, .T. ) ;
#2203 = FACE_OUTER_BOUND ( 'NONE', #1800, .T. ) ;
#2204 = EDGE_LOOP ( 'NONE', ( #442, #1357, #1426, #1550 ) ) ;
#2205 = DIRECTION ( 'NONE',  ( 0.000000000000000000, 0.000000000000000000, -1.000000000000000000 ) ) ;
#2206 = PLANE ( 'NONE',  #3643 ) ;
#2207 = EDGE_CURVE ( 'NONE', #1577, #2693, #2757, .T. ) ;
#2208 = DIRECTION ( 'NONE',  ( 0.000000000000000000, -0.000000000000000000, -1.000000000000000000 ) ) ;
#2209 = ORIENTED_EDGE ( 'NONE', *, *, #1801, .F. ) ;
#2210 = EDGE_CURVE ( 'NONE', #3128, #1393, #2719, .T. ) ;
#2211 = VECTOR ( 'NONE', #810, 1000.000000000000000 ) ;
#2212 = CARTESIAN_POINT ( 'NONE',  ( 0.000000000000000000, 0.000000000000000000, 0.000000000000000000 ) ) ;
#2213 = ORIENTED_EDGE ( 'NONE', *, *, #1621, .F. ) ;
#2214 = CARTESIAN_POINT ( 'NONE',  ( -4.000000000000001776, 11.40000000000000036, 3.999999999999998224 ) ) ;
#2215 = AXIS2_PLACEMENT_3D ( 'NONE', #3787, #2325, #3843 ) ;
#2216 = PLANE ( 'NONE',  #1480 ) ;
#2217 = DIRECTION ( 'NONE',  ( 0.000000000000000000, -1.000000000000000000, 0.000000000000000000 ) ) ;
#2218 = EDGE_LOOP ( 'NONE', ( #957, #1092 ) ) ;
#2219 = CARTESIAN_POINT ( 'NONE',  ( -0.5500000000000000444, 2.299999999999999822, 3.203123475609393811 ) ) ;
#2220 = CARTESIAN_POINT ( 'NONE',  ( -11.39999999999999858, 9.816552506059649019, 6.700000000000000178 ) ) ;
#2221 = VERTEX_POINT ( 'NONE', #2431 ) ;
#2222 = VECTOR ( 'NONE', #135, 1000.000000000000000 ) ;
#2223 = VECTOR ( 'NONE', #3182, 1000.000000000000000 ) ;
#2224 = ORIENTED_EDGE ( 'NONE', *, *, #3757, .F. ) ;
#2225 = EDGE_CURVE ( 'NONE', #3027, #843, #562, .T. ) ;
#2226 = DIRECTION ( 'NONE',  ( 0.000000000000000000, -1.000000000000000000, 0.000000000000000000 ) ) ;
#2227 = CARTESIAN_POINT ( 'NONE',  ( 4.599999999999999645, 0.000000000000000000, -6.500000000000000888 ) ) ;
#2228 = DIRECTION ( 'NONE',  ( 0.000000000000000000, -1.000000000000000000, 0.000000000000000000 ) ) ;
#2229 = EDGE_LOOP ( 'NONE', ( #2566, #1184, #127, #1588 ) ) ;
#2230 = DIRECTION ( 'NONE',  ( 1.000000000000000000, 0.000000000000000000, -0.000000000000000000 ) ) ;
#2231 = EDGE_CURVE ( 'NONE', #2576, #3468, #1144, .T. ) ;
#2232 = LINE ( 'NONE', #1993, #1255 ) ;
#2233 = ORIENTED_EDGE ( 'NONE', *, *, #749, .F. ) ;
#2234 = EDGE_CURVE ( 'NONE', #3228, #3949, #1746, .T. ) ;
#2235 = LINE ( 'NONE', #85, #1483 ) ;
#2236 = AXIS2_PLACEMENT_3D ( 'NONE', #1633, #3790, #1552 ) ;
#2237 = AXIS2_PLACEMENT_3D ( 'NONE', #1388, #3474, #2878 ) ;
#2238 = DIRECTION ( 'NONE',  ( 0.000000000000000000, -1.000000000000000000, 0.000000000000000000 ) ) ;
#2239 = VECTOR ( 'NONE', #3732, 1000.000000000000000 ) ;
#2240 = DIRECTION ( 'NONE',  ( 0.000000000000000000, 0.000000000000000000, 1.000000000000000000 ) ) ;
#2241 = ORIENTED_EDGE ( 'NONE', *, *, #2043, .T. ) ;
#2242 = CARTESIAN_POINT ( 'NONE',  ( 8.000000000000000000, 8.599999999999999645, 0.000000000000000000 ) ) ;
#2243 = CARTESIAN_POINT ( 'NONE',  ( -8.000000000000000000, 0.000000000000000000, -3.249999999999999556 ) ) ;
#2244 = DIRECTION ( 'NONE',  ( 0.000000000000000000, -1.000000000000000000, 0.000000000000000000 ) ) ;
#2245 = ORIENTED_EDGE ( 'NONE', *, *, #3859, .T. ) ;
#2246 = CARTESIAN_POINT ( 'NONE',  ( 4.599999999999999645, 9.816552506059649019, 6.500000000000000888 ) ) ;
#2247 = FACE_OUTER_BOUND ( 'NONE', #2120, .T. ) ;
#2248 = EDGE_CURVE ( 'NONE', #616, #784, #3932, .T. ) ;
#2249 = DIRECTION ( 'NONE',  ( 1.000000000000000000, 0.000000000000000000, -0.000000000000000000 ) ) ;
#2250 = ORIENTED_EDGE ( 'NONE', *, *, #316, .T. ) ;
#2251 = LINE ( 'NONE', #3178, #1833 ) ;
#2252 = DATE_AND_TIME ( #2598, #3255 ) ;
#2253 = ORIENTED_EDGE ( 'NONE', *, *, #267, .T. ) ;
#2254 = DIRECTION ( 'NONE',  ( 0.000000000000000000, 0.000000000000000000, -1.000000000000000000 ) ) ;
#2255 = CARTESIAN_POINT ( 'NONE',  ( -4.000000000000001776, 11.40000000000000036, 3.999999999999998224 ) ) ;
#2256 = DIRECTION ( 'NONE',  ( 0.000000000000000000, 0.000000000000000000, -1.000000000000000000 ) ) ;
#2257 = VERTEX_POINT ( 'NONE', #2349 ) ;
#2258 = DIRECTION ( 'NONE',  ( 1.000000000000000000, 0.000000000000000000, 0.000000000000000000 ) ) ;
#2259 = CARTESIAN_POINT ( 'NONE',  ( 11.39999999999999858, 8.599999999999996092, -6.700000000000000178 ) ) ;
#2260 = CARTESIAN_POINT ( 'NONE',  ( -8.000000000000000000, 0.000000000000000000, 0.000000000000000000 ) ) ;
#2261 = EDGE_CURVE ( 'NONE', #1436, #2897, #3273, .T. ) ;
#2262 = CYLINDRICAL_SURFACE ( 'NONE', #2022, 1.300000000000000044 ) ;
#2263 = ORIENTED_EDGE ( 'NONE', *, *, #3310, .T. ) ;
#2264 = AXIS2_PLACEMENT_3D ( 'NONE', #1503, #1799, #3596 ) ;
#2265 = PRODUCT ( 'CSWA_10_2', 'CSWA_10_2', '', ( #601 ) ) ;
#2266 = PLANE ( 'NONE',  #3450 ) ;
#2267 = DIRECTION ( 'NONE',  ( 0.000000000000000000, 0.000000000000000000, -1.000000000000000000 ) ) ;
#2268 = DIRECTION ( 'NONE',  ( -8.673617379884051249E-15, 0.000000000000000000, 1.000000000000000000 ) ) ;
#2269 = VERTEX_POINT ( 'NONE', #2068 ) ;
#2270 = DIRECTION ( 'NONE',  ( -0.000000000000000000, 1.000000000000000000, -0.000000000000000000 ) ) ;
#2271 = PERSON_AND_ORGANIZATION ( #2443, #171 ) ;
#2272 = ORIENTED_EDGE ( 'NONE', *, *, #2829, .F. ) ;
#2273 = DIRECTION ( 'NONE',  ( 0.000000000000000000, -1.000000000000000000, 0.000000000000000000 ) ) ;
#2274 = CIRCLE ( 'NONE', #2985, 2.399999999999999467 ) ;
#2275 = ADVANCED_FACE ( 'NONE', ( #897 ), #3887, .F. ) ;
#2276 = DIRECTION ( 'NONE',  ( 0.000000000000000000, -1.000000000000000000, 0.000000000000000000 ) ) ;
#2277 = ORIENTED_EDGE ( 'NONE', *, *, #3544, .T. ) ;
#2278 = FACE_OUTER_BOUND ( 'NONE', #475, .T. ) ;
#2279 = LINE ( 'NONE', #3213, #2828 ) ;
#2280 = VECTOR ( 'NONE', #1929, 1000.000000000000000 ) ;
#2281 = PLANE ( 'NONE',  #1391 ) ;
#2282 = CARTESIAN_POINT ( 'NONE',  ( -4.599999999999999645, 8.599999999999999645, 6.500000000000000888 ) ) ;
#2283 = EDGE_CURVE ( 'NONE', #242, #3397, #3395, .T. ) ;
#2284 = EDGE_CURVE ( 'NONE', #2520, #762, #296, .T. ) ;
#2285 = EDGE_LOOP ( 'NONE', ( #2390, #1891 ) ) ;
#2286 = VECTOR ( 'NONE', #2539, 1000.000000000000000 ) ;
#2287 = CARTESIAN_POINT ( 'NONE',  ( -4.000000000000001776, 8.599999999999999645, 3.999999999999998224 ) ) ;
#2288 = DIRECTION ( 'NONE',  ( 0.000000000000000000, -1.000000000000000000, 0.000000000000000000 ) ) ;
#2289 = FACE_OUTER_BOUND ( 'NONE', #2819, .T. ) ;
#2290 = ORIENTED_EDGE ( 'NONE', *, *, #1788, .F. ) ;
#2291 = CARTESIAN_POINT ( 'NONE',  ( 11.99999999999998579, 10.30000000000000071, -4.000000000000017764 ) ) ;
#2292 = LOCAL_TIME ( 23, 59, 32.00000000000000000, #764 ) ;
#2293 = DIRECTION ( 'NONE',  ( 0.000000000000000000, 0.000000000000000000, -1.000000000000000000 ) ) ;
#2294 = ORIENTED_EDGE ( 'NONE', *, *, #3244, .F. ) ;
#2295 = PLANE ( 'NONE',  #3268 ) ;
#2296 = ORIENTED_EDGE ( 'NONE', *, *, #1423, .F. ) ;
#2297 = CARTESIAN_POINT ( 'NONE',  ( -5.204170427930421283E-15, 2.299999999999999822, -6.700000000000000178 ) ) ;
#2298 = CARTESIAN_POINT ( 'NONE',  ( -14.49999999999999645, 8.599999999999996092, 6.700000000000000178 ) ) ;
#2299 = CIRCLE ( 'NONE', #2821, 2.399999999999999467 ) ;
#2300 = ORIENTED_EDGE ( 'NONE', *, *, #2533, .T. ) ;
#2301 = LINE ( 'NONE', #1625, #3712 ) ;
#2302 = VECTOR ( 'NONE', #3252, 1000.000000000000000 ) ;
#2303 = CARTESIAN_POINT ( 'NONE',  ( 11.99999999999999289, 15.07695526217004733, 5.300000000000016698 ) ) ;
#2304 = ADVANCED_FACE ( 'NONE', ( #3953 ), #816, .F. ) ;
#2305 = CIRCLE ( 'NONE', #3135, 1.299999999999997380 ) ;
#2306 = CIRCLE ( 'NONE', #756, 2.399999999999999023 ) ;
#2307 = CIRCLE ( 'NONE', #1981, 3.250000000000000444 ) ;
#2308 = VECTOR ( 'NONE', #3142, 1000.000000000000000 ) ;
#2309 = CARTESIAN_POINT ( 'NONE',  ( -0.5500000000000000444, 2.299999999999999822, -3.249999999999999556 ) ) ;
#2310 = ORIENTED_EDGE ( 'NONE', *, *, #2065, .T. ) ;
#2311 = CIRCLE ( 'NONE', #573, 1.300000000000000044 ) ;
#2312 = LINE ( 'NONE', #453, #2166 ) ;
#2313 = LINE ( 'NONE', #2915, #496 ) ;
#2314 = CARTESIAN_POINT ( 'NONE',  ( -12.59999999999999964, 9.816552506059649019, 6.500000000000000888 ) ) ;
#2315 = VERTEX_POINT ( 'NONE', #2675 ) ;
#2316 = CARTESIAN_POINT ( 'NONE',  ( 14.29999999999999716, 0.000000000000000000, 4.599999999999997868 ) ) ;
#2317 = ORIENTED_EDGE ( 'NONE', *, *, #2942, .F. ) ;
#2318 = VERTEX_POINT ( 'NONE', #3592 ) ;
#2319 = PLANE ( 'NONE',  #373 ) ;
#2320 = PLANE ( 'NONE',  #1650 ) ;
#2321 = CARTESIAN_POINT ( 'NONE',  ( 8.000000000000000000, -9.192388155425119223, 0.000000000000000000 ) ) ;
#2322 = EDGE_LOOP ( 'NONE', ( #2493, #1749, #178, #882, #1052, #3737, #30, #539, #3342, #235, #1432, #2656, #2922, #1927, #1700, #1984, #3096, #347, #3796, #1553, #218, #949, #3145, #1289, #3089, #3879, #1722, #3237, #1241, #1839 ) ) ;
#2323 = DIRECTION ( 'NONE',  ( 0.000000000000000000, -1.000000000000000000, 0.000000000000000000 ) ) ;
#2324 = CARTESIAN_POINT ( 'NONE',  ( 11.99999999999999289, 15.07695526217004733, 4.000000000000017764 ) ) ;
#2325 = DIRECTION ( 'NONE',  ( 0.000000000000000000, -1.000000000000000000, 0.000000000000000000 ) ) ;
#2326 = EDGE_CURVE ( 'NONE', #839, #2709, #1766, .T. ) ;
#2327 = ORIENTED_EDGE ( 'NONE', *, *, #2611, .F. ) ;
#2328 = EDGE_CURVE ( 'NONE', #621, #1238, #2994, .T. ) ;
#2329 = ADVANCED_FACE ( 'NONE', ( #875 ), #2374, .T. ) ;
#2330 = CARTESIAN_POINT ( 'NONE',  ( 3.999999999999994671, 9.599999999999999645, 4.000000000000005329 ) ) ;
#2331 = AXIS2_PLACEMENT_3D ( 'NONE', #2725, #3615, #537 ) ;
#2332 = CARTESIAN_POINT ( 'NONE',  ( 14.49999999999999645, 0.000000000000000000, -3.399999999999998579 ) ) ;
#2333 = CARTESIAN_POINT ( 'NONE',  ( -8.000000000000000000, -9.192388155425119223, 0.000000000000000000 ) ) ;
#2334 = ORIENTED_EDGE ( 'NONE', *, *, #1299, .F. ) ;
#2335 = FACE_OUTER_BOUND ( 'NONE', #1931, .T. ) ;
#2336 = EDGE_CURVE ( 'NONE', #648, #786, #2110, .T. ) ;
#2337 = ORIENTED_EDGE ( 'NONE', *, *, #2461, .F. ) ;
#2338 = EDGE_CURVE ( 'NONE', #2434, #2857, #2174, .T. ) ;
#2339 = ORIENTED_EDGE ( 'NONE', *, *, #2063, .T. ) ;
#2340 = CARTESIAN_POINT ( 'NONE',  ( -4.000000000000001776, 10.30000000000000071, 5.299999999999998046 ) ) ;
#2341 = CARTESIAN_POINT ( 'NONE',  ( 0.000000000000000000, -9.192388155425119223, 0.000000000000000000 ) ) ;
#2342 = VERTEX_POINT ( 'NONE', #1181 ) ;
#2343 = DIRECTION ( 'NONE',  ( 8.673617379884051249E-15, 0.000000000000000000, -1.000000000000000000 ) ) ;
#2344 = CIRCLE ( 'NONE', #2142, 2.050000000000000266 ) ;
#2345 = LINE ( 'NONE', #191, #2406 ) ;
#2346 = VECTOR ( 'NONE', #1997, 1000.000000000000000 ) ;
#2347 = VERTEX_POINT ( 'NONE', #2103 ) ;
#2348 = DIRECTION ( 'NONE',  ( 0.000000000000000000, -1.000000000000000000, 0.000000000000000000 ) ) ;
#2349 = CARTESIAN_POINT ( 'NONE',  ( 14.49999999999998757, 8.599999999999996092, 6.700000000000000178 ) ) ;
#2350 = DIRECTION ( 'NONE',  ( -1.000000000000000000, 0.000000000000000000, -8.673617379884051249E-15 ) ) ;
#2351 = EDGE_CURVE ( 'NONE', #1224, #963, #3334, .T. ) ;
#2352 = EDGE_LOOP ( 'NONE', ( #684, #3155 ) ) ;
#2353 = VECTOR ( 'NONE', #1541, 1000.000000000000000 ) ;
#2354 = CARTESIAN_POINT ( 'NONE',  ( 11.99999999999998579, 8.599999999999999645, -2.700000000000018385 ) ) ;
#2355 = CARTESIAN_POINT ( 'NONE',  ( -14.49999999999999645, 8.599999999999996092, -3.399999999999998579 ) ) ;
#2356 = CARTESIAN_POINT ( 'NONE',  ( -4.000000000000001776, 10.30000000000000071, 3.999999999999998224 ) ) ;
#2357 = AXIS2_PLACEMENT_3D ( 'NONE', #503, #520, #3344 ) ;
#2358 = ORIENTED_EDGE ( 'NONE', *, *, #195, .F. ) ;
#2359 = EDGE_CURVE ( 'NONE', #3024, #3462, #1076, .T. ) ;
#2360 = PLANE ( 'NONE',  #494 ) ;
#2361 = DIRECTION ( 'NONE',  ( -0.000000000000000000, 1.000000000000000000, -0.000000000000000000 ) ) ;
#2362 = EDGE_CURVE ( 'NONE', #3883, #2960, #2527, .T. ) ;
#2363 = FACE_OUTER_BOUND ( 'NONE', #2204, .T. ) ;
#2364 = ORIENTED_EDGE ( 'NONE', *, *, #35, .F. ) ;
#2365 = DIRECTION ( 'NONE',  ( 0.000000000000000000, -1.000000000000000000, 0.000000000000000000 ) ) ;
#2366 = DIRECTION ( 'NONE',  ( -0.000000000000000000, 1.000000000000000000, -0.000000000000000000 ) ) ;
#2367 = DIRECTION ( 'NONE',  ( 0.000000000000000000, -1.000000000000000000, 0.000000000000000000 ) ) ;
#2368 = AXIS2_PLACEMENT_3D ( 'NONE', #575, #1827, #2970 ) ;
#2369 = ORIENTED_EDGE ( 'NONE', *, *, #3090, .F. ) ;
#2370 = AXIS2_PLACEMENT_3D ( 'NONE', #2772, #2118, #3945 ) ;
#2371 = AXIS2_PLACEMENT_3D ( 'NONE', #856, #2084, #3313 ) ;
#2372 = AXIS2_PLACEMENT_3D ( 'NONE', #419, #1653, #761 ) ;
#2373 = CARTESIAN_POINT ( 'NONE',  ( -11.40000000000000036, 0.000000000000000000, -6.700000000000000178 ) ) ;
#2374 = CYLINDRICAL_SURFACE ( 'NONE', #3014, 2.399999999999999467 ) ;
#2375 = FACE_OUTER_BOUND ( 'NONE', #814, .T. ) ;
#2376 = ORIENTED_EDGE ( 'NONE', *, *, #1405, .F. ) ;
#2377 = DIRECTION ( 'NONE',  ( 0.000000000000000000, 0.000000000000000000, 1.000000000000000000 ) ) ;
#2378 = EDGE_CURVE ( 'NONE', #621, #1729, #3743, .T. ) ;
#2379 = LINE ( 'NONE', #2419, #2198 ) ;
#2380 = LINE ( 'NONE', #2741, #2892 ) ;
#2381 = ORIENTED_EDGE ( 'NONE', *, *, #1936, .F. ) ;
#2382 = CARTESIAN_POINT ( 'NONE',  ( -14.29999999999999716, 9.816552506059649019, 4.599999999999997868 ) ) ;
#2383 = DIRECTION ( 'NONE',  ( 0.000000000000000000, 0.000000000000000000, -1.000000000000000000 ) ) ;
#2384 = CARTESIAN_POINT ( 'NONE',  ( 8.000000000000000000, 0.000000000000000000, 0.000000000000000000 ) ) ;
#2385 = VERTEX_POINT ( 'NONE', #3146 ) ;
#2386 = CARTESIAN_POINT ( 'NONE',  ( 14.49999999999999645, 0.000000000000000000, 3.399999999999998579 ) ) ;
#2387 = FACE_OUTER_BOUND ( 'NONE', #3556, .T. ) ;
#2388 = CARTESIAN_POINT ( 'NONE',  ( -3.999999999999998224, 11.40000000000000036, -3.999999999999998224 ) ) ;
#2389 = ORIENTED_EDGE ( 'NONE', *, *, #1332, .T. ) ;
#2390 = ORIENTED_EDGE ( 'NONE', *, *, #2753, .T. ) ;
#2391 = EDGE_CURVE ( 'NONE', #1898, #1436, #152, .T. ) ;
#2392 = LINE ( 'NONE', #175, #1607 ) ;
#2393 = DIRECTION ( 'NONE',  ( 0.000000000000000000, 0.000000000000000000, -1.000000000000000000 ) ) ;
#2394 = LINE ( 'NONE', #2971, #1409 ) ;
#2395 = ORIENTED_EDGE ( 'NONE', *, *, #896, .F. ) ;
#2396 = CARTESIAN_POINT ( 'NONE',  ( 12.59999999999999964, 8.599999999999999645, -6.500000000000000888 ) ) ;
#2397 = CIRCLE ( 'NONE', #653, 1.299999999999999156 ) ;
#2398 = DIRECTION ( 'NONE',  ( 0.000000000000000000, 0.000000000000000000, -1.000000000000000000 ) ) ;
#2399 = DIRECTION ( 'NONE',  ( 0.000000000000000000, 0.000000000000000000, -1.000000000000000000 ) ) ;
#2400 = ORIENTED_EDGE ( 'NONE', *, *, #2351, .F. ) ;
#2401 = CARTESIAN_POINT ( 'NONE',  ( -15.89999999999999680, 9.599999999999999645, 7.900000000000000355 ) ) ;
#2402 = CARTESIAN_POINT ( 'NONE',  ( -4.000000000000001776, 15.07695526217004733, 5.299999999999998046 ) ) ;
#2403 = ORIENTED_EDGE ( 'NONE', *, *, #2761, .T. ) ;
#2404 = DIRECTION ( 'NONE',  ( 1.000000000000000000, -0.000000000000000000, -0.000000000000000000 ) ) ;
#2405 = DIRECTION ( 'NONE',  ( 0.000000000000000000, -1.000000000000000000, 0.000000000000000000 ) ) ;
#2406 = VECTOR ( 'NONE', #1721, 1000.000000000000000 ) ;
#2407 = DIRECTION ( 'NONE',  ( 0.000000000000000000, 0.000000000000000000, -1.000000000000000000 ) ) ;
#2408 = EDGE_CURVE ( 'NONE', #41, #3382, #1682, .T. ) ;
#2409 = ORIENTED_EDGE ( 'NONE', *, *, #2778, .F. ) ;
#2410 = ORIENTED_EDGE ( 'NONE', *, *, #1205, .F. ) ;
#2411 = EDGE_CURVE ( 'NONE', #95, #1737, #1382, .T. ) ;
#2412 = AXIS2_PLACEMENT_3D ( 'NONE', #1148, #281, #2377 ) ;
#2413 = EDGE_CURVE ( 'NONE', #493, #2924, #2301, .T. ) ;
#2414 = DIRECTION ( 'NONE',  ( 0.000000000000000000, -1.000000000000000000, 0.000000000000000000 ) ) ;
#2415 = FACE_OUTER_BOUND ( 'NONE', #818, .T. ) ;
#2416 = ORIENTED_EDGE ( 'NONE', *, *, #1621, .T. ) ;
#2417 = ORIENTED_EDGE ( 'NONE', *, *, #1122, .T. ) ;
#2418 = DIRECTION ( 'NONE',  ( 0.000000000000000000, -1.000000000000000000, 0.000000000000000000 ) ) ;
#2419 = CARTESIAN_POINT ( 'NONE',  ( 3.399999999999998579, 0.000000000000000000, 6.700000000000000178 ) ) ;
#2420 = CARTESIAN_POINT ( 'NONE',  ( -15.89999999999999680, 9.599999999999999645, -7.900000000000000355 ) ) ;
#2421 = ORIENTED_EDGE ( 'NONE', *, *, #98, .T. ) ;
#2422 = CIRCLE ( 'NONE', #3121, 1.299999999999999156 ) ;
#2423 = DIRECTION ( 'NONE',  ( -8.673617379884051249E-15, 0.000000000000000000, -1.000000000000000000 ) ) ;
#2424 = ORIENTED_EDGE ( 'NONE', *, *, #2150, .F. ) ;
#2425 = PLANE ( 'NONE',  #2632 ) ;
#2426 = CARTESIAN_POINT ( 'NONE',  ( 0.5499999999999967137, 2.300000000000003375, 6.700000000000000178 ) ) ;
#2427 = ORIENTED_EDGE ( 'NONE', *, *, #1677, .F. ) ;
#2428 = EDGE_CURVE ( 'NONE', #3573, #2315, #2307, .T. ) ;
#2429 = ORIENTED_EDGE ( 'NONE', *, *, #835, .T. ) ;
#2430 = VECTOR ( 'NONE', #460, 1000.000000000000000 ) ;
#2431 = CARTESIAN_POINT ( 'NONE',  ( 0.5500000000000001554, 8.599999999999999645, -3.203123475609394255 ) ) ;
#2432 = ORIENTED_EDGE ( 'NONE', *, *, #2503, .T. ) ;
#2433 = AXIS2_PLACEMENT_3D ( 'NONE', #2356, #203, #3893 ) ;
#2434 = VERTEX_POINT ( 'NONE', #3800 ) ;
#2435 = DIRECTION ( 'NONE',  ( 0.000000000000000000, 0.000000000000000000, -1.000000000000000000 ) ) ;
#2436 = CIRCLE ( 'NONE', #1668, 2.049999999999999822 ) ;
#2437 = DIRECTION ( 'NONE',  ( 0.000000000000000000, -1.000000000000000000, 0.000000000000000000 ) ) ;
#2438 = LINE ( 'NONE', #921, #1543 ) ;
#2439 = ORIENTED_EDGE ( 'NONE', *, *, #2929, .F. ) ;
#2440 = DIRECTION ( 'NONE',  ( -1.000000000000000000, 0.000000000000000000, -0.000000000000000000 ) ) ;
#2441 = ORIENTED_EDGE ( 'NONE', *, *, #3428, .T. ) ;
#2442 = DIRECTION ( 'NONE',  ( 1.000000000000000000, 0.000000000000000000, 8.673617379884051249E-15 ) ) ;
#2443 = PERSON ( 'UNSPECIFIED', 'UNSPECIFIED', 'UNSPECIFIED', ('UNSPECIFIED'), ('UNSPECIFIED'), ('UNSPECIFIED') ) ;
#2444 = DIRECTION ( 'NONE',  ( -0.000000000000000000, 1.000000000000000000, -0.000000000000000000 ) ) ;
#2445 = CARTESIAN_POINT ( 'NONE',  ( -11.39999999999999858, 8.599999999999999645, -6.700000000000000178 ) ) ;
#2446 = ORIENTED_EDGE ( 'NONE', *, *, #871, .F. ) ;
#2447 = ORIENTED_EDGE ( 'NONE', *, *, #2649, .T. ) ;
#2448 = ORIENTED_EDGE ( 'NONE', *, *, #1083, .T. ) ;
#2449 = VERTEX_POINT ( 'NONE', #2219 ) ;
#2450 = ADVANCED_FACE ( 'NONE', ( #2278 ), #3165, .T. ) ;
#2451 = ADVANCED_FACE ( 'NONE', ( #409 ), #2567, .T. ) ;
#2452 = CARTESIAN_POINT ( 'NONE',  ( -12.60000000000000142, 9.816552506059649019, 6.700000000000000178 ) ) ;
#2453 = DIRECTION ( 'NONE',  ( 0.000000000000000000, 0.000000000000000000, -1.000000000000000000 ) ) ;
#2454 = DIRECTION ( 'NONE',  ( 0.000000000000000000, -1.000000000000000000, 0.000000000000000000 ) ) ;
#2455 = ORIENTED_EDGE ( 'NONE', *, *, #3393, .F. ) ;
#2456 = DIRECTION ( 'NONE',  ( 0.000000000000000000, -1.000000000000000000, 0.000000000000000000 ) ) ;
#2457 = EDGE_CURVE ( 'NONE', #117, #1618, #772, .T. ) ;
#2458 = LINE ( 'NONE', #303, #538 ) ;
#2459 = DIRECTION ( 'NONE',  ( 0.000000000000000000, -1.000000000000000000, 0.000000000000000000 ) ) ;
#2460 = ORIENTED_EDGE ( 'NONE', *, *, #3464, .T. ) ;
#2461 = EDGE_CURVE ( 'NONE', #102, #2909, #2853, .T. ) ;
#2462 = DIRECTION ( 'NONE',  ( 0.000000000000000000, -0.000000000000000000, -1.000000000000000000 ) ) ;
#2463 = CIRCLE ( 'NONE', #716, 1.299999999999999156 ) ;
#2464 = DIRECTION ( 'NONE',  ( 1.000000000000000000, 0.000000000000000000, -0.000000000000000000 ) ) ;
#2465 = CARTESIAN_POINT ( 'NONE',  ( -3.999999999999998224, 11.40000000000000036, -1.600000000000000755 ) ) ;
#2466 = ORIENTED_EDGE ( 'NONE', *, *, #854, .T. ) ;
#2467 = DIRECTION ( 'NONE',  ( -1.000000000000000000, 0.000000000000000000, -0.000000000000000000 ) ) ;
#2468 = EDGE_LOOP ( 'NONE', ( #3402, #666 ) ) ;
#2469 = EDGE_LOOP ( 'NONE', ( #2972, #3835, #2096, #2470 ) ) ;
#2470 = ORIENTED_EDGE ( 'NONE', *, *, #1099, .F. ) ;
#2471 = AXIS2_PLACEMENT_3D ( 'NONE', #3022, #3868, #3614 ) ;
#2472 = CARTESIAN_POINT ( 'NONE',  ( -8.000000000000000000, -9.192388155425119223, 0.000000000000000000 ) ) ;
#2473 = DIRECTION ( 'NONE',  ( -0.000000000000000000, -1.000000000000000000, -0.000000000000000000 ) ) ;
#2474 = VECTOR ( 'NONE', #3539, 1000.000000000000000 ) ;
#2475 = DIRECTION ( 'NONE',  ( 8.673617379884051249E-15, 0.000000000000000000, -1.000000000000000000 ) ) ;
#2476 = EDGE_CURVE ( 'NONE', #3954, #2051, #2713, .T. ) ;
#2477 = CARTESIAN_POINT ( 'NONE',  ( 4.600000000000001421, 9.816552506059649019, -6.700000000000000178 ) ) ;
#2478 = VERTEX_POINT ( 'NONE', #3604 ) ;
#2479 = FACE_OUTER_BOUND ( 'NONE', #2967, .T. ) ;
#2480 = DATE_AND_TIME ( #1252, #3820 ) ;
#2481 = ORIENTED_EDGE ( 'NONE', *, *, #2089, .T. ) ;
#2482 = DIRECTION ( 'NONE',  ( 0.000000000000000000, 0.000000000000000000, 1.000000000000000000 ) ) ;
#2483 = CIRCLE ( 'NONE', #3312, 2.049999999999999822 ) ;
#2484 = EDGE_CURVE ( 'NONE', #1524, #1311, #1441, .T. ) ;
#2485 = LINE ( 'NONE', #2196, #1795 ) ;
#2486 = ADVANCED_FACE ( 'NONE', ( #3584 ), #2928, .F. ) ;
#2487 = CIRCLE ( 'NONE', #362, 1.300000000000000044 ) ;
#2488 = DIRECTION ( 'NONE',  ( 0.000000000000000000, 0.000000000000000000, -1.000000000000000000 ) ) ;
#2489 = ORIENTED_EDGE ( 'NONE', *, *, #2575, .T. ) ;
#2490 = ORIENTED_EDGE ( 'NONE', *, *, #146, .T. ) ;
#2491 = VECTOR ( 'NONE', #3483, 1000.000000000000000 ) ;
#2492 = CC_DESIGN_PERSON_AND_ORGANIZATION_ASSIGNMENT ( #384, #3499, ( #113 ) ) ;
#2493 = ORIENTED_EDGE ( 'NONE', *, *, #2952, .F. ) ;
#2494 = ORIENTED_EDGE ( 'NONE', *, *, #292, .T. ) ;
#2495 = DIRECTION ( 'NONE',  ( -0.000000000000000000, 1.000000000000000000, -0.000000000000000000 ) ) ;
#2496 = CIRCLE ( 'NONE', #1977, 1.299999999999999156 ) ;
#2497 = DIRECTION ( 'NONE',  ( -0.000000000000000000, 1.000000000000000000, -0.000000000000000000 ) ) ;
#2498 = VECTOR ( 'NONE', #3341, 1000.000000000000000 ) ;
#2499 = FACE_OUTER_BOUND ( 'NONE', #3856, .T. ) ;
#2500 = VERTEX_POINT ( 'NONE', #3925 ) ;
#2501 = CIRCLE ( 'NONE', #954, 2.049999999999999822 ) ;
#2502 = AXIS2_PLACEMENT_3D ( 'NONE', #1450, #3914, #261 ) ;
#2503 = EDGE_CURVE ( 'NONE', #521, #893, #1157, .T. ) ;
#2504 = CIRCLE ( 'NONE', #760, 2.399999999999999023 ) ;
#2505 = DIRECTION ( 'NONE',  ( 0.000000000000000000, -1.000000000000000000, 0.000000000000000000 ) ) ;
#2506 = ORIENTED_EDGE ( 'NONE', *, *, #452, .T. ) ;
#2507 = FACE_BOUND ( 'NONE', #593, .T. ) ;
#2508 = CARTESIAN_POINT ( 'NONE',  ( -4.599999999999999645, 0.000000000000000000, -6.500000000000000888 ) ) ;
#2509 = AXIS2_PLACEMENT_3D ( 'NONE', #3172, #2899, #711 ) ;
#2510 = FACE_BOUND ( 'NONE', #1597, .T. ) ;
#2511 = ORIENTED_EDGE ( 'NONE', *, *, #35, .T. ) ;
#2512 = LINE ( 'NONE', #371, #2222 ) ;
#2513 = ORIENTED_EDGE ( 'NONE', *, *, #3589, .T. ) ;
#2514 = ADVANCED_FACE ( 'NONE', ( #2019 ), #3284, .T. ) ;
#2515 = EDGE_LOOP ( 'NONE', ( #2016, #1535, #3719, #2 ) ) ;
#2516 = ORIENTED_EDGE ( 'NONE', *, *, #1222, .F. ) ;
#2517 = CARTESIAN_POINT ( 'NONE',  ( -12.00000000000000000, 10.30000000000000071, 3.999999999999998224 ) ) ;
#2518 = DIRECTION ( 'NONE',  ( -0.000000000000000000, 1.000000000000000000, -0.000000000000000000 ) ) ;
#2519 = CARTESIAN_POINT ( 'NONE',  ( 0.000000000000000000, 0.000000000000000000, 0.000000000000000000 ) ) ;
#2520 = VERTEX_POINT ( 'NONE', #831 ) ;
#2521 = CARTESIAN_POINT ( 'NONE',  ( -15.89999999999999680, 0.000000000000000000, -7.900000000000000355 ) ) ;
#2522 = COORDINATED_UNIVERSAL_TIME_OFFSET ( 5, 30, .AHEAD. ) ;
#2523 = ORIENTED_EDGE ( 'NONE', *, *, #2764, .F. ) ;
#2524 = FACE_OUTER_BOUND ( 'NONE', #3765, .T. ) ;
#2525 = PLANE ( 'NONE',  #1589 ) ;
#2526 = ORIENTED_EDGE ( 'NONE', *, *, #219, .F. ) ;
#2527 = LINE ( 'NONE', #992, #631 ) ;
#2528 = ADVANCED_FACE ( 'NONE', ( #847 ), #3880, .T. ) ;
#2529 = ORIENTED_EDGE ( 'NONE', *, *, #1506, .F. ) ;
#2530 = CARTESIAN_POINT ( 'NONE',  ( -14.49999999999999645, 8.599999999999996092, -6.700000000000000178 ) ) ;
#2531 = ORIENTED_EDGE ( 'NONE', *, *, #1099, .T. ) ;
#2532 = EDGE_CURVE ( 'NONE', #648, #1091, #3324, .T. ) ;
#2533 = EDGE_CURVE ( 'NONE', #3356, #3745, #3175, .T. ) ;
#2534 = LINE ( 'NONE', #1925, #3895 ) ;
#2535 = DIRECTION ( 'NONE',  ( 0.000000000000000000, 1.000000000000000000, -0.000000000000000000 ) ) ;
#2536 = DIRECTION ( 'NONE',  ( 0.000000000000000000, -1.000000000000000000, 0.000000000000000000 ) ) ;
#2537 = PLANE ( 'NONE',  #1665 ) ;
#2538 = ORIENTED_EDGE ( 'NONE', *, *, #1200, .T. ) ;
#2539 = DIRECTION ( 'NONE',  ( -1.000000000000000000, -0.000000000000000000, -0.000000000000000000 ) ) ;
#2540 = CARTESIAN_POINT ( 'NONE',  ( -12.00000000000000000, 10.30000000000000071, 5.299999999999998046 ) ) ;
#2541 = AXIS2_PLACEMENT_3D ( 'NONE', #3956, #729, #1518 ) ;
#2542 = CARTESIAN_POINT ( 'NONE',  ( 3.980102097228897245E-16, -9.192388155425119223, -3.250000000000000444 ) ) ;
#2543 = EDGE_LOOP ( 'NONE', ( #2439, #2403, #583, #1003 ) ) ;
#2544 = PLANE ( 'NONE',  #1973 ) ;
#2545 = CARTESIAN_POINT ( 'NONE',  ( 14.29999999999999716, 8.599999999999999645, -3.399999999999998579 ) ) ;
#2546 = ORIENTED_EDGE ( 'NONE', *, *, #1698, .F. ) ;
#2547 = CARTESIAN_POINT ( 'NONE',  ( -12.60000000000000142, 9.816552506059649019, 6.700000000000000178 ) ) ;
#2548 = DIRECTION ( 'NONE',  ( 0.000000000000000000, 0.000000000000000000, -1.000000000000000000 ) ) ;
#2549 = VECTOR ( 'NONE', #1300, 1000.000000000000000 ) ;
#2550 = EDGE_CURVE ( 'NONE', #714, #2639, #169, .T. ) ;
#2551 = PLANE ( 'NONE',  #3050 ) ;
#2552 = VECTOR ( 'NONE', #564, 1000.000000000000000 ) ;
#2553 = ORIENTED_EDGE ( 'NONE', *, *, #1299, .T. ) ;
#2554 = CARTESIAN_POINT ( 'NONE',  ( 12.59999999999999964, 9.816552506059649019, 6.500000000000000888 ) ) ;
#2555 = CARTESIAN_POINT ( 'NONE',  ( -3.399999999999998579, 8.599999999999999645, -6.700000000000000178 ) ) ;
#2556 = DIRECTION ( 'NONE',  ( 1.000000000000000000, 0.000000000000000000, 0.000000000000000000 ) ) ;
#2557 = ORIENTED_EDGE ( 'NONE', *, *, #2484, .F. ) ;
#2558 = LINE ( 'NONE', #2010, #2474 ) ;
#2559 = ORIENTED_EDGE ( 'NONE', *, *, #20, .T. ) ;
#2560 = AXIS2_PLACEMENT_3D ( 'NONE', #2098, #3623, #3326 ) ;
#2561 = PRODUCT_DEFINITION ( 'UNKNOWN', '', #3060, #3357 ) ;
#2562 = VECTOR ( 'NONE', #3173, 1000.000000000000000 ) ;
#2563 = CARTESIAN_POINT ( 'NONE',  ( 11.99999999999998579, 10.30000000000000071, -2.700000000000018385 ) ) ;
#2564 = AXIS2_PLACEMENT_3D ( 'NONE', #620, #1247, #2208 ) ;
#2565 = DIRECTION ( 'NONE',  ( 0.000000000000000000, 0.000000000000000000, 1.000000000000000000 ) ) ;
#2566 = ORIENTED_EDGE ( 'NONE', *, *, #3040, .F. ) ;
#2567 = PLANE ( 'NONE',  #1085 ) ;
#2568 = CARTESIAN_POINT ( 'NONE',  ( -14.29999999999999716, 9.816552506059649019, 4.599999999999997868 ) ) ;
#2569 = CARTESIAN_POINT ( 'NONE',  ( 14.29999999999999716, 0.000000000000000000, -4.599999999999997868 ) ) ;
#2570 = DIRECTION ( 'NONE',  ( 1.000000000000000000, 0.000000000000000000, 1.005636797667714286E-15 ) ) ;
#2571 = ORIENTED_EDGE ( 'NONE', *, *, #115, .T. ) ;
#2572 = DIRECTION ( 'NONE',  ( -0.000000000000000000, 0.000000000000000000, -1.000000000000000000 ) ) ;
#2573 = CARTESIAN_POINT ( 'NONE',  ( -12.00000000000000000, 10.30000000000000071, 3.999999999999998224 ) ) ;
#2574 = PLANE ( 'NONE',  #2107 ) ;
#2575 = EDGE_CURVE ( 'NONE', #1224, #2500, #1136, .T. ) ;
#2576 = VERTEX_POINT ( 'NONE', #2647 ) ;
#2577 = CARTESIAN_POINT ( 'NONE',  ( 11.99999999999998579, 9.599999999999999645, -4.000000000000017764 ) ) ;
#2578 = FACE_OUTER_BOUND ( 'NONE', #3583, .T. ) ;
#2579 = ORIENTED_EDGE ( 'NONE', *, *, #2550, .T. ) ;
#2580 = EDGE_CURVE ( 'NONE', #1170, #809, #2982, .T. ) ;
#2581 = CARTESIAN_POINT ( 'NONE',  ( 11.99999999999999289, 11.40000000000000036, 4.000000000000017764 ) ) ;
#2582 = EDGE_CURVE ( 'NONE', #1162, #839, #472, .T. ) ;
#2583 = EDGE_CURVE ( 'NONE', #2759, #2178, #3565, .T. ) ;
#2584 = DIRECTION ( 'NONE',  ( 0.000000000000000000, -1.000000000000000000, 0.000000000000000000 ) ) ;
#2585 = ORIENTED_EDGE ( 'NONE', *, *, #3042, .F. ) ;
#2586 = DIRECTION ( 'NONE',  ( 0.000000000000000000, -1.000000000000000000, 0.000000000000000000 ) ) ;
#2587 = CARTESIAN_POINT ( 'NONE',  ( -3.400000000000000355, 0.000000000000000000, -6.500000000000000888 ) ) ;
#2588 = CARTESIAN_POINT ( 'NONE',  ( -8.000000000000000000, 0.000000000000000000, 2.050000000000000266 ) ) ;
#2589 = CARTESIAN_POINT ( 'NONE',  ( -4.000000000000001776, 8.599999999999999645, 5.299999999999998046 ) ) ;
#2590 = ORIENTED_EDGE ( 'NONE', *, *, #3115, .F. ) ;
#2591 = CARTESIAN_POINT ( 'NONE',  ( 3.999999999999994671, 10.30000000000000071, 5.300000000000004263 ) ) ;
#2592 = CYLINDRICAL_SURFACE ( 'NONE', #754, 1.299999999999998268 ) ;
#2593 = DIRECTION ( 'NONE',  ( 1.000000000000000000, 0.000000000000000000, 0.000000000000000000 ) ) ;
#2594 = EDGE_LOOP ( 'NONE', ( #2417, #1752 ) ) ;
#2595 = LINE ( 'NONE', #1372, #107 ) ;
#2596 = CARTESIAN_POINT ( 'NONE',  ( -11.99999999999999289, 9.599999999999999645, -3.999999999999998224 ) ) ;
#2597 = EDGE_CURVE ( 'NONE', #1234, #3372, #790, .T. ) ;
#2598 = CALENDAR_DATE ( 2026, 11, 8 ) ;
#2599 = ORIENTED_EDGE ( 'NONE', *, *, #2836, .F. ) ;
#2600 = ORIENTED_EDGE ( 'NONE', *, *, #535, .T. ) ;
#2601 = CARTESIAN_POINT ( 'NONE',  ( -12.00000000000000000, 10.30000000000000071, 3.999999999999998224 ) ) ;
#2602 = VECTOR ( 'NONE', #2705, 1000.000000000000000 ) ;
#2603 = LINE ( 'NONE', #2298, #2223 ) ;
#2604 = EDGE_LOOP ( 'NONE', ( #3695, #2600, #3114, #3082 ) ) ;
#2605 = CARTESIAN_POINT ( 'NONE',  ( -14.49999999999999645, 9.816552506059649019, -3.399999999999998579 ) ) ;
#2606 = VECTOR ( 'NONE', #126, 1000.000000000000000 ) ;
#2607 = LINE ( 'NONE', #2984, #672 ) ;
#2608 = AXIS2_PLACEMENT_3D ( 'NONE', #2260, #1922, #2548 ) ;
#2609 = EDGE_LOOP ( 'NONE', ( #1843, #3127, #2296, #3369 ) ) ;
#2610 = VECTOR ( 'NONE', #2789, 1000.000000000000000 ) ;
#2611 = EDGE_CURVE ( 'NONE', #3971, #253, #2344, .T. ) ;
#2612 = CARTESIAN_POINT ( 'NONE',  ( -8.000000000000000000, -9.192388155425119223, -2.050000000000000266 ) ) ;
#2613 = DIRECTION ( 'NONE',  ( 0.000000000000000000, 0.000000000000000000, -1.000000000000000000 ) ) ;
#2614 = DIRECTION ( 'NONE',  ( -1.000000000000000000, 0.000000000000000000, -0.000000000000000000 ) ) ;
#2615 = ORIENTED_EDGE ( 'NONE', *, *, #2158, .T. ) ;
#2616 = FACE_OUTER_BOUND ( 'NONE', #1958, .T. ) ;
#2617 = DIRECTION ( 'NONE',  ( 0.000000000000000000, -1.000000000000000000, 0.000000000000000000 ) ) ;
#2618 = PERSON_AND_ORGANIZATION ( #2443, #171 ) ;
#2619 = VERTEX_POINT ( 'NONE', #209 ) ;
#2620 = ORIENTED_EDGE ( 'NONE', *, *, #502, .F. ) ;
#2621 = CARTESIAN_POINT ( 'NONE',  ( -14.29999999999999716, 0.000000000000000000, 4.599999999999997868 ) ) ;
#2622 = EDGE_CURVE ( 'NONE', #3915, #2117, #3304, .T. ) ;
#2623 = CARTESIAN_POINT ( 'NONE',  ( -14.49999999999999645, 41.54620478241506731, -6.700000000000000178 ) ) ;
#2624 = VECTOR ( 'NONE', #2273, 1000.000000000000000 ) ;
#2625 = ORIENTED_EDGE ( 'NONE', *, *, #3669, .F. ) ;
#2626 = CARTESIAN_POINT ( 'NONE',  ( -14.49999999999999645, 9.816552506059649019, -4.599999999999997868 ) ) ;
#2627 = AXIS2_PLACEMENT_3D ( 'NONE', #2758, #3687, #314 ) ;
#2628 = AXIS2_PLACEMENT_3D ( 'NONE', #2333, #796, #3555 ) ;
#2629 = DIRECTION ( 'NONE',  ( 1.000000000000000000, 0.000000000000000000, 0.000000000000000000 ) ) ;
#2630 = EDGE_CURVE ( 'NONE', #3408, #3968, #255, .T. ) ;
#2631 = AXIS2_PLACEMENT_3D ( 'NONE', #3265, #2097, #1097 ) ;
#2632 = AXIS2_PLACEMENT_3D ( 'NONE', #3285, #2442, #867 ) ;
#2633 = ORIENTED_EDGE ( 'NONE', *, *, #1271, .T. ) ;
#2634 = EDGE_CURVE ( 'NONE', #786, #1870, #190, .T. ) ;
#2635 = ADVANCED_FACE ( 'NONE', ( #2335 ), #265, .F. ) ;
#2636 = CARTESIAN_POINT ( 'NONE',  ( 3.400000000000000355, 8.599999999999999645, -6.500000000000000888 ) ) ;
#2637 = DIRECTION ( 'NONE',  ( 0.000000000000000000, 0.000000000000000000, -1.000000000000000000 ) ) ;
#2638 = CARTESIAN_POINT ( 'NONE',  ( 3.999999999999991562, 8.599999999999999645, -4.000000000000005329 ) ) ;
#2639 = VERTEX_POINT ( 'NONE', #2354 ) ;
#2640 = CARTESIAN_POINT ( 'NONE',  ( 3.999999999999991562, 15.07695526217004733, -2.700000000000008171 ) ) ;
#2641 = VERTEX_POINT ( 'NONE', #2396 ) ;
#2642 = ORIENTED_EDGE ( 'NONE', *, *, #3241, .T. ) ;
#2643 = DIRECTION ( 'NONE',  ( 0.000000000000000000, -1.000000000000000000, 0.000000000000000000 ) ) ;
#2644 = DIRECTION ( 'NONE',  ( 0.000000000000000000, -1.000000000000000000, 0.000000000000000000 ) ) ;
#2645 = DIRECTION ( 'NONE',  ( 0.000000000000000000, 0.000000000000000000, 1.000000000000000000 ) ) ;
#2646 = ORIENTED_EDGE ( 'NONE', *, *, #3511, .F. ) ;
#2647 = CARTESIAN_POINT ( 'NONE',  ( -12.00000000000000000, 11.40000000000000036, 6.399999999999997691 ) ) ;
#2648 = LINE ( 'NONE', #2966, #660 ) ;
#2649 = EDGE_CURVE ( 'NONE', #2619, #2051, #2030, .T. ) ;
#2650 = ORIENTED_EDGE ( 'NONE', *, *, #3118, .T. ) ;
#2651 = CARTESIAN_POINT ( 'NONE',  ( -4.600000000000001421, 8.599999999999996092, -6.700000000000000178 ) ) ;
#2652 = DIRECTION ( 'NONE',  ( 0.000000000000000000, -1.000000000000000000, 0.000000000000000000 ) ) ;
#2653 = EDGE_CURVE ( 'NONE', #1475, #3038, #201, .T. ) ;
#2654 = CARTESIAN_POINT ( 'NONE',  ( 3.399999999999998579, 9.816552506059649019, 6.700000000000000178 ) ) ;
#2655 = ORIENTED_EDGE ( 'NONE', *, *, #1824, .F. ) ;
#2656 = ORIENTED_EDGE ( 'NONE', *, *, #1365, .T. ) ;
#2657 = EDGE_CURVE ( 'NONE', #2641, #3915, #1730, .T. ) ;
#2658 = CARTESIAN_POINT ( 'NONE',  ( 14.49999999999999112, 0.000000000000000000, -6.700000000000000178 ) ) ;
#2659 = LINE ( 'NONE', #3937, #1632 ) ;
#2660 = DIRECTION ( 'NONE',  ( 0.000000000000000000, -1.000000000000000000, 0.000000000000000000 ) ) ;
#2661 = ORIENTED_EDGE ( 'NONE', *, *, #1578, .F. ) ;
#2662 = CARTESIAN_POINT ( 'NONE',  ( -12.60000000000000142, 0.000000000000000000, 6.700000000000000178 ) ) ;
#2663 = CARTESIAN_POINT ( 'NONE',  ( 0.000000000000000000, 0.000000000000000000, 0.000000000000000000 ) ) ;
#2664 = DIRECTION ( 'NONE',  ( 0.000000000000000000, 0.000000000000000000, -1.000000000000000000 ) ) ;
#2665 = EDGE_LOOP ( 'NONE', ( #2615, #3106, #473, #2988 ) ) ;
#2666 = DIRECTION ( 'NONE',  ( -1.000000000000000000, 0.000000000000000000, 0.000000000000000000 ) ) ;
#2667 = AXIS2_PLACEMENT_3D ( 'NONE', #2679, #1796, #514 ) ;
#2668 = DIRECTION ( 'NONE',  ( -1.000000000000000000, 0.000000000000000000, -0.000000000000000000 ) ) ;
#2669 = DIRECTION ( 'NONE',  ( -1.000000000000000000, 0.000000000000000000, -0.000000000000000000 ) ) ;
#2670 = VECTOR ( 'NONE', #3157, 1000.000000000000000 ) ;
#2671 = VECTOR ( 'NONE', #2855, 1000.000000000000000 ) ;
#2672 = ORIENTED_EDGE ( 'NONE', *, *, #2761, .F. ) ;
#2673 = EDGE_CURVE ( 'NONE', #1556, #3670, #2083, .T. ) ;
#2674 = CARTESIAN_POINT ( 'NONE',  ( 0.5500000000000000444, 2.299999999999999822, 3.250000000000000888 ) ) ;
#2675 = CARTESIAN_POINT ( 'NONE',  ( 8.000000000000000000, 8.599999999999999645, -3.250000000000000444 ) ) ;
#2676 = DIRECTION ( 'NONE',  ( 0.000000000000000000, 0.000000000000000000, 1.000000000000000000 ) ) ;
#2677 = EDGE_LOOP ( 'NONE', ( #189, #3260, #1499, #3777 ) ) ;
#2678 = AXIS2_PLACEMENT_3D ( 'NONE', #3198, #1636, #2230 ) ;
#2679 = CARTESIAN_POINT ( 'NONE',  ( 11.99999999999999289, 15.07695526217004733, 4.000000000000017764 ) ) ;
#2680 = CARTESIAN_POINT ( 'NONE',  ( -0.5500000000000000444, 2.299999999999999822, 3.250000000000000000 ) ) ;
#2681 = LINE ( 'NONE', #223, #1346 ) ;
#2682 = AXIS2_PLACEMENT_3D ( 'NONE', #2869, #770, #2565 ) ;
#2683 = EDGE_LOOP ( 'NONE', ( #2224, #3045, #3005, #2300 ) ) ;
#2684 = FACE_OUTER_BOUND ( 'NONE', #3780, .T. ) ;
#2685 = DIRECTION ( 'NONE',  ( 1.000000000000000000, 0.000000000000000000, 0.000000000000000000 ) ) ;
#2686 = DIRECTION ( 'NONE',  ( 1.000000000000000000, 0.000000000000000000, -8.673617379884051249E-15 ) ) ;
#2687 = VERTEX_POINT ( 'NONE', #2053 ) ;
#2688 = EDGE_CURVE ( 'NONE', #3232, #117, #1107, .T. ) ;
#2689 = DIRECTION ( 'NONE',  ( 0.000000000000000000, 0.000000000000000000, -1.000000000000000000 ) ) ;
#2690 = PLANE ( 'NONE',  #3713 ) ;
#2691 = DIRECTION ( 'NONE',  ( 0.000000000000000000, 0.000000000000000000, 1.000000000000000000 ) ) ;
#2692 = AXIS2_PLACEMENT_3D ( 'NONE', #378, #2572, #694 ) ;
#2693 = VERTEX_POINT ( 'NONE', #1186 ) ;
#2694 = CIRCLE ( 'NONE', #1604, 3.250000000000000444 ) ;
#2695 = ORIENTED_EDGE ( 'NONE', *, *, #2582, .F. ) ;
#2696 = AXIS2_PLACEMENT_3D ( 'NONE', #257, #2715, #1178 ) ;
#2697 = VECTOR ( 'NONE', #1054, 1000.000000000000000 ) ;
#2698 = AXIS2_PLACEMENT_3D ( 'NONE', #3841, #1055, #1442 ) ;
#2699 = DIRECTION ( 'NONE',  ( 0.000000000000000000, 0.000000000000000000, -1.000000000000000000 ) ) ;
#2700 = CARTESIAN_POINT ( 'NONE',  ( -12.00000000000000000, 11.40000000000000036, 3.999999999999998224 ) ) ;
#2701 = DIRECTION ( 'NONE',  ( 0.000000000000000000, -1.000000000000000000, 0.000000000000000000 ) ) ;
#2702 = ORIENTED_EDGE ( 'NONE', *, *, #1645, .T. ) ;
#2703 = ORIENTED_EDGE ( 'NONE', *, *, #3042, .T. ) ;
#2704 = VECTOR ( 'NONE', #1639, 1000.000000000000000 ) ;
#2705 = DIRECTION ( 'NONE',  ( 0.000000000000000000, -1.000000000000000000, 0.000000000000000000 ) ) ;
#2706 = CARTESIAN_POINT ( 'NONE',  ( 11.40000000000000036, 8.599999999999999645, 6.500000000000000888 ) ) ;
#2707 = ADVANCED_FACE ( 'NONE', ( #859 ), #2090, .F. ) ;
#2708 = CARTESIAN_POINT ( 'NONE',  ( 3.399999999999998579, 8.599999999999996092, 6.700000000000000178 ) ) ;
#2709 = VERTEX_POINT ( 'NONE', #3557 ) ;
#2710 = CARTESIAN_POINT ( 'NONE',  ( 8.000000000000000000, -9.192388155425119223, 2.050000000000000266 ) ) ;
#2711 = DIRECTION ( 'NONE',  ( 1.000000000000000000, 0.000000000000000000, 8.673617379884051249E-15 ) ) ;
#2712 = ORIENTED_EDGE ( 'NONE', *, *, #2161, .F. ) ;
#2713 = LINE ( 'NONE', #2386, #256 ) ;
#2714 = ADVANCED_FACE ( 'NONE', ( #1127 ), #1168, .T. ) ;
#2715 = DIRECTION ( 'NONE',  ( -0.000000000000000000, 1.000000000000000000, -0.000000000000000000 ) ) ;
#2716 = EDGE_CURVE ( 'NONE', #1180, #809, #1501, .T. ) ;
#2717 = ORIENTED_EDGE ( 'NONE', *, *, #3287, .F. ) ;
#2718 = ORIENTED_EDGE ( 'NONE', *, *, #2186, .F. ) ;
#2719 = LINE ( 'NONE', #591, #3390 ) ;
#2720 = CARTESIAN_POINT ( 'NONE',  ( -4.600000000000001421, 0.000000000000000000, 6.700000000000000178 ) ) ;
#2721 = ORIENTED_EDGE ( 'NONE', *, *, #3669, .T. ) ;
#2722 = ORIENTED_EDGE ( 'NONE', *, *, #1562, .F. ) ;
#2723 = DIRECTION ( 'NONE',  ( -0.000000000000000000, -0.000000000000000000, 1.000000000000000000 ) ) ;
#2724 = VECTOR ( 'NONE', #581, 1000.000000000000000 ) ;
#2725 = CARTESIAN_POINT ( 'NONE',  ( -8.000000000000000000, -9.192388155425119223, 0.000000000000000000 ) ) ;
#2726 = DIRECTION ( 'NONE',  ( -1.000000000000000000, 0.000000000000000000, 8.673617379884051249E-15 ) ) ;
#2727 = ORIENTED_EDGE ( 'NONE', *, *, #3792, .F. ) ;
#2728 = EDGE_CURVE ( 'NONE', #313, #939, #3633, .T. ) ;
#2729 = FACE_OUTER_BOUND ( 'NONE', #851, .T. ) ;
#2730 = VERTEX_POINT ( 'NONE', #1455 ) ;
#2731 = FACE_OUTER_BOUND ( 'NONE', #1924, .T. ) ;
#2732 = ORIENTED_EDGE ( 'NONE', *, *, #2284, .F. ) ;
#2733 = DIRECTION ( 'NONE',  ( -0.000000000000000000, 0.000000000000000000, 1.000000000000000000 ) ) ;
#2734 = VERTEX_POINT ( 'NONE', #2109 ) ;
#2735 = VECTOR ( 'NONE', #2946, 1000.000000000000000 ) ;
#2736 = CARTESIAN_POINT ( 'NONE',  ( 3.999999999999994671, 15.07695526217004733, 4.000000000000005329 ) ) ;
#2737 = ORIENTED_EDGE ( 'NONE', *, *, #1573, .T. ) ;
#2738 = EDGE_LOOP ( 'NONE', ( #1513, #3685, #458, #2294 ) ) ;
#2739 = DIRECTION ( 'NONE',  ( -0.000000000000000000, 1.000000000000000000, -0.000000000000000000 ) ) ;
#2740 = CARTESIAN_POINT ( 'NONE',  ( 0.5500000000000000444, 2.299999999999999822, -3.250000000000001332 ) ) ;
#2741 = CARTESIAN_POINT ( 'NONE',  ( 11.99999999999998579, 11.40000000000000036, -6.400000000000015454 ) ) ;
#2742 = ORIENTED_EDGE ( 'NONE', *, *, #3087, .T. ) ;
#2743 = VECTOR ( 'NONE', #739, 1000.000000000000000 ) ;
#2744 = LINE ( 'NONE', #3361, #3250 ) ;
#2745 = DIRECTION ( 'NONE',  ( 0.000000000000000000, -0.000000000000000000, -1.000000000000000000 ) ) ;
#2746 = AXIS2_PLACEMENT_3D ( 'NONE', #2321, #3784, #1095 ) ;
#2747 = ORIENTED_EDGE ( 'NONE', *, *, #2119, .T. ) ;
#2748 = DIRECTION ( 'NONE',  ( 0.000000000000000000, -1.000000000000000000, 0.000000000000000000 ) ) ;
#2749 = EDGE_CURVE ( 'NONE', #3164, #268, #797, .T. ) ;
#2750 = FACE_OUTER_BOUND ( 'NONE', #2807, .T. ) ;
#2751 = ORIENTED_EDGE ( 'NONE', *, *, #822, .F. ) ;
#2752 = LINE ( 'NONE', #3862, #1066 ) ;
#2753 = EDGE_CURVE ( 'NONE', #3397, #242, #3871, .T. ) ;
#2754 = ORIENTED_EDGE ( 'NONE', *, *, #212, .T. ) ;
#2755 = EDGE_CURVE ( 'NONE', #662, #895, #3595, .T. ) ;
#2756 = CIRCLE ( 'NONE', #2944, 1.300000000000000044 ) ;
#2757 = LINE ( 'NONE', #2049, #1080 ) ;
#2758 = CARTESIAN_POINT ( 'NONE',  ( 0.000000000000000000, -9.192388155425119223, 0.000000000000000000 ) ) ;
#2759 = VERTEX_POINT ( 'NONE', #3339 ) ;
#2760 = CIRCLE ( 'NONE', #1276, 1.299999999999997380 ) ;
#2761 = EDGE_CURVE ( 'NONE', #2221, #909, #1814, .T. ) ;
#2762 = AXIS2_PLACEMENT_3D ( 'NONE', #2050, #1104, #2676 ) ;
#2763 = ORIENTED_EDGE ( 'NONE', *, *, #911, .F. ) ;
#2764 = EDGE_CURVE ( 'NONE', #2434, #3521, #2998, .T. ) ;
#2765 = DIRECTION ( 'NONE',  ( -0.000000000000000000, 1.000000000000000000, -0.000000000000000000 ) ) ;
#2766 = CARTESIAN_POINT ( 'NONE',  ( 4.600000000000001421, 0.000000000000000000, -6.700000000000000178 ) ) ;
#2767 = FACE_OUTER_BOUND ( 'NONE', #451, .T. ) ;
#2768 = ORIENTED_EDGE ( 'NONE', *, *, #806, .F. ) ;
#2769 = LINE ( 'NONE', #3003, #2811 ) ;
#2770 = DIRECTION ( 'NONE',  ( 0.000000000000000000, -1.000000000000000000, 0.000000000000000000 ) ) ;
#2771 = VERTEX_POINT ( 'NONE', #243 ) ;
#2772 = CARTESIAN_POINT ( 'NONE',  ( -4.000000000000001776, 10.30000000000000071, 3.999999999999998224 ) ) ;
#2773 = CARTESIAN_POINT ( 'NONE',  ( -14.49999999999999645, 0.000000000000000000, -6.700000000000000178 ) ) ;
#2774 = ORIENTED_EDGE ( 'NONE', *, *, #2004, .F. ) ;
#2775 = LINE ( 'NONE', #2674, #960 ) ;
#2776 = DIRECTION ( 'NONE',  ( 1.000000000000000000, 0.000000000000000000, 0.000000000000000000 ) ) ;
#2777 = ORIENTED_EDGE ( 'NONE', *, *, #17, .T. ) ;
#2778 = EDGE_CURVE ( 'NONE', #2342, #3728, #1481, .T. ) ;
#2779 = LINE ( 'NONE', #1889, #2168 ) ;
#2780 = ORIENTED_EDGE ( 'NONE', *, *, #3910, .F. ) ;
#2781 = ORIENTED_EDGE ( 'NONE', *, *, #3332, .F. ) ;
#2782 = FACE_OUTER_BOUND ( 'NONE', #2835, .T. ) ;
#2783 = ADVANCED_FACE ( 'NONE', ( #3352 ), #2551, .T. ) ;
#2784 = DIRECTION ( 'NONE',  ( -8.673617379884051249E-15, 0.000000000000000000, 1.000000000000000000 ) ) ;
#2785 = LINE ( 'NONE', #1926, #1663 ) ;
#2786 = FACE_BOUND ( 'NONE', #3412, .T. ) ;
#2787 = EDGE_CURVE ( 'NONE', #698, #1615, #1939, .T. ) ;
#2788 = ORIENTED_EDGE ( 'NONE', *, *, #933, .F. ) ;
#2789 = DIRECTION ( 'NONE',  ( 0.000000000000000000, -1.000000000000000000, 0.000000000000000000 ) ) ;
#2790 = ORIENTED_EDGE ( 'NONE', *, *, #3551, .T. ) ;
#2791 = FACE_OUTER_BOUND ( 'NONE', #586, .T. ) ;
#2792 = DIRECTION ( 'NONE',  ( 0.000000000000000000, 0.000000000000000000, -1.000000000000000000 ) ) ;
#2793 = CARTESIAN_POINT ( 'NONE',  ( -11.40000000000000036, 9.816552506059649019, 6.500000000000000888 ) ) ;
#2794 = ORIENTED_EDGE ( 'NONE', *, *, #1988, .F. ) ;
#2795 = CIRCLE ( 'NONE', #3297, 2.399999999999997691 ) ;
#2796 = ORIENTED_EDGE ( 'NONE', *, *, #1113, .F. ) ;
#2797 = CARTESIAN_POINT ( 'NONE',  ( -3.999999999999998224, 15.07695526217004733, -2.700000000000000178 ) ) ;
#2798 = ORIENTED_EDGE ( 'NONE', *, *, #3409, .T. ) ;
#2799 = ADVANCED_FACE ( 'NONE', ( #1037 ), #3150, .T. ) ;
#2800 = VERTEX_POINT ( 'NONE', #918 ) ;
#2801 = VECTOR ( 'NONE', #3735, 1000.000000000000000 ) ;
#2802 = LINE ( 'NONE', #2189, #2087 ) ;
#2803 = AXIS2_PLACEMENT_3D ( 'NONE', #2596, #700, #1947 ) ;
#2805 = AXIS2_PLACEMENT_3D ( 'NONE', #2912, #3187, #1304 ) ;
#2804 = DIRECTION ( 'NONE',  ( 0.000000000000000000, -0.000000000000000000, -1.000000000000000000 ) ) ;
#2806 = DIRECTION ( 'NONE',  ( -1.000000000000000000, 0.000000000000000000, 0.000000000000000000 ) ) ;
#2807 = EDGE_LOOP ( 'NONE', ( #1885, #1243, #2185, #1185 ) ) ;
#2808 = PERSON_AND_ORGANIZATION ( #2443, #171 ) ;
#2809 = ORIENTED_EDGE ( 'NONE', *, *, #267, .F. ) ;
#2810 = DIRECTION ( 'NONE',  ( -8.673617379884051249E-15, 0.000000000000000000, -1.000000000000000000 ) ) ;
#2811 = VECTOR ( 'NONE', #3980, 1000.000000000000000 ) ;
#2812 = CYLINDRICAL_SURFACE ( 'NONE', #3903, 1.300000000000000044 ) ;
#2813 = AXIS2_PLACEMENT_3D ( 'NONE', #2341, #1420, #3563 ) ;
#2814 = ADVANCED_FACE ( 'NONE', ( #116 ), #1646, .T. ) ;
#2815 = DIRECTION ( 'NONE',  ( -1.000000000000000000, 0.000000000000000000, 1.508455196501571429E-15 ) ) ;
#2816 = EDGE_LOOP ( 'NONE', ( #1887, #1860, #3410, #888 ) ) ;
#2817 = DIRECTION ( 'NONE',  ( 1.000000000000000000, 0.000000000000000000, 0.000000000000000000 ) ) ;
#2818 = ORIENTED_EDGE ( 'NONE', *, *, #3413, .F. ) ;
#2819 = EDGE_LOOP ( 'NONE', ( #2003, #3721, #1787, #208 ) ) ;
#2820 = ORIENTED_EDGE ( 'NONE', *, *, #1866, .T. ) ;
#2821 = AXIS2_PLACEMENT_3D ( 'NONE', #2138, #1471, #2699 ) ;
#2822 = DIRECTION ( 'NONE',  ( 0.000000000000000000, -1.000000000000000000, 0.000000000000000000 ) ) ;
#2823 = CIRCLE ( 'NONE', #249, 3.250000000000000444 ) ;
#2824 = LINE ( 'NONE', #3111, #374 ) ;
#2825 = CARTESIAN_POINT ( 'NONE',  ( 11.99999999999999289, 11.40000000000000036, 1.600000000000019407 ) ) ;
#2826 = EDGE_LOOP ( 'NONE', ( #1638, #332 ) ) ;
#2827 = VECTOR ( 'NONE', #3610, 1000.000000000000000 ) ;
#2828 = VECTOR ( 'NONE', #2366, 1000.000000000000000 ) ;
#2829 = EDGE_CURVE ( 'NONE', #1661, #2478, #396, .T. ) ;
#2830 = PERSON_AND_ORGANIZATION ( #2443, #171 ) ;
#2831 = ORIENTED_EDGE ( 'NONE', *, *, #2597, .T. ) ;
#2832 = DIRECTION ( 'NONE',  ( 0.000000000000000000, -1.000000000000000000, 0.000000000000000000 ) ) ;
#2833 = DIRECTION ( 'NONE',  ( 0.000000000000000000, 0.000000000000000000, -1.000000000000000000 ) ) ;
#2834 = PLANE ( 'NONE',  #1262 ) ;
#2835 = EDGE_LOOP ( 'NONE', ( #2317, #579, #3624, #3176 ) ) ;
#2836 = EDGE_CURVE ( 'NONE', #2897, #2385, #3788, .T. ) ;
#2837 = CARTESIAN_POINT ( 'NONE',  ( 12.59999999999999964, 0.000000000000000000, 6.500000000000000888 ) ) ;
#2838 = ORIENTED_EDGE ( 'NONE', *, *, #395, .T. ) ;
#2839 = EDGE_CURVE ( 'NONE', #1436, #124, #1347, .T. ) ;
#2840 = ORIENTED_EDGE ( 'NONE', *, *, #3314, .F. ) ;
#2841 = EDGE_CURVE ( 'NONE', #2734, #843, #3373, .T. ) ;
#2842 = FACE_OUTER_BOUND ( 'NONE', #1508, .T. ) ;
#2843 = CARTESIAN_POINT ( 'NONE',  ( 11.99999999999998579, 8.599999999999999645, -4.000000000000017764 ) ) ;
#2844 = DIRECTION ( 'NONE',  ( 0.000000000000000000, 0.000000000000000000, -1.000000000000000000 ) ) ;
#2845 = LINE ( 'NONE', #15, #2239 ) ;
#2846 = ORIENTED_EDGE ( 'NONE', *, *, #1801, .T. ) ;
#2847 = CARTESIAN_POINT ( 'NONE',  ( -14.49999999999999645, 2.299999999999996270, 6.700000000000000178 ) ) ;
#2848 = ORIENTED_EDGE ( 'NONE', *, *, #3849, .F. ) ;
#2849 = DIRECTION ( 'NONE',  ( 0.000000000000000000, 0.000000000000000000, 1.000000000000000000 ) ) ;
#2850 = EDGE_CURVE ( 'NONE', #2945, #305, #1520, .T. ) ;
#2851 = CARTESIAN_POINT ( 'NONE',  ( 11.99999999999998579, 15.07695526217004733, -4.000000000000017764 ) ) ;
#2852 = ORIENTED_EDGE ( 'NONE', *, *, #1122, .F. ) ;
#2853 = LINE ( 'NONE', #1321, #53 ) ;
#2854 = VERTEX_POINT ( 'NONE', #618 ) ;
#2855 = DIRECTION ( 'NONE',  ( 1.000000000000000000, 0.000000000000000000, 0.000000000000000000 ) ) ;
#2856 = FACE_OUTER_BOUND ( 'NONE', #865, .T. ) ;
#2857 = VERTEX_POINT ( 'NONE', #93 ) ;
#2858 = DIRECTION ( 'NONE',  ( 1.000000000000000000, 0.000000000000000000, 0.000000000000000000 ) ) ;
#2859 = LINE ( 'NONE', #567, #1913 ) ;
#2860 = CARTESIAN_POINT ( 'NONE',  ( 3.400000000000000355, 8.599999999999999645, 6.500000000000000888 ) ) ;
#2861 = VECTOR ( 'NONE', #1758, 1000.000000000000000 ) ;
#2862 = CARTESIAN_POINT ( 'NONE',  ( 14.29999999999999716, 8.599999999999999645, 4.599999999999997868 ) ) ;
#2863 = ORIENTED_EDGE ( 'NONE', *, *, #2248, .F. ) ;
#2864 = DIRECTION ( 'NONE',  ( 1.000000000000000000, 0.000000000000000000, -0.000000000000000000 ) ) ;
#2865 = CARTESIAN_POINT ( 'NONE',  ( -3.999999999999998224, 9.599999999999999645, -6.399999999999995914 ) ) ;
#2866 = CIRCLE ( 'NONE', #1452, 2.399999999999996803 ) ;
#2867 = ORIENTED_EDGE ( 'NONE', *, *, #3457, .T. ) ;
#2868 = DIRECTION ( 'NONE',  ( 0.000000000000000000, -1.000000000000000000, 0.000000000000000000 ) ) ;
#2869 = CARTESIAN_POINT ( 'NONE',  ( -3.999999999999998224, 8.599999999999999645, -3.999999999999998224 ) ) ;
#2870 = ORIENTED_EDGE ( 'NONE', *, *, #470, .T. ) ;
#2871 = LINE ( 'NONE', #975, #1527 ) ;
#2872 = VECTOR ( 'NONE', #589, 1000.000000000000000 ) ;
#2873 = DIRECTION ( 'NONE',  ( -0.000000000000000000, -1.000000000000000000, -0.000000000000000000 ) ) ;
#2874 = ADVANCED_FACE ( 'NONE', ( #2782 ), #2262, .F. ) ;
#2875 = CIRCLE ( 'NONE', #236, 2.050000000000000266 ) ;
#2876 = EDGE_LOOP ( 'NONE', ( #382, #2432, #3714, #2151 ) ) ;
#2877 = DIRECTION ( 'NONE',  ( -0.000000000000000000, -1.000000000000000000, -0.000000000000000000 ) ) ;
#2878 = DIRECTION ( 'NONE',  ( 0.000000000000000000, 0.000000000000000000, -1.000000000000000000 ) ) ;
#2879 = ADVANCED_FACE ( 'NONE', ( #3489 ), #941, .F. ) ;
#2880 = DIRECTION ( 'NONE',  ( 0.000000000000000000, 0.000000000000000000, -1.000000000000000000 ) ) ;
#2881 = VERTEX_POINT ( 'NONE', #3054 ) ;
#2882 = EDGE_CURVE ( 'NONE', #493, #3283, #2274, .T. ) ;
#2883 = CIRCLE ( 'NONE', #1472, 1.299999999999998268 ) ;
#2884 = CARTESIAN_POINT ( 'NONE',  ( -0.5499999999999968248, 8.599999999999999645, -5.531002387172396034E-16 ) ) ;
#2885 = VECTOR ( 'NONE', #1412, 1000.000000000000000 ) ;
#2886 = AXIS2_PLACEMENT_3D ( 'NONE', #1183, #1166, #3274 ) ;
#2887 = ORIENTED_EDGE ( 'NONE', *, *, #2225, .T. ) ;
#2888 = DIRECTION ( 'NONE',  ( 0.000000000000000000, -1.000000000000000000, 0.000000000000000000 ) ) ;
#2889 = VECTOR ( 'NONE', #3739, 1000.000000000000000 ) ;
#2890 = AXIS2_PLACEMENT_3D ( 'NONE', #3507, #391, #3529 ) ;
#2891 = CYLINDRICAL_SURFACE ( 'NONE', #3718, 2.399999999999998135 ) ;
#2892 = VECTOR ( 'NONE', #2660, 1000.000000000000000 ) ;
#2893 = CYLINDRICAL_SURFACE ( 'NONE', #1202, 2.399999999999998135 ) ;
#2894 = ORIENTED_EDGE ( 'NONE', *, *, #3629, .F. ) ;
#2895 = CARTESIAN_POINT ( 'NONE',  ( -12.59999999999999964, 8.599999999999999645, 6.500000000000000888 ) ) ;
#2896 = LINE ( 'NONE', #3744, #3377 ) ;
#2897 = VERTEX_POINT ( 'NONE', #2126 ) ;
#2898 = EDGE_CURVE ( 'NONE', #1674, #621, #1831, .T. ) ;
#2899 = DIRECTION ( 'NONE',  ( 0.000000000000000000, -1.000000000000000000, 0.000000000000000000 ) ) ;
#2900 = CARTESIAN_POINT ( 'NONE',  ( -3.999999999999998224, 8.599999999999999645, -2.700000000000000178 ) ) ;
#2901 = FACE_OUTER_BOUND ( 'NONE', #970, .T. ) ;
#2902 = ORIENTED_EDGE ( 'NONE', *, *, #478, .F. ) ;
#2903 = EDGE_CURVE ( 'NONE', #2221, #2940, #1385, .T. ) ;
#2904 = CARTESIAN_POINT ( 'NONE',  ( -14.49999999999999645, 8.599999999999996092, 4.599999999999996980 ) ) ;
#2905 = EDGE_LOOP ( 'NONE', ( #612, #3789 ) ) ;
#2906 = CARTESIAN_POINT ( 'NONE',  ( -14.49999999999999645, 41.54620478241506731, -6.700000000000000178 ) ) ;
#2907 = FACE_OUTER_BOUND ( 'NONE', #68, .T. ) ;
#2908 = FACE_OUTER_BOUND ( 'NONE', #361, .T. ) ;
#2909 = VERTEX_POINT ( 'NONE', #319 ) ;
#2910 = CC_DESIGN_DATE_AND_TIME_ASSIGNMENT ( #2252, #1006, ( #113 ) ) ;
#2911 = DIRECTION ( 'NONE',  ( 0.000000000000000000, 0.000000000000000000, -1.000000000000000000 ) ) ;
#2912 = CARTESIAN_POINT ( 'NONE',  ( 11.99999999999998579, 11.40000000000000036, -4.000000000000017764 ) ) ;
#2913 = ORIENTED_EDGE ( 'NONE', *, *, #430, .F. ) ;
#2914 = DIRECTION ( 'NONE',  ( -8.673617379884051249E-15, 0.000000000000000000, -1.000000000000000000 ) ) ;
#2915 = CARTESIAN_POINT ( 'NONE',  ( 14.49999999999999112, 8.599999999999996092, -6.700000000000000178 ) ) ;
#2916 = EDGE_CURVE ( 'NONE', #3834, #1170, #1557, .T. ) ;
#2917 = DIRECTION ( 'NONE',  ( 0.000000000000000000, 0.000000000000000000, -1.000000000000000000 ) ) ;
#2918 = ORIENTED_EDGE ( 'NONE', *, *, #3488, .F. ) ;
#2919 = CARTESIAN_POINT ( 'NONE',  ( 3.999999999999994671, 11.40000000000000036, 4.000000000000005329 ) ) ;
#2920 = LINE ( 'NONE', #421, #2280 ) ;
#2921 = APPROVAL_STATUS ( 'not_yet_approved' ) ;
#2922 = ORIENTED_EDGE ( 'NONE', *, *, #1506, .T. ) ;
#2923 = ADVANCED_FACE ( 'NONE', ( #2856 ), #1923, .T. ) ;
#2924 = VERTEX_POINT ( 'NONE', #3882 ) ;
#2925 = CARTESIAN_POINT ( 'NONE',  ( 14.29999999999999716, 9.816552506059649019, 3.399999999999998579 ) ) ;
#2926 = DIRECTION ( 'NONE',  ( 0.000000000000000000, 0.000000000000000000, -1.000000000000000000 ) ) ;
#2927 = ORIENTED_EDGE ( 'NONE', *, *, #1645, .F. ) ;
#2928 = CYLINDRICAL_SURFACE ( 'NONE', #569, 1.300000000000000044 ) ;
#2929 = EDGE_CURVE ( 'NONE', #2221, #3099, #1384, .T. ) ;
#2930 = FACE_OUTER_BOUND ( 'NONE', #3644, .T. ) ;
#2931 = EDGE_CURVE ( 'NONE', #615, #3728, #172, .T. ) ;
#2932 = ORIENTED_EDGE ( 'NONE', *, *, #3193, .T. ) ;
#2933 = VECTOR ( 'NONE', #1199, 1000.000000000000000 ) ;
#2934 = DIRECTION ( 'NONE',  ( -0.000000000000000000, -1.000000000000000000, -0.000000000000000000 ) ) ;
#2935 = CARTESIAN_POINT ( 'NONE',  ( 11.39999999999999858, 9.816552506059649019, -6.700000000000000178 ) ) ;
#2936 = FACE_OUTER_BOUND ( 'NONE', #1269, .T. ) ;
#2937 = ORIENTED_EDGE ( 'NONE', *, *, #3770, .F. ) ;
#2938 = DIRECTION ( 'NONE',  ( 0.000000000000000000, 0.000000000000000000, 1.000000000000000000 ) ) ;
#2939 = ORIENTED_EDGE ( 'NONE', *, *, #1083, .F. ) ;
#2940 = VERTEX_POINT ( 'NONE', #968 ) ;
#2941 = CARTESIAN_POINT ( 'NONE',  ( 11.99999999999998579, 11.40000000000000036, -6.400000000000015454 ) ) ;
#2942 = EDGE_CURVE ( 'NONE', #2996, #916, #986, .T. ) ;
#2943 = CARTESIAN_POINT ( 'NONE',  ( 12.60000000000000142, 9.816552506059649019, -6.700000000000000178 ) ) ;
#2944 = AXIS2_PLACEMENT_3D ( 'NONE', #2287, #3772, #1671 ) ;
#2945 = VERTEX_POINT ( 'NONE', #3981 ) ;
#2946 = DIRECTION ( 'NONE',  ( -0.000000000000000000, -1.000000000000000000, -0.000000000000000000 ) ) ;
#2947 = FACE_OUTER_BOUND ( 'NONE', #1522, .T. ) ;
#2948 = AXIS2_PLACEMENT_3D ( 'NONE', #3234, #469, #2267 ) ;
#2949 = AXIS2_PLACEMENT_3D ( 'NONE', #301, #1890, #3113 ) ;
#2950 = DIRECTION ( 'NONE',  ( -0.000000000000000000, -1.000000000000000000, -0.000000000000000000 ) ) ;
#2951 = EDGE_CURVE ( 'NONE', #1910, #679, #3420, .T. ) ;
#2952 = EDGE_CURVE ( 'NONE', #3300, #3099, #678, .T. ) ;
#2953 = ORIENTED_EDGE ( 'NONE', *, *, #2326, .T. ) ;
#2954 = DIRECTION ( 'NONE',  ( -0.000000000000000000, 1.000000000000000000, -0.000000000000000000 ) ) ;
#2955 = DIRECTION ( 'NONE',  ( 0.000000000000000000, 0.000000000000000000, -1.000000000000000000 ) ) ;
#2956 = CARTESIAN_POINT ( 'NONE',  ( 3.999999999999994671, 15.07695526217004733, 4.000000000000005329 ) ) ;
#2957 = VERTEX_POINT ( 'NONE', #1858 ) ;
#2958 = CARTESIAN_POINT ( 'NONE',  ( 11.99999999999999289, 10.30000000000000071, 4.000000000000017764 ) ) ;
#2959 = PLANE ( 'NONE',  #1509 ) ;
#2960 = VERTEX_POINT ( 'NONE', #2521 ) ;
#2961 = CARTESIAN_POINT ( 'NONE',  ( 11.40000000000000036, 9.816552506059649019, 6.500000000000000888 ) ) ;
#2962 = CARTESIAN_POINT ( 'NONE',  ( 12.60000000000000142, 9.816552506059649019, -6.700000000000000178 ) ) ;
#2963 = ORIENTED_EDGE ( 'NONE', *, *, #2611, .T. ) ;
#2964 = DIRECTION ( 'NONE',  ( -0.000000000000000000, 1.000000000000000000, -0.000000000000000000 ) ) ;
#2965 = EDGE_CURVE ( 'NONE', #3038, #1334, #2458, .T. ) ;
#2966 = CARTESIAN_POINT ( 'NONE',  ( -12.59999999999999964, 0.000000000000000000, 6.500000000000000888 ) ) ;
#2967 = EDGE_LOOP ( 'NONE', ( #2052, #3388, #1078, #1534 ) ) ;
#2968 = DIRECTION ( 'NONE',  ( 1.000000000000000000, 0.000000000000000000, 0.000000000000000000 ) ) ;
#2969 = VECTOR ( 'NONE', #3892, 1000.000000000000000 ) ;
#2970 = DIRECTION ( 'NONE',  ( 0.000000000000000000, 0.000000000000000000, 1.000000000000000000 ) ) ;
#2971 = CARTESIAN_POINT ( 'NONE',  ( 14.29999999999999716, 9.816552506059649019, 4.599999999999997868 ) ) ;
#2972 = ORIENTED_EDGE ( 'NONE', *, *, #3310, .F. ) ;
#2973 = EDGE_CURVE ( 'NONE', #963, #668, #83, .T. ) ;
#2974 = DIRECTION ( 'NONE',  ( 0.000000000000000000, 0.000000000000000000, 1.000000000000000000 ) ) ;
#2975 = CARTESIAN_POINT ( 'NONE',  ( -4.600000000000001421, 0.000000000000000000, -6.700000000000000178 ) ) ;
#2976 = PLANE ( 'NONE',  #1082 ) ;
#2977 = ORIENTED_EDGE ( 'NONE', *, *, #1983, .F. ) ;
#2978 = CARTESIAN_POINT ( 'NONE',  ( -3.999999999999998224, 10.30000000000000071, -3.999999999999998224 ) ) ;
#2979 = CARTESIAN_POINT ( 'NONE',  ( 11.99999999999999289, 10.30000000000000071, 5.300000000000016698 ) ) ;
#2980 = PLANE ( 'NONE',  #2033 ) ;
#2981 = ORIENTED_EDGE ( 'NONE', *, *, #1103, .F. ) ;
#2982 = LINE ( 'NONE', #3547, #1447 ) ;
#2983 = DIRECTION ( 'NONE',  ( -0.000000000000000000, 1.000000000000000000, -0.000000000000000000 ) ) ;
#2984 = CARTESIAN_POINT ( 'NONE',  ( 14.49999999999999112, 8.599999999999996092, -6.700000000000000178 ) ) ;
#2985 = AXIS2_PLACEMENT_3D ( 'NONE', #3654, #2739, #1208 ) ;
#2986 = DIRECTION ( 'NONE',  ( 1.000000000000000000, 0.000000000000000000, -0.000000000000000000 ) ) ;
#2987 = CIRCLE ( 'NONE', #1060, 1.300000000000000044 ) ;
#2988 = ORIENTED_EDGE ( 'NONE', *, *, #2032, .F. ) ;
#2989 = VECTOR ( 'NONE', #2784, 1000.000000000000000 ) ;
#2990 = ORIENTED_EDGE ( 'NONE', *, *, #3655, .F. ) ;
#2991 = EDGE_CURVE ( 'NONE', #916, #3949, #2987, .T. ) ;
#2992 = CARTESIAN_POINT ( 'NONE',  ( -4.000000000000001776, 9.599999999999999645, 1.599999999999998535 ) ) ;
#2993 = CIRCLE ( 'NONE', #3952, 1.300000000000000044 ) ;
#2994 = LINE ( 'NONE', #532, #2827 ) ;
#2995 = DIRECTION ( 'NONE',  ( 0.000000000000000000, -1.000000000000000000, 0.000000000000000000 ) ) ;
#2996 = VERTEX_POINT ( 'NONE', #2540 ) ;
#2997 = AXIS2_PLACEMENT_3D ( 'NONE', #3381, #3736, #2745 ) ;
#2998 = LINE ( 'NONE', #2640, #1120 ) ;
#2999 = EDGE_CURVE ( 'NONE', #3574, #1539, #2131, .T. ) ;
#3000 = CYLINDRICAL_SURFACE ( 'NONE', #3931, 2.399999999999997691 ) ;
#3001 = ADVANCED_FACE ( 'NONE', ( #2479 ), #1544, .T. ) ;
#3002 = ORIENTED_EDGE ( 'NONE', *, *, #3748, .F. ) ;
#3003 = CARTESIAN_POINT ( 'NONE',  ( -11.40000000000000036, 9.816552506059649019, -6.500000000000000888 ) ) ;
#3004 = CYLINDRICAL_SURFACE ( 'NONE', #3569, 2.399999999999999911 ) ;
#3005 = ORIENTED_EDGE ( 'NONE', *, *, #722, .T. ) ;
#3006 = CARTESIAN_POINT ( 'NONE',  ( 11.99999999999998579, 15.07695526217004733, -2.700000000000018385 ) ) ;
#3007 = DIRECTION ( 'NONE',  ( 0.000000000000000000, 0.000000000000000000, 1.000000000000000000 ) ) ;
#3008 = VECTOR ( 'NONE', #1239, 1000.000000000000000 ) ;
#3009 = AXIS2_PLACEMENT_3D ( 'NONE', #778, #2288, #491 ) ;
#3010 = ORIENTED_EDGE ( 'NONE', *, *, #3621, .T. ) ;
#3011 = AXIS2_PLACEMENT_3D ( 'NONE', #360, #675, #641 ) ;
#3012 = ORIENTED_EDGE ( 'NONE', *, *, #749, .T. ) ;
#3013 = AXIS2_PLACEMENT_3D ( 'NONE', #329, #2444, #587 ) ;
#3014 = AXIS2_PLACEMENT_3D ( 'NONE', #837, #1811, #2393 ) ;
#3015 = AXIS2_PLACEMENT_3D ( 'NONE', #3083, #328, #971 ) ;
#3016 = DIRECTION ( 'NONE',  ( 0.000000000000000000, 0.000000000000000000, -1.000000000000000000 ) ) ;
#3017 = DIRECTION ( 'NONE',  ( 0.000000000000000000, 0.000000000000000000, -1.000000000000000000 ) ) ;
#3018 = ORIENTED_EDGE ( 'NONE', *, *, #1365, .F. ) ;
#3019 = EDGE_CURVE ( 'NONE', #1265, #1524, #3380, .T. ) ;
#3020 = ORIENTED_EDGE ( 'NONE', *, *, #556, .F. ) ;
#3021 = VECTOR ( 'NONE', #2968, 1000.000000000000000 ) ;
#3022 = CARTESIAN_POINT ( 'NONE',  ( 11.99999999999998579, 11.40000000000000036, -4.000000000000017764 ) ) ;
#3023 = CARTESIAN_POINT ( 'NONE',  ( 2.510525938252073200E-16, 0.000000000000000000, -2.049999999999999822 ) ) ;
#3024 = VERTEX_POINT ( 'NONE', #342 ) ;
#3025 = DIRECTION ( 'NONE',  ( 1.000000000000000000, 0.000000000000000000, 8.673617379884051249E-15 ) ) ;
#3026 = DIRECTION ( 'NONE',  ( 1.000000000000000000, 0.000000000000000000, -0.000000000000000000 ) ) ;
#3027 = VERTEX_POINT ( 'NONE', #1968 ) ;
#3028 = DIRECTION ( 'NONE',  ( 0.000000000000000000, -1.000000000000000000, 0.000000000000000000 ) ) ;
#3029 = EDGE_LOOP ( 'NONE', ( #1486, #654, #1719, #2763 ) ) ;
#3030 = EDGE_LOOP ( 'NONE', ( #1371, #9 ) ) ;
#3031 = DIRECTION ( 'NONE',  ( 0.000000000000000000, -1.000000000000000000, 0.000000000000000000 ) ) ;
#3032 = CYLINDRICAL_SURFACE ( 'NONE', #2628, 3.249999999999999556 ) ;
#3033 = VERTEX_POINT ( 'NONE', #3809 ) ;
#3034 = CARTESIAN_POINT ( 'NONE',  ( 0.5500000000000000444, -9.192388155425119223, -3.203123475609393367 ) ) ;
#3035 = EDGE_CURVE ( 'NONE', #771, #1577, #227, .T. ) ;
#3036 = DIRECTION ( 'NONE',  ( -0.000000000000000000, -1.000000000000000000, -0.000000000000000000 ) ) ;
#3037 = PLANE ( 'NONE',  #1278 ) ;
#3038 = VERTEX_POINT ( 'NONE', #1067 ) ;
#3039 = CARTESIAN_POINT ( 'NONE',  ( -4.000000000000001776, 9.599999999999999645, 3.999999999999998224 ) ) ;
#3040 = EDGE_CURVE ( 'NONE', #2178, #350, #2232, .T. ) ;
#3041 = ORIENTED_EDGE ( 'NONE', *, *, #3849, .T. ) ;
#3042 = EDGE_CURVE ( 'NONE', #3446, #1599, #1675, .T. ) ;
#3043 = CARTESIAN_POINT ( 'NONE',  ( -12.60000000000000142, 9.816552506059649019, -6.700000000000000178 ) ) ;
#3044 = CARTESIAN_POINT ( 'NONE',  ( -3.399999999999998579, 0.000000000000000000, 6.700000000000000178 ) ) ;
#3045 = ORIENTED_EDGE ( 'NONE', *, *, #2673, .F. ) ;
#3046 = EDGE_CURVE ( 'NONE', #117, #3091, #403, .T. ) ;
#3047 = VECTOR ( 'NONE', #1250, 1000.000000000000000 ) ;
#3048 = ORIENTED_EDGE ( 'NONE', *, *, #2649, .F. ) ;
#3049 = EDGE_CURVE ( 'NONE', #1591, #895, #541, .T. ) ;
#3050 = AXIS2_PLACEMENT_3D ( 'NONE', #3398, #2570, #902 ) ;
#3051 = DIRECTION ( 'NONE',  ( -0.000000000000000000, -1.000000000000000000, -0.000000000000000000 ) ) ;
#3052 = VERTEX_POINT ( 'NONE', #1691 ) ;
#3053 = VERTEX_POINT ( 'NONE', #2904 ) ;
#3054 = CARTESIAN_POINT ( 'NONE',  ( -12.59999999999999964, 0.000000000000000000, -6.700000000000000178 ) ) ;
#3055 = FACE_OUTER_BOUND ( 'NONE', #3311, .T. ) ;
#3056 = CARTESIAN_POINT ( 'NONE',  ( 3.999999999999991562, 10.30000000000000071, -4.000000000000005329 ) ) ;
#3057 = ORIENTED_EDGE ( 'NONE', *, *, #3589, .F. ) ;
#3058 = DIRECTION ( 'NONE',  ( 0.000000000000000000, 0.000000000000000000, -1.000000000000000000 ) ) ;
#3059 =( NAMED_UNIT ( * ) PLANE_ANGLE_UNIT ( ) SI_UNIT ( $, .RADIAN. ) );
#3060 = PRODUCT_DEFINITION_FORMATION_WITH_SPECIFIED_SOURCE ( 'ANY', '', #2265, .NOT_KNOWN. ) ;
#3061 = VERTEX_POINT ( 'NONE', #1416 ) ;
#3062 = LINE ( 'NONE', #3100, #3139 ) ;
#3063 = DIRECTION ( 'NONE',  ( 0.000000000000000000, -1.000000000000000000, 0.000000000000000000 ) ) ;
#3064 = EDGE_CURVE ( 'NONE', #1599, #1729, #2920, .T. ) ;
#3065 = CARTESIAN_POINT ( 'NONE',  ( 4.600000000000001421, 0.000000000000000000, 6.700000000000000178 ) ) ;
#3066 = ORIENTED_EDGE ( 'NONE', *, *, #2755, .T. ) ;
#3067 = DIRECTION ( 'NONE',  ( 0.000000000000000000, -1.000000000000000000, 0.000000000000000000 ) ) ;
#3068 = ORIENTED_EDGE ( 'NONE', *, *, #2916, .F. ) ;
#3069 = EDGE_CURVE ( 'NONE', #1546, #154, #3370, .T. ) ;
#3070 = ADVANCED_FACE ( 'NONE', ( #3830 ), #143, .T. ) ;
#3071 = VECTOR ( 'NONE', #2464, 1000.000000000000000 ) ;
#3072 = EDGE_LOOP ( 'NONE', ( #2553, #1940 ) ) ;
#3073 = CIRCLE ( 'NONE', #3709, 2.050000000000000266 ) ;
#3074 = CIRCLE ( 'NONE', #3900, 2.399999999999997691 ) ;
#3075 = ORIENTED_EDGE ( 'NONE', *, *, #1743, .T. ) ;
#3076 = DIRECTION ( 'NONE',  ( 0.000000000000000000, 0.000000000000000000, -1.000000000000000000 ) ) ;
#3077 = FACE_OUTER_BOUND ( 'NONE', #922, .T. ) ;
#3078 = FACE_OUTER_BOUND ( 'NONE', #2594, .T. ) ;
#3079 = FACE_BOUND ( 'NONE', #1693, .T. ) ;
#3080 = ORIENTED_EDGE ( 'NONE', *, *, #366, .F. ) ;
#3081 = DIRECTION ( 'NONE',  ( -0.000000000000000000, -1.000000000000000000, -0.000000000000000000 ) ) ;
#3082 = ORIENTED_EDGE ( 'NONE', *, *, #1203, .T. ) ;
#3083 = CARTESIAN_POINT ( 'NONE',  ( 0.000000000000000000, 9.599999999999999645, 0.000000000000000000 ) ) ;
#3084 = DIRECTION ( 'NONE',  ( 0.000000000000000000, -0.000000000000000000, -1.000000000000000000 ) ) ;
#3085 = LINE ( 'NONE', #2793, #547 ) ;
#3086 = ORIENTED_EDGE ( 'NONE', *, *, #1113, .T. ) ;
#3087 = EDGE_CURVE ( 'NONE', #1334, #284, #3517, .T. ) ;
#3088 = PLANE ( 'NONE',  #1959 ) ;
#3089 = ORIENTED_EDGE ( 'NONE', *, *, #1531, .T. ) ;
#3090 = EDGE_CURVE ( 'NONE', #1217, #1475, #3200, .T. ) ;
#3091 = VERTEX_POINT ( 'NONE', #2316 ) ;
#3092 = VERTEX_POINT ( 'NONE', #2865 ) ;
#3093 = DIRECTION ( 'NONE',  ( 0.000000000000000000, 0.000000000000000000, -1.000000000000000000 ) ) ;
#3094 = DIRECTION ( 'NONE',  ( 0.000000000000000000, -1.000000000000000000, 0.000000000000000000 ) ) ;
#3095 = DIRECTION ( 'NONE',  ( 1.000000000000000000, 0.000000000000000000, -0.000000000000000000 ) ) ;
#3096 = ORIENTED_EDGE ( 'NONE', *, *, #43, .T. ) ;
#3097 = EDGE_CURVE ( 'NONE', #1224, #3523, #2558, .T. ) ;
#3098 = DATE_AND_TIME ( #3699, #3441 ) ;
#3099 = VERTEX_POINT ( 'NONE', #3779 ) ;
#3100 = CARTESIAN_POINT ( 'NONE',  ( 12.60000000000000142, 0.000000000000000000, 6.700000000000000178 ) ) ;
#3101 = CARTESIAN_POINT ( 'NONE',  ( 11.40000000000000213, 0.000000000000000000, 6.700000000000000178 ) ) ;
#3102 = CARTESIAN_POINT ( 'NONE',  ( -0.5500000000000000444, 2.299999999999999822, -3.249999999999999556 ) ) ;
#3103 = ORIENTED_EDGE ( 'NONE', *, *, #2688, .F. ) ;
#3104 = DIRECTION ( 'NONE',  ( -8.673617379884051249E-15, -0.000000000000000000, -1.000000000000000000 ) ) ;
#3105 = ORIENTED_EDGE ( 'NONE', *, *, #1103, .T. ) ;
#3106 = ORIENTED_EDGE ( 'NONE', *, *, #2408, .T. ) ;
#3107 = EDGE_LOOP ( 'NONE', ( #2108, #246 ) ) ;
#3108 = VECTOR ( 'NONE', #3690, 1000.000000000000000 ) ;
#3109 = ADVANCED_FACE ( 'NONE', ( #1026 ), #1712, .T. ) ;
#3110 = DIRECTION ( 'NONE',  ( -8.673617379884051249E-15, 0.000000000000000000, 1.000000000000000000 ) ) ;
#3112 = VECTOR ( 'NONE', #3715, 1000.000000000000000 ) ;
#3111 = CARTESIAN_POINT ( 'NONE',  ( 0.000000000000000000, -9.192388155425119223, 2.049999999999999822 ) ) ;
#3113 = DIRECTION ( 'NONE',  ( 0.000000000000000000, 0.000000000000000000, 1.000000000000000000 ) ) ;
#3114 = ORIENTED_EDGE ( 'NONE', *, *, #2032, .T. ) ;
#3115 = EDGE_CURVE ( 'NONE', #1577, #771, #2866, .T. ) ;
#3116 = APPROVAL_ROLE ( '' ) ;
#3117 = ORIENTED_EDGE ( 'NONE', *, *, #2225, .F. ) ;
#3118 = EDGE_CURVE ( 'NONE', #2759, #2347, #2251, .T. ) ;
#3119 = EDGE_CURVE ( 'NONE', #1153, #2347, #1090, .T. ) ;
#3120 = FACE_BOUND ( 'NONE', #2352, .T. ) ;
#3121 = AXIS2_PLACEMENT_3D ( 'NONE', #2291, #1025, #1928 ) ;
#3122 = CYLINDRICAL_SURFACE ( 'NONE', #59, 2.399999999999999023 ) ;
#3123 = VECTOR ( 'NONE', #2459, 1000.000000000000000 ) ;
#3124 = CARTESIAN_POINT ( 'NONE',  ( -11.99999999999999289, 15.07695526217004733, -3.999999999999998224 ) ) ;
#3125 = ORIENTED_EDGE ( 'NONE', *, *, #3035, .T. ) ;
#3126 = CARTESIAN_POINT ( 'NONE',  ( -3.999999999999998224, 10.30000000000000071, -5.299999999999996270 ) ) ;
#3127 = ORIENTED_EDGE ( 'NONE', *, *, #910, .T. ) ;
#3128 = VERTEX_POINT ( 'NONE', #1356 ) ;
#3129 = CIRCLE ( 'NONE', #1912, 1.299999999999999156 ) ;
#3130 = CARTESIAN_POINT ( 'NONE',  ( -14.49999999999999645, 0.000000000000000000, -6.700000000000000178 ) ) ;
#3131 = PLANE ( 'NONE',  #734 ) ;
#3132 = AXIS2_PLACEMENT_3D ( 'NONE', #1575, #1559, #2804 ) ;
#3133 = FACE_OUTER_BOUND ( 'NONE', #334, .T. ) ;
#3134 = ADVANCED_FACE ( 'NONE', ( #2578 ), #3795, .F. ) ;
#3135 = AXIS2_PLACEMENT_3D ( 'NONE', #2638, #1064, #3196 ) ;
#3136 = CARTESIAN_POINT ( 'NONE',  ( -11.99999999999999289, 9.599999999999999645, -6.399999999999997691 ) ) ;
#3137 = ORIENTED_EDGE ( 'NONE', *, *, #368, .T. ) ;
#3138 = AXIS2_PLACEMENT_3D ( 'NONE', #3840, #1720, #1783 ) ;
#3139 = VECTOR ( 'NONE', #988, 1000.000000000000000 ) ;
#3140 = CARTESIAN_POINT ( 'NONE',  ( -4.599999999999999645, 9.816552506059649019, -6.500000000000000888 ) ) ;
#3141 = ORIENTED_EDGE ( 'NONE', *, *, #3606, .F. ) ;
#3142 = DIRECTION ( 'NONE',  ( 0.000000000000000000, 0.000000000000000000, 1.000000000000000000 ) ) ;
#3143 = CARTESIAN_POINT ( 'NONE',  ( -3.400000000000000355, 9.816552506059649019, 6.500000000000000888 ) ) ;
#3144 = FACE_OUTER_BOUND ( 'NONE', #3974, .T. ) ;
#3145 = ORIENTED_EDGE ( 'NONE', *, *, #3753, .F. ) ;
#3146 = CARTESIAN_POINT ( 'NONE',  ( -12.59999999999999964, 0.000000000000000000, 6.700000000000000178 ) ) ;
#3147 = CARTESIAN_POINT ( 'NONE',  ( 11.99999999999999289, 9.599999999999999645, 1.600000000000019407 ) ) ;
#3148 = ORIENTED_EDGE ( 'NONE', *, *, #2181, .F. ) ;
#3149 = DIRECTION ( 'NONE',  ( 8.673617379884051249E-15, 0.000000000000000000, -1.000000000000000000 ) ) ;
#3150 = CYLINDRICAL_SURFACE ( 'NONE', #3368, 3.249999999999999556 ) ;
#3151 = ORIENTED_EDGE ( 'NONE', *, *, #2583, .F. ) ;
#3152 = CYLINDRICAL_SURFACE ( 'NONE', #2509, 2.399999999999999467 ) ;
#3153 = DIRECTION ( 'NONE',  ( -1.000000000000000000, -0.000000000000000000, -0.000000000000000000 ) ) ;
#3154 = CARTESIAN_POINT ( 'NONE',  ( 0.000000000000000000, 0.000000000000000000, 2.049999999999999822 ) ) ;
#3155 = ORIENTED_EDGE ( 'NONE', *, *, #2071, .T. ) ;
#3156 = ADVANCED_FACE ( 'NONE', ( #1132 ), #1438, .F. ) ;
#3157 = DIRECTION ( 'NONE',  ( 1.000000000000000000, 0.000000000000000000, 0.000000000000000000 ) ) ;
#3158 = ORIENTED_EDGE ( 'NONE', *, *, #2248, .T. ) ;
#3159 = FACE_BOUND ( 'NONE', #2905, .T. ) ;
#3160 = DIRECTION ( 'NONE',  ( 0.000000000000000000, 1.000000000000000000, 0.000000000000000000 ) ) ;
#3161 = EDGE_CURVE ( 'NONE', #2257, #3232, #501, .T. ) ;
#3162 = ADVANCED_FACE ( 'NONE', ( #206 ), #1697, .F. ) ;
#3163 = LINE ( 'NONE', #1341, #2491 ) ;
#3164 = VERTEX_POINT ( 'NONE', #2979 ) ;
#3165 = PLANE ( 'NONE',  #2890 ) ;
#3166 = DIRECTION ( 'NONE',  ( 0.000000000000000000, -1.000000000000000000, 0.000000000000000000 ) ) ;
#3167 = CARTESIAN_POINT ( 'NONE',  ( 11.39999999999999858, 0.000000000000000000, 6.700000000000000178 ) ) ;
#3168 = ADVANCED_FACE ( 'NONE', ( #1379, #3562 ), #226, .T. ) ;
#3169 = CARTESIAN_POINT ( 'NONE',  ( -12.59999999999999964, 9.816552506059649019, 6.500000000000000888 ) ) ;
#3170 = EDGE_CURVE ( 'NONE', #1180, #1737, #3262, .T. ) ;
#3171 = ORIENTED_EDGE ( 'NONE', *, *, #1448, .T. ) ;
#3172 = CARTESIAN_POINT ( 'NONE',  ( 3.999999999999994671, 11.40000000000000036, 4.000000000000005329 ) ) ;
#3173 = DIRECTION ( 'NONE',  ( -1.000000000000000000, 0.000000000000000000, 0.000000000000000000 ) ) ;
#3174 = DIRECTION ( 'NONE',  ( 0.000000000000000000, 0.000000000000000000, -1.000000000000000000 ) ) ;
#3175 = CIRCLE ( 'NONE', #3430, 2.399999999999998135 ) ;
#3176 = ORIENTED_EDGE ( 'NONE', *, *, #476, .T. ) ;
#3177 = CARTESIAN_POINT ( 'NONE',  ( 11.99999999999998579, 11.40000000000000036, -4.000000000000017764 ) ) ;
#3178 = CARTESIAN_POINT ( 'NONE',  ( -14.49999999999999645, 8.599999999999996092, 6.700000000000000178 ) ) ;
#3179 = CIRCLE ( 'NONE', #1770, 1.299999999999998268 ) ;
#3180 = EDGE_LOOP ( 'NONE', ( #1070, #3916, #3924, #509 ) ) ;
#3181 = LINE ( 'NONE', #1316, #1789 ) ;
#3182 = DIRECTION ( 'NONE',  ( 1.000000000000000000, 0.000000000000000000, -0.000000000000000000 ) ) ;
#3183 = ORIENTED_EDGE ( 'NONE', *, *, #20, .F. ) ;
#3184 = FACE_OUTER_BOUND ( 'NONE', #1627, .T. ) ;
#3185 = DIRECTION ( 'NONE',  ( 1.000000000000000000, -0.000000000000000000, -0.000000000000000000 ) ) ;
#3186 = ADVANCED_FACE ( 'NONE', ( #828, #2907 ), #3814, .T. ) ;
#3187 = DIRECTION ( 'NONE',  ( 0.000000000000000000, -1.000000000000000000, 0.000000000000000000 ) ) ;
#3188 = VECTOR ( 'NONE', #3209, 1000.000000000000000 ) ;
#3189 = CARTESIAN_POINT ( 'NONE',  ( -14.29999999999999716, 8.599999999999999645, -4.599999999999997868 ) ) ;
#3190 = AXIS2_PLACEMENT_3D ( 'NONE', #3838, #3764, #2240 ) ;
#3191 = VERTEX_POINT ( 'NONE', #3876 ) ;
#3192 = ADVANCED_FACE ( 'NONE', ( #2057 ), #3854, .F. ) ;
#3193 = EDGE_CURVE ( 'NONE', #3755, #801, #3281, .T. ) ;
#3194 = CYLINDRICAL_SURFACE ( 'NONE', #3965, 1.299999999999998268 ) ;
#3195 = LINE ( 'NONE', #3846, #432 ) ;
#3196 = DIRECTION ( 'NONE',  ( 0.000000000000000000, 0.000000000000000000, -1.000000000000000000 ) ) ;
#3197 = EDGE_LOOP ( 'NONE', ( #1134, #288, #1096, #276 ) ) ;
#3198 = CARTESIAN_POINT ( 'NONE',  ( 14.49999999999999645, 9.816552506059649019, -3.399999999999998579 ) ) ;
#3199 = CC_DESIGN_PERSON_AND_ORGANIZATION_ASSIGNMENT ( #3520, #3461, ( #3060 ) ) ;
#3200 = LINE ( 'NONE', #1337, #930 ) ;
#3201 = CIRCLE ( 'NONE', #1016, 2.050000000000000266 ) ;
#3202 = AXIS2_PLACEMENT_3D ( 'NONE', #3056, #1834, #1538 ) ;
#3203 = EDGE_LOOP ( 'NONE', ( #2129, #2852, #2159, #3472 ) ) ;
#3204 = CARTESIAN_POINT ( 'NONE',  ( 11.99999999999998579, 9.599999999999999645, -4.000000000000017764 ) ) ;
#3205 = AXIS2_PLACEMENT_3D ( 'NONE', #627, #912, #3347 ) ;
#3206 = VECTOR ( 'NONE', #1012, 1000.000000000000000 ) ;
#3207 = DIRECTION ( 'NONE',  ( 0.000000000000000000, -1.000000000000000000, 0.000000000000000000 ) ) ;
#3208 = AXIS2_PLACEMENT_3D ( 'NONE', #3437, #1274, #3678 ) ;
#3209 = DIRECTION ( 'NONE',  ( -1.000000000000000000, -0.000000000000000000, -0.000000000000000000 ) ) ;
#3210 = DIRECTION ( 'NONE',  ( 0.000000000000000000, 0.000000000000000000, -1.000000000000000000 ) ) ;
#3211 = ORIENTED_EDGE ( 'NONE', *, *, #551, .T. ) ;
#3212 = DIRECTION ( 'NONE',  ( -8.673617379884051249E-15, 0.000000000000000000, 1.000000000000000000 ) ) ;
#3213 = CARTESIAN_POINT ( 'NONE',  ( 8.000000000000000000, -9.192388155425119223, -3.250000000000000444 ) ) ;
#3214 = AXIS2_PLACEMENT_3D ( 'NONE', #3272, #2467, #3864 ) ;
#3215 = EDGE_CURVE ( 'NONE', #2478, #1007, #1755, .T. ) ;
#3216 = EDGE_LOOP ( 'NONE', ( #2695, #2848 ) ) ;
#3217 = CARTESIAN_POINT ( 'NONE',  ( -14.49999999999999645, 8.599999999999999645, 4.599999999999997868 ) ) ;
#3218 = CARTESIAN_POINT ( 'NONE',  ( -0.5500000000000053735, 8.599999999999996092, -6.700000000000000178 ) ) ;
#3219 = CARTESIAN_POINT ( 'NONE',  ( -11.40000000000000036, 8.599999999999999645, -6.500000000000000888 ) ) ;
#3220 = ORIENTED_EDGE ( 'NONE', *, *, #558, .F. ) ;
#3221 = DIRECTION ( 'NONE',  ( 0.000000000000000000, 0.000000000000000000, 1.000000000000000000 ) ) ;
#3222 = ORIENTED_EDGE ( 'NONE', *, *, #3097, .T. ) ;
#3223 = EDGE_CURVE ( 'NONE', #2854, #1919, #3526, .T. ) ;
#3224 = ORIENTED_EDGE ( 'NONE', *, *, #2850, .F. ) ;
#3225 = DIRECTION ( 'NONE',  ( -1.000000000000000000, 0.000000000000000000, 0.000000000000000000 ) ) ;
#3226 = FACE_OUTER_BOUND ( 'NONE', #1059, .T. ) ;
#3227 = CYLINDRICAL_SURFACE ( 'NONE', #2746, 2.050000000000000266 ) ;
#3228 = VERTEX_POINT ( 'NONE', #746 ) ;
#3229 = DIRECTION ( 'NONE',  ( 0.000000000000000000, -1.000000000000000000, 0.000000000000000000 ) ) ;
#3230 = DIRECTION ( 'NONE',  ( -0.000000000000000000, 0.000000000000000000, -1.000000000000000000 ) ) ;
#3231 = VECTOR ( 'NONE', #3036, 1000.000000000000000 ) ;
#3232 = VERTEX_POINT ( 'NONE', #1971 ) ;
#3233 = CARTESIAN_POINT ( 'NONE',  ( -4.000000000000001776, 15.07695526217004733, 3.999999999999998224 ) ) ;
#3234 = CARTESIAN_POINT ( 'NONE',  ( 0.000000000000000000, 0.000000000000000000, 0.000000000000000000 ) ) ;
#3235 = CARTESIAN_POINT ( 'NONE',  ( -8.000000000000000000, 8.599999999999999645, 0.000000000000000000 ) ) ;
#3236 = ADVANCED_FACE ( 'NONE', ( #3226 ), #2320, .T. ) ;
#3237 = ORIENTED_EDGE ( 'NONE', *, *, #1045, .T. ) ;
#3238 = DIRECTION ( 'NONE',  ( 0.000000000000000000, -1.000000000000000000, 0.000000000000000000 ) ) ;
#3239 = ORIENTED_EDGE ( 'NONE', *, *, #677, .F. ) ;
#3240 = ORIENTED_EDGE ( 'NONE', *, *, #383, .F. ) ;
#3241 = EDGE_CURVE ( 'NONE', #698, #692, #1191, .T. ) ;
#3242 = DIRECTION ( 'NONE',  ( 0.000000000000000000, -1.000000000000000000, 0.000000000000000000 ) ) ;
#3243 = VECTOR ( 'NONE', #412, 1000.000000000000000 ) ;
#3244 = EDGE_CURVE ( 'NONE', #1681, #3574, #2769, .T. ) ;
#3245 = PLANE ( 'NONE',  #3190 ) ;
#3246 = ORIENTED_EDGE ( 'NONE', *, *, #731, .F. ) ;
#3247 = CARTESIAN_POINT ( 'NONE',  ( 12.59999999999999964, 0.000000000000000000, 6.500000000000000888 ) ) ;
#3248 = CARTESIAN_POINT ( 'NONE',  ( -14.49999999999999645, 41.54620478241506731, -6.700000000000000178 ) ) ;
#3249 = ORIENTED_EDGE ( 'NONE', *, *, #2210, .F. ) ;
#3250 = VECTOR ( 'NONE', #3926, 1000.000000000000000 ) ;
#3251 = CARTESIAN_POINT ( 'NONE',  ( 8.000000000000000000, 0.000000000000000000, 2.050000000000000266 ) ) ;
#3252 = DIRECTION ( 'NONE',  ( -1.000000000000000000, 0.000000000000000000, 0.000000000000000000 ) ) ;
#3253 = CARTESIAN_POINT ( 'NONE',  ( -4.000000000000001776, 9.599999999999999645, 6.399999999999997691 ) ) ;
#3254 = EDGE_LOOP ( 'NONE', ( #3653, #577, #3704, #3839 ) ) ;
#3255 = LOCAL_TIME ( 23, 59, 32.00000000000000000, #718 ) ;
#3256 = CARTESIAN_POINT ( 'NONE',  ( -14.49999999999999645, 0.000000000000000000, 3.399999999999998579 ) ) ;
#3257 = ADVANCED_FACE ( 'NONE', ( #3940 ), #3600, .T. ) ;
#3258 = CARTESIAN_POINT ( 'NONE',  ( 8.000000000000000000, 0.000000000000000000, 3.250000000000000444 ) ) ;
#3259 = CARTESIAN_POINT ( 'NONE',  ( 3.399999999999998579, 9.816552506059649019, -6.700000000000000178 ) ) ;
#3260 = ORIENTED_EDGE ( 'NONE', *, *, #3655, .T. ) ;
#3261 = DIRECTION ( 'NONE',  ( -0.000000000000000000, -0.000000000000000000, 1.000000000000000000 ) ) ;
#3262 = LINE ( 'NONE', #1112, #1322 ) ;
#3263 = DIRECTION ( 'NONE',  ( -0.000000000000000000, -1.000000000000000000, -0.000000000000000000 ) ) ;
#3264 = ORIENTED_EDGE ( 'NONE', *, *, #368, .F. ) ;
#3265 = CARTESIAN_POINT ( 'NONE',  ( 12.60000000000000142, 9.816552506059649019, 6.700000000000000178 ) ) ;
#3266 = EDGE_CURVE ( 'NONE', #1091, #1870, #3696, .T. ) ;
#3267 = VECTOR ( 'NONE', #353, 1000.000000000000000 ) ;
#3268 = AXIS2_PLACEMENT_3D ( 'NONE', #3522, #842, #1189 ) ;
#3269 = CARTESIAN_POINT ( 'NONE',  ( 3.999999999999994671, 11.40000000000000036, 6.400000000000004796 ) ) ;
#3270 = VERTEX_POINT ( 'NONE', #3378 ) ;
#3271 = EDGE_CURVE ( 'NONE', #3728, #801, #3675, .T. ) ;
#3272 = CARTESIAN_POINT ( 'NONE',  ( 14.29999999999999716, 9.816552506059649019, 4.599999999999997868 ) ) ;
#3273 = LINE ( 'NONE', #3627, #3647 ) ;
#3274 = DIRECTION ( 'NONE',  ( 0.000000000000000000, 0.000000000000000000, -1.000000000000000000 ) ) ;
#3275 = ORIENTED_EDGE ( 'NONE', *, *, #3466, .F. ) ;
#3276 = ORIENTED_EDGE ( 'NONE', *, *, #2283, .F. ) ;
#3277 = CARTESIAN_POINT ( 'NONE',  ( 14.49999999999999645, 9.816552506059649019, 4.599999999999997868 ) ) ;
#3278 = DIRECTION ( 'NONE',  ( 0.000000000000000000, -0.000000000000000000, -1.000000000000000000 ) ) ;
#3279 = ORIENTED_EDGE ( 'NONE', *, *, #3770, .T. ) ;
#3280 = CARTESIAN_POINT ( 'NONE',  ( 0.5500000000000000444, 2.299999999999999822, -3.203123475609393811 ) ) ;
#3281 = LINE ( 'NONE', #519, #2346 ) ;
#3282 = CARTESIAN_POINT ( 'NONE',  ( -12.00000000000000000, 9.599999999999999645, 6.399999999999997691 ) ) ;
#3283 = VERTEX_POINT ( 'NONE', #1818 ) ;
#3284 = PLANE ( 'NONE',  #2631 ) ;
#3285 = CARTESIAN_POINT ( 'NONE',  ( -3.399999999999998579, 9.816552506059649019, -6.700000000000000178 ) ) ;
#3286 = PLANE ( 'NONE',  #22 ) ;
#3287 = EDGE_CURVE ( 'NONE', #3934, #1361, #357, .T. ) ;
#3288 = EDGE_LOOP ( 'NONE', ( #1561, #354, #2381, #2099 ) ) ;
#3289 = ORIENTED_EDGE ( 'NONE', *, *, #1159, .F. ) ;
#3290 = EDGE_CURVE ( 'NONE', #1162, #3270, #1779, .T. ) ;
#3291 = EDGE_CURVE ( 'NONE', #1761, #2269, #248, .T. ) ;
#3292 = DIRECTION ( 'NONE',  ( 0.000000000000000000, -1.000000000000000000, 0.000000000000000000 ) ) ;
#3293 = DIRECTION ( 'NONE',  ( -0.000000000000000000, -1.000000000000000000, -0.000000000000000000 ) ) ;
#3294 = DIRECTION ( 'NONE',  ( -8.673617379884051249E-15, 0.000000000000000000, 1.000000000000000000 ) ) ;
#3295 = ORIENTED_EDGE ( 'NONE', *, *, #2476, .T. ) ;
#3296 = DIRECTION ( 'NONE',  ( 0.000000000000000000, -1.000000000000000000, 0.000000000000000000 ) ) ;
#3297 = AXIS2_PLACEMENT_3D ( 'NONE', #2388, #1740, #3858 ) ;
#3298 = CYLINDRICAL_SURFACE ( 'NONE', #2331, 2.050000000000000266 ) ;
#3299 = LINE ( 'NONE', #881, #2498 ) ;
#3300 = VERTEX_POINT ( 'NONE', #3637 ) ;
#3301 = DIRECTION ( 'NONE',  ( 0.000000000000000000, -1.000000000000000000, 0.000000000000000000 ) ) ;
#3302 = DIRECTION ( 'NONE',  ( 0.000000000000000000, -0.000000000000000000, -1.000000000000000000 ) ) ;
#3303 = ORIENTED_EDGE ( 'NONE', *, *, #43, .F. ) ;
#3304 = LINE ( 'NONE', #545, #348 ) ;
#3305 = DIRECTION ( 'NONE',  ( -0.000000000000000000, -0.000000000000000000, -1.000000000000000000 ) ) ;
#3306 = VECTOR ( 'NONE', #505, 1000.000000000000000 ) ;
#3307 = DIRECTION ( 'NONE',  ( 0.000000000000000000, 0.000000000000000000, 1.000000000000000000 ) ) ;
#3308 = AXIS2_PLACEMENT_3D ( 'NONE', #3478, #3238, #717 ) ;
#3309 = ORIENTED_EDGE ( 'NONE', *, *, #2931, .F. ) ;
#3310 = EDGE_CURVE ( 'NONE', #2940, #224, #3922, .T. ) ;
#3311 = EDGE_LOOP ( 'NONE', ( #2141, #3066, #1853, #1610 ) ) ;
#3312 = AXIS2_PLACEMENT_3D ( 'NONE', #863, #2094, #285 ) ;
#3313 = DIRECTION ( 'NONE',  ( 0.000000000000000000, 0.000000000000000000, -1.000000000000000000 ) ) ;
#3314 = EDGE_CURVE ( 'NONE', #3038, #652, #1171, .T. ) ;
#3315 = CARTESIAN_POINT ( 'NONE',  ( 3.999999999999994671, 10.30000000000000071, 4.000000000000005329 ) ) ;
#3316 = VERTEX_POINT ( 'NONE', #561 ) ;
#3317 = APPROVAL_PERSON_ORGANIZATION ( #2830, #1941, #3116 ) ;
#3318 = DIRECTION ( 'NONE',  ( 0.000000000000000000, -1.000000000000000000, 0.000000000000000000 ) ) ;
#3319 = LINE ( 'NONE', #1187, #1110 ) ;
#3320 = DIRECTION ( 'NONE',  ( 0.000000000000000000, -1.000000000000000000, 0.000000000000000000 ) ) ;
#3321 = ORIENTED_EDGE ( 'NONE', *, *, #3097, .F. ) ;
#3322 = FACE_OUTER_BOUND ( 'NONE', #3904, .T. ) ;
#3323 = ORIENTED_EDGE ( 'NONE', *, *, #3742, .T. ) ;
#3324 = LINE ( 'NONE', #2077, #1830 ) ;
#3325 = FACE_OUTER_BOUND ( 'NONE', #1230, .T. ) ;
#3326 = DIRECTION ( 'NONE',  ( 0.000000000000000000, 0.000000000000000000, -1.000000000000000000 ) ) ;
#3327 = AXIS2_PLACEMENT_3D ( 'NONE', #2700, #3031, #3016 ) ;
#3328 = ORIENTED_EDGE ( 'NONE', *, *, #2457, .F. ) ;
#3329 = CIRCLE ( 'NONE', #375, 2.399999999999999467 ) ;
#3330 = ORIENTED_EDGE ( 'NONE', *, *, #1824, .T. ) ;
#3331 = VECTOR ( 'NONE', #1142, 1000.000000000000000 ) ;
#3332 = EDGE_CURVE ( 'NONE', #3382, #830, #2483, .T. ) ;
#3333 = AXIS2_PLACEMENT_3D ( 'NONE', #720, #128, #743 ) ;
#3334 = LINE ( 'NONE', #3444, #2697 ) ;
#3335 = DIRECTION ( 'NONE',  ( 8.673617379884051249E-15, 0.000000000000000000, -1.000000000000000000 ) ) ;
#3336 = ORIENTED_EDGE ( 'NONE', *, *, #1983, .T. ) ;
#3337 = ORIENTED_EDGE ( 'NONE', *, *, #1172, .T. ) ;
#3338 = EDGE_CURVE ( 'NONE', #1170, #3667, #2744, .T. ) ;
#3339 = CARTESIAN_POINT ( 'NONE',  ( -3.399999999999998579, 8.599999999999996092, 6.700000000000000178 ) ) ;
#3340 = CARTESIAN_POINT ( 'NONE',  ( 11.99999999999998579, 8.599999999999999645, -4.000000000000017764 ) ) ;
#3341 = DIRECTION ( 'NONE',  ( 0.000000000000000000, -1.000000000000000000, 0.000000000000000000 ) ) ;
#3342 = ORIENTED_EDGE ( 'NONE', *, *, #901, .F. ) ;
#3343 = ADVANCED_FACE ( 'NONE', ( #605 ), #928, .T. ) ;
#3344 = DIRECTION ( 'NONE',  ( 0.000000000000000000, 0.000000000000000000, -1.000000000000000000 ) ) ;
#3345 = ORIENTED_EDGE ( 'NONE', *, *, #443, .F. ) ;
#3346 = EDGE_CURVE ( 'NONE', #3300, #1729, #3684, .T. ) ;
#3347 = DIRECTION ( 'NONE',  ( 0.000000000000000000, 0.000000000000000000, -1.000000000000000000 ) ) ;
#3348 = ORIENTED_EDGE ( 'NONE', *, *, #2202, .T. ) ;
#3349 = ORIENTED_EDGE ( 'NONE', *, *, #312, .T. ) ;
#3350 = DIRECTION ( 'NONE',  ( 0.000000000000000000, 0.000000000000000000, -1.000000000000000000 ) ) ;
#3351 = ORIENTED_EDGE ( 'NONE', *, *, #2186, .T. ) ;
#3352 = FACE_OUTER_BOUND ( 'NONE', #2469, .T. ) ;
#3353 = CARTESIAN_POINT ( 'NONE',  ( -8.000000000000000000, 8.599999999999999645, 2.050000000000000266 ) ) ;
#3354 = ADVANCED_FACE ( 'NONE', ( #894 ), #3088, .T. ) ;
#3355 = FACE_OUTER_BOUND ( 'NONE', #3500, .T. ) ;
#3356 = VERTEX_POINT ( 'NONE', #3147 ) ;
#3357 = DESIGN_CONTEXT ( 'detailed design', #730, 'design' ) ;
#3358 = DIRECTION ( 'NONE',  ( 1.000000000000000000, 0.000000000000000000, 0.000000000000000000 ) ) ;
#3359 = EDGE_LOOP ( 'NONE', ( #3578, #3619, #37, #3812 ) ) ;
#3360 = CARTESIAN_POINT ( 'NONE',  ( -8.000000000000000000, -9.192388155425119223, 2.050000000000000266 ) ) ;
#3361 = CARTESIAN_POINT ( 'NONE',  ( -14.49999999999999645, 8.599999999999999645, 3.399999999999998579 ) ) ;
#3362 = ADVANCED_FACE ( 'NONE', ( #3786 ), #2281, .T. ) ;
#3363 = LINE ( 'NONE', #1196, #3771 ) ;
#3364 = EDGE_CURVE ( 'NONE', #350, #1921, #2512, .T. ) ;
#3365 = DIRECTION ( 'NONE',  ( 0.000000000000000000, 0.000000000000000000, -1.000000000000000000 ) ) ;
#3366 = EDGE_LOOP ( 'NONE', ( #2105, #513, #71, #870, #1167, #1786, #1303, #19 ) ) ;
#3367 = CARTESIAN_POINT ( 'NONE',  ( -3.999999999999998224, 10.30000000000000071, -3.999999999999998224 ) ) ;
#3368 = AXIS2_PLACEMENT_3D ( 'NONE', #2472, #2765, #1325 ) ;
#3369 = ORIENTED_EDGE ( 'NONE', *, *, #1477, .F. ) ;
#3370 = CIRCLE ( 'NONE', #3877, 3.250000000000000444 ) ;
#3371 = VERTEX_POINT ( 'NONE', #3766 ) ;
#3372 = VERTEX_POINT ( 'NONE', #2837 ) ;
#3373 = LINE ( 'NONE', #3768, #3108 ) ;
#3374 = CARTESIAN_POINT ( 'NONE',  ( -14.49999999999999645, 9.816552506059649019, -3.399999999999998579 ) ) ;
#3375 = CARTESIAN_POINT ( 'NONE',  ( -14.49999999999999645, 0.000000000000000000, 6.700000000000000178 ) ) ;
#3376 = ORIENTED_EDGE ( 'NONE', *, *, #2991, .T. ) ;
#3377 = VECTOR ( 'NONE', #392, 1000.000000000000000 ) ;
#3378 = CARTESIAN_POINT ( 'NONE',  ( 8.000000000000000000, 8.599999999999999645, 2.050000000000000266 ) ) ;
#3379 = ADVANCED_FACE ( 'NONE', ( #1626, #726 ), #1035, .T. ) ;
#3380 = LINE ( 'NONE', #947, #2145 ) ;
#3381 = CARTESIAN_POINT ( 'NONE',  ( -12.00000000000000000, 10.30000000000000071, 3.999999999999998224 ) ) ;
#3382 = VERTEX_POINT ( 'NONE', #1363 ) ;
#3383 = FACE_OUTER_BOUND ( 'NONE', #3030, .T. ) ;
#3384 = ADVANCED_FACE ( 'NONE', ( #1302 ), #1882, .F. ) ;
#3385 = DIRECTION ( 'NONE',  ( 8.673617379884051249E-15, -0.000000000000000000, 1.000000000000000000 ) ) ;
#3386 = PLANE ( 'NONE',  #1781 ) ;
#3387 = VERTEX_POINT ( 'NONE', #1937 ) ;
#3388 = ORIENTED_EDGE ( 'NONE', *, *, #3449, .T. ) ;
#3389 = VECTOR ( 'NONE', #1942, 1000.000000000000000 ) ;
#3390 = VECTOR ( 'NONE', #3972, 1000.000000000000000 ) ;
#3391 = AXIS2_PLACEMENT_3D ( 'NONE', #217, #3628, #1143 ) ;
#3392 = AXIS2_PLACEMENT_3D ( 'NONE', #170, #2691, #3909 ) ;
#3393 = EDGE_CURVE ( 'NONE', #2500, #1130, #2896, .T. ) ;
#3394 = VERTEX_POINT ( 'NONE', #2259 ) ;
#3395 = CIRCLE ( 'NONE', #3836, 1.299999999999999156 ) ;
#3396 = CIRCLE ( 'NONE', #570, 2.399999999999997691 ) ;
#3397 = VERTEX_POINT ( 'NONE', #994 ) ;
#3398 = CARTESIAN_POINT ( 'NONE',  ( 0.5500000000000000444, 2.299999999999999822, 3.250000000000000888 ) ) ;
#3399 = CARTESIAN_POINT ( 'NONE',  ( -11.99999999999999289, 15.07695526217004733, -5.299999999999998046 ) ) ;
#3400 = CARTESIAN_POINT ( 'NONE',  ( -0.5500000000000053735, 2.300000000000003375, -6.700000000000000178 ) ) ;
#3401 = CARTESIAN_POINT ( 'NONE',  ( -12.59999999999999964, 0.000000000000000000, -6.500000000000000888 ) ) ;
#3402 = ORIENTED_EDGE ( 'NONE', *, *, #3049, .F. ) ;
#3403 = CARTESIAN_POINT ( 'NONE',  ( -3.999999999999998224, 8.599999999999999645, -5.299999999999996270 ) ) ;
#3404 = VERTEX_POINT ( 'NONE', #2588 ) ;
#3405 = DIRECTION ( 'NONE',  ( 0.000000000000000000, 0.000000000000000000, -1.000000000000000000 ) ) ;
#3406 = DIRECTION ( 'NONE',  ( 0.000000000000000000, -1.000000000000000000, 0.000000000000000000 ) ) ;
#3407 = LINE ( 'NONE', #2773, #1197 ) ;
#3408 = VERTEX_POINT ( 'NONE', #3126 ) ;
#3409 = EDGE_CURVE ( 'NONE', #1328, #2023, #3445, .T. ) ;
#3410 = ORIENTED_EDGE ( 'NONE', *, *, #3951, .T. ) ;
#3411 = LINE ( 'NONE', #2797, #3267 ) ;
#3412 = EDGE_LOOP ( 'NONE', ( #1670, #2927 ) ) ;
#3413 = EDGE_CURVE ( 'NONE', #2117, #2730, #410, .T. ) ;
#3414 = ORIENTED_EDGE ( 'NONE', *, *, #3119, .F. ) ;
#3415 = EDGE_CURVE ( 'NONE', #422, #801, #2871, .T. ) ;
#3416 = LINE ( 'NONE', #3399, #1192 ) ;
#3417 = PLANE ( 'NONE',  #120 ) ;
#3418 = DIRECTION ( 'NONE',  ( -1.000000000000000000, 0.000000000000000000, -8.673617379884051249E-15 ) ) ;
#3419 = EDGE_LOOP ( 'NONE', ( #1440, #534, #2526, #47 ) ) ;
#3420 = LINE ( 'NONE', #2847, #26 ) ;
#3421 = VERTEX_POINT ( 'NONE', #686 ) ;
#3422 = CARTESIAN_POINT ( 'NONE',  ( -15.89999999999999680, 0.000000000000000000, 7.900000000000000355 ) ) ;
#3423 = CYLINDRICAL_SURFACE ( 'NONE', #3013, 3.250000000000000444 ) ;
#3424 = DIRECTION ( 'NONE',  ( -1.000000000000000000, 0.000000000000000000, -0.000000000000000000 ) ) ;
#3425 = EDGE_LOOP ( 'NONE', ( #1211, #55, #1733, #1606 ) ) ;
#3426 = LINE ( 'NONE', #1739, #423 ) ;
#3427 = EDGE_LOOP ( 'NONE', ( #1115, #3674 ) ) ;
#3428 = EDGE_CURVE ( 'NONE', #3394, #2909, #112, .T. ) ;
#3429 = ORIENTED_EDGE ( 'NONE', *, *, #1448, .F. ) ;
#3430 = AXIS2_PLACEMENT_3D ( 'NONE', #1701, #1466, #522 ) ;
#3431 = FACE_OUTER_BOUND ( 'NONE', #3485, .T. ) ;
#3433 = VECTOR ( 'NONE', #394, 1000.000000000000000 ) ;
#3432 = DIRECTION ( 'NONE',  ( 1.000000000000000000, 0.000000000000000000, 0.000000000000000000 ) ) ;
#3434 = CARTESIAN_POINT ( 'NONE',  ( 8.000000000000000000, 0.000000000000000000, -3.250000000000000444 ) ) ;
#3435 = ORIENTED_EDGE ( 'NONE', *, *, #3821, .T. ) ;
#3436 = VERTEX_POINT ( 'NONE', #349 ) ;
#3437 = CARTESIAN_POINT ( 'NONE',  ( -11.99999999999999289, 8.599999999999999645, -3.999999999999998224 ) ) ;
#3438 = AXIS2_PLACEMENT_3D ( 'NONE', #2919, #781, #872 ) ;
#3439 = LINE ( 'NONE', #1620, #1275 ) ;
#3440 = CARTESIAN_POINT ( 'NONE',  ( 8.000000000000000000, 8.599999999999999645, 3.250000000000000444 ) ) ;
#3441 = LOCAL_TIME ( 23, 59, 32.00000000000000000, #62 ) ;
#3442 = DIRECTION ( 'NONE',  ( 0.000000000000000000, -1.000000000000000000, 0.000000000000000000 ) ) ;
#3443 = EDGE_LOOP ( 'NONE', ( #2376, #264, #2818, #977 ) ) ;
#3444 = CARTESIAN_POINT ( 'NONE',  ( -4.600000000000001421, 8.599999999999999645, -6.700000000000000178 ) ) ;
#3445 = LINE ( 'NONE', #2220, #481 ) ;
#3446 = VERTEX_POINT ( 'NONE', #1285 ) ;
#3447 = CARTESIAN_POINT ( 'NONE',  ( 11.99999999999999289, 15.07695526217004733, 2.700000000000018385 ) ) ;
#3448 = EDGE_LOOP ( 'NONE', ( #372, #3537, #2334, #2233 ) ) ;
#3449 = EDGE_CURVE ( 'NONE', #771, #2771, #3426, .T. ) ;
#3450 = AXIS2_PLACEMENT_3D ( 'NONE', #2554, #735, #138 ) ;
#3451 = DIRECTION ( 'NONE',  ( -8.673617379884051249E-15, 0.000000000000000000, -1.000000000000000000 ) ) ;
#3452 = VECTOR ( 'NONE', #2652, 1000.000000000000000 ) ;
#3453 = DIRECTION ( 'NONE',  ( 0.000000000000000000, 0.000000000000000000, -1.000000000000000000 ) ) ;
#3454 = CIRCLE ( 'NONE', #2886, 3.249999999999999556 ) ;
#3455 = DIRECTION ( 'NONE',  ( -0.000000000000000000, -1.000000000000000000, -0.000000000000000000 ) ) ;
#3456 = VECTOR ( 'NONE', #3588, 1000.000000000000000 ) ;
#3457 = EDGE_CURVE ( 'NONE', #3191, #46, #2607, .T. ) ;
#3458 = ORIENTED_EDGE ( 'NONE', *, *, #997, .F. ) ;
#3459 = EDGE_CURVE ( 'NONE', #3164, #242, #1077, .T. ) ;
#3460 = DIRECTION ( 'NONE',  ( 0.000000000000000000, -1.000000000000000000, 0.000000000000000000 ) ) ;
#3461 = PERSON_AND_ORGANIZATION_ROLE ( 'creator' ) ;
#3462 = VERTEX_POINT ( 'NONE', #715 ) ;
#3463 = DIRECTION ( 'NONE',  ( -1.000000000000000000, 0.000000000000000000, 0.000000000000000000 ) ) ;
#3464 = EDGE_CURVE ( 'NONE', #2318, #714, #2422, .T. ) ;
#3465 = CARTESIAN_POINT ( 'NONE',  ( -0.5500000000000052625, 2.299999999999999822, -6.699999999999999289 ) ) ;
#3466 = EDGE_CURVE ( 'NONE', #1311, #3052, #81, .T. ) ;
#3467 = DIRECTION ( 'NONE',  ( 8.673617379884051249E-15, -0.000000000000000000, 1.000000000000000000 ) ) ;
#3468 = VERTEX_POINT ( 'NONE', #3756 ) ;
#3469 = CARTESIAN_POINT ( 'NONE',  ( 0.000000000000000000, 0.000000000000000000, 0.000000000000000000 ) ) ;
#3470 = LINE ( 'NONE', #707, #542 ) ;
#3471 = CARTESIAN_POINT ( 'NONE',  ( -12.00000000000000000, 15.07695526217004733, 3.999999999999998224 ) ) ;
#3472 = ORIENTED_EDGE ( 'NONE', *, *, #3742, .F. ) ;
#3473 = CARTESIAN_POINT ( 'NONE',  ( -8.000000000000000000, 0.000000000000000000, -2.050000000000000266 ) ) ;
#3474 = DIRECTION ( 'NONE',  ( -0.000000000000000000, 1.000000000000000000, -0.000000000000000000 ) ) ;
#3475 = CARTESIAN_POINT ( 'NONE',  ( 11.99999999999998579, 11.40000000000000036, -4.000000000000017764 ) ) ;
#3476 = ORIENTED_EDGE ( 'NONE', *, *, #603, .T. ) ;
#3477 = PLANE ( 'NONE',  #2678 ) ;
#3478 = CARTESIAN_POINT ( 'NONE',  ( 3.999999999999991562, 11.40000000000000036, -4.000000000000005329 ) ) ;
#3479 = EDGE_CURVE ( 'NONE', #1068, #2034, #1946, .T. ) ;
#3480 = ORIENTED_EDGE ( 'NONE', *, *, #3748, .T. ) ;
#3481 = FACE_OUTER_BOUND ( 'NONE', #2826, .T. ) ;
#3482 = CARTESIAN_POINT ( 'NONE',  ( 11.99999999999999289, 11.40000000000000036, 1.600000000000019407 ) ) ;
#3483 = DIRECTION ( 'NONE',  ( 0.000000000000000000, -1.000000000000000000, 0.000000000000000000 ) ) ;
#3484 = CIRCLE ( 'NONE', #1753, 2.050000000000000266 ) ;
#3485 = EDGE_LOOP ( 'NONE', ( #3652, #1206, #1813, #3264, #2650, #1174, #89, #2754 ) ) ;
#3486 = ADVANCED_FACE ( 'NONE', ( #2616 ), #3477, .T. ) ;
#3487 = CARTESIAN_POINT ( 'NONE',  ( -3.399999999999998579, 9.816552506059649019, 6.700000000000000178 ) ) ;
#3488 = EDGE_CURVE ( 'NONE', #258, #2641, #2595, .T. ) ;
#3489 = FACE_OUTER_BOUND ( 'NONE', #52, .T. ) ;
#3490 = ORIENTED_EDGE ( 'NONE', *, *, #406, .T. ) ;
#3491 = DIRECTION ( 'NONE',  ( 0.000000000000000000, 0.000000000000000000, -1.000000000000000000 ) ) ;
#3492 = CARTESIAN_POINT ( 'NONE',  ( 11.40000000000000036, 0.000000000000000000, -6.500000000000000888 ) ) ;
#3493 = FACE_OUTER_BOUND ( 'NONE', #3542, .T. ) ;
#3494 = VECTOR ( 'NONE', #1849, 1000.000000000000000 ) ;
#3495 = ORIENTED_EDGE ( 'NONE', *, *, #1767, .F. ) ;
#3496 = FACE_OUTER_BOUND ( 'NONE', #168, .T. ) ;
#3497 = DIRECTION ( 'NONE',  ( 1.000000000000000000, 0.000000000000000000, -0.000000000000000000 ) ) ;
#3498 = CIRCLE ( 'NONE', #1895, 1.299999999999999156 ) ;
#3499 = PERSON_AND_ORGANIZATION_ROLE ( 'classification_officer' ) ;
#3500 = EDGE_LOOP ( 'NONE', ( #2140, #2481, #1042, #2187 ) ) ;
#3501 = DIRECTION ( 'NONE',  ( 8.673617379884051249E-15, 0.000000000000000000, 1.000000000000000000 ) ) ;
#3502 = LINE ( 'NONE', #1340, #2704 ) ;
#3503 = ADVANCED_FACE ( 'NONE', ( #3808 ), #103, .T. ) ;
#3504 = DIRECTION ( 'NONE',  ( 0.000000000000000000, 0.000000000000000000, 1.000000000000000000 ) ) ;
#3505 = VECTOR ( 'NONE', #3104, 1000.000000000000000 ) ;
#3506 = ORIENTED_EDGE ( 'NONE', *, *, #74, .T. ) ;
#3507 = CARTESIAN_POINT ( 'NONE',  ( -3.399999999999998579, 9.816552506059649019, 6.700000000000000178 ) ) ;
#3508 = DIRECTION ( 'NONE',  ( -0.000000000000000000, -0.000000000000000000, -1.000000000000000000 ) ) ;
#3509 = AXIS2_PLACEMENT_3D ( 'NONE', #1318, #1680, #2256 ) ;
#3510 = ORIENTED_EDGE ( 'NONE', *, *, #961, .T. ) ;
#3511 = EDGE_CURVE ( 'NONE', #2687, #1817, #233, .T. ) ;
#3512 = FACE_OUTER_BOUND ( 'NONE', #2515, .T. ) ;
#3513 = CARTESIAN_POINT ( 'NONE',  ( -8.000000000000000000, 0.000000000000000000, 0.000000000000000000 ) ) ;
#3514 = PLANE ( 'NONE',  #2372 ) ;
#3515 = ORIENTED_EDGE ( 'NONE', *, *, #961, .F. ) ;
#3516 = AXIS2_PLACEMENT_3D ( 'NONE', #794, #1121, #3682 ) ;
#3517 = LINE ( 'NONE', #740, #2670 ) ;
#3518 = CIRCLE ( 'NONE', #2948, 2.049999999999999822 ) ;
#3519 = CIRCLE ( 'NONE', #3202, 1.299999999999997380 ) ;
#3520 = PERSON_AND_ORGANIZATION ( #2443, #171 ) ;
#3521 = VERTEX_POINT ( 'NONE', #1966 ) ;
#3522 = CARTESIAN_POINT ( 'NONE',  ( -14.29999999999999716, 9.816552506059649019, -4.599999999999997868 ) ) ;
#3523 = VERTEX_POINT ( 'NONE', #3828 ) ;
#3524 = LINE ( 'NONE', #2961, #883 ) ;
#3525 = VECTOR ( 'NONE', #3501, 1000.000000000000000 ) ;
#3526 = LINE ( 'NONE', #3898, #3188 ) ;
#3527 = DIRECTION ( 'NONE',  ( -0.000000000000000000, -1.000000000000000000, -0.000000000000000000 ) ) ;
#3528 = ORIENTED_EDGE ( 'NONE', *, *, #2716, .T. ) ;
#3529 = DIRECTION ( 'NONE',  ( -8.673617379884051249E-15, 0.000000000000000000, -1.000000000000000000 ) ) ;
#3530 = VECTOR ( 'NONE', #239, 1000.000000000000000 ) ;
#3531 = ADVANCED_FACE ( 'NONE', ( #3496 ), #1991, .T. ) ;
#3532 = EDGE_LOOP ( 'NONE', ( #3894, #3309, #2253, #335, #317, #3057, #987, #2172, #3706, #2060, #1221, #2064, #3506, #2939, #3973, #554, #1491, #1294, #3240, #3336, #3211, #1642, #637, #3528, #2466, #1406, #767, #1366, #1460, #2506, #3279, #3860, #142, #3435, #3630, #3275, #2511, #3799, #2721, #2620, #1431, #2831, #687, #2199, #3328, #1945, #1108, #3295, #3048, #3351, #634, #588 ) ) ;
#3533 = LINE ( 'NONE', #2246, #1015 ) ;
#3534 = DIRECTION ( 'NONE',  ( -0.000000000000000000, 1.000000000000000000, -0.000000000000000000 ) ) ;
#3535 = EDGE_CURVE ( 'NONE', #2945, #3387, #2121, .T. ) ;
#3536 = LINE ( 'NONE', #1687, #3970 ) ;
#3537 = ORIENTED_EDGE ( 'NONE', *, *, #1512, .T. ) ;
#3538 = EDGE_CURVE ( 'NONE', #1068, #3099, #2752, .T. ) ;
#3539 = DIRECTION ( 'NONE',  ( 0.000000000000000000, -1.000000000000000000, 0.000000000000000000 ) ) ;
#3540 = ORIENTED_EDGE ( 'NONE', *, *, #1869, .T. ) ;
#3541 = MANIFOLD_SOLID_BREP ( 'Boss-Extrude4', #1306 ) ;
#3542 = EDGE_LOOP ( 'NONE', ( #397, #1089, #234, #748 ) ) ;
#3543 = DIRECTION ( 'NONE',  ( 0.000000000000000000, -1.000000000000000000, 0.000000000000000000 ) ) ;
#3544 = EDGE_CURVE ( 'NONE', #1705, #1710, #1312, .T. ) ;
#3545 = DIRECTION ( 'NONE',  ( -0.000000000000000000, 0.000000000000000000, 1.000000000000000000 ) ) ;
#3546 = ORIENTED_EDGE ( 'NONE', *, *, #1822, .F. ) ;
#3547 = CARTESIAN_POINT ( 'NONE',  ( -14.29999999999999716, 9.816552506059649019, 3.399999999999998579 ) ) ;
#3548 = LINE ( 'NONE', #2079, #441 ) ;
#3549 = VECTOR ( 'NONE', #3110, 1000.000000000000000 ) ;
#3550 = EDGE_LOOP ( 'NONE', ( #1163, #3075, #163, #1348 ) ) ;
#3551 = EDGE_CURVE ( 'NONE', #2034, #852, #483, .T. ) ;
#3552 = PRODUCT_DEFINITION_SHAPE ( 'NONE', 'NONE',  #2561 ) ;
#3553 = FACE_OUTER_BOUND ( 'NONE', #1819, .T. ) ;
#3554 = CARTESIAN_POINT ( 'NONE',  ( 3.399999999999998579, 8.599999999999999645, -6.700000000000000178 ) ) ;
#3555 = DIRECTION ( 'NONE',  ( 0.000000000000000000, 0.000000000000000000, 1.000000000000000000 ) ) ;
#3556 = EDGE_LOOP ( 'NONE', ( #340, #978, #2163, #1935 ) ) ;
#3557 = CARTESIAN_POINT ( 'NONE',  ( 8.000000000000000000, 8.599999999999999645, -2.050000000000000266 ) ) ;
#3558 = ORIENTED_EDGE ( 'NONE', *, *, #906, .F. ) ;
#3559 = AXIS2_PLACEMENT_3D ( 'NONE', #2958, #3318, #3891 ) ;
#3560 = VERTEX_POINT ( 'NONE', #2862 ) ;
#3561 = FACE_OUTER_BOUND ( 'NONE', #1716, .T. ) ;
#3562 = FACE_OUTER_BOUND ( 'NONE', #60, .T. ) ;
#3563 = DIRECTION ( 'NONE',  ( 0.000000000000000000, 0.000000000000000000, 1.000000000000000000 ) ) ;
#3564 = ORIENTED_EDGE ( 'NONE', *, *, #2351, .T. ) ;
#3565 = LINE ( 'NONE', #1738, #2211 ) ;
#3566 = DIRECTION ( 'NONE',  ( -1.000000000000000000, 0.000000000000000000, 0.000000000000000000 ) ) ;
#3567 = ORIENTED_EDGE ( 'NONE', *, *, #3035, .F. ) ;
#3568 = AXIS2_PLACEMENT_3D ( 'NONE', #3039, #3301, #1488 ) ;
#3569 = AXIS2_PLACEMENT_3D ( 'NONE', #807, #3581, #2664 ) ;
#3570 = CARTESIAN_POINT ( 'NONE',  ( -0.5500000000000034861, 2.299999999999999822, 6.699999999999999289 ) ) ;
#3571 = DIRECTION ( 'NONE',  ( -0.000000000000000000, 1.000000000000000000, -0.000000000000000000 ) ) ;
#3572 = LINE ( 'NONE', #876, #563 ) ;
#3573 = VERTEX_POINT ( 'NONE', #3440 ) ;
#3574 = VERTEX_POINT ( 'NONE', #955 ) ;
#3575 = DIRECTION ( 'NONE',  ( 0.000000000000000000, 0.000000000000000000, 1.000000000000000000 ) ) ;
#3576 = LINE ( 'NONE', #202, #979 ) ;
#3577 = ADVANCED_FACE ( 'NONE', ( #1549 ), #67, .T. ) ;
#3578 = ORIENTED_EDGE ( 'NONE', *, *, #11, .T. ) ;
#3579 = CARTESIAN_POINT ( 'NONE',  ( 3.999999999999994671, 8.599999999999999645, 2.700000000000006395 ) ) ;
#3580 = DIRECTION ( 'NONE',  ( -0.000000000000000000, -0.000000000000000000, -1.000000000000000000 ) ) ;
#3581 = DIRECTION ( 'NONE',  ( 0.000000000000000000, -1.000000000000000000, 0.000000000000000000 ) ) ;
#3582 = CIRCLE ( 'NONE', #3205, 2.050000000000000266 ) ;
#3583 = EDGE_LOOP ( 'NONE', ( #137, #3041, #3625, #1024 ) ) ;
#3584 = FACE_OUTER_BOUND ( 'NONE', #1146, .T. ) ;
#3585 = AXIS2_PLACEMENT_3D ( 'NONE', #695, #2497, #2844 ) ;
#3586 = ADVANCED_FACE ( 'NONE', ( #1897 ), #2182, .F. ) ;
#3587 = AXIS2_PLACEMENT_3D ( 'NONE', #177, #1414, #279 ) ;
#3588 = DIRECTION ( 'NONE',  ( 0.000000000000000000, -1.000000000000000000, 0.000000000000000000 ) ) ;
#3589 = EDGE_CURVE ( 'NONE', #3061, #2730, #3407, .T. ) ;
#3590 = ORIENTED_EDGE ( 'NONE', *, *, #2004, .T. ) ;
#3591 = LINE ( 'NONE', #468, #3530 ) ;
#3592 = CARTESIAN_POINT ( 'NONE',  ( 11.99999999999998579, 10.30000000000000071, -5.300000000000016698 ) ) ;
#3593 = CARTESIAN_POINT ( 'NONE',  ( -11.40000000000000036, 8.599999999999999645, 6.500000000000000888 ) ) ;
#3594 = ORIENTED_EDGE ( 'NONE', *, *, #929, .T. ) ;
#3595 = LINE ( 'NONE', #2072, #1703 ) ;
#3596 = DIRECTION ( 'NONE',  ( 0.000000000000000000, 0.000000000000000000, -1.000000000000000000 ) ) ;
#3597 = CARTESIAN_POINT ( 'NONE',  ( -14.29999999999999716, 0.000000000000000000, -4.599999999999997868 ) ) ;
#3598 = ORIENTED_EDGE ( 'NONE', *, *, #141, .T. ) ;
#3599 = CARTESIAN_POINT ( 'NONE',  ( -12.59999999999999964, 8.599999999999999645, -6.500000000000000888 ) ) ;
#3600 = CYLINDRICAL_SURFACE ( 'NONE', #1960, 2.399999999999997691 ) ;
#3601 = ADVANCED_FACE ( 'NONE', ( #934 ), #1219, .T. ) ;
#3602 = DIRECTION ( 'NONE',  ( 0.000000000000000000, -1.000000000000000000, 0.000000000000000000 ) ) ;
#3603 = ORIENTED_EDGE ( 'NONE', *, *, #603, .F. ) ;
#3604 = CARTESIAN_POINT ( 'NONE',  ( 3.400000000000000355, 0.000000000000000000, 6.500000000000000888 ) ) ;
#3605 = DIRECTION ( 'NONE',  ( 0.000000000000000000, 0.000000000000000000, -1.000000000000000000 ) ) ;
#3606 = EDGE_CURVE ( 'NONE', #1761, #1903, #2993, .T. ) ;
#3607 = ORIENTED_EDGE ( 'NONE', *, *, #3290, .F. ) ;
#3608 = ORIENTED_EDGE ( 'NONE', *, *, #1741, .T. ) ;
#3609 = FACE_OUTER_BOUND ( 'NONE', #945, .T. ) ;
#3610 = DIRECTION ( 'NONE',  ( -8.673617379884051249E-15, 0.000000000000000000, 1.000000000000000000 ) ) ;
#3611 = ADVANCED_FACE ( 'NONE', ( #2197 ), #2834, .T. ) ;
#3612 = CARTESIAN_POINT ( 'NONE',  ( 0.000000000000000000, 2.299999999999999822, 0.000000000000000000 ) ) ;
#3613 = ORIENTED_EDGE ( 'NONE', *, *, #2575, .F. ) ;
#3614 = DIRECTION ( 'NONE',  ( 0.000000000000000000, -0.000000000000000000, -1.000000000000000000 ) ) ;
#3615 = DIRECTION ( 'NONE',  ( -0.000000000000000000, 1.000000000000000000, -0.000000000000000000 ) ) ;
#3616 = EDGE_LOOP ( 'NONE', ( #1305, #702 ) ) ;
#3617 = DIRECTION ( 'NONE',  ( 1.000000000000000000, 0.000000000000000000, 0.000000000000000000 ) ) ;
#3618 = LINE ( 'NONE', #864, #1846 ) ;
#3619 = ORIENTED_EDGE ( 'NONE', *, *, #2965, .F. ) ;
#3620 = DIRECTION ( 'NONE',  ( 0.000000000000000000, 0.000000000000000000, -1.000000000000000000 ) ) ;
#3621 = EDGE_CURVE ( 'NONE', #1681, #2500, #1568, .T. ) ;
#3622 = VECTOR ( 'NONE', #2021, 1000.000000000000000 ) ;
#3623 = DIRECTION ( 'NONE',  ( -0.000000000000000000, 1.000000000000000000, -0.000000000000000000 ) ) ;
#3624 = ORIENTED_EDGE ( 'NONE', *, *, #2234, .T. ) ;
#3625 = ORIENTED_EDGE ( 'NONE', *, *, #3290, .T. ) ;
#3626 = AXIS2_PLACEMENT_3D ( 'NONE', #2577, #3794, #1043 ) ;
#3627 = CARTESIAN_POINT ( 'NONE',  ( -12.60000000000000142, 8.599999999999999645, 6.700000000000000178 ) ) ;
#3628 = DIRECTION ( 'NONE',  ( 0.000000000000000000, 0.000000000000000000, 1.000000000000000000 ) ) ;
#3629 = EDGE_CURVE ( 'NONE', #1898, #3033, #3085, .T. ) ;
#3630 = ORIENTED_EDGE ( 'NONE', *, *, #578, .T. ) ;
#3631 = VECTOR ( 'NONE', #166, 1000.000000000000000 ) ;
#3632 = ADVANCED_FACE ( 'NONE', ( #1623 ), #2525, .T. ) ;
#3633 = LINE ( 'NONE', #220, #925 ) ;
#3634 = LINE ( 'NONE', #2091, #1177 ) ;
#3635 = DIRECTION ( 'NONE',  ( 0.000000000000000000, 0.000000000000000000, 1.000000000000000000 ) ) ;
#3636 = ORIENTED_EDGE ( 'NONE', *, *, #3969, .F. ) ;
#3637 = CARTESIAN_POINT ( 'NONE',  ( 3.399999999999998579, 8.599999999999996092, -6.700000000000000178 ) ) ;
#3638 = CARTESIAN_POINT ( 'NONE',  ( 11.39999999999999858, 8.599999999999996092, 6.700000000000000178 ) ) ;
#3639 = ORIENTED_EDGE ( 'NONE', *, *, #776, .T. ) ;
#3640 = LINE ( 'NONE', #3360, #891 ) ;
#3641 = CARTESIAN_POINT ( 'NONE',  ( -3.400000000000000355, 8.599999999999999645, -6.500000000000000888 ) ) ;
#3642 = VECTOR ( 'NONE', #2056, 1000.000000000000000 ) ;
#3643 = AXIS2_PLACEMENT_3D ( 'NONE', #2190, #1634, #14 ) ;
#3644 = EDGE_LOOP ( 'NONE', ( #2867, #1804, #2447, #111 ) ) ;
#3645 = CIRCLE ( 'NONE', #2433, 1.300000000000000044 ) ;
#3646 = ORIENTED_EDGE ( 'NONE', *, *, #1459, .F. ) ;
#3647 = VECTOR ( 'NONE', #1515, 1000.000000000000000 ) ;
#3648 = AXIS2_PLACEMENT_3D ( 'NONE', #231, #2748, #1176 ) ;
#3649 = ADVANCED_FACE ( 'NONE', ( #1918, #1280, #2510, #5, #24, #3144 ), #3966, .T. ) ;
#3650 = DIRECTION ( 'NONE',  ( -0.000000000000000000, 1.000000000000000000, -0.000000000000000000 ) ) ;
#3651 = CYLINDRICAL_SURFACE ( 'NONE', #2627, 3.250000000000000444 ) ;
#3652 = ORIENTED_EDGE ( 'NONE', *, *, #3019, .T. ) ;
#3653 = ORIENTED_EDGE ( 'NONE', *, *, #850, .F. ) ;
#3654 = CARTESIAN_POINT ( 'NONE',  ( 3.999999999999994671, 11.40000000000000036, 4.000000000000005329 ) ) ;
#3655 = EDGE_CURVE ( 'NONE', #3921, #644, #388, .T. ) ;
#3656 = CARTESIAN_POINT ( 'NONE',  ( 4.599999999999999645, 8.599999999999999645, -6.500000000000000888 ) ) ;
#3657 = CARTESIAN_POINT ( 'NONE',  ( 15.90000000000000391, 0.000000000000000000, 7.900000000000000355 ) ) ;
#3658 = EDGE_CURVE ( 'NONE', #293, #762, #808, .T. ) ;
#3659 = ORIENTED_EDGE ( 'NONE', *, *, #91, .T. ) ;
#3660 = DATE_TIME_ROLE ( 'creation_date' ) ;
#3661 = ORIENTED_EDGE ( 'NONE', *, *, #96, .T. ) ;
#3662 = CARTESIAN_POINT ( 'NONE',  ( -12.00000000000000000, 9.599999999999999645, 3.999999999999998224 ) ) ;
#3663 = DIRECTION ( 'NONE',  ( 0.000000000000000000, -0.000000000000000000, -1.000000000000000000 ) ) ;
#3664 = CARTESIAN_POINT ( 'NONE',  ( 11.39999999999999858, 9.816552506059649019, 6.700000000000000178 ) ) ;
#3665 = ORIENTED_EDGE ( 'NONE', *, *, #289, .F. ) ;
#3666 = CARTESIAN_POINT ( 'NONE',  ( -8.000000000000000000, -9.192388155425119223, 3.249999999999999556 ) ) ;
#3667 = VERTEX_POINT ( 'NONE', #3703 ) ;
#3668 = ORIENTED_EDGE ( 'NONE', *, *, #3910, .T. ) ;
#3669 = EDGE_CURVE ( 'NONE', #1007, #3462, #647, .T. ) ;
#3670 = VERTEX_POINT ( 'NONE', #308 ) ;
#3671 = CARTESIAN_POINT ( 'NONE',  ( -3.469446951953614189E-15, 2.299999999999999822, 6.700000000000000178 ) ) ;
#3672 = LINE ( 'NONE', #3692, #2006 ) ;
#3673 = DIRECTION ( 'NONE',  ( 0.000000000000000000, 0.000000000000000000, -1.000000000000000000 ) ) ;
#3674 = ORIENTED_EDGE ( 'NONE', *, *, #595, .T. ) ;
#3675 = LINE ( 'NONE', #1523, #32 ) ;
#3676 = DIRECTION ( 'NONE',  ( 1.000000000000000000, 0.000000000000000000, 0.000000000000000000 ) ) ;
#3677 = ORIENTED_EDGE ( 'NONE', *, *, #1573, .F. ) ;
#3678 = DIRECTION ( 'NONE',  ( 0.000000000000000000, 0.000000000000000000, 1.000000000000000000 ) ) ;
#3679 = DIRECTION ( 'NONE',  ( -0.000000000000000000, -1.000000000000000000, -0.000000000000000000 ) ) ;
#3680 = DIRECTION ( 'NONE',  ( 1.000000000000000000, 0.000000000000000000, -0.000000000000000000 ) ) ;
#3681 = ORIENTED_EDGE ( 'NONE', *, *, #3511, .T. ) ;
#3682 = DIRECTION ( 'NONE',  ( 0.000000000000000000, 0.000000000000000000, -1.000000000000000000 ) ) ;
#3683 = VECTOR ( 'NONE', #1225, 1000.000000000000000 ) ;
#3684 = LINE ( 'NONE', #1865, #2933 ) ;
#3685 = ORIENTED_EDGE ( 'NONE', *, *, #1358, .T. ) ;
#3686 = VECTOR ( 'NONE', #3460, 1000.000000000000000 ) ;
#3687 = DIRECTION ( 'NONE',  ( -0.000000000000000000, 1.000000000000000000, -0.000000000000000000 ) ) ;
#3688 = VERTEX_POINT ( 'NONE', #2465 ) ;
#3689 = ORIENTED_EDGE ( 'NONE', *, *, #680, .F. ) ;
#3690 = DIRECTION ( 'NONE',  ( -0.000000000000000000, -1.000000000000000000, -0.000000000000000000 ) ) ;
#3691 = AXIS2_PLACEMENT_3D ( 'NONE', #1249, #923, #2148 ) ;
#3692 = CARTESIAN_POINT ( 'NONE',  ( 14.49999999999999645, 9.816552506059649019, 3.399999999999998579 ) ) ;
#3693 = CARTESIAN_POINT ( 'NONE',  ( 0.000000000000000000, 8.599999999999999645, 0.000000000000000000 ) ) ;
#3694 = DIRECTION ( 'NONE',  ( 0.000000000000000000, -1.000000000000000000, 0.000000000000000000 ) ) ;
#3695 = ORIENTED_EDGE ( 'NONE', *, *, #2408, .F. ) ;
#3696 = CIRCLE ( 'NONE', #3568, 2.399999999999999911 ) ;
#3697 = CARTESIAN_POINT ( 'NONE',  ( 3.999999999999991562, 11.40000000000000036, -4.000000000000005329 ) ) ;
#3698 = ADVANCED_FACE ( 'NONE', ( #2156 ), #3386, .T. ) ;
#3699 = CALENDAR_DATE ( 2026, 11, 8 ) ;
#3700 = ORIENTED_EDGE ( 'NONE', *, *, #2965, .T. ) ;
#3701 = CARTESIAN_POINT ( 'NONE',  ( 12.60000000000000142, 8.599999999999999645, 6.700000000000000178 ) ) ;
#3702 = DIRECTION ( 'NONE',  ( 1.000000000000000000, 0.000000000000000000, 0.000000000000000000 ) ) ;
#3703 = CARTESIAN_POINT ( 'NONE',  ( -14.49999999999999645, 8.599999999999996092, 3.399999999999997691 ) ) ;
#3704 = ORIENTED_EDGE ( 'NONE', *, *, #292, .F. ) ;
#3705 = ADVANCED_FACE ( 'NONE', ( #407 ), #3227, .F. ) ;
#3706 = ORIENTED_EDGE ( 'NONE', *, *, #3064, .T. ) ;
#3707 = ADVANCED_FACE ( 'NONE', ( #1641 ), #1380, .T. ) ;
#3708 = VECTOR ( 'NONE', #2914, 1000.000000000000000 ) ;
#3709 = AXIS2_PLACEMENT_3D ( 'NONE', #1963, #3571, #3350 ) ;
#3710 = VECTOR ( 'NONE', #3694, 1000.000000000000000 ) ;
#3711 = ORIENTED_EDGE ( 'NONE', *, *, #1713, .F. ) ;
#3712 = VECTOR ( 'NONE', #725, 1000.000000000000000 ) ;
#3713 = AXIS2_PLACEMENT_3D ( 'NONE', #3043, #2134, #848 ) ;
#3714 = ORIENTED_EDGE ( 'NONE', *, *, #383, .T. ) ;
#3715 = DIRECTION ( 'NONE',  ( -1.000000000000000000, -0.000000000000000000, -0.000000000000000000 ) ) ;
#3716 = DIRECTION ( 'NONE',  ( 0.000000000000000000, -1.000000000000000000, 0.000000000000000000 ) ) ;
#3717 = DIRECTION ( 'NONE',  ( -1.000000000000000000, -0.000000000000000000, -0.000000000000000000 ) ) ;
#3718 = AXIS2_PLACEMENT_3D ( 'NONE', #2581, #3762, #3797 ) ;
#3719 = ORIENTED_EDGE ( 'NONE', *, *, #558, .T. ) ;
#3720 =( NAMED_UNIT ( * ) SI_UNIT ( $, .STERADIAN. ) SOLID_ANGLE_UNIT ( ) );
#3721 = ORIENTED_EDGE ( 'NONE', *, *, #3781, .T. ) ;
#3722 = FACE_BOUND ( 'NONE', #3939, .T. ) ;
#3723 = PLANE ( 'NONE',  #2045 ) ;
#3724 = ADVANCED_FACE ( 'NONE', ( #723 ), #3245, .T. ) ;
#3725 = CARTESIAN_POINT ( 'NONE',  ( -4.000000000000001776, 8.599999999999999645, 3.999999999999998224 ) ) ;
#3726 = ORIENTED_EDGE ( 'NONE', *, *, #3346, .T. ) ;
#3727 = DIRECTION ( 'NONE',  ( 1.000000000000000000, 0.000000000000000000, 0.000000000000000000 ) ) ;
#3728 = VERTEX_POINT ( 'NONE', #3816 ) ;
#3729 = ORIENTED_EDGE ( 'NONE', *, *, #2850, .T. ) ;
#3730 = DIRECTION ( 'NONE',  ( -1.000000000000000000, 0.000000000000000000, -8.673617379884051249E-15 ) ) ;
#3731 = DIRECTION ( 'NONE',  ( -1.000000000000000000, -0.000000000000000000, -0.000000000000000000 ) ) ;
#3732 = DIRECTION ( 'NONE',  ( 0.000000000000000000, -1.000000000000000000, 0.000000000000000000 ) ) ;
#3733 = EDGE_LOOP ( 'NONE', ( #2794, #3345, #935, #3802 ) ) ;
#3734 = AXIS2_PLACEMENT_3D ( 'NONE', #3374, #1832, #1558 ) ;
#3735 = DIRECTION ( 'NONE',  ( 0.000000000000000000, -1.000000000000000000, 0.000000000000000000 ) ) ;
#3736 = DIRECTION ( 'NONE',  ( 0.000000000000000000, -1.000000000000000000, 0.000000000000000000 ) ) ;
#3737 = ORIENTED_EDGE ( 'NONE', *, *, #1405, .T. ) ;
#3738 = CARTESIAN_POINT ( 'NONE',  ( -14.49999999999999645, 41.54620478241506731, -6.700000000000000178 ) ) ;
#3739 = DIRECTION ( 'NONE',  ( 0.000000000000000000, -1.000000000000000000, 0.000000000000000000 ) ) ;
#3740 = DIRECTION ( 'NONE',  ( 0.000000000000000000, -0.000000000000000000, -1.000000000000000000 ) ) ;
#3741 = ORIENTED_EDGE ( 'NONE', *, *, #680, .T. ) ;
#3742 = EDGE_CURVE ( 'NONE', #2082, #3968, #1394, .T. ) ;
#3743 = LINE ( 'NONE', #90, #3907 ) ;
#3744 = CARTESIAN_POINT ( 'NONE',  ( -11.39999999999999858, 9.816552506059649019, -6.700000000000000178 ) ) ;
#3745 = VERTEX_POINT ( 'NONE', #426 ) ;
#3746 = LINE ( 'NONE', #3447, #931 ) ;
#3747 = ADVANCED_FACE ( 'NONE', ( #1934 ), #110, .F. ) ;
#3748 = EDGE_CURVE ( 'NONE', #1710, #909, #2160, .T. ) ;
#3749 = ORIENTED_EDGE ( 'NONE', *, *, #3291, .T. ) ;
#3750 = LINE ( 'NONE', #757, #1212 ) ;
#3751 = PLANE ( 'NONE',  #530 ) ;
#3752 = CYLINDRICAL_SURFACE ( 'NONE', #1851, 2.399999999999999467 ) ;
#3753 = EDGE_CURVE ( 'NONE', #3024, #3921, #2603, .T. ) ;
#3754 = DIRECTION ( 'NONE',  ( 1.000000000000000000, 0.000000000000000000, 8.673617379884051249E-15 ) ) ;
#3755 = VERTEX_POINT ( 'NONE', #1032 ) ;
#3756 = CARTESIAN_POINT ( 'NONE',  ( -12.00000000000000000, 11.40000000000000036, 1.599999999999999423 ) ) ;
#3757 = EDGE_CURVE ( 'NONE', #3670, #3745, #480, .T. ) ;
#3758 = CARTESIAN_POINT ( 'NONE',  ( 8.000000000000000000, 0.000000000000000000, 0.000000000000000000 ) ) ;
#3759 = VERTEX_POINT ( 'NONE', #2545 ) ;
#3760 = FACE_OUTER_BOUND ( 'NONE', #3425, .T. ) ;
#3761 = VECTOR ( 'NONE', #87, 1000.000000000000000 ) ;
#3762 = DIRECTION ( 'NONE',  ( 0.000000000000000000, -1.000000000000000000, 0.000000000000000000 ) ) ;
#3763 = AXIS2_PLACEMENT_3D ( 'NONE', #1114, #1736, #1803 ) ;
#3764 = DIRECTION ( 'NONE',  ( -1.000000000000000000, 0.000000000000000000, 0.000000000000000000 ) ) ;
#3765 = EDGE_LOOP ( 'NONE', ( #385, #3598, #3002, #1179, #1792 ) ) ;
#3766 = CARTESIAN_POINT ( 'NONE',  ( 12.60000000000000142, 0.000000000000000000, 6.700000000000000178 ) ) ;
#3767 = LINE ( 'NONE', #466, #352 ) ;
#3768 = CARTESIAN_POINT ( 'NONE',  ( 3.999999999999994671, 15.07695526217004733, 2.700000000000006395 ) ) ;
#3769 = ORIENTED_EDGE ( 'NONE', *, *, #677, .T. ) ;
#3770 = EDGE_CURVE ( 'NONE', #3033, #2023, #1010, .T. ) ;
#3771 = VECTOR ( 'NONE', #3063, 1000.000000000000000 ) ;
#3772 = DIRECTION ( 'NONE',  ( 0.000000000000000000, -1.000000000000000000, 0.000000000000000000 ) ) ;
#3773 = AXIS2_PLACEMENT_3D ( 'NONE', #656, #399, #1613 ) ;
#3774 = DIRECTION ( 'NONE',  ( 0.000000000000000000, -0.000000000000000000, -1.000000000000000000 ) ) ;
#3775 = AXIS2_PLACEMENT_3D ( 'NONE', #245, #1485, #582 ) ;
#3776 = CARTESIAN_POINT ( 'NONE',  ( 3.980102097228897245E-16, 2.299999999999999822, -3.250000000000000444 ) ) ;
#3777 = ORIENTED_EDGE ( 'NONE', *, *, #2359, .F. ) ;
#3778 = EDGE_CURVE ( 'NONE', #2269, #204, #2487, .T. ) ;
#3779 = CARTESIAN_POINT ( 'NONE',  ( 0.5499999999999949374, 8.599999999999996092, -6.700000000000000178 ) ) ;
#3780 = EDGE_LOOP ( 'NONE', ( #609, #315 ) ) ;
#3781 = EDGE_CURVE ( 'NONE', #1400, #2257, #705, .T. ) ;
#3782 = CARTESIAN_POINT ( 'NONE',  ( 0.000000000000000000, 8.599999999999999645, 2.049999999999999822 ) ) ;
#3783 = ADVANCED_BREP_SHAPE_REPRESENTATION ( 'CSWA_10_2', ( #3541, #1335 ), #1069 ) ;
#3784 = DIRECTION ( 'NONE',  ( -0.000000000000000000, 1.000000000000000000, -0.000000000000000000 ) ) ;
#3785 = ORIENTED_EDGE ( 'NONE', *, *, #3118, .F. ) ;
#3786 = FACE_OUTER_BOUND ( 'NONE', #2164, .T. ) ;
#3787 = CARTESIAN_POINT ( 'NONE',  ( 0.000000000000000000, 0.000000000000000000, 0.000000000000000000 ) ) ;
#3788 = LINE ( 'NONE', #2452, #1188 ) ;
#3789 = ORIENTED_EDGE ( 'NONE', *, *, #2063, .F. ) ;
#3790 = DIRECTION ( 'NONE',  ( -0.000000000000000000, 1.000000000000000000, -0.000000000000000000 ) ) ;
#3791 = LINE ( 'NONE', #2332, #2302 ) ;
#3792 = EDGE_CURVE ( 'NONE', #1974, #3092, #3163, .T. ) ;
#3793 = ORIENTED_EDGE ( 'NONE', *, *, #1031, .F. ) ;
#3794 = DIRECTION ( 'NONE',  ( 0.000000000000000000, -1.000000000000000000, 0.000000000000000000 ) ) ;
#3795 = CYLINDRICAL_SURFACE ( 'NONE', #733, 2.050000000000000266 ) ;
#3796 = ORIENTED_EDGE ( 'NONE', *, *, #3781, .F. ) ;
#3797 = DIRECTION ( 'NONE',  ( 0.000000000000000000, 0.000000000000000000, -1.000000000000000000 ) ) ;
#3798 = CARTESIAN_POINT ( 'NONE',  ( -12.59999999999999964, 9.816552506059649019, -6.500000000000000888 ) ) ;
#3799 = ORIENTED_EDGE ( 'NONE', *, *, #3215, .T. ) ;
#3800 = CARTESIAN_POINT ( 'NONE',  ( 3.999999999999991562, 10.30000000000000071, -2.700000000000008171 ) ) ;
#3801 = ADVANCED_FACE ( 'NONE', ( #1659 ), #2893, .T. ) ;
#3802 = ORIENTED_EDGE ( 'NONE', *, *, #556, .T. ) ;
#3803 = FACE_OUTER_BOUND ( 'NONE', #2229, .T. ) ;
#3804 = CARTESIAN_POINT ( 'NONE',  ( -12.00000000000000000, 11.40000000000000036, 3.999999999999998224 ) ) ;
#3805 = CARTESIAN_POINT ( 'NONE',  ( 14.49999999999999112, 41.54620478241506731, -6.700000000000000178 ) ) ;
#3806 = VECTOR ( 'NONE', #3575, 1000.000000000000000 ) ;
#3807 = EDGE_LOOP ( 'NONE', ( #27, #2183, #2809, #1282 ) ) ;
#3808 = FACE_OUTER_BOUND ( 'NONE', #2609, .T. ) ;
#3809 = CARTESIAN_POINT ( 'NONE',  ( -11.40000000000000036, 0.000000000000000000, 6.500000000000000888 ) ) ;
#3810 = SHAPE_DEFINITION_REPRESENTATION ( #3552, #3783 ) ;
#3811 = EDGE_LOOP ( 'NONE', ( #2722, #270, #2339, #10 ) ) ;
#3812 = ORIENTED_EDGE ( 'NONE', *, *, #1648, .T. ) ;
#3813 = CARTESIAN_POINT ( 'NONE',  ( -4.000000000000001776, 8.599999999999999645, 2.699999999999998401 ) ) ;
#3814 = PLANE ( 'NONE',  #606 ) ;
#3815 = EDGE_CURVE ( 'NONE', #224, #784, #1530, .T. ) ;
#3816 = CARTESIAN_POINT ( 'NONE',  ( 14.49999999999999112, 0.000000000000000000, -6.700000000000000178 ) ) ;
#3817 = VECTOR ( 'NONE', #3081, 1000.000000000000000 ) ;
#3818 = ORIENTED_EDGE ( 'NONE', *, *, #3266, .F. ) ;
#3819 = DIRECTION ( 'NONE',  ( -0.000000000000000000, -1.000000000000000000, -0.000000000000000000 ) ) ;
#3820 = LOCAL_TIME ( 23, 59, 32.00000000000000000, #585 ) ;
#3821 = EDGE_CURVE ( 'NONE', #1570, #389, #747, .T. ) ;
#3822 = ADVANCED_FACE ( 'NONE', ( #2908 ), #1399, .F. ) ;
#3823 = EDGE_LOOP ( 'NONE', ( #3636, #2125, #1810, #2727 ) ) ;
#3824 = DIRECTION ( 'NONE',  ( 1.005636797667714286E-15, 0.000000000000000000, -1.000000000000000000 ) ) ;
#3825 = FACE_OUTER_BOUND ( 'NONE', #3203, .T. ) ;
#3826 = CARTESIAN_POINT ( 'NONE',  ( -14.49999999999999645, 9.816552506059649019, 4.599999999999997868 ) ) ;
#3827 = ORIENTED_EDGE ( 'NONE', *, *, #3606, .T. ) ;
#3828 = CARTESIAN_POINT ( 'NONE',  ( -4.600000000000001421, 0.000000000000000000, -6.700000000000000178 ) ) ;
#3829 = VECTOR ( 'NONE', #2643, 1000.000000000000000 ) ;
#3830 = FACE_OUTER_BOUND ( 'NONE', #132, .T. ) ;
#3831 = VECTOR ( 'NONE', #3094, 1000.000000000000000 ) ;
#3832 = AXIS2_PLACEMENT_3D ( 'NONE', #713, #101, #697 ) ;
#3833 = CALENDAR_DATE ( 2026, 11, 8 ) ;
#3834 = VERTEX_POINT ( 'NONE', #188 ) ;
#3835 = ORIENTED_EDGE ( 'NONE', *, *, #1045, .F. ) ;
#3836 = AXIS2_PLACEMENT_3D ( 'NONE', #240, #1473, #2123 ) ;
#3837 = CARTESIAN_POINT ( 'NONE',  ( -14.49999999999999645, 0.000000000000000000, -4.599999999999997868 ) ) ;
#3838 = CARTESIAN_POINT ( 'NONE',  ( 14.29999999999999716, 9.816552506059649019, -4.599999999999997868 ) ) ;
#3839 = ORIENTED_EDGE ( 'NONE', *, *, #2630, .F. ) ;
#3840 = CARTESIAN_POINT ( 'NONE',  ( 12.59999999999999964, 9.816552506059649019, -6.500000000000000888 ) ) ;
#3841 = CARTESIAN_POINT ( 'NONE',  ( -14.49999999999999645, 41.54620478241506731, -6.700000000000000178 ) ) ;
#3842 = ADVANCED_FACE ( 'NONE', ( #3855 ), #1173, .F. ) ;
#3843 = DIRECTION ( 'NONE',  ( 0.000000000000000000, 0.000000000000000000, -1.000000000000000000 ) ) ;
#3844 = ORIENTED_EDGE ( 'NONE', *, *, #3244, .T. ) ;
#3845 = DIRECTION ( 'NONE',  ( 0.000000000000000000, 0.000000000000000000, -1.000000000000000000 ) ) ;
#3846 = CARTESIAN_POINT ( 'NONE',  ( 14.29999999999999716, 9.816552506059649019, -4.599999999999997868 ) ) ;
#3847 = FACE_OUTER_BOUND ( 'NONE', #3823, .T. ) ;
#3848 = ORIENTED_EDGE ( 'NONE', *, *, #2071, .F. ) ;
#3849 = EDGE_CURVE ( 'NONE', #839, #1162, #2875, .T. ) ;
#3850 = DIRECTION ( 'NONE',  ( -0.000000000000000000, -1.000000000000000000, -0.000000000000000000 ) ) ;
#3851 = ORIENTED_EDGE ( 'NONE', *, *, #1242, .T. ) ;
#3852 = ORIENTED_EDGE ( 'NONE', *, *, #2882, .T. ) ;
#3853 = DIRECTION ( 'NONE',  ( 8.673617379884051249E-15, 0.000000000000000000, -1.000000000000000000 ) ) ;
#3854 = PLANE ( 'NONE',  #97 ) ;
#3855 = FACE_OUTER_BOUND ( 'NONE', #1118, .T. ) ;
#3856 = EDGE_LOOP ( 'NONE', ( #2410, #1995, #3080, #2990 ) ) ;
#3857 = DIRECTION ( 'NONE',  ( 0.000000000000000000, -1.000000000000000000, 0.000000000000000000 ) ) ;
#3858 = DIRECTION ( 'NONE',  ( 0.000000000000000000, 0.000000000000000000, 1.000000000000000000 ) ) ;
#3859 = EDGE_CURVE ( 'NONE', #2709, #3270, #487, .T. ) ;
#3860 = ORIENTED_EDGE ( 'NONE', *, *, #272, .F. ) ;
#3861 = ADVANCED_FACE ( 'NONE', ( #887 ), #1439, .F. ) ;
#3862 = CARTESIAN_POINT ( 'NONE',  ( 0.5499999999999948264, 2.299999999999999822, -6.700000000000001066 ) ) ;
#3863 = ADVANCED_FACE ( 'NONE', ( #1193 ), #2095, .T. ) ;
#3864 = DIRECTION ( 'NONE',  ( -0.000000000000000000, 0.000000000000000000, 1.000000000000000000 ) ) ;
#3865 = LINE ( 'NONE', #1123, #2562 ) ;
#3866 = CARTESIAN_POINT ( 'NONE',  ( -11.99999999999999289, 11.40000000000000036, -6.399999999999997691 ) ) ;
#3867 = EDGE_LOOP ( 'NONE', ( #3874, #414 ) ) ;
#3868 = DIRECTION ( 'NONE',  ( 0.000000000000000000, -1.000000000000000000, 0.000000000000000000 ) ) ;
#3869 = ADVANCED_FACE ( 'NONE', ( #2729 ), #1133, .T. ) ;
#3870 = CARTESIAN_POINT ( 'NONE',  ( -12.00000000000000000, 10.30000000000000071, 3.999999999999998224 ) ) ;
#3871 = CIRCLE ( 'NONE', #2412, 1.299999999999999156 ) ;
#3872 = CARTESIAN_POINT ( 'NONE',  ( 3.999999999999991562, 8.599999999999999645, -5.300000000000002487 ) ) ;
#3873 = ADVANCED_FACE ( 'NONE', ( #2363 ), #3004, .T. ) ;
#3874 = ORIENTED_EDGE ( 'NONE', *, *, #91, .F. ) ;
#3875 = PLANE ( 'NONE',  #1407 ) ;
#3876 = CARTESIAN_POINT ( 'NONE',  ( 14.49999999999999112, 8.599999999999996092, 3.399999999999997691 ) ) ;
#3877 = AXIS2_PLACEMENT_3D ( 'NONE', #3758, #457, #2293 ) ;
#3878 = CARTESIAN_POINT ( 'NONE',  ( 12.59999999999999964, 0.000000000000000000, -6.500000000000000888 ) ) ;
#3879 = ORIENTED_EDGE ( 'NONE', *, *, #997, .T. ) ;
#3880 = PLANE ( 'NONE',  #3138 ) ;
#3881 = LINE ( 'NONE', #1137, #3456 ) ;
#3882 = CARTESIAN_POINT ( 'NONE',  ( 3.999999999999994671, 9.599999999999999645, 6.400000000000004796 ) ) ;
#3883 = VERTEX_POINT ( 'NONE', #543 ) ;
#3884 = VECTOR ( 'NONE', #3617, 1000.000000000000000 ) ;
#3885 = VECTOR ( 'NONE', #1360, 1000.000000000000000 ) ;
#3886 = CARTESIAN_POINT ( 'NONE',  ( -14.49999999999999645, 0.000000000000000000, -6.700000000000000178 ) ) ;
#3887 = CYLINDRICAL_SURFACE ( 'NONE', #1149, 1.299999999999999156 ) ;
#3888 = DIRECTION ( 'NONE',  ( 0.000000000000000000, 0.000000000000000000, -1.000000000000000000 ) ) ;
#3889 = ADVANCED_FACE ( 'NONE', ( #3322 ), #2980, .T. ) ;
#3890 = ORIENTED_EDGE ( 'NONE', *, *, #406, .F. ) ;
#3891 = DIRECTION ( 'NONE',  ( 0.000000000000000000, 0.000000000000000000, -1.000000000000000000 ) ) ;
#3892 = DIRECTION ( 'NONE',  ( 1.005636797667714286E-15, 0.000000000000000000, -1.000000000000000000 ) ) ;
#3893 = DIRECTION ( 'NONE',  ( 0.000000000000000000, 0.000000000000000000, -1.000000000000000000 ) ) ;
#3894 = ORIENTED_EDGE ( 'NONE', *, *, #3271, .F. ) ;
#3895 = VECTOR ( 'NONE', #398, 1000.000000000000000 ) ;
#3896 = EDGE_CURVE ( 'NONE', #878, #293, #3941, .T. ) ;
#3897 = CARTESIAN_POINT ( 'NONE',  ( 0.000000000000000000, 8.599999999999999645, 0.000000000000000000 ) ) ;
#3898 = CARTESIAN_POINT ( 'NONE',  ( -14.49999999999999645, 0.000000000000000000, 4.599999999999997868 ) ) ;
#3899 = AXIS2_PLACEMENT_3D ( 'NONE', #512, #533, #2027 ) ;
#3900 = AXIS2_PLACEMENT_3D ( 'NONE', #3475, #1944, #3174 ) ;
#3901 = EDGE_CURVE ( 'NONE', #1400, #3371, #1780, .T. ) ;
#3902 = DIRECTION ( 'NONE',  ( 8.673617379884051249E-15, 0.000000000000000000, -1.000000000000000000 ) ) ;
#3903 = AXIS2_PLACEMENT_3D ( 'NONE', #2135, #3679, #892 ) ;
#3904 = EDGE_LOOP ( 'NONE', ( #3689, #517, #2395, #1569 ) ) ;
#3905 = DIRECTION ( 'NONE',  ( -0.000000000000000000, -1.000000000000000000, -0.000000000000000000 ) ) ;
#3906 = CARTESIAN_POINT ( 'NONE',  ( -14.49999999999999645, 8.599999999999996092, -6.700000000000000178 ) ) ;
#3907 = VECTOR ( 'NONE', #2258, 1000.000000000000000 ) ;
#3908 = AXIS2_PLACEMENT_3D ( 'NONE', #2330, #2954, #197 ) ;
#3909 = DIRECTION ( 'NONE',  ( 1.000000000000000000, 0.000000000000000000, -0.000000000000000000 ) ) ;
#3910 = EDGE_CURVE ( 'NONE', #652, #284, #3618, .T. ) ;
#3911 = ORIENTED_EDGE ( 'NONE', *, *, #318, .F. ) ;
#3912 = ORIENTED_EDGE ( 'NONE', *, *, #2457, .T. ) ;
#3913 = CARTESIAN_POINT ( 'NONE',  ( 8.000000000000000000, 8.599999999999999645, 0.000000000000000000 ) ) ;
#3914 = DIRECTION ( 'NONE',  ( 0.000000000000000000, 0.000000000000000000, -1.000000000000000000 ) ) ;
#3915 = VERTEX_POINT ( 'NONE', #3878 ) ;
#3916 = ORIENTED_EDGE ( 'NONE', *, *, #3901, .T. ) ;
#3917 = DIRECTION ( 'NONE',  ( 0.000000000000000000, 0.000000000000000000, 1.000000000000000000 ) ) ;
#3918 = EDGE_CURVE ( 'NONE', #652, #1217, #1507, .T. ) ;
#3919 = DIRECTION ( 'NONE',  ( 0.000000000000000000, -1.000000000000000000, 0.000000000000000000 ) ) ;
#3920 = FACE_OUTER_BOUND ( 'NONE', #3359, .T. ) ;
#3921 = VERTEX_POINT ( 'NONE', #3638 ) ;
#3922 = LINE ( 'NONE', #324, #2610 ) ;
#3923 = CARTESIAN_POINT ( 'NONE',  ( 15.90000000000000391, 9.599999999999999645, 7.900000000000000355 ) ) ;
#3924 = ORIENTED_EDGE ( 'NONE', *, *, #1327, .F. ) ;
#3925 = CARTESIAN_POINT ( 'NONE',  ( -11.39999999999999858, 8.599999999999996092, -6.700000000000000178 ) ) ;
#3926 = DIRECTION ( 'NONE',  ( -1.000000000000000000, 0.000000000000000000, 0.000000000000000000 ) ) ;
#3927 = CARTESIAN_POINT ( 'NONE',  ( -14.49999999999999645, 8.599999999999996092, -4.599999999999997868 ) ) ;
#3928 = ORIENTED_EDGE ( 'NONE', *, *, #508, .T. ) ;
#3929 = ORIENTED_EDGE ( 'NONE', *, *, #3338, .F. ) ;
#3930 = EDGE_CURVE ( 'NONE', #1714, #615, #1718, .T. ) ;
#3931 = AXIS2_PLACEMENT_3D ( 'NONE', #1434, #2437, #557 ) ;
#3932 = LINE ( 'NONE', #215, #1411 ) ;
#3933 = CARTESIAN_POINT ( 'NONE',  ( -11.99999999999999289, 10.30000000000000071, -2.699999999999998401 ) ) ;
#3934 = VERTEX_POINT ( 'NONE', #3282 ) ;
#3935 = ORIENTED_EDGE ( 'NONE', *, *, #832, .T. ) ;
#3936 = CARTESIAN_POINT ( 'NONE',  ( 11.99999999999999289, 11.40000000000000036, 4.000000000000017764 ) ) ;
#3937 = CARTESIAN_POINT ( 'NONE',  ( 14.49999999999999645, 8.599999999999999645, 4.599999999999997868 ) ) ;
#3938 = DIRECTION ( 'NONE',  ( 1.000000000000000000, 0.000000000000000000, -0.000000000000000000 ) ) ;
#3939 = EDGE_LOOP ( 'NONE', ( #1877, #765 ) ) ;
#3940 = FACE_OUTER_BOUND ( 'NONE', #1297, .T. ) ;
#3941 = LINE ( 'NONE', #2402, #1655 ) ;
#3942 = ORIENTED_EDGE ( 'NONE', *, *, #2261, .F. ) ;
#3943 = LINE ( 'NONE', #889, #1087 ) ;
#3944 = VECTOR ( 'NONE', #2435, 1000.000000000000000 ) ;
#3945 = DIRECTION ( 'NONE',  ( 0.000000000000000000, 0.000000000000000000, -1.000000000000000000 ) ) ;
#3946 = ADVANCED_FACE ( 'NONE', ( #1756, #228 ), #1463, .T. ) ;
#3947 = ORIENTED_EDGE ( 'NONE', *, *, #1358, .F. ) ;
#3948 = CIRCLE ( 'NONE', #2215, 3.250000000000000444 ) ;
#3949 = VERTEX_POINT ( 'NONE', #845 ) ;
#3950 = ADVANCED_FACE ( 'NONE', ( #969 ), #304, .T. ) ;
#3951 = EDGE_CURVE ( 'NONE', #1828, #1591, #1, .T. ) ;
#3952 = AXIS2_PLACEMENT_3D ( 'NONE', #1863, #1259, #346 ) ;
#3953 = FACE_OUTER_BOUND ( 'NONE', #632, .T. ) ;
#3954 = VERTEX_POINT ( 'NONE', #1564 ) ;
#3955 = LOCAL_TIME ( 23, 59, 32.00000000000000000, #2522 ) ;
#3956 = CARTESIAN_POINT ( 'NONE',  ( 3.999999999999991562, 15.07695526217004733, -4.000000000000005329 ) ) ;
#3957 = DIRECTION ( 'NONE',  ( 1.508455196501571429E-15, 0.000000000000000000, 1.000000000000000000 ) ) ;
#3958 = DIRECTION ( 'NONE',  ( 8.673617379884051249E-15, 0.000000000000000000, 1.000000000000000000 ) ) ;
#3959 = EDGE_LOOP ( 'NONE', ( #936, #3594, #420, #3659 ) ) ;
#3960 = ADVANCED_FACE ( 'NONE', ( #2132 ), #661, .T. ) ;
#3961 = CARTESIAN_POINT ( 'NONE',  ( -14.29999999999999716, 9.816552506059649019, -3.399999999999998579 ) ) ;
#3962 = DATE_AND_TIME ( #287, #3955 ) ;
#3963 = ORIENTED_EDGE ( 'NONE', *, *, #1072, .F. ) ;
#3964 = CARTESIAN_POINT ( 'NONE',  ( -4.000000000000001776, 11.40000000000000036, 1.599999999999998535 ) ) ;
#3965 = AXIS2_PLACEMENT_3D ( 'NONE', #1084, #2877, #1387 ) ;
#3966 = PLANE ( 'NONE',  #999 ) ;
#3967 = AXIS2_PLACEMENT_3D ( 'NONE', #2654, #2350, #3294 ) ;
#3968 = VERTEX_POINT ( 'NONE', #3403 ) ;
#3969 = EDGE_CURVE ( 'NONE', #3688, #1974, #1263, .T. ) ;
#3970 = VECTOR ( 'NONE', #2268, 1000.000000000000000 ) ;
#3971 = VERTEX_POINT ( 'NONE', #2177 ) ;
#3972 = DIRECTION ( 'NONE',  ( -0.000000000000000000, -1.000000000000000000, -0.000000000000000000 ) ) ;
#3973 = ORIENTED_EDGE ( 'NONE', *, *, #1698, .T. ) ;
#3974 = EDGE_LOOP ( 'NONE', ( #343, #1635, #427, #998, #2031, #549, #2070, #3490, #2751, #1571, #3476, #3349, #3010, #3613, #3564, #3741, #572, #642, #2559, #738, #393, #3785, #213, #2088, #2201, #3963, #2139, #1624, #75, #2081 ) ) ;
#3975 = DIRECTION ( 'NONE',  ( -1.005636797667714286E-15, 0.000000000000000000, 1.000000000000000000 ) ) ;
#3976 = CARTESIAN_POINT ( 'NONE',  ( 15.90000000000000391, 0.000000000000000000, 7.900000000000000355 ) ) ;
#3977 = DIRECTION ( 'NONE',  ( -0.000000000000000000, -1.000000000000000000, -0.000000000000000000 ) ) ;
#3978 = ORIENTED_EDGE ( 'NONE', *, *, #2582, .T. ) ;
#3979 = APPROVAL ( #1838, 'UNSPECIFIED' ) ;
#3980 = DIRECTION ( 'NONE',  ( 0.000000000000000000, -1.000000000000000000, 0.000000000000000000 ) ) ;
#3981 = CARTESIAN_POINT ( 'NONE',  ( -8.000000000000000000, 0.000000000000000000, 3.249999999999999556 ) ) ;
ENDSEC;
END-ISO-10303-21;
