ISO-10303-21;
HEADER;
FILE_DESCRIPTION (( 'STEP AP203' ),
    '1' );
FILE_NAME ('CSWA_10_5A.STEP',
    '2026-08-15T05:14:19',
    ( '' ),
    ( '' ),
    'SwSTEP 2.0',
    'SolidWorks 2026',
    '' );
FILE_SCHEMA (( 'CONFIG_CONTROL_DESIGN' ));
ENDSEC;

DATA;
#1 = FACE_OUTER_BOUND ( 'NONE', #1023, .T. ) ;
#2 = ADVANCED_FACE ( 'NONE', ( #137 ), #623, .T. ) ;
#3 = VERTEX_POINT ( 'NONE', #980 ) ;
#4 = PLANE ( 'NONE',  #1218 ) ;
#5 = FACE_OUTER_BOUND ( 'NONE', #536, .T. ) ;
#6 = CARTESIAN_POINT ( 'NONE',  ( -88.00000000000002842, 1.999999999999997780, -7.102674842672792366 ) ) ;
#7 = ORIENTED_EDGE ( 'NONE', *, *, #715, .F. ) ;
#8 = ORIENTED_EDGE ( 'NONE', *, *, #398, .T. ) ;
#9 = EDGE_CURVE ( 'NONE', #687, #489, #1450, .T. ) ;
#10 = DIRECTION ( 'NONE',  ( -0.5000000000000026645, 0.000000000000000000, -0.8660254037844371533 ) ) ;
#11 = DIRECTION ( 'NONE',  ( -0.000000000000000000, -1.000000000000000000, -0.000000000000000000 ) ) ;
#12 = CYLINDRICAL_SURFACE ( 'NONE', #1254, 7.000000000000000888 ) ;
#13 = ORIENTED_EDGE ( 'NONE', *, *, #958, .F. ) ;
#14 = AXIS2_PLACEMENT_3D ( 'NONE', #1127, #185, #533 ) ;
#15 = ORIENTED_EDGE ( 'NONE', *, *, #34, .F. ) ;
#16 = DIRECTION ( 'NONE',  ( -0.5000000000000022204, 0.000000000000000000, -0.8660254037844373753 ) ) ;
#17 = VERTEX_POINT ( 'NONE', #849 ) ;
#18 = VECTOR ( 'NONE', #1439, 1000.000000000000000 ) ;
#19 = CARTESIAN_POINT ( 'NONE',  ( -64.94410904427412845, -1.739298410590033095, 10.82833132672183396 ) ) ;
#20 = EDGE_CURVE ( 'NONE', #1323, #1129, #1467, .T. ) ;
#21 = CARTESIAN_POINT ( 'NONE',  ( -66.04551732809565578, -6.505213034913026604E-15, -7.076395401044099920 ) ) ;
#22 = LINE ( 'NONE', #270, #196 ) ;
#23 = ORIENTED_EDGE ( 'NONE', *, *, #868, .T. ) ;
#24 = ADVANCED_FACE ( 'NONE', ( #481 ), #1108, .T. ) ;
#25 = CC_DESIGN_APPROVAL ( #213, ( #74 ) ) ;
#26 = CARTESIAN_POINT ( 'NONE',  ( -49.93407051894542548, 4.500000000000000000, 28.82944905584720985 ) ) ;
#27 = DIRECTION ( 'NONE',  ( -0.000000000000000000, -1.000000000000000000, -0.000000000000000000 ) ) ;
#28 = ORIENTED_EDGE ( 'NONE', *, *, #1114, .T. ) ;
#29 = DIRECTION ( 'NONE',  ( 0.5000000000000026645, 0.000000000000000000, 0.8660254037844371533 ) ) ;
#30 = DIRECTION ( 'NONE',  ( -0.8542421961772478367, 0.1643989873053574302, 0.4931969619160739282 ) ) ;
#31 = DIRECTION ( 'NONE',  ( -0.5000000000000022204, 0.000000000000000000, -0.8660254037844372643 ) ) ;
#32 = EDGE_LOOP ( 'NONE', ( #1198, #483, #1052, #741 ) ) ;
#33 = APPLICATION_CONTEXT ( 'configuration controlled 3d designs of mechanical parts and assemblies' ) ;
#34 = EDGE_CURVE ( 'NONE', #161, #758, #1322, .T. ) ;
#35 = B_SPLINE_CURVE_WITH_KNOTS ( 'NONE', 3,
 ( #643, #158, #284, #1388, #69, #176, #657, #47, #537, #898, #663, #767, #304, #406, #1268, #276 ),
 .UNSPECIFIED., .F., .F.,
 ( 4, 2, 2, 2, 2, 2, 2, 4 ),
 ( 3.127317220692750759E-18, 0.0004468649348380078360, 0.0008937298696760125278, 0.001787459739352023754, 0.002234324674190047311, 0.002681189609028070651, 0.003128054543866093992, 0.003574919478704116898 ),
 .UNSPECIFIED. ) ;
#36 = PLANE ( 'NONE',  #1175 ) ;
#37 = VERTEX_POINT ( 'NONE', #1229 ) ;
#38 = CARTESIAN_POINT ( 'NONE',  ( -57.08141571295787742, 4.500000000000000000, 0.4498840405846651902 ) ) ;
#39 = LINE ( 'NONE', #1440, #528 ) ;
#40 = DESIGN_CONTEXT ( 'detailed design', #190, 'design' ) ;
#41 = CARTESIAN_POINT ( 'NONE',  ( -68.87661476330218591, 4.500000000000000000, 8.999999999999992895 ) ) ;
#42 = ORIENTED_EDGE ( 'NONE', *, *, #1189, .T. ) ;
#43 = FACE_BOUND ( 'NONE', #329, .T. ) ;
#44 = EDGE_CURVE ( 'NONE', #1161, #1297, #147, .T. ) ;
#45 = APPROVAL_DATE_TIME ( #1368, #213 ) ;
#46 = VERTEX_POINT ( 'NONE', #771 ) ;
#47 = CARTESIAN_POINT ( 'NONE',  ( -64.17518194176621193, 2.000276283326625659, 10.45270856188850495 ) ) ;
#48 = CARTESIAN_POINT ( 'NONE',  ( -63.50961894323345547, -4.500000000000000000, 5.315909444369195214 ) ) ;
#49 = CARTESIAN_POINT ( 'NONE',  ( -55.78098897731634764, 1.334597060780745137, 7.711810435522626683 ) ) ;
#50 = ORIENTED_EDGE ( 'NONE', *, *, #1286, .F. ) ;
#51 = CARTESIAN_POINT ( 'NONE',  ( -49.93407051894542548, -4.500000000000000000, 28.82944905584720985 ) ) ;
#52 = APPLICATION_PROTOCOL_DEFINITION ( 'international standard', 'config_control_design', 1994, #190 ) ;
#53 = ORIENTED_EDGE ( 'NONE', *, *, #559, .T. ) ;
#54 = EDGE_CURVE ( 'NONE', #157, #452, #641, .T. ) ;
#55 = FACE_OUTER_BOUND ( 'NONE', #794, .T. ) ;
#56 = DIRECTION ( 'NONE',  ( 0.000000000000000000, 0.000000000000000000, 1.000000000000000000 ) ) ;
#57 = CARTESIAN_POINT ( 'NONE',  ( -58.18708667699968373, 1.808862013112980893, 8.260922317897035683 ) ) ;
#58 = ORIENTED_EDGE ( 'NONE', *, *, #996, .F. ) ;
#59 = DIRECTION ( 'NONE',  ( 0.5000000000000022204, -0.000000000000000000, 0.8660254037844372643 ) ) ;
#60 = EDGE_LOOP ( 'NONE', ( #808, #1167 ) ) ;
#61 = DIRECTION ( 'NONE',  ( -0.000000000000000000, -1.000000000000000000, -0.000000000000000000 ) ) ;
#62 = EDGE_CURVE ( 'NONE', #1237, #315, #1367, .T. ) ;
#63 = CARTESIAN_POINT ( 'NONE',  ( -76.10769515458667911, -3.500000000000023981, -4.504598631319644220 ) ) ;
#64 = DIRECTION ( 'NONE',  ( -0.8660254037844364872, 0.000000000000000000, 0.5000000000000038858 ) ) ;
#65 = CARTESIAN_POINT ( 'NONE',  ( -88.00000000000002842, 1.999999999999997780, -7.102674842672792366 ) ) ;
#66 = VECTOR ( 'NONE', #1224, 1000.000000000000000 ) ;
#67 = MECHANICAL_CONTEXT ( 'NONE', #33, 'mechanical' ) ;
#68 = VERTEX_POINT ( 'NONE', #875 ) ;
#69 = CARTESIAN_POINT ( 'NONE',  ( -63.12671878281967963, 1.737915568488902052, 9.977413001640258017 ) ) ;
#70 = CARTESIAN_POINT ( 'NONE',  ( 1.469576158976823553E-15, 4.500000000000000000, 11.99999999999999645 ) ) ;
#71 = CARTESIAN_POINT ( 'NONE',  ( -59.04308693023745747, 1.022470087474917966, 8.500156024187440096 ) ) ;
#72 = ADVANCED_FACE ( 'NONE', ( #1359 ), #1375, .T. ) ;
#73 = CIRCLE ( 'NONE', #598, 24.99999999999999289 ) ;
#74 = PRODUCT_DEFINITION ( 'UNKNOWN', '', #1260, #40 ) ;
#75 = ORIENTED_EDGE ( 'NONE', *, *, #742, .T. ) ;
#76 = VECTOR ( 'NONE', #364, 1000.000000000000114 ) ;
#77 = CARTESIAN_POINT ( 'NONE',  ( -69.50961894323349100, -4.499999999999999112, -5.076395401044054623 ) ) ;
#78 = FACE_OUTER_BOUND ( 'NONE', #852, .T. ) ;
#79 = DIRECTION ( 'NONE',  ( 0.8660254037844367092, 0.000000000000000000, -0.5000000000000034417 ) ) ;
#80 = EDGE_CURVE ( 'NONE', #1161, #763, #565, .T. ) ;
#81 = VERTEX_POINT ( 'NONE', #1493 ) ;
#82 = CARTESIAN_POINT ( 'NONE',  ( -74.75561342628780892, 1.250000000000004219, -11.28522338111934076 ) ) ;
#83 = ORIENTED_EDGE ( 'NONE', *, *, #1246, .F. ) ;
#84 = FACE_OUTER_BOUND ( 'NONE', #1205, .T. ) ;
#85 = CARTESIAN_POINT ( 'NONE',  ( -55.26832424984309000, -0.2692257150636153673, 7.617748724995935028 ) ) ;
#86 = CARTESIAN_POINT ( 'NONE',  ( -64.96317654634232497, 3.835397591921375859, 10.77350272100002115 ) ) ;
#87 = EDGE_CURVE ( 'NONE', #161, #687, #1021, .T. ) ;
#88 = ORIENTED_EDGE ( 'NONE', *, *, #910, .T. ) ;
#89 = CIRCLE ( 'NONE', #945, 2.000000000000012879 ) ;
#90 = DIRECTION ( 'NONE',  ( -0.5000000000000035527, 2.393680752345953845E-16, -0.8660254037844365982 ) ) ;
#91 = ORIENTED_EDGE ( 'NONE', *, *, #1139, .T. ) ;
#92 = DIRECTION ( 'NONE',  ( 0.000000000000000000, 0.000000000000000000, 1.000000000000000000 ) ) ;
#93 = DIRECTION ( 'NONE',  ( 0.000000000000000000, 1.000000000000000000, -0.000000000000000000 ) ) ;
#94 = VECTOR ( 'NONE', #411, 1000.000000000000000 ) ;
#95 = CARTESIAN_POINT ( 'NONE',  ( -63.50961894323345547, 1.250000000000000222, 5.315909444369208536 ) ) ;
#96 = EDGE_LOOP ( 'NONE', ( #1441, #460, #653, #1190 ) ) ;
#97 = FACE_OUTER_BOUND ( 'NONE', #921, .T. ) ;
#98 = VERTEX_POINT ( 'NONE', #162 ) ;
#99 = ADVANCED_FACE ( 'NONE', ( #43, #995 ), #903, .F. ) ;
#100 = LINE ( 'NONE', #922, #394 ) ;
#101 = CARTESIAN_POINT ( 'NONE',  ( -91.85265480598791044, -1.999999999999997780, -13.77566871066817455 ) ) ;
#102 = VERTEX_POINT ( 'NONE', #519 ) ;
#103 = CARTESIAN_POINT ( 'NONE',  ( -55.13022294165201487, -3.500000000000031530, 31.82944905584718498 ) ) ;
#104 = ORIENTED_EDGE ( 'NONE', *, *, #892, .F. ) ;
#105 = DIRECTION ( 'NONE',  ( -0.5000000000000026645, 0.000000000000000000, -0.8660254037844371533 ) ) ;
#106 = CARTESIAN_POINT ( 'NONE',  ( -45.54178707872085141, 4.500000000000000000, 7.279464651220666660 ) ) ;
#107 = EDGE_CURVE ( 'NONE', #717, #216, #726, .T. ) ;
#108 = ORIENTED_EDGE ( 'NONE', *, *, #559, .F. ) ;
#109 = PLANE ( 'NONE',  #337 ) ;
#110 = EDGE_LOOP ( 'NONE', ( #53, #1278, #1530, #1378 ) ) ;
#111 = AXIS2_PLACEMENT_3D ( 'NONE', #472, #937, #1292 ) ;
#112 = CARTESIAN_POINT ( 'NONE',  ( -58.89635311429277209, -1.239004870309504458, 8.457503683687123797 ) ) ;
#113 = CIRCLE ( 'NONE', #1405, 24.99999999999999289 ) ;
#114 = VERTEX_POINT ( 'NONE', #179 ) ;
#115 = VECTOR ( 'NONE', #285, 1000.000000000000114 ) ;
#116 = ORIENTED_EDGE ( 'NONE', *, *, #1427, .F. ) ;
#117 = DIRECTION ( 'NONE',  ( -0.8660254037844364872, 0.000000000000000000, 0.5000000000000036637 ) ) ;
#118 = LINE ( 'NONE', #637, #1009 ) ;
#119 = DIRECTION ( 'NONE',  ( 0.5000000000000049960, 0.000000000000000000, 0.8660254037844357100 ) ) ;
#120 = ORIENTED_EDGE ( 'NONE', *, *, #1349, .T. ) ;
#121 = EDGE_CURVE ( 'NONE', #497, #1438, #1006, .T. ) ;
#122 =( NAMED_UNIT ( * ) SI_UNIT ( $, .STERADIAN. ) SOLID_ANGLE_UNIT ( ) );
#123 = ORIENTED_EDGE ( 'NONE', *, *, #457, .T. ) ;
#124 = DIRECTION ( 'NONE',  ( 0.5000000000000025535, -0.000000000000000000, 0.8660254037844373753 ) ) ;
#125 = CYLINDRICAL_SURFACE ( 'NONE', #1081, 11.99999999999999645 ) ;
#126 = CARTESIAN_POINT ( 'NONE',  ( -78.86227374922134459, -4.500000000000000000, -21.27566871066820653 ) ) ;
#127 = ORIENTED_EDGE ( 'NONE', *, *, #1328, .T. ) ;
#128 = ADVANCED_FACE ( 'NONE', ( #647 ), #36, .F. ) ;
#129 = DIRECTION ( 'NONE',  ( 0.5000000000000049960, 0.000000000000000000, 0.8660254037844357100 ) ) ;
#130 = VERTEX_POINT ( 'NONE', #172 ) ;
#131 = ADVANCED_FACE ( 'NONE', ( #779, #281 ), #1131, .T. ) ;
#132 = DIRECTION ( 'NONE',  ( -0.5000000000000022204, 0.000000000000000000, -0.8660254037844373753 ) ) ;
#133 = CIRCLE ( 'NONE', #1048, 2.000000000000012879 ) ;
#134 = CARTESIAN_POINT ( 'NONE',  ( -49.20028329308894399, 1.250000000000000222, 42.08773098911020583 ) ) ;
#135 = FACE_OUTER_BOUND ( 'NONE', #447, .T. ) ;
#136 = VECTOR ( 'NONE', #915, 1000.000000000000000 ) ;
#137 = FACE_OUTER_BOUND ( 'NONE', #842, .T. ) ;
#138 = CARTESIAN_POINT ( 'NONE',  ( 8.196835435408580395, -1.249999999999996669, 14.19733543540852772 ) ) ;
#139 = ORIENTED_EDGE ( 'NONE', *, *, #438, .F. ) ;
#140 = AXIS2_PLACEMENT_3D ( 'NONE', #41, #517, #1217 ) ;
#141 = CARTESIAN_POINT ( 'NONE',  ( -38.27313346839920882, -6.505213034913026604E-15, 41.02678449125566118 ) ) ;
#142 = EDGE_CURVE ( 'NONE', #1032, #216, #894, .T. ) ;
#143 = DIRECTION ( 'NONE',  ( -0.000000000000000000, -1.000000000000000000, -0.000000000000000000 ) ) ;
#144 = DIRECTION ( 'NONE',  ( -0.000000000000000000, -1.000000000000000000, -0.000000000000000000 ) ) ;
#145 = ORIENTED_EDGE ( 'NONE', *, *, #420, .T. ) ;
#146 = AXIS2_PLACEMENT_3D ( 'NONE', #1069, #1407, #1162 ) ;
#147 = LINE ( 'NONE', #956, #167 ) ;
#148 = LINE ( 'NONE', #1552, #273 ) ;
#149 = ORIENTED_EDGE ( 'NONE', *, *, #597, .F. ) ;
#150 = DIRECTION ( 'NONE',  ( 0.8660254037844371533, 0.000000000000000000, -0.5000000000000025535 ) ) ;
#151 = PLANE ( 'NONE',  #425 ) ;
#152 = DIRECTION ( 'NONE',  ( -0.5000000000000022204, 0.000000000000000000, -0.8660254037844373753 ) ) ;
#153 = ADVANCED_FACE ( 'NONE', ( #1321 ), #151, .F. ) ;
#154 = ORIENTED_EDGE ( 'NONE', *, *, #628, .F. ) ;
#155 = DIRECTION ( 'NONE',  ( -0.000000000000000000, -1.000000000000000000, -0.000000000000000000 ) ) ;
#156 = COORDINATED_UNIVERSAL_TIME_OFFSET ( 5, 30, .AHEAD. ) ;
#157 = VERTEX_POINT ( 'NONE', #1112 ) ;
#158 = CARTESIAN_POINT ( 'NONE',  ( -62.69447969586038028, 1.367563937812812824, 9.793526000023781819 ) ) ;
#159 = DIRECTION ( 'NONE',  ( 0.000000000000000000, 0.000000000000000000, 1.000000000000000000 ) ) ;
#160 = CARTESIAN_POINT ( 'NONE',  ( -76.10769515458679280, 0.000000000000000000, -10.50459863131954030 ) ) ;
#161 = VERTEX_POINT ( 'NONE', #984 ) ;
#162 = CARTESIAN_POINT ( 'NONE',  ( -86.50000000000004263, -1.999999999999996669, -4.504598631319499447 ) ) ;
#163 = EDGE_CURVE ( 'NONE', #1099, #229, #862, .T. ) ;
#164 = ORIENTED_EDGE ( 'NONE', *, *, #184, .T. ) ;
#165 = LINE ( 'NONE', #293, #1024 ) ;
#166 = AXIS2_PLACEMENT_3D ( 'NONE', #1309, #225, #1187 ) ;
#167 = VECTOR ( 'NONE', #59, 1000.000000000000114 ) ;
#168 = CARTESIAN_POINT ( 'NONE',  ( -4.781122211244769105, 1.249999999999997780, 36.67581745789025405 ) ) ;
#169 = AXIS2_PLACEMENT_3D ( 'NONE', #800, #1403, #449 ) ;
#170 = DIRECTION ( 'NONE',  ( 0.5000000000000035527, 2.393680752345953845E-16, 0.8660254037844365982 ) ) ;
#171 = VERTEX_POINT ( 'NONE', #630 ) ;
#172 = CARTESIAN_POINT ( 'NONE',  ( -66.70577136593989565, 3.500000000000026201, 11.78001105950688476 ) ) ;
#173 = AXIS2_PLACEMENT_3D ( 'NONE', #1230, #1199, #1212 ) ;
#174 = EDGE_CURVE ( 'NONE', #271, #98, #39, .T. ) ;
#175 = ORIENTED_EDGE ( 'NONE', *, *, #568, .T. ) ;
#176 = CARTESIAN_POINT ( 'NONE',  ( -63.49665399976448299, 1.931038860676290270, 10.13954964115894164 ) ) ;
#177 = DIRECTION ( 'NONE',  ( 0.000000000000000000, 0.000000000000000000, 1.000000000000000000 ) ) ;
#178 = CARTESIAN_POINT ( 'NONE',  ( -75.32756278789864268, -4.500000000000000000, -15.15336973558669875 ) ) ;
#179 = CARTESIAN_POINT ( 'NONE',  ( -86.50000000000004263, 1.999999999999995781, -4.504598631319499447 ) ) ;
#180 = APPROVAL_DATE_TIME ( #432, #1213 ) ;
#181 = ORIENTED_EDGE ( 'NONE', *, *, #107, .F. ) ;
#182 = EDGE_CURVE ( 'NONE', #1331, #1116, #323, .T. ) ;
#183 = DIRECTION ( 'NONE',  ( 0.8660254037844373753, -4.885168348109270642E-17, -0.5000000000000021094 ) ) ;
#184 = EDGE_CURVE ( 'NONE', #279, #17, #118, .T. ) ;
#185 = DIRECTION ( 'NONE',  ( -0.5000000000000025535, 0.000000000000000000, -0.8660254037844372643 ) ) ;
#186 = CARTESIAN_POINT ( 'NONE',  ( -58.30202579656634754, 1.749420854541049453, 8.291709845614002816 ) ) ;
#187 = VECTOR ( 'NONE', #636, 1000.000000000000114 ) ;
#188 = CARTESIAN_POINT ( 'NONE',  ( -65.44511526160411563, -1.249999999999991118, 11.08603048228787280 ) ) ;
#189 = ORIENTED_EDGE ( 'NONE', *, *, #958, .T. ) ;
#190 = APPLICATION_CONTEXT ( 'configuration controlled 3d designs of mechanical parts and assemblies' ) ;
#191 = DIRECTION ( 'NONE',  ( 0.8660254037844373753, 4.885168348109270642E-17, -0.5000000000000021094 ) ) ;
#192 = LINE ( 'NONE', #1157, #115 ) ;
#193 = CARTESIAN_POINT ( 'NONE',  ( -59.26039707033454818, 0.5382399023291157825, 8.564522911550261242 ) ) ;
#194 = AXIS2_PLACEMENT_3D ( 'NONE', #764, #155, #529 ) ;
#195 = EDGE_CURVE ( 'NONE', #934, #873, #1088, .T. ) ;
#196 = VECTOR ( 'NONE', #144, 1000.000000000000000 ) ;
#197 = LINE ( 'NONE', #1391, #467 ) ;
#198 = ORIENTED_EDGE ( 'NONE', *, *, #684, .T. ) ;
#199 = CIRCLE ( 'NONE', #1204, 35.00000000000000711 ) ;
#200 = VECTOR ( 'NONE', #1338, 1000.000000000000114 ) ;
#201 = CARTESIAN_POINT ( 'NONE',  ( -49.20028329308894399, -1.250000000000001110, 42.08773098911020583 ) ) ;
#202 = ORIENTED_EDGE ( 'NONE', *, *, #1018, .T. ) ;
#203 = CARTESIAN_POINT ( 'NONE',  ( -63.50961894323344126, -1.250000000000000222, 5.315909444369201431 ) ) ;
#204 = CARTESIAN_POINT ( 'NONE',  ( -56.66186311692614908, -1.898438575270544604, 7.892110879207226759 ) ) ;
#205 = EDGE_CURVE ( 'NONE', #1426, #1045, #1472, .T. ) ;
#206 = VERTEX_POINT ( 'NONE', #1202 ) ;
#207 = CARTESIAN_POINT ( 'NONE',  ( 8.572527594031474176E-16, -4.500000000000000000, 7.000000000000000888 ) ) ;
#208 = ORIENTED_EDGE ( 'NONE', *, *, #1488, .T. ) ;
#209 = CARTESIAN_POINT ( 'NONE',  ( -68.87661476330218591, 4.500000000000000000, -16.00000000000000000 ) ) ;
#210 = CARTESIAN_POINT ( 'NONE',  ( -58.30658626342435014, -1.761279708151944234, 8.292210849185208232 ) ) ;
#211 = ORIENTED_EDGE ( 'NONE', *, *, #902, .T. ) ;
#212 = AXIS2_PLACEMENT_3D ( 'NONE', #880, #1362, #1250 ) ;
#213 = APPROVAL ( #895, 'UNSPECIFIED' ) ;
#214 = CARTESIAN_POINT ( 'NONE',  ( -59.31503711971114257, -6.505213034913026604E-15, 8.581138279214567177 ) ) ;
#215 = CIRCLE ( 'NONE', #1503, 59.99999999999998579 ) ;
#216 = VERTEX_POINT ( 'NONE', #611 ) ;
#217 = CARTESIAN_POINT ( 'NONE',  ( -62.94744111674234688, -4.500000000000000000, -7.710369997259668651 ) ) ;
#218 = CARTESIAN_POINT ( 'NONE',  ( -69.50961894323340573, 4.500000000000000000, -5.076395401044085709 ) ) ;
#219 = VECTOR ( 'NONE', #143, 1000.000000000000000 ) ;
#220 = CARTESIAN_POINT ( 'NONE',  ( -61.25110994858088986, 4.500000000000000000, 9.227761772458691780 ) ) ;
#221 = ORIENTED_EDGE ( 'NONE', *, *, #830, .F. ) ;
#222 = EDGE_CURVE ( 'NONE', #388, #1465, #477, .T. ) ;
#223 = LINE ( 'NONE', #560, #957 ) ;
#224 = ORIENTED_EDGE ( 'NONE', *, *, #910, .F. ) ;
#225 = DIRECTION ( 'NONE',  ( 0.000000000000000000, 1.000000000000000000, -0.000000000000000000 ) ) ;
#226 = DIRECTION ( 'NONE',  ( 0.5000000000000022204, -0.000000000000000000, 0.8660254037844372643 ) ) ;
#227 = ORIENTED_EDGE ( 'NONE', *, *, #913, .F. ) ;
#228 = CARTESIAN_POINT ( 'NONE',  ( -17.41181684673566110, 9.148013523560022620, 29.38348251003798595 ) ) ;
#229 = VERTEX_POINT ( 'NONE', #260 ) ;
#230 = CARTESIAN_POINT ( 'NONE',  ( -81.30384757729339640, 4.500000000000000000, -7.504598631319539415 ) ) ;
#231 = LINE ( 'NONE', #944, #18 ) ;
#232 = EDGE_CURVE ( 'NONE', #1438, #452, #1486, .T. ) ;
#233 = ORIENTED_EDGE ( 'NONE', *, *, #195, .F. ) ;
#234 = CYLINDRICAL_SURFACE ( 'NONE', #1037, 60.00000000000000000 ) ;
#235 = EDGE_LOOP ( 'NONE', ( #567, #968, #1290, #1039 ) ) ;
#236 = CARTESIAN_POINT ( 'NONE',  ( -63.90739208169850372, -1.999912556718830281, 10.32732785818302190 ) ) ;
#237 = CARTESIAN_POINT ( 'NONE',  ( -23.57554842428785946, -1.249999999999991562, -40.83404768716672351 ) ) ;
#238 = ADVANCED_FACE ( 'NONE', ( #5 ), #871, .F. ) ;
#239 = EDGE_LOOP ( 'NONE', ( #972, #358, #940, #233 ) ) ;
#240 = VECTOR ( 'NONE', #1315, 1000.000000000000000 ) ;
#241 = DIRECTION ( 'NONE',  ( 0.000000000000000000, 0.000000000000000000, -1.000000000000000000 ) ) ;
#242 = ORIENTED_EDGE ( 'NONE', *, *, #830, .T. ) ;
#243 = DIRECTION ( 'NONE',  ( 0.8660254037844373753, -3.030823801090833851E-33, -0.5000000000000022204 ) ) ;
#244 = CARTESIAN_POINT ( 'NONE',  ( -76.10769515458667911, 1.249999999999999778, -4.504598631319640667 ) ) ;
#245 = DIRECTION ( 'NONE',  ( 0.8660254037844364872, 0.000000000000000000, -0.5000000000000037748 ) ) ;
#246 = EDGE_CURVE ( 'NONE', #17, #1426, #199, .T. ) ;
#247 = ORIENTED_EDGE ( 'NONE', *, *, #430, .F. ) ;
#248 = DIRECTION ( 'NONE',  ( -1.000000000000000000, -4.230679891226284024E-17, 0.000000000000000000 ) ) ;
#249 = ORIENTED_EDGE ( 'NONE', *, *, #457, .F. ) ;
#250 = PLANE ( 'NONE',  #593 ) ;
#251 = DIRECTION ( 'NONE',  ( 0.000000000000000000, 0.000000000000000000, 1.000000000000000000 ) ) ;
#252 = CARTESIAN_POINT ( 'NONE',  ( -41.73723508353705114, 1.250000000000000222, 43.02678449125570381 ) ) ;
#253 = ORIENTED_EDGE ( 'NONE', *, *, #463, .T. ) ;
#254 = ORIENTED_EDGE ( 'NONE', *, *, #1139, .F. ) ;
#255 = CARTESIAN_POINT ( 'NONE',  ( -62.94744111674234688, 4.500000000000000000, -7.710369997259668651 ) ) ;
#256 = EDGE_CURVE ( 'NONE', #1331, #1090, #390, .T. ) ;
#257 = ORIENTED_EDGE ( 'NONE', *, *, #363, .T. ) ;
#258 = DIRECTION ( 'NONE',  ( -0.000000000000000000, -1.000000000000000000, -0.000000000000000000 ) ) ;
#259 = CIRCLE ( 'NONE', #1298, 35.00000000000000711 ) ;
#260 = CARTESIAN_POINT ( 'NONE',  ( -73.50961894323347678, -1.250000000000000000, -12.00459863131955096 ) ) ;
#261 = DIRECTION ( 'NONE',  ( 0.5000000000000036637, 7.703719777548943412E-32, 0.8660254037844365982 ) ) ;
#262 = VERTEX_POINT ( 'NONE', #376 ) ;
#263 = ORIENTED_EDGE ( 'NONE', *, *, #1067, .T. ) ;
#264 = CARTESIAN_POINT ( 'NONE',  ( -58.78314625977197494, -4.500000000000000000, -13.87185811359110232 ) ) ;
#265 = ORIENTED_EDGE ( 'NONE', *, *, #80, .T. ) ;
#266 = EDGE_CURVE ( 'NONE', #712, #489, #269, .T. ) ;
#267 = CIRCLE ( 'NONE', #1154, 11.99999999999999645 ) ;
#268 = DIRECTION ( 'NONE',  ( 4.230679891226284024E-17, 1.000000000000000000, -2.442584174054646415E-17 ) ) ;
#269 = LINE ( 'NONE', #485, #76 ) ;
#270 = CARTESIAN_POINT ( 'NONE',  ( -49.20028329308894399, 4.500000000000000000, 7.087730989110204050 ) ) ;
#271 = VERTEX_POINT ( 'NONE', #499 ) ;
#272 = AXIS2_PLACEMENT_3D ( 'NONE', #1096, #966, #382 ) ;
#273 = VECTOR ( 'NONE', #27, 1000.000000000000000 ) ;
#274 = CARTESIAN_POINT ( 'NONE',  ( -63.14045075884558145, -4.169556882119671570, 9.920644910830878516 ) ) ;
#275 = ORIENTED_EDGE ( 'NONE', *, *, #892, .T. ) ;
#276 = CARTESIAN_POINT ( 'NONE',  ( -65.44511526160411563, 1.249999999999991340, 11.08603048228787280 ) ) ;
#277 = CARTESIAN_POINT ( 'NONE',  ( -61.77756813566450944, -6.505213034913026604E-15, 4.315909444369159687 ) ) ;
#278 = DIRECTION ( 'NONE',  ( -0.000000000000000000, -1.000000000000000000, -0.000000000000000000 ) ) ;
#279 = VERTEX_POINT ( 'NONE', #244 ) ;
#280 = EDGE_CURVE ( 'NONE', #1451, #229, #1225, .T. ) ;
#281 = FACE_OUTER_BOUND ( 'NONE', #1094, .T. ) ;
#282 = APPROVAL_ROLE ( '' ) ;
#283 = ORIENTED_EDGE ( 'NONE', *, *, #1018, .F. ) ;
#284 = CARTESIAN_POINT ( 'NONE',  ( -62.79246176932466739, 1.472310776887656436, 9.834570156609196090 ) ) ;
#285 = DIRECTION ( 'NONE',  ( -0.5000000000000022204, 0.000000000000000000, -0.8660254037844373753 ) ) ;
#286 = CARTESIAN_POINT ( 'NONE',  ( -57.04326186297246437, 1.998440040821849673, 7.976734892900563700 ) ) ;
#287 = ORIENTED_EDGE ( 'NONE', *, *, #1488, .F. ) ;
#288 = CIRCLE ( 'NONE', #818, 34.99999999999999289 ) ;
#289 = ADVANCED_FACE ( 'NONE', ( #753 ), #125, .T. ) ;
#290 = DIRECTION ( 'NONE',  ( 0.5000000000000041078, 0.000000000000000000, 0.8660254037844363761 ) ) ;
#291 = PERSON_AND_ORGANIZATION ( #366, #1532 ) ;
#292 = VERTEX_POINT ( 'NONE', #1455 ) ;
#293 = CARTESIAN_POINT ( 'NONE',  ( -4.781122211244769105, -1.249999999999997780, 36.67581745789025405 ) ) ;
#294 = VECTOR ( 'NONE', #756, 1000.000000000000000 ) ;
#295 = AXIS2_PLACEMENT_3D ( 'NONE', #736, #729, #391 ) ;
#296 = AXIS2_PLACEMENT_3D ( 'NONE', #431, #1030, #552 ) ;
#297 = DIRECTION ( 'NONE',  ( 0.000000000000000000, 0.000000000000000000, 1.000000000000000000 ) ) ;
#298 = LINE ( 'NONE', #436, #1428 ) ;
#299 = DIRECTION ( 'NONE',  ( 0.1045284632676603404, 0.000000000000000000, -0.9945218953682726237 ) ) ;
#300 = EDGE_CURVE ( 'NONE', #1351, #1102, #676, .T. ) ;
#301 = LOCAL_TIME ( 10, 44, 19.00000000000000000, #412 ) ;
#302 = DIRECTION ( 'NONE',  ( 1.000000000000000000, 0.000000000000000000, 0.000000000000000000 ) ) ;
#303 = ORIENTED_EDGE ( 'NONE', *, *, #568, .F. ) ;
#304 = CARTESIAN_POINT ( 'NONE',  ( -65.05763040077881953, 1.659897915211525410, 10.88583670213834331 ) ) ;
#305 = DIRECTION ( 'NONE',  ( -0.5000000000000022204, 0.000000000000000000, -0.8660254037844373753 ) ) ;
#306 = CARTESIAN_POINT ( 'NONE',  ( 0.000000000000000000, -4.500000000000000000, 0.000000000000000000 ) ) ;
#307 = APPROVAL_ROLE ( '' ) ;
#308 = EDGE_LOOP ( 'NONE', ( #108, #646 ) ) ;
#309 = ADVANCED_FACE ( 'NONE', ( #658, #665 ), #1035, .F. ) ;
#310 = CARTESIAN_POINT ( 'NONE',  ( -61.25110994858087565, 4.500000000000000000, 9.227761772458695333 ) ) ;
#311 = CARTESIAN_POINT ( 'NONE',  ( 0.000000000000000000, 4.500000000000000000, 0.000000000000000000 ) ) ;
#312 = CARTESIAN_POINT ( 'NONE',  ( -55.69407617398501031, 1.234854231189584706, 7.695336153001755441 ) ) ;
#313 = CIRCLE ( 'NONE', #897, 11.99999999999999645 ) ;
#314 = CARTESIAN_POINT ( 'NONE',  ( -43.00586728866987585, -4.500000000000000000, 24.82944905584720630 ) ) ;
#315 = VERTEX_POINT ( 'NONE', #48 ) ;
#316 = LINE ( 'NONE', #1312, #667 ) ;
#317 = ORIENTED_EDGE ( 'NONE', *, *, #1446, .T. ) ;
#318 = EDGE_CURVE ( 'NONE', #670, #1099, #1512, .T. ) ;
#319 = DIRECTION ( 'NONE',  ( 0.000000000000000000, 0.000000000000000000, -1.000000000000000000 ) ) ;
#320 = DIRECTION ( 'NONE',  ( 0.5000000000000022204, -2.775557561562891351E-17, 0.8660254037844374864 ) ) ;
#321 = CIRCLE ( 'NONE', #847, 59.99999999999998579 ) ;
#322 = EDGE_LOOP ( 'NONE', ( #405, #725, #806, #770, #1115, #402, #116, #1055, #530, #737, #869, #221, #1138, #474, #7, #253, #773 ) ) ;
#323 = CIRCLE ( 'NONE', #1433, 2.000000000000012879 ) ;
#324 = DIRECTION ( 'NONE',  ( 0.9897433186107870151, 0.1428571428571427937, 0.000000000000000000 ) ) ;
#325 = EDGE_LOOP ( 'NONE', ( #588, #1146 ) ) ;
#326 = CARTESIAN_POINT ( 'NONE',  ( -68.87661476330218591, 4.500000000000000000, -16.00000000000000000 ) ) ;
#327 = DIRECTION ( 'NONE',  ( -0.000000000000000000, -1.000000000000000000, 0.000000000000000000 ) ) ;
#328 = ADVANCED_FACE ( 'NONE', ( #760 ), #1262, .T. ) ;
#329 = EDGE_LOOP ( 'NONE', ( #982, #1553 ) ) ;
#330 = CARTESIAN_POINT ( 'NONE',  ( -91.85265480598791044, 1.999999999999997780, -13.77566871066817455 ) ) ;
#331 = ORIENTED_EDGE ( 'NONE', *, *, #1417, .T. ) ;
#332 = FACE_OUTER_BOUND ( 'NONE', #730, .T. ) ;
#333 = CARTESIAN_POINT ( 'NONE',  ( -59.10733363051900824, -0.9038080892965284496, 8.519096555064248122 ) ) ;
#334 = EDGE_CURVE ( 'NONE', #1125, #279, #1496, .T. ) ;
#335 = LINE ( 'NONE', #820, #978 ) ;
#336 = ORIENTED_EDGE ( 'NONE', *, *, #1402, .T. ) ;
#337 = AXIS2_PLACEMENT_3D ( 'NONE', #1306, #831, #346 ) ;
#338 = AXIS2_PLACEMENT_3D ( 'NONE', #691, #1301, #437 ) ;
#339 = CARTESIAN_POINT ( 'NONE',  ( -28.28711405524066791, -4.500000000000000000, -9.093003864113352819 ) ) ;
#340 = VERTEX_POINT ( 'NONE', #277 ) ;
#341 = CARTESIAN_POINT ( 'NONE',  ( 0.000000000000000000, 4.500000000000000000, 0.000000000000000000 ) ) ;
#342 = CARTESIAN_POINT ( 'NONE',  ( -59.24952089329285343, -0.5288525675768176448, 8.561419439298228795 ) ) ;
#343 = VECTOR ( 'NONE', #1226, 1000.000000000000114 ) ;
#344 = EDGE_CURVE ( 'NONE', #262, #635, #215, .T. ) ;
#345 = ORIENTED_EDGE ( 'NONE', *, *, #1466, .F. ) ;
#346 = DIRECTION ( 'NONE',  ( 0.8660254037844493658, 0.000000000000000000, 0.4999999999999814593 ) ) ;
#347 = ADVANCED_FACE ( 'NONE', ( #784 ), #415, .F. ) ;
#348 = EDGE_LOOP ( 'NONE', ( #595, #275, #202, #257 ) ) ;
#349 = AXIS2_PLACEMENT_3D ( 'NONE', #379, #600, #859 ) ;
#350 = PLANE ( 'NONE',  #338 ) ;
#351 = CARTESIAN_POINT ( 'NONE',  ( -55.97428038660392247, -1.517725485675220032, 7.749374799230064781 ) ) ;
#352 = ORIENTED_EDGE ( 'NONE', *, *, #1092, .F. ) ;
#353 = LINE ( 'NONE', #1460, #881 ) ;
#354 = ORIENTED_EDGE ( 'NONE', *, *, #822, .F. ) ;
#355 = EDGE_CURVE ( 'NONE', #497, #157, #899, .T. ) ;
#356 = CYLINDRICAL_SURFACE ( 'NONE', #111, 2.000000000000014655 ) ;
#357 = DIRECTION ( 'NONE',  ( -1.000000000000000000, 1.305225087948766361E-16, 0.000000000000000000 ) ) ;
#358 = ORIENTED_EDGE ( 'NONE', *, *, #706, .F. ) ;
#359 = DIRECTION ( 'NONE',  ( -0.000000000000000000, -1.000000000000000000, -0.000000000000000000 ) ) ;
#360 = VECTOR ( 'NONE', #90, 999.9999999999998863 ) ;
#361 = ORIENTED_EDGE ( 'NONE', *, *, #1363, .F. ) ;
#362 = CARTESIAN_POINT ( 'NONE',  ( -65.26745907145043191, -1.473000537420824374, 10.99336628501465185 ) ) ;
#363 = EDGE_CURVE ( 'NONE', #340, #81, #819, .T. ) ;
#364 = DIRECTION ( 'NONE',  ( -0.5000000000000022204, 0.000000000000000000, -0.8660254037844373753 ) ) ;
#365 = PLANE ( 'NONE',  #906 ) ;
#366 = PERSON ( 'UNSPECIFIED', 'UNSPECIFIED', 'UNSPECIFIED', ('UNSPECIFIED'), ('UNSPECIFIED'), ('UNSPECIFIED') ) ;
#367 = CIRCLE ( 'NONE', #166, 7.000000000000000888 ) ;
#368 = VECTOR ( 'NONE', #1336, 1000.000000000000000 ) ;
#369 = ORIENTED_EDGE ( 'NONE', *, *, #318, .T. ) ;
#370 = VECTOR ( 'NONE', #261, 1000.000000000000000 ) ;
#371 = CIRCLE ( 'NONE', #296, 11.99999999999999645 ) ;
#372 = CARTESIAN_POINT ( 'NONE',  ( 0.000000000000000000, 0.000000000000000000, 0.000000000000000000 ) ) ;
#373 = ORIENTED_EDGE ( 'NONE', *, *, #628, .T. ) ;
#374 = DIRECTION ( 'NONE',  ( -1.000000000000000000, 4.230679891226284024E-17, 0.000000000000000000 ) ) ;
#375 = CC_DESIGN_SECURITY_CLASSIFICATION ( #1458, ( #1260 ) ) ;
#376 = CARTESIAN_POINT ( 'NONE',  ( -28.28711405524066791, 4.500000000000000000, -9.093003864113352819 ) ) ;
#377 = CARTESIAN_POINT ( 'NONE',  ( -46.93338750624342737, -1.249999999999999778, 46.02678449125570381 ) ) ;
#378 = ORIENTED_EDGE ( 'NONE', *, *, #386, .T. ) ;
#379 = CARTESIAN_POINT ( 'NONE',  ( -55.13022294165201487, 4.500000000000000000, 31.82944905584718498 ) ) ;
#380 = ORIENTED_EDGE ( 'NONE', *, *, #34, .T. ) ;
#381 = CARTESIAN_POINT ( 'NONE',  ( -58.78314625977197494, 4.500000000000000000, -13.87185811359110232 ) ) ;
#382 = DIRECTION ( 'NONE',  ( -0.8660254037844372643, 0.000000000000000000, 0.5000000000000026645 ) ) ;
#383 = CYLINDRICAL_SURFACE ( 'NONE', #1551, 2.000000000000004885 ) ;
#384 = ORIENTED_EDGE ( 'NONE', *, *, #1246, .T. ) ;
#385 = DIRECTION ( 'NONE',  ( 0.5000000000000022204, -0.000000000000000000, 0.8660254037844372643 ) ) ;
#386 = EDGE_CURVE ( 'NONE', #3, #746, #1269, .T. ) ;
#387 = DIRECTION ( 'NONE',  ( -0.000000000000000000, -1.000000000000000000, -0.000000000000000000 ) ) ;
#388 = VERTEX_POINT ( 'NONE', #777 ) ;
#389 = CARTESIAN_POINT ( 'NONE',  ( -63.12631113144388451, -1.737808660017410523, 9.977229382520624412 ) ) ;
#390 = LINE ( 'NONE', #620, #724 ) ;
#391 = DIRECTION ( 'NONE',  ( 0.000000000000000000, 0.000000000000000000, 1.000000000000000000 ) ) ;
#392 = ORIENTED_EDGE ( 'NONE', *, *, #174, .T. ) ;
#393 = DIRECTION ( 'NONE',  ( -0.000000000000000000, -1.000000000000000000, -0.000000000000000000 ) ) ;
#394 = VECTOR ( 'NONE', #105, 1000.000000000000000 ) ;
#395 = PERSON_AND_ORGANIZATION_ROLE ( 'design_supplier' ) ;
#396 = ORIENTED_EDGE ( 'NONE', *, *, #232, .F. ) ;
#397 = VECTOR ( 'NONE', #1043, 1000.000000000000000 ) ;
#398 = EDGE_CURVE ( 'NONE', #3, #1347, #1220, .T. ) ;
#399 = DIRECTION ( 'NONE',  ( 0.000000000000000000, 0.000000000000000000, 1.000000000000000000 ) ) ;
#400 = DIRECTION ( 'NONE',  ( -0.8660254037844382635, 0.000000000000000000, 0.5000000000000006661 ) ) ;
#401 = CARTESIAN_POINT ( 'NONE',  ( -1.254341559211923585, -4.500000000000000000, 11.93426274441926971 ) ) ;
#402 = ORIENTED_EDGE ( 'NONE', *, *, #946, .F. ) ;
#403 = CARTESIAN_POINT ( 'NONE',  ( -1.254341559211923585, 4.500000000000000000, 11.93426274441926971 ) ) ;
#404 = CALENDAR_DATE ( 2026, 15, 8 ) ;
#405 = ORIENTED_EDGE ( 'NONE', *, *, #790, .F. ) ;
#406 = CARTESIAN_POINT ( 'NONE',  ( -65.26569365829995206, 1.474822554171119293, 10.99245394923648611 ) ) ;
#407 = ADVANCED_FACE ( 'NONE', ( #900 ), #1142, .F. ) ;
#408 = CARTESIAN_POINT ( 'NONE',  ( -63.50961894323335599, 4.500000000000000000, 5.315909444369146364 ) ) ;
#409 = CARTESIAN_POINT ( 'NONE',  ( -57.81881624620401539, 1.941683594762370069, 8.165201035371332239 ) ) ;
#410 = EDGE_LOOP ( 'NONE', ( #1537, #1228, #679, #522 ) ) ;
#411 = DIRECTION ( 'NONE',  ( -0.000000000000000000, -1.000000000000000000, -0.000000000000000000 ) ) ;
#412 = COORDINATED_UNIVERSAL_TIME_OFFSET ( 5, 30, .AHEAD. ) ;
#413 = VERTEX_POINT ( 'NONE', #63 ) ;
#414 = DIRECTION ( 'NONE',  ( 0.5000000000000026645, 0.000000000000000000, 0.8660254037844371533 ) ) ;
#415 = CYLINDRICAL_SURFACE ( 'NONE', #419, 1.000000000000000000 ) ;
#416 = CARTESIAN_POINT ( 'NONE',  ( -84.67426036008458823, -2.809163929579749475, -11.05229196855042950 ) ) ;
#417 = EDGE_CURVE ( 'NONE', #262, #37, #1027, .T. ) ;
#418 = VECTOR ( 'NONE', #183, 1000.000000000000114 ) ;
#419 = AXIS2_PLACEMENT_3D ( 'NONE', #889, #1364, #159 ) ;
#420 = EDGE_CURVE ( 'NONE', #489, #315, #791, .T. ) ;
#421 = CARTESIAN_POINT ( 'NONE',  ( -64.96317654634232497, -3.835397591921378968, 10.77350272100002115 ) ) ;
#422 = COORDINATED_UNIVERSAL_TIME_OFFSET ( 5, 30, .AHEAD. ) ;
#423 = ORIENTED_EDGE ( 'NONE', *, *, #174, .F. ) ;
#424 = CARTESIAN_POINT ( 'NONE',  ( -62.60678641037484482, 1.250000000000000444, 9.757162262807174358 ) ) ;
#425 = AXIS2_PLACEMENT_3D ( 'NONE', #844, #735, #357 ) ;
#426 = AXIS2_PLACEMENT_3D ( 'NONE', #1158, #320, #79 ) ;
#427 = CARTESIAN_POINT ( 'NONE',  ( -34.55882185129948425, 4.500000000000000000, -68.76431758620977064 ) ) ;
#428 = CARTESIAN_POINT ( 'NONE',  ( -55.47282831346487342, 0.9001619797010769197, 7.654343689993911681 ) ) ;
#429 = VECTOR ( 'NONE', #1529, 1000.000000000000114 ) ;
#430 = EDGE_CURVE ( 'NONE', #1347, #68, #674, .T. ) ;
#431 = CARTESIAN_POINT ( 'NONE',  ( 0.000000000000000000, -4.500000000000000000, 0.000000000000000000 ) ) ;
#432 = DATE_AND_TIME ( #1477, #578 ) ;
#433 = ORIENTED_EDGE ( 'NONE', *, *, #121, .F. ) ;
#434 = DIRECTION ( 'NONE',  ( 0.000000000000000000, 1.000000000000000000, -0.000000000000000000 ) ) ;
#435 = DIRECTION ( 'NONE',  ( 0.8660254037844367092, 0.000000000000000000, -0.5000000000000034417 ) ) ;
#436 = CARTESIAN_POINT ( 'NONE',  ( -49.93407051894542548, 4.500000000000000000, 28.82944905584720985 ) ) ;
#437 = DIRECTION ( 'NONE',  ( -0.5000000000000022204, 0.000000000000000000, -0.8660254037844373753 ) ) ;
#438 = EDGE_CURVE ( 'NONE', #292, #687, #192, .T. ) ;
#439 = ORIENTED_EDGE ( 'NONE', *, *, #781, .T. ) ;
#440 = DIRECTION ( 'NONE',  ( -0.000000000000000000, -1.000000000000000000, -0.000000000000000000 ) ) ;
#441 = ORIENTED_EDGE ( 'NONE', *, *, #1314, .T. ) ;
#442 = DIRECTION ( 'NONE',  ( 0.000000000000000000, 0.000000000000000000, -1.000000000000000000 ) ) ;
#443 = DIRECTION ( 'NONE',  ( 0.000000000000000000, 0.000000000000000000, 1.000000000000000000 ) ) ;
#444 = CARTESIAN_POINT ( 'NONE',  ( -68.87661476330218591, 4.500000000000000000, 8.999999999999992895 ) ) ;
#445 = ORIENTED_EDGE ( 'NONE', *, *, #44, .F. ) ;
#446 = CARTESIAN_POINT ( 'NONE',  ( 0.000000000000000000, 4.500000000000000000, -11.99999999999999645 ) ) ;
#447 = EDGE_LOOP ( 'NONE', ( #1474, #609, #123, #283 ) ) ;
#448 = ADVANCED_FACE ( 'NONE', ( #78 ), #1001, .T. ) ;
#449 = DIRECTION ( 'NONE',  ( 0.8660254037844367092, 0.000000000000000000, -0.5000000000000034417 ) ) ;
#450 = CARTESIAN_POINT ( 'NONE',  ( -34.55882185129948425, -4.500000000000000000, -68.76431758620977064 ) ) ;
#451 = DIRECTION ( 'NONE',  ( -0.000000000000000000, 1.000000000000000000, -0.000000000000000000 ) ) ;
#452 = VERTEX_POINT ( 'NONE', #1251 ) ;
#453 = CARTESIAN_POINT ( 'NONE',  ( -81.30384757729339640, 4.500000000000000000, -7.504598631319539415 ) ) ;
#454 = ORIENTED_EDGE ( 'NONE', *, *, #531, .T. ) ;
#455 = DIRECTION ( 'NONE',  ( -0.5000000000000041078, 0.000000000000000000, -0.8660254037844363761 ) ) ;
#456 = CARTESIAN_POINT ( 'NONE',  ( -55.52774642082047052, -1.024295849798226410, 7.664259849874654584 ) ) ;
#457 = EDGE_CURVE ( 'NONE', #81, #340, #798, .T. ) ;
#458 = ORIENTED_EDGE ( 'NONE', *, *, #334, .T. ) ;
#459 = DIRECTION ( 'NONE',  ( -0.5000000000000026645, 0.000000000000000000, -0.8660254037844371533 ) ) ;
#460 = ORIENTED_EDGE ( 'NONE', *, *, #1257, .F. ) ;
#461 = LINE ( 'NONE', #209, #928 ) ;
#462 = CARTESIAN_POINT ( 'NONE',  ( -57.81875312329100325, -1.941749254086290399, 8.165182009679416097 ) ) ;
#463 = EDGE_CURVE ( 'NONE', #1129, #1245, #1056, .T. ) ;
#464 = CC_DESIGN_PERSON_AND_ORGANIZATION_ASSIGNMENT ( #787, #765, ( #1458 ) ) ;
#465 = ORIENTED_EDGE ( 'NONE', *, *, #1286, .T. ) ;
#466 = CIRCLE ( 'NONE', #1500, 35.00000000000000711 ) ;
#467 = VECTOR ( 'NONE', #678, 1000.000000000000114 ) ;
#468 = DIRECTION ( 'NONE',  ( -0.000000000000000000, -1.000000000000000000, -0.000000000000000000 ) ) ;
#469 = AXIS2_PLACEMENT_3D ( 'NONE', #854, #1333, #251 ) ;
#470 = ORIENTED_EDGE ( 'NONE', *, *, #44, .T. ) ;
#471 = LINE ( 'NONE', #951, #1004 ) ;
#472 = CARTESIAN_POINT ( 'NONE',  ( -38.27313346839920882, -6.505213034913026604E-15, 41.02678449125566118 ) ) ;
#473 = CIRCLE ( 'NONE', #624, 1.999999999999998224 ) ;
#474 = ORIENTED_EDGE ( 'NONE', *, *, #1307, .T. ) ;
#475 = ADVANCED_FACE ( 'NONE', ( #1424 ), #1058, .T. ) ;
#476 = CYLINDRICAL_SURFACE ( 'NONE', #1285, 1.000000000000000000 ) ;
#477 = CIRCLE ( 'NONE', #1156, 34.99999999999999289 ) ;
#478 = ORIENTED_EDGE ( 'NONE', *, *, #838, .F. ) ;
#479 = AXIS2_PLACEMENT_3D ( 'NONE', #372, #614, #302 ) ;
#480 = CARTESIAN_POINT ( 'NONE',  ( -57.56317271644666533, -1.989372375049641262, 8.101271450513435113 ) ) ;
#481 = FACE_OUTER_BOUND ( 'NONE', #1430, .T. ) ;
#482 = EDGE_CURVE ( 'NONE', #130, #17, #1299, .T. ) ;
#483 = ORIENTED_EDGE ( 'NONE', *, *, #1203, .F. ) ;
#484 = CARTESIAN_POINT ( 'NONE',  ( -63.37589328522677334, -1.867889364739767855, 10.08662716233212642 ) ) ;
#485 = CARTESIAN_POINT ( 'NONE',  ( -41.73723508353703693, -1.250000000000000000, 43.02678449125570381 ) ) ;
#486 = FACE_OUTER_BOUND ( 'NONE', #110, .T. ) ;
#487 = ORIENTED_EDGE ( 'NONE', *, *, #706, .T. ) ;
#488 = CIRCLE ( 'NONE', #1423, 34.99999999999999289 ) ;
#489 = VERTEX_POINT ( 'NONE', #203 ) ;
#490 = DIRECTION ( 'NONE',  ( 0.8660254037844371533, 0.000000000000000000, -0.5000000000000026645 ) ) ;
#491 = DIRECTION ( 'NONE',  ( 0.000000000000000000, 0.000000000000000000, 1.000000000000000000 ) ) ;
#492 = DIRECTION ( 'NONE',  ( -0.000000000000000000, -1.000000000000000000, -0.000000000000000000 ) ) ;
#493 = AXIS2_PLACEMENT_3D ( 'NONE', #660, #1144, #1015 ) ;
#494 = EDGE_LOOP ( 'NONE', ( #1107, #642, #42, #149 ) ) ;
#495 = VECTOR ( 'NONE', #278, 1000.000000000000000 ) ;
#496 = LINE ( 'NONE', #739, #829 ) ;
#497 = VERTEX_POINT ( 'NONE', #713 ) ;
#498 = CARTESIAN_POINT ( 'NONE',  ( -64.31346652052677371, -6.260283675083553941E-15, -8.076395401044115019 ) ) ;
#499 = CARTESIAN_POINT ( 'NONE',  ( -81.30384757729339640, -2.999999999999999556, -7.504598631319528756 ) ) ;
#500 = CARTESIAN_POINT ( 'NONE',  ( -57.44744111674231135, -4.500000000000000000, 1.815909444369125714 ) ) ;
#501 = ADVANCED_FACE ( 'NONE', ( #332 ), #816, .T. ) ;
#502 = EDGE_LOOP ( 'NONE', ( #1091, #1543, #994, #1515, #1076 ) ) ;
#503 = ORIENTED_EDGE ( 'NONE', *, *, #1238, .F. ) ;
#504 = FACE_OUTER_BOUND ( 'NONE', #1068, .T. ) ;
#505 = VERTEX_POINT ( 'NONE', #682 ) ;
#506 = PLANE ( 'NONE',  #998 ) ;
#507 = DIRECTION ( 'NONE',  ( -0.5000000000000022204, 0.000000000000000000, -0.8660254037844373753 ) ) ;
#508 = DIRECTION ( 'NONE',  ( 0.000000000000000000, 0.000000000000000000, -1.000000000000000000 ) ) ;
#509 = EDGE_LOOP ( 'NONE', ( #813, #331, #458, #681 ) ) ;
#510 = CARTESIAN_POINT ( 'NONE',  ( -66.70577136593990986, 4.500000000000000000, 11.78001105950688476 ) ) ;
#511 = ADVANCED_FACE ( 'NONE', ( #84 ), #1283, .T. ) ;
#512 = CALENDAR_DATE ( 2026, 15, 8 ) ;
#513 = ORIENTED_EDGE ( 'NONE', *, *, #1418, .F. ) ;
#514 = CARTESIAN_POINT ( 'NONE',  ( -65.36142307052534761, -1.367914102701671020, 11.04217593370102612 ) ) ;
#515 = VECTOR ( 'NONE', #1168, 1000.000000000000114 ) ;
#516 = CARTESIAN_POINT ( 'NONE',  ( -57.44744111674229003, -4.500000000000000000, 1.815909444369119718 ) ) ;
#517 = DIRECTION ( 'NONE',  ( -0.000000000000000000, -1.000000000000000000, 0.000000000000000000 ) ) ;
#518 = ORIENTED_EDGE ( 'NONE', *, *, #163, .T. ) ;
#519 = CARTESIAN_POINT ( 'NONE',  ( -49.20028329308894399, 4.500000000000000000, 7.087730989110204050 ) ) ;
#520 = DATE_TIME_ROLE ( 'creation_date' ) ;
#521 = EDGE_CURVE ( 'NONE', #581, #1102, #461, .T. ) ;
#522 = ORIENTED_EDGE ( 'NONE', *, *, #731, .F. ) ;
#523 = VECTOR ( 'NONE', #566, 1000.000000000000000 ) ;
#524 = CARTESIAN_POINT ( 'NONE',  ( -57.08141571295787742, -4.500000000000000000, 0.4498840405846651902 ) ) ;
#525 = CARTESIAN_POINT ( 'NONE',  ( -60.04551732809562736, -6.505213034913026604E-15, 3.315909444369144587 ) ) ;
#526 = DIRECTION ( 'NONE',  ( 0.5000000000000041078, 0.000000000000000000, 0.8660254037844363761 ) ) ;
#527 = EDGE_LOOP ( 'NONE', ( #1295, #104 ) ) ;
#528 = VECTOR ( 'NONE', #30, 1000.000000000000114 ) ;
#529 = DIRECTION ( 'NONE',  ( 0.000000000000000000, 0.000000000000000000, -1.000000000000000000 ) ) ;
#530 = ORIENTED_EDGE ( 'NONE', *, *, #868, .F. ) ;
#531 = EDGE_CURVE ( 'NONE', #262, #1401, #1071, .T. ) ;
#532 = PLANE ( 'NONE',  #1196 ) ;
#533 = DIRECTION ( 'NONE',  ( -0.8660254037844371533, 0.000000000000000000, 0.5000000000000024425 ) ) ;
#534 = DIRECTION ( 'NONE',  ( -0.5000000000000022204, 0.000000000000000000, -0.8660254037844373753 ) ) ;
#535 = CARTESIAN_POINT ( 'NONE',  ( -75.32756278789864268, 4.500000000000000000, -15.15336973558669875 ) ) ;
#536 = EDGE_LOOP ( 'NONE', ( #864, #369, #13, #513 ) ) ;
#537 = CARTESIAN_POINT ( 'NONE',  ( -64.31202380909111582, 1.983589987674315269, 10.51786391615109117 ) ) ;
#538 = DIRECTION ( 'NONE',  ( -0.000000000000000000, -1.000000000000000000, 0.000000000000000000 ) ) ;
#539 = CARTESIAN_POINT ( 'NONE',  ( -81.30384757729339640, 3.000000000000003553, -7.504598631319539415 ) ) ;
#540 = AXIS2_PLACEMENT_3D ( 'NONE', #888, #1034, #1511 ) ;
#541 = CC_DESIGN_PERSON_AND_ORGANIZATION_ASSIGNMENT ( #1501, #661, ( #704 ) ) ;
#542 = AXIS2_PLACEMENT_3D ( 'NONE', #652, #1150, #882 ) ;
#543 = CARTESIAN_POINT ( 'NONE',  ( -80.31603954421382241, 3.668947399587584091, -13.82103372495197746 ) ) ;
#544 = PERSON_AND_ORGANIZATION ( #366, #1532 ) ;
#545 = EDGE_LOOP ( 'NONE', ( #265, #317, #555, #127, #1047, #373, #15, #1288, #445 ) ) ;
#546 = DIRECTION ( 'NONE',  ( 0.8660254037844373753, 0.000000000000000000, -0.5000000000000021094 ) ) ;
#547 = VECTOR ( 'NONE', #451, 1000.000000000000000 ) ;
#548 = DIRECTION ( 'NONE',  ( 0.8660254037844358210, 0.000000000000000000, -0.5000000000000049960 ) ) ;
#549 = CARTESIAN_POINT ( 'NONE',  ( -42.98322956659136906, 1.250000000000004219, 43.74615974145591224 ) ) ;
#550 = EDGE_CURVE ( 'NONE', #1241, #271, #825, .T. ) ;
#551 = AXIS2_PLACEMENT_3D ( 'NONE', #1289, #459, #823 ) ;
#552 = DIRECTION ( 'NONE',  ( 0.000000000000000000, 0.000000000000000000, 1.000000000000000000 ) ) ;
#553 = EDGE_LOOP ( 'NONE', ( #1169, #1179, #824, #1214, #254, #1259 ) ) ;
#554 = DIRECTION ( 'NONE',  ( 0.000000000000000000, 0.000000000000000000, 1.000000000000000000 ) ) ;
#555 = ORIENTED_EDGE ( 'NONE', *, *, #1540, .T. ) ;
#556 = FACE_OUTER_BOUND ( 'NONE', #1335, .T. ) ;
#557 = LINE ( 'NONE', #549, #1305 ) ;
#558 = ORIENTED_EDGE ( 'NONE', *, *, #1540, .F. ) ;
#559 = EDGE_CURVE ( 'NONE', #157, #497, #367, .T. ) ;
#560 = CARTESIAN_POINT ( 'NONE',  ( -45.68739302318935813, -1.249999999999996447, 45.30740924105551670 ) ) ;
#561 = ORIENTED_EDGE ( 'NONE', *, *, #1516, .T. ) ;
#562 = DIRECTION ( 'NONE',  ( -0.000000000000000000, -1.000000000000000000, -0.000000000000000000 ) ) ;
#563 = CARTESIAN_POINT ( 'NONE',  ( -55.25390519665517530, 4.191410380841437631E-13, 7.615225106179912551 ) ) ;
#564 = VECTOR ( 'NONE', #226, 1000.000000000000114 ) ;
#565 =( BOUNDED_CURVE ( )  B_SPLINE_CURVE ( 3, ( #535, #543, #654, #65 ),
 .UNSPECIFIED., .F., .T. ) 
 B_SPLINE_CURVE_WITH_KNOTS ( ( 4, 4 ),
 ( 4.449781000898765271, 5.059731250043395079 ),
 .UNSPECIFIED. ) 
 CURVE ( )  GEOMETRIC_REPRESENTATION_ITEM ( )  RATIONAL_B_SPLINE_CURVE ( ( 1.000000000000000000, 0.9692362814625177236, 0.9692362814625177236, 1.000000000000000000 ) ) 
 REPRESENTATION_ITEM ( '' )  );
#566 = DIRECTION ( 'NONE',  ( -0.000000000000000000, -1.000000000000000000, -0.000000000000000000 ) ) ;
#567 = ORIENTED_EDGE ( 'NONE', *, *, #996, .T. ) ;
#568 = EDGE_CURVE ( 'NONE', #1116, #1394, #100, .T. ) ;
#569 = CARTESIAN_POINT ( 'NONE',  ( -67.77756813566455207, -6.505213034913026604E-15, -6.076395401044084821 ) ) ;
#570 = ORIENTED_EDGE ( 'NONE', *, *, #1186, .F. ) ;
#571 = DIRECTION ( 'NONE',  ( -0.000000000000000000, -1.000000000000000000, -0.000000000000000000 ) ) ;
#572 = CARTESIAN_POINT ( 'NONE',  ( -55.68360731144351661, -1.242374816972766416, 7.692884289973105361 ) ) ;
#573 = VECTOR ( 'NONE', #393, 1000.000000000000000 ) ;
#574 = VECTOR ( 'NONE', #64, 1000.000000000000000 ) ;
#575 = AXIS2_PLACEMENT_3D ( 'NONE', #217, #697, #833 ) ;
#576 = CARTESIAN_POINT ( 'NONE',  ( -61.25110994858088986, -4.500000000000000000, 9.227761772458691780 ) ) ;
#577 = VERTEX_POINT ( 'NONE', #1415 ) ;
#578 = LOCAL_TIME ( 10, 44, 19.00000000000000000, #772 ) ;
#579 =( BOUNDED_CURVE ( )  B_SPLINE_CURVE ( 3, ( #1020, #416, #1263, #178 ),
 .UNSPECIFIED., .F., .F. ) 
 B_SPLINE_CURVE_WITH_KNOTS ( ( 4, 4 ),
 ( 4.365046710725984269, 4.974996959870614077 ),
 .UNSPECIFIED. ) 
 CURVE ( )  GEOMETRIC_REPRESENTATION_ITEM ( )  RATIONAL_B_SPLINE_CURVE ( ( 1.000000000000000000, 0.9692362814625177236, 0.9692362814625177236, 1.000000000000000000 ) ) 
 REPRESENTATION_ITEM ( '' )  );
#580 = LINE ( 'NONE', #103, #360 ) ;
#581 = VERTEX_POINT ( 'NONE', #326 ) ;
#582 = ADVANCED_FACE ( 'NONE', ( #1193, #583 ), #589, .F. ) ;
#583 = FACE_BOUND ( 'NONE', #527, .T. ) ;
#584 = CARTESIAN_POINT ( 'NONE',  ( -59.31503711971114257, -0.1351394658760788348, 8.581138279214568954 ) ) ;
#585 = EDGE_CURVE ( 'NONE', #1369, #1451, #809, .T. ) ;
#586 = ORIENTED_EDGE ( 'NONE', *, *, #1238, .T. ) ;
#587 = FACE_OUTER_BOUND ( 'NONE', #602, .T. ) ;
#588 = ORIENTED_EDGE ( 'NONE', *, *, #1274, .T. ) ;
#589 = CYLINDRICAL_SURFACE ( 'NONE', #1481, 35.00000000000000000 ) ;
#590 = CARTESIAN_POINT ( 'NONE',  ( -55.25390519665909039, -0.1336082761207905145, 7.615225106180605330 ) ) ;
#591 = EDGE_CURVE ( 'NONE', #1401, #206, #1171, .T. ) ;
#592 = ORIENTED_EDGE ( 'NONE', *, *, #482, .F. ) ;
#593 = AXIS2_PLACEMENT_3D ( 'NONE', #1480, #29, #490 ) ;
#594 = CARTESIAN_POINT ( 'NONE',  ( -76.10769515458667911, -1.249999999999999334, -4.504598631319640667 ) ) ;
#595 = ORIENTED_EDGE ( 'NONE', *, *, #1124, .F. ) ;
#596 = CARTESIAN_POINT ( 'NONE',  ( -57.94545851483919563, -1.905153438726528314, 8.197652881059328323 ) ) ;
#597 = EDGE_CURVE ( 'NONE', #1102, #1524, #113, .T. ) ;
#598 = AXIS2_PLACEMENT_3D ( 'NONE', #444, #924, #1287 ) ;
#599 = EDGE_LOOP ( 'NONE', ( #23, #345, #1414, #1003 ) ) ;
#600 = DIRECTION ( 'NONE',  ( -0.8660254037844365982, 0.000000000000000000, 0.5000000000000036637 ) ) ;
#601 = VECTOR ( 'NONE', #507, 1000.000000000000114 ) ;
#602 = EDGE_LOOP ( 'NONE', ( #782, #175, #632, #878 ) ) ;
#603 = CARTESIAN_POINT ( 'NONE',  ( -63.76976150375494967, -1.982839791211017832, 10.26397453039451513 ) ) ;
#604 = DIRECTION ( 'NONE',  ( 0.000000000000000000, 1.000000000000000000, -0.000000000000000000 ) ) ;
#605 = CARTESIAN_POINT ( 'NONE',  ( -38.27313346839920882, -6.505213034913026604E-15, 41.02678449125566118 ) ) ;
#606 = ORIENTED_EDGE ( 'NONE', *, *, #1507, .F. ) ;
#607 = CARTESIAN_POINT ( 'NONE',  ( -1.254341559211755275, 4.500000000000000000, -11.93426274441928570 ) ) ;
#608 = EDGE_CURVE ( 'NONE', #489, #505, #471, .T. ) ;
#609 = ORIENTED_EDGE ( 'NONE', *, *, #1124, .T. ) ;
#610 = CARTESIAN_POINT ( 'NONE',  ( -65.44511526160411563, -1.249999999999991118, 11.08603048228787280 ) ) ;
#611 = CARTESIAN_POINT ( 'NONE',  ( -66.70577136593989565, -3.500000000000026201, 11.78001105950688476 ) ) ;
#612 = CYLINDRICAL_SURFACE ( 'NONE', #799, 35.00000000000000000 ) ;
#613 = EDGE_LOOP ( 'NONE', ( #1133, #1253, #1311, #454 ) ) ;
#614 = DIRECTION ( 'NONE',  ( 0.000000000000000000, 0.000000000000000000, 1.000000000000000000 ) ) ;
#615 = VECTOR ( 'NONE', #789, 1000.000000000000000 ) ;
#616 = ORIENTED_EDGE ( 'NONE', *, *, #205, .T. ) ;
#617 = ADVANCED_FACE ( 'NONE', ( #556 ), #350, .F. ) ;
#618 = AXIS2_PLACEMENT_3D ( 'NONE', #311, #1243, #56 ) ;
#619 = FACE_OUTER_BOUND ( 'NONE', #502, .T. ) ;
#620 = CARTESIAN_POINT ( 'NONE',  ( -40.00518427596809801, -6.505213034913026604E-15, 42.02678449125567539 ) ) ;
#621 = CYLINDRICAL_SURFACE ( 'NONE', #876, 2.000000000000014655 ) ;
#622 = VECTOR ( 'NONE', #1216, 999.9999999999998863 ) ;
#623 = PLANE ( 'NONE',  #1304 ) ;
#624 = AXIS2_PLACEMENT_3D ( 'NONE', #160, #645, #901 ) ;
#625 = FACE_OUTER_BOUND ( 'NONE', #613, .T. ) ;
#626 = ORIENTED_EDGE ( 'NONE', *, *, #585, .F. ) ;
#627 = LINE ( 'NONE', #1332, #690 ) ;
#628 = EDGE_CURVE ( 'NONE', #130, #758, #893, .T. ) ;
#629 = AXIS2_PLACEMENT_3D ( 'NONE', #1523, #926, #324 ) ;
#630 = CARTESIAN_POINT ( 'NONE',  ( -63.44744111674236109, 4.500000000000000000, -8.576395401044107913 ) ) ;
#631 = FACE_OUTER_BOUND ( 'NONE', #1449, .T. ) ;
#632 = ORIENTED_EDGE ( 'NONE', *, *, #1274, .F. ) ;
#633 = ORIENTED_EDGE ( 'NONE', *, *, #195, .T. ) ;
#634 = APPROVAL_DATE_TIME ( #1117, #695 ) ;
#635 = VERTEX_POINT ( 'NONE', #812 ) ;
#636 = DIRECTION ( 'NONE',  ( 0.9945218953682725127, 0.000000000000000000, 0.1045284632676602987 ) ) ;
#637 = CARTESIAN_POINT ( 'NONE',  ( -46.93338750624342737, 1.249999999999999778, 46.02678449125570381 ) ) ;
#638 = DIRECTION ( 'NONE',  ( -1.000000000000000000, -4.336808689942017120E-17, 0.000000000000000000 ) ) ;
#639 = ORIENTED_EDGE ( 'NONE', *, *, #608, .F. ) ;
#640 = EDGE_CURVE ( 'NONE', #942, #1451, #197, .T. ) ;
#641 = LINE ( 'NONE', #1264, #573 ) ;
#642 = ORIENTED_EDGE ( 'NONE', *, *, #692, .T. ) ;
#643 = CARTESIAN_POINT ( 'NONE',  ( -62.60678641037484482, 1.250000000000000444, 9.757162262807174358 ) ) ;
#644 = CARTESIAN_POINT ( 'NONE',  ( -42.98322956659136906, -1.250000000000004219, 43.74615974145591224 ) ) ;
#645 = DIRECTION ( 'NONE',  ( 0.5000000000000022204, -2.775557561562891351E-17, 0.8660254037844374864 ) ) ;
#646 = ORIENTED_EDGE ( 'NONE', *, *, #355, .F. ) ;
#647 = FACE_OUTER_BOUND ( 'NONE', #599, .T. ) ;
#648 = EDGE_CURVE ( 'NONE', #1245, #171, #1294, .T. ) ;
#649 = CLOSED_SHELL ( 'NONE', ( #1411, #846, #802, #501, #289, #475, #738, #448, #131, #99, #24, #1393, #1522, #582, #72, #1267, #1337, #328, #128, #721, #2, #511, #309, #407, #1548, #762, #1457, #1038, #1159, #1141, #1132, #1320, #617, #153, #879, #1176, #1478, #238, #1436, #1373, #347, #1531 ) ) ;
#650 = ORIENTED_EDGE ( 'NONE', *, *, #355, .T. ) ;
#651 = DIRECTION ( 'NONE',  ( 0.8660254037844493658, 2.442584174054714824E-17, 0.4999999999999815148 ) ) ;
#652 = CARTESIAN_POINT ( 'NONE',  ( -55.13022294165201487, 4.500000000000000000, 31.82944905584718498 ) ) ;
#653 = ORIENTED_EDGE ( 'NONE', *, *, #1466, .T. ) ;
#654 = CARTESIAN_POINT ( 'NONE',  ( -84.67426036008458823, 2.809163929579749919, -11.05229196855043305 ) ) ;
#655 = ORIENTED_EDGE ( 'NONE', *, *, #1092, .T. ) ;
#656 = CC_DESIGN_PERSON_AND_ORGANIZATION_ASSIGNMENT ( #544, #395, ( #1260 ) ) ;
#657 = CARTESIAN_POINT ( 'NONE',  ( -63.77005379233330018, 1.999436789424852146, 10.26304369079956125 ) ) ;
#658 = FACE_BOUND ( 'NONE', #60, .T. ) ;
#659 = CARTESIAN_POINT ( 'NONE',  ( -13.57554842428791986, -4.500000000000000000, -23.51353961147805194 ) ) ;
#660 = CARTESIAN_POINT ( 'NONE',  ( 0.000000000000000000, 4.500000000000000000, 0.000000000000000000 ) ) ;
#661 = PERSON_AND_ORGANIZATION_ROLE ( 'design_owner' ) ;
#662 = ORIENTED_EDGE ( 'NONE', *, *, #902, .F. ) ;
#663 = CARTESIAN_POINT ( 'NONE',  ( -64.70067532412973321, 1.869267858422455131, 10.70690304593925823 ) ) ;
#664 = EDGE_CURVE ( 'NONE', #1406, #746, #371, .T. ) ;
#665 = FACE_OUTER_BOUND ( 'NONE', #840, .T. ) ;
#666 = CARTESIAN_POINT ( 'NONE',  ( -55.25390519665517530, 4.191410380841437631E-13, 7.615225106179912551 ) ) ;
#667 = VECTOR ( 'NONE', #468, 1000.000000000000000 ) ;
#668 = VECTOR ( 'NONE', #1505, 999.9999999999998863 ) ;
#669 = LINE ( 'NONE', #1527, #547 ) ;
#670 = VERTEX_POINT ( 'NONE', #1160 ) ;
#671 = VECTOR ( 'NONE', #385, 1000.000000000000114 ) ;
#672 = LINE ( 'NONE', #310, #615 ) ;
#673 = AXIS2_PLACEMENT_3D ( 'NONE', #761, #1326, #638 ) ;
#674 = LINE ( 'NONE', #908, #775 ) ;
#675 = CARTESIAN_POINT ( 'NONE',  ( -59.31503711971114257, -6.505213034913026604E-15, 8.581138279214567177 ) ) ;
#676 = CIRCLE ( 'NONE', #469, 24.99999999999999289 ) ;
#677 = LOCAL_TIME ( 10, 44, 19.00000000000000000, #780 ) ;
#678 = DIRECTION ( 'NONE',  ( -0.5000000000000022204, 0.000000000000000000, -0.8660254037844373753 ) ) ;
#679 = ORIENTED_EDGE ( 'NONE', *, *, #946, .T. ) ;
#680 = DIRECTION ( 'NONE',  ( 0.8660254037844493658, 0.000000000000000000, 0.4999999999999814593 ) ) ;
#681 = ORIENTED_EDGE ( 'NONE', *, *, #752, .F. ) ;
#682 = CARTESIAN_POINT ( 'NONE',  ( -69.50961894323347678, -1.250000000000000222, -5.076395401044059952 ) ) ;
#683 = CARTESIAN_POINT ( 'NONE',  ( -55.36500400248666409, -0.6562441293309063672, 7.634875413675400679 ) ) ;
#684 = EDGE_CURVE ( 'NONE', #1297, #942, #786, .T. ) ;
#685 = VERTEX_POINT ( 'NONE', #188 ) ;
#686 = LINE ( 'NONE', #228, #515 ) ;
#687 = VERTEX_POINT ( 'NONE', #95 ) ;
#688 = CARTESIAN_POINT ( 'NONE',  ( -23.57554842428785946, 1.249999999999991562, -40.83404768716672351 ) ) ;
#689 = DIRECTION ( 'NONE',  ( -1.387778780781445676E-14, 0.000000000000000000, 1.000000000000000000 ) ) ;
#690 = VECTOR ( 'NONE', #258, 1000.000000000000000 ) ;
#691 = CARTESIAN_POINT ( 'NONE',  ( -41.73723508353703693, 1.308705833940480011E-15, 43.02678449125570381 ) ) ;
#692 = EDGE_CURVE ( 'NONE', #581, #635, #73, .T. ) ;
#693 = ORIENTED_EDGE ( 'NONE', *, *, #929, .T. ) ;
#694 = PLANE ( 'NONE',  #1147 ) ;
#695 = APPROVAL ( #1392, 'UNSPECIFIED' ) ;
#696 = ORIENTED_EDGE ( 'NONE', *, *, #648, .F. ) ;
#697 = DIRECTION ( 'NONE',  ( 0.000000000000000000, 1.000000000000000000, -0.000000000000000000 ) ) ;
#698 = LINE ( 'NONE', #101, #564 ) ;
#699 = CIRCLE ( 'NONE', #1508, 34.99999999999999289 ) ;
#700 = CARTESIAN_POINT ( 'NONE',  ( 0.000000000000000000, 4.500000000000000000, 0.000000000000000000 ) ) ;
#701 = ORIENTED_EDGE ( 'NONE', *, *, #142, .F. ) ;
#702 = CC_DESIGN_APPROVAL ( #1213, ( #1260 ) ) ;
#703 = FACE_OUTER_BOUND ( 'NONE', #32, .T. ) ;
#704 = PRODUCT ( 'CSWA_10_5A', 'CSWA_10_5A', '', ( #67 ) ) ;
#705 = ORIENTED_EDGE ( 'NONE', *, *, #417, .T. ) ;
#706 = EDGE_CURVE ( 'NONE', #1249, #1163, #669, .T. ) ;
#707 = DIRECTION ( 'NONE',  ( 0.000000000000000000, 0.000000000000000000, -1.000000000000000000 ) ) ;
#708 = DIRECTION ( 'NONE',  ( 0.000000000000000000, 0.000000000000000000, 1.000000000000000000 ) ) ;
#709 = B_SPLINE_CURVE_WITH_KNOTS ( 'NONE', 3,
 ( #666, #1143, #1497, #428, #1381, #312, #49, #1136, #1491, #923, #1151, #1128, #286, #1372, #1404, #409, #1013, #57, #186, #1397, #1506, #1028, #1270, #71, #1276, #193, #785, #675 ),
 .UNSPECIFIED., .F., .F.,
 ( 4, 2, 2, 2, 2, 2, 2, 2, 2, 2, 2, 2, 2, 4 ),
 ( 0.006393799317203394117, 0.007192574397568897264, 0.007591961937751648404, 0.007991349477934400411, 0.008390737018117150683, 0.008790124558299902691, 0.009588899638665425787, 0.009988287178848176059, 0.01038767471903092807, 0.01078706225921367834, 0.01118644979939643208, 0.01158583733957918235, 0.01198522487976193263, 0.01278399996012742797 ),
 .UNSPECIFIED. ) ;
#710 = ORIENTED_EDGE ( 'NONE', *, *, #266, .T. ) ;
#711 = PLANE ( 'NONE',  #1544 ) ;
#712 = VERTEX_POINT ( 'NONE', #1514 ) ;
#713 = CARTESIAN_POINT ( 'NONE',  ( 8.572527594031474176E-16, 4.500000000000000000, 7.000000000000000888 ) ) ;
#714 = CARTESIAN_POINT ( 'NONE',  ( -57.17407660532639824, -1.999151242841653353, 8.007876247819412541 ) ) ;
#715 = EDGE_CURVE ( 'NONE', #1129, #1249, #1398, .T. ) ;
#716 = DIRECTION ( 'NONE',  ( -0.9945218953682741780, 0.000000000000000000, 0.1045284632676462960 ) ) ;
#717 = VERTEX_POINT ( 'NONE', #576 ) ;
#718 = FACE_OUTER_BOUND ( 'NONE', #325, .T. ) ;
#719 = DIRECTION ( 'NONE',  ( 0.5000000000000025535, -0.000000000000000000, 0.8660254037844373753 ) ) ;
#720 = AXIS2_PLACEMENT_3D ( 'NONE', #1164, #1519, #455 ) ;
#721 = ADVANCED_FACE ( 'NONE', ( #805 ), #1061, .T. ) ;
#722 = CARTESIAN_POINT ( 'NONE',  ( -78.86227374922134459, 4.500000000000000000, -21.27566871066820653 ) ) ;
#723 = FACE_OUTER_BOUND ( 'NONE', #932, .T. ) ;
#724 = VECTOR ( 'NONE', #1355, 1000.000000000000000 ) ;
#725 = ORIENTED_EDGE ( 'NONE', *, *, #300, .T. ) ;
#726 =( BOUNDED_CURVE ( )  B_SPLINE_CURVE ( 3, ( #1476, #274, #421, #1383 ),
 .UNSPECIFIED., .F., .T. ) 
 B_SPLINE_CURVE_WITH_KNOTS ( ( 4, 4 ),
 ( 1.398700589761935786, 1.570977395708247792 ),
 .UNSPECIFIED. ) 
 CURVE ( )  GEOMETRIC_REPRESENTATION_ITEM ( )  RATIONAL_B_SPLINE_CURVE ( ( 1.000000000000000000, 0.9975282540716504665, 0.9975282540716504665, 1.000000000000000000 ) ) 
 REPRESENTATION_ITEM ( '' )  );
#727 = CARTESIAN_POINT ( 'NONE',  ( -1.254341559211923585, 4.500000000000000000, 11.93426274441926971 ) ) ;
#728 = CARTESIAN_POINT ( 'NONE',  ( -73.50961894323347678, 1.308705833940480011E-15, -12.00459863131955096 ) ) ;
#729 = DIRECTION ( 'NONE',  ( -0.000000000000000000, -1.000000000000000000, 0.000000000000000000 ) ) ;
#730 = EDGE_LOOP ( 'NONE', ( #1510, #378, #1070, #247 ) ) ;
#731 = EDGE_CURVE ( 'NONE', #37, #206, #335, .T. ) ;
#732 = CARTESIAN_POINT ( 'NONE',  ( -41.73723508353703693, -1.250000000000000000, 43.02678449125570381 ) ) ;
#733 = ORIENTED_EDGE ( 'NONE', *, *, #1516, .F. ) ;
#734 = CARTESIAN_POINT ( 'NONE',  ( -19.57554842428787367, 4.500000000000000000, -33.90584445689124493 ) ) ;
#735 = DIRECTION ( 'NONE',  ( 1.305225087948766361E-16, 1.000000000000000000, -7.535720558802776920E-17 ) ) ;
#736 = CARTESIAN_POINT ( 'NONE',  ( -57.94744111674229714, 4.500000000000000000, 0.9498840405846795676 ) ) ;
#737 = ORIENTED_EDGE ( 'NONE', *, *, #222, .T. ) ;
#738 = ADVANCED_FACE ( 'NONE', ( #1236 ), #612, .F. ) ;
#739 = CARTESIAN_POINT ( 'NONE',  ( -1.254341559211926693, 4.500000000000000000, 11.93426274441926971 ) ) ;
#740 = AXIS2_PLACEMENT_3D ( 'NONE', #141, #10, #117 ) ;
#741 = ORIENTED_EDGE ( 'NONE', *, *, #550, .T. ) ;
#742 = EDGE_CURVE ( 'NONE', #1032, #685, #774, .T. ) ;
#743 = CARTESIAN_POINT ( 'NONE',  ( -23.57554842428785946, 1.249999999999996669, -40.83404768716672351 ) ) ;
#744 = DIRECTION ( 'NONE',  ( -1.000000000000000000, 4.336808689942017120E-17, 0.000000000000000000 ) ) ;
#745 = CARTESIAN_POINT ( 'NONE',  ( -78.86227374922134459, -4.500000000000000000, -21.27566871066820653 ) ) ;
#746 = VERTEX_POINT ( 'NONE', #993 ) ;
#747 = ORIENTED_EDGE ( 'NONE', *, *, #318, .F. ) ;
#748 = ORIENTED_EDGE ( 'NONE', *, *, #1302, .F. ) ;
#749 = VECTOR ( 'NONE', #1447, 1000.000000000000000 ) ;
#750 = CARTESIAN_POINT ( 'NONE',  ( -65.05948230136003474, -1.658497940594523712, 10.88677810846691507 ) ) ;
#751 = AXIS2_PLACEMENT_3D ( 'NONE', #138, #850, #248 ) ;
#752 = EDGE_CURVE ( 'NONE', #1485, #279, #1473, .T. ) ;
#753 = FACE_OUTER_BOUND ( 'NONE', #410, .T. ) ;
#754 = CARTESIAN_POINT ( 'NONE',  ( -76.10769515458667911, 4.500000000000000000, -4.504598631319640667 ) ) ;
#755 = EDGE_LOOP ( 'NONE', ( #1408, #487, #733, #1313 ) ) ;
#756 = DIRECTION ( 'NONE',  ( -0.000000000000000000, -1.000000000000000000, -0.000000000000000000 ) ) ;
#757 = PERSON_AND_ORGANIZATION ( #366, #1532 ) ;
#758 = VERTEX_POINT ( 'NONE', #883 ) ;
#759 = CARTESIAN_POINT ( 'NONE',  ( -49.20028329308894399, 1.250000000000001110, 42.08773098911020583 ) ) ;
#760 = FACE_OUTER_BOUND ( 'NONE', #988, .T. ) ;
#761 = CARTESIAN_POINT ( 'NONE',  ( -49.20028329308894399, -1.250000000000000222, 42.08773098911020583 ) ) ;
#762 = ADVANCED_FACE ( 'NONE', ( #1365, #631 ), #365, .F. ) ;
#763 = VERTEX_POINT ( 'NONE', #6 ) ;
#764 = CARTESIAN_POINT ( 'NONE',  ( -68.87661476330218591, 4.500000000000000000, 8.999999999999992895 ) ) ;
#765 = PERSON_AND_ORGANIZATION_ROLE ( 'classification_officer' ) ;
#766 = ORIENTED_EDGE ( 'NONE', *, *, #1067, .F. ) ;
#767 = CARTESIAN_POINT ( 'NONE',  ( -64.94420555827935004, 1.739374044846051959, 10.82837355453563433 ) ) ;
#768 = DIRECTION ( 'NONE',  ( 0.5000000000000006661, 0.000000000000000000, 0.8660254037844382635 ) ) ;
#769 = CARTESIAN_POINT ( 'NONE',  ( -69.50961894323340573, 1.249999999999999778, -5.076395401044085709 ) ) ;
#770 = ORIENTED_EDGE ( 'NONE', *, *, #1010, .F. ) ;
#771 = CARTESIAN_POINT ( 'NONE',  ( -88.00000000000002842, -1.999999999999997780, -7.102674842672792366 ) ) ;
#772 = COORDINATED_UNIVERSAL_TIME_OFFSET ( 5, 30, .AHEAD. ) ;
#773 = ORIENTED_EDGE ( 'NONE', *, *, #1349, .F. ) ;
#774 = CIRCLE ( 'NONE', #673, 35.00000000000000711 ) ;
#775 = VECTOR ( 'NONE', #1371, 1000.000000000000000 ) ;
#776 = DIRECTION ( 'NONE',  ( -1.000000000000000000, -1.305225087948766361E-16, 0.000000000000000000 ) ) ;
#777 = CARTESIAN_POINT ( 'NONE',  ( -45.54178707872085141, -4.500000000000000000, 7.279464651220666660 ) ) ;
#778 = LINE ( 'NONE', #659, #574 ) ;
#779 = FACE_BOUND ( 'NONE', #308, .T. ) ;
#780 = COORDINATED_UNIVERSAL_TIME_OFFSET ( 5, 30, .AHEAD. ) ;
#781 = EDGE_CURVE ( 'NONE', #1163, #934, #1357, .T. ) ;
#782 = ORIENTED_EDGE ( 'NONE', *, *, #182, .T. ) ;
#783 = CARTESIAN_POINT ( 'NONE',  ( -76.10769515458667911, 4.500000000000000000, -4.504598631319640667 ) ) ;
#784 = FACE_OUTER_BOUND ( 'NONE', #239, .T. ) ;
#785 = CARTESIAN_POINT ( 'NONE',  ( -59.31503711971113546, 0.2701268084539709680, 8.581138279214565401 ) ) ;
#786 = LINE ( 'NONE', #1051, #523 ) ;
#787 = PERSON_AND_ORGANIZATION ( #366, #1532 ) ;
#788 = ORIENTED_EDGE ( 'NONE', *, *, #107, .T. ) ;
#789 = DIRECTION ( 'NONE',  ( -0.000000000000000000, -1.000000000000000000, -0.000000000000000000 ) ) ;
#790 = EDGE_CURVE ( 'NONE', #1351, #1237, #1210, .T. ) ;
#791 = LINE ( 'NONE', #408, #1547 ) ;
#792 = CARTESIAN_POINT ( 'NONE',  ( -77.45977688288580509, -1.249999999999996447, -9.723973881519732743 ) ) ;
#793 = VECTOR ( 'NONE', #61, 1000.000000000000000 ) ;
#794 = EDGE_LOOP ( 'NONE', ( #1222, #710, #1014, #208, #1232, #747 ) ) ;
#795 = VECTOR ( 'NONE', #943, 999.9999999999998863 ) ;
#796 = CARTESIAN_POINT ( 'NONE',  ( -19.57554842428787367, -4.500000000000000000, -33.90584445689124493 ) ) ;
#797 = ORIENTED_EDGE ( 'NONE', *, *, #684, .F. ) ;
#798 = CIRCLE ( 'NONE', #169, 2.000000000000014211 ) ;
#799 = AXIS2_PLACEMENT_3D ( 'NONE', #863, #1448, #508 ) ;
#800 = CARTESIAN_POINT ( 'NONE',  ( -60.04551732809562736, -6.505213034913026604E-15, 3.315909444369144587 ) ) ;
#801 = DIRECTION ( 'NONE',  ( 0.000000000000000000, 0.000000000000000000, 1.000000000000000000 ) ) ;
#802 = ADVANCED_FACE ( 'NONE', ( #486 ), #12, .F. ) ;
#803 = AXIS2_PLACEMENT_3D ( 'NONE', #1104, #1120, #491 ) ;
#804 = VECTOR ( 'NONE', #440, 1000.000000000000000 ) ;
#805 = FACE_OUTER_BOUND ( 'NONE', #96, .T. ) ;
#806 = ORIENTED_EDGE ( 'NONE', *, *, #597, .T. ) ;
#807 = CARTESIAN_POINT ( 'NONE',  ( -78.86227374922134459, -4.500000000000000000, -21.27566871066820653 ) ) ;
#808 = ORIENTED_EDGE ( 'NONE', *, *, #182, .F. ) ;
#809 = LINE ( 'NONE', #688, #1277 ) ;
#810 = FACE_OUTER_BOUND ( 'NONE', #348, .T. ) ;
#811 = EDGE_CURVE ( 'NONE', #1386, #1032, #1113, .T. ) ;
#812 = CARTESIAN_POINT ( 'NONE',  ( -58.78314625977197494, 4.500000000000000000, -13.87185811359110232 ) ) ;
#813 = ORIENTED_EDGE ( 'NONE', *, *, #1328, .F. ) ;
#814 = DIRECTION ( 'NONE',  ( 0.1423736993628748060, 0.9863939238321437486, -0.08219949365267911756 ) ) ;
#815 = ORIENTED_EDGE ( 'NONE', *, *, #1363, .T. ) ;
#816 = CYLINDRICAL_SURFACE ( 'NONE', #1005, 11.99999999999999645 ) ;
#817 = LINE ( 'NONE', #218, #867 ) ;
#818 = AXIS2_PLACEMENT_3D ( 'NONE', #1059, #1534, #1416 ) ;
#819 = CIRCLE ( 'NONE', #1026, 2.000000000000014211 ) ;
#820 = CARTESIAN_POINT ( 'NONE',  ( -1.254341559211761492, 4.500000000000000000, -11.93426274441928570 ) ) ;
#821 = EDGE_LOOP ( 'NONE', ( #986, #701, #1062, #1318 ) ) ;
#822 = EDGE_CURVE ( 'NONE', #687, #942, #872, .T. ) ;
#823 = DIRECTION ( 'NONE',  ( -0.8660254037844364872, 0.000000000000000000, 0.5000000000000036637 ) ) ;
#824 = ORIENTED_EDGE ( 'NONE', *, *, #300, .F. ) ;
#825 = LINE ( 'NONE', #230, #1130 ) ;
#826 = CARTESIAN_POINT ( 'NONE',  ( -57.43423405610329979, -2.000769049540347844, 8.069795516685974945 ) ) ;
#827 = CIRCLE ( 'NONE', #1053, 7.000000000000000888 ) ;
#828 = EDGE_LOOP ( 'NONE', ( #1399, #860, #154, #950, #1494, #503, #384, #465, #1303, #570, #905, #1435, #181, #748 ) ) ;
#829 = VECTOR ( 'NONE', #359, 1000.000000000000000 ) ;
#830 = EDGE_CURVE ( 'NONE', #315, #717, #855, .T. ) ;
#831 = DIRECTION ( 'NONE',  ( -0.4999999999999814593, 0.000000000000000000, 0.8660254037844493658 ) ) ;
#832 = ORIENTED_EDGE ( 'NONE', *, *, #20, .F. ) ;
#833 = DIRECTION ( 'NONE',  ( 0.000000000000000000, 0.000000000000000000, 1.000000000000000000 ) ) ;
#834 = CARTESIAN_POINT ( 'NONE',  ( -55.32397041950689953, -0.5297635909275234534, 7.627590909317424561 ) ) ;
#835 = ORIENTED_EDGE ( 'NONE', *, *, #531, .F. ) ;
#836 = ORIENTED_EDGE ( 'NONE', *, *, #1084, .F. ) ;
#837 = CARTESIAN_POINT ( 'NONE',  ( -64.58277792644196325, -1.932404103101964976, 10.64808523726847334 ) ) ;
#838 = EDGE_CURVE ( 'NONE', #1161, #581, #1452, .T. ) ;
#839 = CARTESIAN_POINT ( 'NONE',  ( -45.68739302318935813, 1.249999999999996447, 45.30740924105551670 ) ) ;
#840 = EDGE_LOOP ( 'NONE', ( #120, #1183, #352, #198, #1082, #815 ) ) ;
#841 = DIRECTION ( 'NONE',  ( 0.8660254037844363761, 0.000000000000000000, -0.5000000000000041078 ) ) ;
#842 = EDGE_LOOP ( 'NONE', ( #1137, #835, #705, #896 ) ) ;
#843 = CARTESIAN_POINT ( 'NONE',  ( -62.69446948987064872, -1.367550255393009007, 9.793521767910371878 ) ) ;
#844 = CARTESIAN_POINT ( 'NONE',  ( 8.196835435408580395, 1.249999999999991562, 14.19733543540852772 ) ) ;
#845 = DIRECTION ( 'NONE',  ( 0.5000000000000037748, -0.000000000000000000, 0.8660254037844364872 ) ) ;
#846 = ADVANCED_FACE ( 'NONE', ( #135 ), #621, .F. ) ;
#847 = AXIS2_PLACEMENT_3D ( 'NONE', #450, #1316, #1181 ) ;
#848 = AXIS2_PLACEMENT_3D ( 'NONE', #1482, #400, #768 ) ;
#849 = CARTESIAN_POINT ( 'NONE',  ( -66.70577136593990986, 1.249999999999999778, 11.78001105950688476 ) ) ;
#850 = DIRECTION ( 'NONE',  ( -4.230679891226284024E-17, 1.000000000000000000, 2.442584174054646415E-17 ) ) ;
#851 = APPROVAL_PERSON_ORGANIZATION ( #291, #1213, #1145 ) ;
#852 = EDGE_LOOP ( 'NONE', ( #1479, #91, #1541, #606 ) ) ;
#853 = CARTESIAN_POINT ( 'NONE',  ( -81.30384757729341061, 1.249999999999999778, -7.504598631319539415 ) ) ;
#854 = CARTESIAN_POINT ( 'NONE',  ( -68.87661476330218591, -4.500000000000000000, 8.999999999999992895 ) ) ;
#855 = LINE ( 'NONE', #745, #1033 ) ;
#856 = EDGE_CURVE ( 'NONE', #413, #271, #1483, .T. ) ;
#857 = DIRECTION ( 'NONE',  ( -0.000000000000000000, -1.000000000000000000, -0.000000000000000000 ) ) ;
#858 = EDGE_CURVE ( 'NONE', #102, #1465, #22, .T. ) ;
#859 = DIRECTION ( 'NONE',  ( 0.5000000000000036637, 0.000000000000000000, 0.8660254037844365982 ) ) ;
#860 = ORIENTED_EDGE ( 'NONE', *, *, #1073, .T. ) ;
#861 = LINE ( 'NONE', #743, #418 ) ;
#862 = LINE ( 'NONE', #237, #622 ) ;
#863 = CARTESIAN_POINT ( 'NONE',  ( -49.20028329308894399, 4.500000000000000000, 42.08773098911020583 ) ) ;
#864 = ORIENTED_EDGE ( 'NONE', *, *, #1186, .T. ) ;
#865 = CARTESIAN_POINT ( 'NONE',  ( -49.20028329308894399, -4.500000000000000000, 42.08773098911020583 ) ) ;
#866 =( LENGTH_UNIT ( ) NAMED_UNIT ( * ) SI_UNIT ( .MILLI., .METRE. ) );
#867 = VECTOR ( 'NONE', #1539, 1000.000000000000000 ) ;
#868 = EDGE_CURVE ( 'NONE', #388, #1406, #985, .T. ) ;
#869 = ORIENTED_EDGE ( 'NONE', *, *, #1302, .T. ) ;
#870 = LINE ( 'NONE', #727, #187 ) ;
#871 = CYLINDRICAL_SURFACE ( 'NONE', #272, 2.000000000000004885 ) ;
#872 = LINE ( 'NONE', #252, #1177 ) ;
#873 = VERTEX_POINT ( 'NONE', #500 ) ;
#874 = VECTOR ( 'NONE', #290, 1000.000000000000000 ) ;
#875 = CARTESIAN_POINT ( 'NONE',  ( 0.000000000000000000, -4.500000000000000000, -11.99999999999999645 ) ) ;
#876 = AXIS2_PLACEMENT_3D ( 'NONE', #605, #1105, #1002 ) ;
#877 = SHAPE_DEFINITION_REPRESENTATION ( #1195, #936 ) ;
#878 = ORIENTED_EDGE ( 'NONE', *, *, #256, .F. ) ;
#879 = ADVANCED_FACE ( 'NONE', ( #1464 ), #383, .F. ) ;
#880 = CARTESIAN_POINT ( 'NONE',  ( -57.94744111674229714, -4.500000000000000000, 0.9498840405846795676 ) ) ;
#881 = VECTOR ( 'NONE', #129, 1000.000000000000000 ) ;
#882 = DIRECTION ( 'NONE',  ( 0.5000000000000036637, 0.000000000000000000, 0.8660254037844365982 ) ) ;
#883 = CARTESIAN_POINT ( 'NONE',  ( -61.25110994858088986, 4.500000000000000000, 9.227761772458691780 ) ) ;
#884 = VERTEX_POINT ( 'NONE', #792 ) ;
#885 = DIRECTION ( 'NONE',  ( -0.9945218953682725127, 0.000000000000000000, -0.1045284632676603265 ) ) ;
#886 = PERSON_AND_ORGANIZATION_ROLE ( 'creator' ) ;
#887 = ORIENTED_EDGE ( 'NONE', *, *, #87, .F. ) ;
#888 = CARTESIAN_POINT ( 'NONE',  ( -68.04551732809568421, -6.505213034913026604E-15, -10.54049701618185253 ) ) ;
#889 = CARTESIAN_POINT ( 'NONE',  ( -57.94744111674229714, 4.500000000000000000, 0.9498840405846795676 ) ) ;
#890 = DIRECTION ( 'NONE',  ( 0.000000000000000000, 1.000000000000000000, -0.000000000000000000 ) ) ;
#891 = ORIENTED_EDGE ( 'NONE', *, *, #1293, .T. ) ;
#892 = EDGE_CURVE ( 'NONE', #577, #1361, #709, .T. ) ;
#893 =( BOUNDED_CURVE ( )  B_SPLINE_CURVE ( 3, ( #1182, #86, #1166, #220 ),
 .UNSPECIFIED., .F., .T. ) 
 B_SPLINE_CURVE_WITH_KNOTS ( ( 4, 4 ),
 ( 1.570615257881545324, 1.742892063827857552 ),
 .UNSPECIFIED. ) 
 CURVE ( )  GEOMETRIC_REPRESENTATION_ITEM ( )  RATIONAL_B_SPLINE_CURVE ( ( 1.000000000000000000, 0.9975282540716504665, 0.9975282540716504665, 1.000000000000000000 ) ) 
 REPRESENTATION_ITEM ( '' )  );
#894 = LINE ( 'NONE', #510, #219 ) ;
#895 = APPROVAL_STATUS ( 'not_yet_approved' ) ;
#896 = ORIENTED_EDGE ( 'NONE', *, *, #731, .T. ) ;
#897 = AXIS2_PLACEMENT_3D ( 'NONE', #1025, #434, #554 ) ;
#898 = CARTESIAN_POINT ( 'NONE',  ( -64.57421347077641371, 1.917902034898764096, 10.64471142484316424 ) ) ;
#899 = CIRCLE ( 'NONE', #618, 7.000000000000000888 ) ;
#900 = FACE_OUTER_BOUND ( 'NONE', #755, .T. ) ;
#901 = DIRECTION ( 'NONE',  ( 0.8660254037844367092, 0.000000000000000000, -0.5000000000000034417 ) ) ;
#902 = EDGE_CURVE ( 'NONE', #1369, #1045, #1080, .T. ) ;
#903 = PLANE ( 'NONE',  #976 ) ;
#904 = CALENDAR_DATE ( 2026, 15, 8 ) ;
#905 = ORIENTED_EDGE ( 'NONE', *, *, #742, .F. ) ;
#906 = AXIS2_PLACEMENT_3D ( 'NONE', #1334, #845, #245 ) ;
#907 = CARTESIAN_POINT ( 'NONE',  ( -68.04551732809568421, -6.505213034913026604E-15, -10.54049701618185253 ) ) ;
#908 = CARTESIAN_POINT ( 'NONE',  ( 0.000000000000000000, 4.500000000000000000, -11.99999999999999645 ) ) ;
#909 = LINE ( 'NONE', #1252, #1279 ) ;
#910 = EDGE_CURVE ( 'NONE', #1219, #1369, #557, .T. ) ;
#911 = PERSON_AND_ORGANIZATION ( #366, #1532 ) ;
#912 = ORIENTED_EDGE ( 'NONE', *, *, #266, .F. ) ;
#913 = EDGE_CURVE ( 'NONE', #934, #161, #1036, .T. ) ;
#914 = DIRECTION ( 'NONE',  ( 0.5000000000000022204, -0.000000000000000000, 0.8660254037844374864 ) ) ;
#915 = DIRECTION ( 'NONE',  ( -0.000000000000000000, -1.000000000000000000, -0.000000000000000000 ) ) ;
#916 = CARTESIAN_POINT ( 'NONE',  ( -57.44744111674231135, 4.500000000000000000, 1.815909444369125714 ) ) ;
#917 = DIRECTION ( 'NONE',  ( -0.000000000000000000, 1.000000000000000000, -0.000000000000000000 ) ) ;
#918 = ORIENTED_EDGE ( 'NONE', *, *, #822, .T. ) ;
#919 = EDGE_CURVE ( 'NONE', #1297, #161, #298, .T. ) ;
#920 = CARTESIAN_POINT ( 'NONE',  ( -65.44511526160411563, 1.249999999999991340, 11.08603048228787280 ) ) ;
#921 = EDGE_LOOP ( 'NONE', ( #1343, #1308, #1470, #242, #788, #336, #1502, #392, #836 ) ) ;
#922 = CARTESIAN_POINT ( 'NONE',  ( -36.54108266083032674, -6.260283675083553941E-15, 40.02678449125563986 ) ) ;
#923 = CARTESIAN_POINT ( 'NONE',  ( -56.30086755787075958, 1.740687683845718370, 7.815373443377787943 ) ) ;
#924 = DIRECTION ( 'NONE',  ( -0.000000000000000000, -1.000000000000000000, 0.000000000000000000 ) ) ;
#925 = ORIENTED_EDGE ( 'NONE', *, *, #1293, .F. ) ;
#926 = DIRECTION ( 'NONE',  ( 0.1423736993628748060, -0.9863939238321437486, -0.08219949365267911756 ) ) ;
#927 = ORIENTED_EDGE ( 'NONE', *, *, #463, .F. ) ;
#928 = VECTOR ( 'NONE', #562, 1000.000000000000000 ) ;
#929 = EDGE_CURVE ( 'NONE', #1347, #37, #1382, .T. ) ;
#930 = DIRECTION ( 'NONE',  ( -0.000000000000000000, -1.000000000000000000, -0.000000000000000000 ) ) ;
#931 = CARTESIAN_POINT ( 'NONE',  ( -62.94744111674234688, 4.500000000000000000, -7.710369997259668651 ) ) ;
#932 = EDGE_LOOP ( 'NONE', ( #433, #650, #1329, #396 ) ) ;
#933 = DIRECTION ( 'NONE',  ( -0.5000000000000022204, 0.000000000000000000, -0.8660254037844373753 ) ) ;
#934 = VERTEX_POINT ( 'NONE', #916 ) ;
#935 = CARTESIAN_POINT ( 'NONE',  ( -68.87661476330218591, -4.500000000000000000, 8.999999999999992895 ) ) ;
#936 = ADVANCED_BREP_SHAPE_REPRESENTATION ( 'CSWA_10_5A', ( #1280, #479 ), #1231 ) ;
#937 = DIRECTION ( 'NONE',  ( -0.5000000000000026645, 0.000000000000000000, -0.8660254037844371533 ) ) ;
#938 = CC_DESIGN_PERSON_AND_ORGANIZATION_ASSIGNMENT ( #757, #1377, ( #1260 ) ) ;
#939 = DIRECTION ( 'NONE',  ( -0.000000000000000000, -1.000000000000000000, -0.000000000000000000 ) ) ;
#940 = ORIENTED_EDGE ( 'NONE', *, *, #1307, .F. ) ;
#941 = CARTESIAN_POINT ( 'NONE',  ( -62.08141571295791294, 4.500000000000000000, -8.210369997259686414 ) ) ;
#942 = VERTEX_POINT ( 'NONE', #769 ) ;
#943 = DIRECTION ( 'NONE',  ( 0.9945218953682741780, 0.000000000000000000, -0.1045284632676463099 ) ) ;
#944 = CARTESIAN_POINT ( 'NONE',  ( -40.00518427596809801, -6.505213034913026604E-15, 42.02678449125567539 ) ) ;
#945 = AXIS2_PLACEMENT_3D ( 'NONE', #907, #414, #1489 ) ;
#946 = EDGE_CURVE ( 'NONE', #68, #206, #267, .T. ) ;
#947 = VECTOR ( 'NONE', #305, 1000.000000000000114 ) ;
#948 = EDGE_LOOP ( 'NONE', ( #1207, #1008, #287, #1282 ) ) ;
#949 = LINE ( 'NONE', #796, #1098 ) ;
#950 = ORIENTED_EDGE ( 'NONE', *, *, #482, .T. ) ;
#951 = CARTESIAN_POINT ( 'NONE',  ( -41.73723508353703693, -1.250000000000000000, 43.02678449125570381 ) ) ;
#952 = CARTESIAN_POINT ( 'NONE',  ( -56.41755325347396877, -1.800587898561208933, 7.839714659879994052 ) ) ;
#953 = VECTOR ( 'NONE', #1097, 1000.000000000000114 ) ;
#954 = B_SPLINE_CURVE_WITH_KNOTS ( 'NONE', 3,
 ( #610, #514, #362, #750, #19, #837, #1462, #236, #603, #1087, #484, #389, #965, #1444, #843, #1095 ),
 .UNSPECIFIED., .F., .F.,
 ( 4, 2, 2, 2, 2, 2, 2, 4 ),
 ( 0.000000000000000000, 0.0004468616241863944687, 0.0008937232483727889374, 0.001787446496745611268, 0.002234308120932022596, 0.002681169745118432840, 0.003128031369304843951, 0.003574892993491255062 ),
 .UNSPECIFIED. ) ;
#955 = VECTOR ( 'NONE', #1209, 1000.000000000000000 ) ;
#956 = CARTESIAN_POINT ( 'NONE',  ( -78.86227374922134459, 4.500000000000000000, -21.27566871066820653 ) ) ;
#957 = VECTOR ( 'NONE', #933, 1000.000000000000114 ) ;
#958 = EDGE_CURVE ( 'NONE', #884, #1099, #473, .T. ) ;
#959 = EDGE_LOOP ( 'NONE', ( #88, #1412, #1016, #354, #139, #83 ) ) ;
#960 = CARTESIAN_POINT ( 'NONE',  ( -57.04230853009302393, -1.985772555416491336, 7.977325130829582278 ) ) ;
#961 = DIRECTION ( 'NONE',  ( -0.1045284632676462960, 0.000000000000000000, -0.9945218953682741780 ) ) ;
#962 = LINE ( 'NONE', #971, #200 ) ;
#963 = ORIENTED_EDGE ( 'NONE', *, *, #62, .F. ) ;
#964 = EDGE_CURVE ( 'NONE', #1485, #130, #909, .T. ) ;
#965 = CARTESIAN_POINT ( 'NONE',  ( -63.00987720614137544, -1.658741860509491239, 9.927058806818525483 ) ) ;
#966 = DIRECTION ( 'NONE',  ( -0.5000000000000022204, 0.000000000000000000, -0.8660254037844372643 ) ) ;
#967 = DIRECTION ( 'NONE',  ( -0.8630339426737019259, 0.08304547985374270691, -0.4982728791224212417 ) ) ;
#968 = ORIENTED_EDGE ( 'NONE', *, *, #858, .T. ) ;
#969 = AXIS2_PLACEMENT_3D ( 'NONE', #1148, #914, #546 ) ;
#970 = DIRECTION ( 'NONE',  ( -0.5000000000000041078, 0.000000000000000000, -0.8660254037844363761 ) ) ;
#971 = CARTESIAN_POINT ( 'NONE',  ( -24.92511789777286779, 13.85009158568013099, -40.05487338836002209 ) ) ;
#972 = ORIENTED_EDGE ( 'NONE', *, *, #781, .F. ) ;
#973 = CARTESIAN_POINT ( 'NONE',  ( -69.77756813566458050, -6.505213034913026604E-15, -9.540497016181850753 ) ) ;
#974 = EDGE_CURVE ( 'NONE', #46, #1351, #579, .T. ) ;
#975 = DIRECTION ( 'NONE',  ( 0.000000000000000000, 0.000000000000000000, -1.000000000000000000 ) ) ;
#976 = AXIS2_PLACEMENT_3D ( 'NONE', #1239, #1499, #1247 ) ;
#977 = DIRECTION ( 'NONE',  ( -0.000000000000000000, -1.000000000000000000, -0.000000000000000000 ) ) ;
#978 = VECTOR ( 'NONE', #492, 1000.000000000000000 ) ;
#979 = CC_DESIGN_DATE_AND_TIME_ASSIGNMENT ( #1031, #1509, ( #1458 ) ) ;
#980 = CARTESIAN_POINT ( 'NONE',  ( 1.469576158976823553E-15, 4.500000000000000000, 11.99999999999999645 ) ) ;
#981 = CARTESIAN_POINT ( 'NONE',  ( -76.10769515458667911, 3.500000000000023981, -4.504598631319640667 ) ) ;
#982 = ORIENTED_EDGE ( 'NONE', *, *, #1029, .T. ) ;
#983 = DIRECTION ( 'NONE',  ( -0.5000000000000026645, 0.000000000000000000, -0.8660254037844371533 ) ) ;
#984 = CARTESIAN_POINT ( 'NONE',  ( -63.50961894323345547, 4.500000000000000000, 5.315909444369195214 ) ) ;
#985 = LINE ( 'NONE', #401, #343 ) ;
#986 = ORIENTED_EDGE ( 'NONE', *, *, #1402, .F. ) ;
#987 = EDGE_CURVE ( 'NONE', #873, #315, #778, .T. ) ;
#988 = EDGE_LOOP ( 'NONE', ( #1374, #1122, #164, #592 ) ) ;
#989 = CARTESIAN_POINT ( 'NONE',  ( -45.54178707872085141, 4.500000000000000000, 7.279464651220666660 ) ) ;
#990 = VERTEX_POINT ( 'NONE', #539 ) ;
#991 = CARTESIAN_POINT ( 'NONE',  ( -75.32756278789864268, 4.500000000000000000, -15.15336973558669875 ) ) ;
#992 = DIRECTION ( 'NONE',  ( -0.8660254037844372643, 0.000000000000000000, 0.5000000000000024425 ) ) ;
#993 = CARTESIAN_POINT ( 'NONE',  ( 1.469576158976823553E-15, -4.500000000000000000, 11.99999999999999645 ) ) ;
#994 = ORIENTED_EDGE ( 'NONE', *, *, #1197, .T. ) ;
#995 = FACE_OUTER_BOUND ( 'NONE', #322, .T. ) ;
#996 = EDGE_CURVE ( 'NONE', #1535, #102, #699, .T. ) ;
#997 = PERSON_AND_ORGANIZATION ( #366, #1532 ) ;
#998 = AXIS2_PLACEMENT_3D ( 'NONE', #1119, #243, #132 ) ;
#999 = ORIENTED_EDGE ( 'NONE', *, *, #811, .T. ) ;
#1000 = LINE ( 'NONE', #734, #1475 ) ;
#1001 = PLANE ( 'NONE',  #848 ) ;
#1002 = DIRECTION ( 'NONE',  ( -0.8660254037844364872, 0.000000000000000000, 0.5000000000000036637 ) ) ;
#1003 = ORIENTED_EDGE ( 'NONE', *, *, #1057, .T. ) ;
#1004 = VECTOR ( 'NONE', #1431, 1000.000000000000114 ) ;
#1005 = AXIS2_PLACEMENT_3D ( 'NONE', #341, #1291, #319 ) ;
#1006 = LINE ( 'NONE', #1256, #294 ) ;
#1007 = VECTOR ( 'NONE', #119, 1000.000000000000000 ) ;
#1008 = ORIENTED_EDGE ( 'NONE', *, *, #280, .T. ) ;
#1009 = VECTOR ( 'NONE', #1325, 1000.000000000000000 ) ;
#1010 = EDGE_CURVE ( 'NONE', #1401, #1524, #321, .T. ) ;
#1011 = CARTESIAN_POINT ( 'NONE',  ( -63.44744111674236109, -4.500000000000000000, -8.576395401044107913 ) ) ;
#1012 = DIRECTION ( 'NONE',  ( 0.000000000000000000, 1.000000000000000000, -0.000000000000000000 ) ) ;
#1013 = CARTESIAN_POINT ( 'NONE',  ( -57.94527964420976218, 1.905251099145260030, 8.197604716716126561 ) ) ;
#1014 = ORIENTED_EDGE ( 'NONE', *, *, #608, .T. ) ;
#1015 = DIRECTION ( 'NONE',  ( 0.000000000000000000, 0.000000000000000000, 1.000000000000000000 ) ) ;
#1016 = ORIENTED_EDGE ( 'NONE', *, *, #640, .F. ) ;
#1017 = CARTESIAN_POINT ( 'NONE',  ( 8.196835435408580395, -1.249999999999991562, 14.19733543540852772 ) ) ;
#1018 = EDGE_CURVE ( 'NONE', #1361, #340, #231, .T. ) ;
#1019 = CARTESIAN_POINT ( 'NONE',  ( 0.000000000000000000, 4.500000000000000000, 0.000000000000000000 ) ) ;
#1020 = CARTESIAN_POINT ( 'NONE',  ( -88.00000000000002842, -1.999999999999997780, -7.102674842672792366 ) ) ;
#1021 = LINE ( 'NONE', #1123, #94 ) ;
#1022 = APPROVAL_STATUS ( 'not_yet_approved' ) ;
#1023 = EDGE_LOOP ( 'NONE', ( #75, #1271, #925, #441, #999 ) ) ;
#1024 = VECTOR ( 'NONE', #651, 999.9999999999998863 ) ;
#1025 = CARTESIAN_POINT ( 'NONE',  ( 0.000000000000000000, 4.500000000000000000, 0.000000000000000000 ) ) ;
#1026 = AXIS2_PLACEMENT_3D ( 'NONE', #525, #1389, #435 ) ;
#1027 = LINE ( 'NONE', #1396, #668 ) ;
#1028 = CARTESIAN_POINT ( 'NONE',  ( -58.81070767564440871, 1.341567133313416482, 8.432877457820502798 ) ) ;
#1029 = EDGE_CURVE ( 'NONE', #452, #1438, #827, .T. ) ;
#1030 = DIRECTION ( 'NONE',  ( 0.000000000000000000, 1.000000000000000000, -0.000000000000000000 ) ) ;
#1031 = DATE_AND_TIME ( #904, #301 ) ;
#1032 = VERTEX_POINT ( 'NONE', #1300 ) ;
#1033 = VECTOR ( 'NONE', #1121, 1000.000000000000114 ) ;
#1034 = DIRECTION ( 'NONE',  ( 0.5000000000000026645, 0.000000000000000000, 0.8660254037844371533 ) ) ;
#1035 = PLANE ( 'NONE',  #14 ) ;
#1036 = LINE ( 'NONE', #1513, #397 ) ;
#1037 = AXIS2_PLACEMENT_3D ( 'NONE', #1469, #387, #241 ) ;
#1038 = ADVANCED_FACE ( 'NONE', ( #810 ), #356, .F. ) ;
#1039 = ORIENTED_EDGE ( 'NONE', *, *, #1057, .F. ) ;
#1040 = CARTESIAN_POINT ( 'NONE',  ( -23.57554842428785946, -1.249999999999996669, -40.83404768716672351 ) ) ;
#1041 = ORIENTED_EDGE ( 'NONE', *, *, #1257, .T. ) ;
#1042 = DIRECTION ( 'NONE',  ( 0.8660254037844374864, -1.507144111760548482E-16, -0.5000000000000021094 ) ) ;
#1043 = DIRECTION ( 'NONE',  ( -0.8660254037844364872, 0.000000000000000000, 0.5000000000000038858 ) ) ;
#1044 = EDGE_CURVE ( 'NONE', #1361, #577, #1344, .T. ) ;
#1045 = VERTEX_POINT ( 'NONE', #1050 ) ;
#1046 = PLANE ( 'NONE',  #629 ) ;
#1047 = ORIENTED_EDGE ( 'NONE', *, *, #964, .T. ) ;
#1048 = AXIS2_PLACEMENT_3D ( 'NONE', #1353, #124, #1201 ) ;
#1049 = CARTESIAN_POINT ( 'NONE',  ( -28.28711405524066791, 4.500000000000000000, -9.093003864113352819 ) ) ;
#1050 = CARTESIAN_POINT ( 'NONE',  ( -77.45977688288580509, 1.249999999999996447, -9.723973881519732743 ) ) ;
#1051 = CARTESIAN_POINT ( 'NONE',  ( -69.50961894323340573, 4.500000000000000000, -5.076395401044085709 ) ) ;
#1052 = ORIENTED_EDGE ( 'NONE', *, *, #1314, .F. ) ;
#1053 = AXIS2_PLACEMENT_3D ( 'NONE', #1546, #93, #1188 ) ;
#1054 = LINE ( 'NONE', #330, #429 ) ;
#1055 = ORIENTED_EDGE ( 'NONE', *, *, #664, .F. ) ;
#1056 = CIRCLE ( 'NONE', #575, 1.000000000000000000 ) ;
#1057 = EDGE_CURVE ( 'NONE', #1535, #388, #1410, .T. ) ;
#1058 = CYLINDRICAL_SURFACE ( 'NONE', #1255, 24.99999999999999289 ) ;
#1059 = CARTESIAN_POINT ( 'NONE',  ( -49.20028329308894399, 4.500000000000000000, 42.08773098911020583 ) ) ;
#1060 = CC_DESIGN_APPROVAL ( #695, ( #1458 ) ) ;
#1061 = CYLINDRICAL_SURFACE ( 'NONE', #1484, 11.99999999999999645 ) ;
#1062 = ORIENTED_EDGE ( 'NONE', *, *, #811, .F. ) ;
#1063 = DIRECTION ( 'NONE',  ( -0.9897433186107870151, 0.1428571428571427937, 0.000000000000000000 ) ) ;
#1064 = ORIENTED_EDGE ( 'NONE', *, *, #987, .T. ) ;
#1065 = CARTESIAN_POINT ( 'NONE',  ( -49.20028329308894399, 4.500000000000000000, 42.08773098911020583 ) ) ;
#1066 = CARTESIAN_POINT ( 'NONE',  ( -59.04459987947272026, -1.019894690667064951, 8.500599680540053882 ) ) ;
#1067 = EDGE_CURVE ( 'NONE', #171, #1323, #1248, .T. ) ;
#1068 = EDGE_LOOP ( 'NONE', ( #766, #696, #927, #832 ) ) ;
#1069 = CARTESIAN_POINT ( 'NONE',  ( 0.000000000000000000, -4.500000000000000000, 0.000000000000000000 ) ) ;
#1070 = ORIENTED_EDGE ( 'NONE', *, *, #1427, .T. ) ;
#1071 = LINE ( 'NONE', #1049, #240 ) ;
#1072 = CARTESIAN_POINT ( 'NONE',  ( -49.20028329308894399, 4.500000000000000000, 42.08773098911020583 ) ) ;
#1073 = EDGE_CURVE ( 'NONE', #102, #758, #288, .T. ) ;
#1074 = VECTOR ( 'NONE', #191, 1000.000000000000114 ) ;
#1075 = EDGE_CURVE ( 'NONE', #942, #505, #817, .T. ) ;
#1076 = ORIENTED_EDGE ( 'NONE', *, *, #246, .F. ) ;
#1077 = CARTESIAN_POINT ( 'NONE',  ( -49.20028329308894399, -4.500000000000000000, 7.087730989110204050 ) ) ;
#1078 = ORIENTED_EDGE ( 'NONE', *, *, #919, .T. ) ;
#1079 = CARTESIAN_POINT ( 'NONE',  ( -58.53091400608508366, -1.615955356636727069, 8.353817449593160305 ) ) ;
#1080 = CIRCLE ( 'NONE', #426, 1.999999999999998224 ) ;
#1081 = AXIS2_PLACEMENT_3D ( 'NONE', #1234, #11, #975 ) ;
#1082 = ORIENTED_EDGE ( 'NONE', *, *, #1075, .T. ) ;
#1083 = LOCAL_TIME ( 10, 44, 19.00000000000000000, #422 ) ;
#1084 = EDGE_CURVE ( 'NONE', #46, #98, #698, .T. ) ;
#1085 = DIRECTION ( 'NONE',  ( 0.000000000000000000, 0.000000000000000000, 1.000000000000000000 ) ) ;
#1086 = EDGE_LOOP ( 'NONE', ( #586, #616, #662, #224 ) ) ;
#1087 = CARTESIAN_POINT ( 'NONE',  ( -63.50466929705324048, -1.916674476955720685, 10.14394111495298212 ) ) ;
#1088 = LINE ( 'NONE', #516, #749 ) ;
#1089 = DIRECTION ( 'NONE',  ( -0.8660254037844372643, 0.000000000000000000, 0.5000000000000026645 ) ) ;
#1090 = VERTEX_POINT ( 'NONE', #973 ) ;
#1091 = ORIENTED_EDGE ( 'NONE', *, *, #184, .F. ) ;
#1092 = EDGE_CURVE ( 'NONE', #1297, #171, #1000, .T. ) ;
#1093 = APPLICATION_PROTOCOL_DEFINITION ( 'international standard', 'config_control_design', 1994, #33 ) ;
#1094 = EDGE_LOOP ( 'NONE', ( #478, #470, #655, #263, #561, #439, #1192, #380, #1174, #58, #28, #1041, #8, #693, #1492, #1153, #1518 ) ) ;
#1095 = CARTESIAN_POINT ( 'NONE',  ( -62.60678641037484482, -1.250000000000009104, 9.757162262807169029 ) ) ;
#1096 = CARTESIAN_POINT ( 'NONE',  ( -44.33531129489035294, 0.000000000000000000, 44.52678449125571092 ) ) ;
#1097 = DIRECTION ( 'NONE',  ( 0.5000000000000022204, -0.000000000000000000, 0.8660254037844372643 ) ) ;
#1098 = VECTOR ( 'NONE', #1542, 1000.000000000000114 ) ;
#1099 = VERTEX_POINT ( 'NONE', #1453 ) ;
#1100 = VECTOR ( 'NONE', #1135, 999.9999999999998863 ) ;
#1101 = PLANE ( 'NONE',  #751 ) ;
#1102 = VERTEX_POINT ( 'NONE', #1319 ) ;
#1103 = CYLINDRICAL_SURFACE ( 'NONE', #740, 2.000000000000014655 ) ;
#1104 = CARTESIAN_POINT ( 'NONE',  ( 0.000000000000000000, -4.500000000000000000, 0.000000000000000000 ) ) ;
#1105 = DIRECTION ( 'NONE',  ( -0.5000000000000026645, 0.000000000000000000, -0.8660254037844371533 ) ) ;
#1106 = VECTOR ( 'NONE', #967, 1000.000000000000114 ) ;
#1107 = ORIENTED_EDGE ( 'NONE', *, *, #521, .F. ) ;
#1108 = PLANE ( 'NONE',  #1549 ) ;
#1109 = LINE ( 'NONE', #732, #1434 ) ;
#1110 = ORIENTED_EDGE ( 'NONE', *, *, #256, .T. ) ;
#1111 = FACE_OUTER_BOUND ( 'NONE', #1461, .T. ) ;
#1112 = CARTESIAN_POINT ( 'NONE',  ( 0.000000000000000000, 4.500000000000000000, -7.000000000000000888 ) ) ;
#1113 = LINE ( 'NONE', #377, #370 ) ;
#1114 = EDGE_CURVE ( 'NONE', #1535, #1317, #870, .T. ) ;
#1115 = ORIENTED_EDGE ( 'NONE', *, *, #591, .T. ) ;
#1116 = VERTEX_POINT ( 'NONE', #498 ) ;
#1117 = DATE_AND_TIME ( #1258, #1555 ) ;
#1118 = ORIENTED_EDGE ( 'NONE', *, *, #363, .F. ) ;
#1119 = CARTESIAN_POINT ( 'NONE',  ( -41.73723508353703693, 1.308705833940480011E-15, 43.02678449125570381 ) ) ;
#1120 = DIRECTION ( 'NONE',  ( 0.000000000000000000, 1.000000000000000000, -0.000000000000000000 ) ) ;
#1121 = DIRECTION ( 'NONE',  ( 0.5000000000000022204, -0.000000000000000000, 0.8660254037844372643 ) ) ;
#1122 = ORIENTED_EDGE ( 'NONE', *, *, #752, .T. ) ;
#1123 = CARTESIAN_POINT ( 'NONE',  ( -63.50961894323335599, 4.500000000000000000, 5.315909444369146364 ) ) ;
#1124 = EDGE_CURVE ( 'NONE', #577, #81, #1340, .T. ) ;
#1125 = VERTEX_POINT ( 'NONE', #853 ) ;
#1126 = CARTESIAN_POINT ( 'NONE',  ( -81.30384757729339640, -1.250000000000000222, -7.504598631319539415 ) ) ;
#1127 = CARTESIAN_POINT ( 'NONE',  ( -19.57554842428787367, 4.500000000000000000, -33.90584445689124493 ) ) ;
#1128 = CARTESIAN_POINT ( 'NONE',  ( -56.78529158012753442, 1.947812647141077491, 7.918585282605902442 ) ) ;
#1129 = VERTEX_POINT ( 'NONE', #1233 ) ;
#1130 = VECTOR ( 'NONE', #1525, 1000.000000000000000 ) ;
#1131 = PLANE ( 'NONE',  #493 ) ;
#1132 = ADVANCED_FACE ( 'NONE', ( #1208 ), #506, .F. ) ;
#1133 = ORIENTED_EDGE ( 'NONE', *, *, #1010, .T. ) ;
#1134 = CARTESIAN_POINT ( 'NONE',  ( -1.254341559211926693, 4.500000000000000000, 11.93426274441926971 ) ) ;
#1135 = DIRECTION ( 'NONE',  ( 0.8660254037844493658, -2.442584174054714824E-17, 0.4999999999999815148 ) ) ;
#1136 = CARTESIAN_POINT ( 'NONE',  ( -55.97336149524532090, 1.516881064152567404, 7.749195596981702572 ) ) ;
#1137 = ORIENTED_EDGE ( 'NONE', *, *, #591, .F. ) ;
#1138 = ORIENTED_EDGE ( 'NONE', *, *, #987, .F. ) ;
#1139 = EDGE_CURVE ( 'NONE', #763, #46, #627, .T. ) ;
#1140 = DIRECTION ( 'NONE',  ( -1.305225087948766361E-16, -1.000000000000000000, 7.535720558802776920E-17 ) ) ;
#1141 = ADVANCED_FACE ( 'NONE', ( #718 ), #250, .T. ) ;
#1142 = PLANE ( 'NONE',  #1348 ) ;
#1143 = CARTESIAN_POINT ( 'NONE',  ( -55.25390519665909750, 0.2670661525678394432, 7.615225106180608883 ) ) ;
#1144 = DIRECTION ( 'NONE',  ( 0.000000000000000000, 1.000000000000000000, -0.000000000000000000 ) ) ;
#1145 = APPROVAL_ROLE ( '' ) ;
#1146 = ORIENTED_EDGE ( 'NONE', *, *, #1223, .T. ) ;
#1147 = AXIS2_PLACEMENT_3D ( 'NONE', #807, #814, #1063 ) ;
#1148 = CARTESIAN_POINT ( 'NONE',  ( -23.57554842428784525, 4.500000000000000000, -40.83404768716670219 ) ) ;
#1149 = AXIS2_PLACEMENT_3D ( 'NONE', #1019, #1012, #177 ) ;
#1150 = DIRECTION ( 'NONE',  ( -0.8660254037844365982, 0.000000000000000000, 0.5000000000000036637 ) ) ;
#1151 = CARTESIAN_POINT ( 'NONE',  ( -56.41754934182043257, 1.800616922612780613, 7.839712242932799668 ) ) ;
#1152 = EDGE_CURVE ( 'NONE', #1116, #1331, #133, .T. ) ;
#1153 = ORIENTED_EDGE ( 'NONE', *, *, #344, .T. ) ;
#1154 = AXIS2_PLACEMENT_3D ( 'NONE', #306, #890, #801 ) ;
#1155 = DIRECTION ( 'NONE',  ( 0.000000000000000000, 1.000000000000000000, -0.000000000000000000 ) ) ;
#1156 = AXIS2_PLACEMENT_3D ( 'NONE', #865, #604, #1463 ) ;
#1157 = CARTESIAN_POINT ( 'NONE',  ( -41.73723508353705114, 1.250000000000000222, 43.02678449125570381 ) ) ;
#1158 = CARTESIAN_POINT ( 'NONE',  ( -76.10769515458679280, 0.000000000000000000, -10.50459863131954030 ) ) ;
#1159 = ADVANCED_FACE ( 'NONE', ( #1111 ), #1103, .F. ) ;
#1160 = CARTESIAN_POINT ( 'NONE',  ( -62.60678641037484482, -1.250000000000009104, 9.757162262807169029 ) ) ;
#1161 = VERTEX_POINT ( 'NONE', #991 ) ;
#1162 = DIRECTION ( 'NONE',  ( 0.000000000000000000, 0.000000000000000000, 1.000000000000000000 ) ) ;
#1163 = VERTEX_POINT ( 'NONE', #38 ) ;
#1164 = CARTESIAN_POINT ( 'NONE',  ( -49.93407051894542548, 4.500000000000000000, 28.82944905584720985 ) ) ;
#1165 = DIRECTION ( 'NONE',  ( 0.000000000000000000, 1.000000000000000000, -0.000000000000000000 ) ) ;
#1166 = CARTESIAN_POINT ( 'NONE',  ( -63.14045075884558145, 4.169556882119668906, 9.920644910830871410 ) ) ;
#1167 = ORIENTED_EDGE ( 'NONE', *, *, #1152, .F. ) ;
#1168 = DIRECTION ( 'NONE',  ( 0.8630339426737019259, 0.08304547985374270691, 0.4982728791224212417 ) ) ;
#1169 = ORIENTED_EDGE ( 'NONE', *, *, #838, .T. ) ;
#1170 = CIRCLE ( 'NONE', #540, 2.000000000000012879 ) ;
#1171 = LINE ( 'NONE', #1538, #795 ) ;
#1172 = CARTESIAN_POINT ( 'NONE',  ( -58.81078603750565748, -1.341463936158775017, 8.432900205877327693 ) ) ;
#1173 = CARTESIAN_POINT ( 'NONE',  ( -63.44744111674234688, 4.500000000000000000, -8.576395401044113243 ) ) ;
#1174 = ORIENTED_EDGE ( 'NONE', *, *, #1073, .F. ) ;
#1175 = AXIS2_PLACEMENT_3D ( 'NONE', #403, #299, #885 ) ;
#1176 = ADVANCED_FACE ( 'NONE', ( #619 ), #4, .F. ) ;
#1177 = VECTOR ( 'NONE', #152, 1000.000000000000114 ) ;
#1178 = DIRECTION ( 'NONE',  ( -1.000000000000000000, -1.301042606982605074E-16, 7.137148015447434001E-15 ) ) ;
#1179 = ORIENTED_EDGE ( 'NONE', *, *, #521, .T. ) ;
#1180 = DIRECTION ( 'NONE',  ( -0.000000000000000000, -1.000000000000000000, -0.000000000000000000 ) ) ;
#1181 = DIRECTION ( 'NONE',  ( 0.000000000000000000, 0.000000000000000000, 1.000000000000000000 ) ) ;
#1182 = CARTESIAN_POINT ( 'NONE',  ( -66.70577136593989565, 3.500000000000026201, 11.78001105950688476 ) ) ;
#1183 = ORIENTED_EDGE ( 'NONE', *, *, #648, .T. ) ;
#1184 = DIRECTION ( 'NONE',  ( -0.4999999999999814593, 0.000000000000000000, 0.8660254037844493658 ) ) ;
#1185 = ORIENTED_EDGE ( 'NONE', *, *, #1507, .T. ) ;
#1186 = EDGE_CURVE ( 'NONE', #685, #670, #954, .T. ) ;
#1187 = DIRECTION ( 'NONE',  ( 0.000000000000000000, 0.000000000000000000, 1.000000000000000000 ) ) ;
#1188 = DIRECTION ( 'NONE',  ( 0.000000000000000000, 0.000000000000000000, 1.000000000000000000 ) ) ;
#1189 = EDGE_CURVE ( 'NONE', #635, #1524, #1215, .T. ) ;
#1190 = ORIENTED_EDGE ( 'NONE', *, *, #664, .T. ) ;
#1191 = CARTESIAN_POINT ( 'NONE',  ( -17.07637536435759529, 4.500000000000000000, 29.57714974018631793 ) ) ;
#1192 = ORIENTED_EDGE ( 'NONE', *, *, #913, .T. ) ;
#1193 = FACE_OUTER_BOUND ( 'NONE', #828, .T. ) ;
#1194 = CARTESIAN_POINT ( 'NONE',  ( -59.31503711971114257, -6.505213034913026604E-15, 8.581138279214567177 ) ) ;
#1195 = PRODUCT_DEFINITION_SHAPE ( 'NONE', 'NONE',  #74 ) ;
#1196 = AXIS2_PLACEMENT_3D ( 'NONE', #1017, #1495, #776 ) ;
#1197 = EDGE_CURVE ( 'NONE', #1125, #1045, #861, .T. ) ;
#1198 = ORIENTED_EDGE ( 'NONE', *, *, #856, .F. ) ;
#1199 = DIRECTION ( 'NONE',  ( -0.000000000000000000, -1.000000000000000000, -0.000000000000000000 ) ) ;
#1200 = ORIENTED_EDGE ( 'NONE', *, *, #87, .T. ) ;
#1201 = DIRECTION ( 'NONE',  ( -0.8660254037844372643, 0.000000000000000000, 0.5000000000000024425 ) ) ;
#1202 = CARTESIAN_POINT ( 'NONE',  ( -1.254341559211761492, -4.500000000000000000, -11.93426274441928570 ) ) ;
#1203 = EDGE_CURVE ( 'NONE', #1386, #413, #1242, .T. ) ;
#1204 = AXIS2_PLACEMENT_3D ( 'NONE', #134, #1341, #744 ) ;
#1205 = EDGE_LOOP ( 'NONE', ( #639, #145, #963, #361 ) ) ;
#1206 = DIRECTION ( 'NONE',  ( 0.000000000000000000, 1.000000000000000000, 0.000000000000000000 ) ) ;
#1207 = ORIENTED_EDGE ( 'NONE', *, *, #640, .T. ) ;
#1208 = FACE_OUTER_BOUND ( 'NONE', #948, .T. ) ;
#1209 = DIRECTION ( 'NONE',  ( -1.387778780781452147E-17, -1.000000000000000000, -2.403703357979451073E-17 ) ) ;
#1210 = LINE ( 'NONE', #126, #953 ) ;
#1211 = ORIENTED_EDGE ( 'NONE', *, *, #1152, .T. ) ;
#1212 = DIRECTION ( 'NONE',  ( 0.000000000000000000, 0.000000000000000000, -1.000000000000000000 ) ) ;
#1213 = APPROVAL ( #1022, 'UNSPECIFIED' ) ;
#1214 = ORIENTED_EDGE ( 'NONE', *, *, #974, .F. ) ;
#1215 = LINE ( 'NONE', #381, #66 ) ;
#1216 = DIRECTION ( 'NONE',  ( 0.8660254037844374864, 1.507144111760548482E-16, -0.5000000000000021094 ) ) ;
#1217 = DIRECTION ( 'NONE',  ( 0.000000000000000000, 0.000000000000000000, 1.000000000000000000 ) ) ;
#1218 = AXIS2_PLACEMENT_3D ( 'NONE', #1471, #268, #374 ) ;
#1219 = VERTEX_POINT ( 'NONE', #424 ) ;
#1220 = CIRCLE ( 'NONE', #1149, 11.99999999999999645 ) ;
#1221 = CYLINDRICAL_SURFACE ( 'NONE', #173, 7.000000000000000888 ) ;
#1222 = ORIENTED_EDGE ( 'NONE', *, *, #1384, .T. ) ;
#1223 = EDGE_CURVE ( 'NONE', #1394, #1090, #89, .T. ) ;
#1224 = DIRECTION ( 'NONE',  ( -0.000000000000000000, -1.000000000000000000, -0.000000000000000000 ) ) ;
#1225 = LINE ( 'NONE', #728, #955 ) ;
#1226 = DIRECTION ( 'NONE',  ( 0.9945218953682725127, 0.000000000000000000, 0.1045284632676602987 ) ) ;
#1227 = AXIS2_PLACEMENT_3D ( 'NONE', #1390, #1520, #443 ) ;
#1228 = ORIENTED_EDGE ( 'NONE', *, *, #430, .T. ) ;
#1229 = CARTESIAN_POINT ( 'NONE',  ( -1.254341559211761492, 4.500000000000000000, -11.93426274441928570 ) ) ;
#1230 = CARTESIAN_POINT ( 'NONE',  ( 0.000000000000000000, 4.500000000000000000, 0.000000000000000000 ) ) ;
#1231 =( GEOMETRIC_REPRESENTATION_CONTEXT ( 3 ) GLOBAL_UNCERTAINTY_ASSIGNED_CONTEXT ( ( #1235 ) ) GLOBAL_UNIT_ASSIGNED_CONTEXT ( ( #866, #1437, #122 ) ) REPRESENTATION_CONTEXT ( 'NONE', 'WORKASPACE' ) );
#1232 = ORIENTED_EDGE ( 'NONE', *, *, #163, .F. ) ;
#1233 = CARTESIAN_POINT ( 'NONE',  ( -62.08141571295791294, -4.500000000000000000, -8.210369997259686414 ) ) ;
#1234 = CARTESIAN_POINT ( 'NONE',  ( 0.000000000000000000, 4.500000000000000000, 0.000000000000000000 ) ) ;
#1235 = UNCERTAINTY_MEASURE_WITH_UNIT (LENGTH_MEASURE( 1.000000000000000082E-05 ), #866, 'distance_accuracy_value', 'NONE');
#1236 = FACE_OUTER_BOUND ( 'NONE', #235, .T. ) ;
#1237 = VERTEX_POINT ( 'NONE', #77 ) ;
#1238 = EDGE_CURVE ( 'NONE', #1219, #1426, #35, .T. ) ;
#1239 = CARTESIAN_POINT ( 'NONE',  ( 0.000000000000000000, -4.500000000000000000, 0.000000000000000000 ) ) ;
#1240 = DATE_AND_TIME ( #404, #1083 ) ;
#1241 = VERTEX_POINT ( 'NONE', #1126 ) ;
#1242 = LINE ( 'NONE', #783, #793 ) ;
#1243 = DIRECTION ( 'NONE',  ( 0.000000000000000000, 1.000000000000000000, -0.000000000000000000 ) ) ;
#1244 = CARTESIAN_POINT ( 'NONE',  ( 0.000000000000000000, 4.500000000000000000, 0.000000000000000000 ) ) ;
#1245 = VERTEX_POINT ( 'NONE', #1011 ) ;
#1246 = EDGE_CURVE ( 'NONE', #1219, #292, #259, .T. ) ;
#1247 = DIRECTION ( 'NONE',  ( 0.000000000000000000, 0.000000000000000000, 1.000000000000000000 ) ) ;
#1248 = CIRCLE ( 'NONE', #1272, 1.000000000000000000 ) ;
#1249 = VERTEX_POINT ( 'NONE', #524 ) ;
#1250 = DIRECTION ( 'NONE',  ( 0.000000000000000000, 0.000000000000000000, 1.000000000000000000 ) ) ;
#1251 = CARTESIAN_POINT ( 'NONE',  ( 0.000000000000000000, -4.500000000000000000, -7.000000000000000888 ) ) ;
#1252 = CARTESIAN_POINT ( 'NONE',  ( -55.13022294165201487, 3.500000000000031530, 31.82944905584718498 ) ) ;
#1253 = ORIENTED_EDGE ( 'NONE', *, *, #1189, .F. ) ;
#1254 = AXIS2_PLACEMENT_3D ( 'NONE', #1244, #977, #1456 ) ;
#1255 = AXIS2_PLACEMENT_3D ( 'NONE', #1533, #930, #442 ) ;
#1256 = CARTESIAN_POINT ( 'NONE',  ( 8.572527594031474176E-16, 4.500000000000000000, 7.000000000000000888 ) ) ;
#1257 = EDGE_CURVE ( 'NONE', #1317, #3, #313, .T. ) ;
#1258 = CALENDAR_DATE ( 2026, 15, 8 ) ;
#1259 = ORIENTED_EDGE ( 'NONE', *, *, #80, .F. ) ;
#1260 = PRODUCT_DEFINITION_FORMATION_WITH_SPECIFIED_SOURCE ( 'ANY', '', #704, .NOT_KNOWN. ) ;
#1261 = CARTESIAN_POINT ( 'NONE',  ( -69.50961894323349100, 4.500000000000000000, -5.076395401044054623 ) ) ;
#1262 = PLANE ( 'NONE',  #542 ) ;
#1263 = CARTESIAN_POINT ( 'NONE',  ( -80.31603954421382241, -3.668947399587583202, -13.82103372495197746 ) ) ;
#1264 = CARTESIAN_POINT ( 'NONE',  ( 0.000000000000000000, 4.500000000000000000, -7.000000000000000888 ) ) ;
#1265 = SECURITY_CLASSIFICATION_LEVEL ( 'unclassified' ) ;
#1266 = ORIENTED_EDGE ( 'NONE', *, *, #1223, .F. ) ;
#1267 = ADVANCED_FACE ( 'NONE', ( #1504 ), #1395, .T. ) ;
#1268 = CARTESIAN_POINT ( 'NONE',  ( -65.36141507923818494, 1.367925361642793769, 11.04217174628180231 ) ) ;
#1269 = LINE ( 'NONE', #70, #136 ) ;
#1270 = CARTESIAN_POINT ( 'NONE',  ( -58.89462835531936946, 1.241207350057263792, 8.457006208365749345 ) ) ;
#1271 = ORIENTED_EDGE ( 'NONE', *, *, #1418, .T. ) ;
#1272 = AXIS2_PLACEMENT_3D ( 'NONE', #931, #327, #689 ) ;
#1273 = LINE ( 'NONE', #1040, #1074 ) ;
#1274 = EDGE_CURVE ( 'NONE', #1090, #1394, #1170, .T. ) ;
#1275 = DIRECTION ( 'NONE',  ( -0.000000000000000000, -1.000000000000000000, -0.000000000000000000 ) ) ;
#1276 = CARTESIAN_POINT ( 'NONE',  ( -59.10706846711696727, 0.9042370172790179517, 8.519018625194823002 ) ) ;
#1277 = VECTOR ( 'NONE', #1042, 999.9999999999998863 ) ;
#1278 = ORIENTED_EDGE ( 'NONE', *, *, #121, .T. ) ;
#1279 = VECTOR ( 'NONE', #170, 999.9999999999998863 ) ;
#1280 = MANIFOLD_SOLID_BREP ( 'Fillet1', #649 ) ;
#1281 = CARTESIAN_POINT ( 'NONE',  ( -75.32756278789864268, -4.500000000000000000, -15.15336973558669875 ) ) ;
#1282 = ORIENTED_EDGE ( 'NONE', *, *, #1075, .F. ) ;
#1283 = PLANE ( 'NONE',  #720 ) ;
#1284 = CARTESIAN_POINT ( 'NONE',  ( -56.78685126052231169, -1.935360543023738833, 7.919600602594353056 ) ) ;
#1285 = AXIS2_PLACEMENT_3D ( 'NONE', #255, #1206, #1085 ) ;
#1286 = EDGE_CURVE ( 'NONE', #292, #712, #672, .T. ) ;
#1287 = DIRECTION ( 'NONE',  ( 0.000000000000000000, 0.000000000000000000, 1.000000000000000000 ) ) ;
#1288 = ORIENTED_EDGE ( 'NONE', *, *, #919, .F. ) ;
#1289 = CARTESIAN_POINT ( 'NONE',  ( -38.27313346839920882, -6.505213034913026604E-15, 41.02678449125566118 ) ) ;
#1290 = ORIENTED_EDGE ( 'NONE', *, *, #222, .F. ) ;
#1291 = DIRECTION ( 'NONE',  ( -0.000000000000000000, -1.000000000000000000, -0.000000000000000000 ) ) ;
#1292 = DIRECTION ( 'NONE',  ( -0.8660254037844364872, 0.000000000000000000, 0.5000000000000036637 ) ) ;
#1293 = EDGE_CURVE ( 'NONE', #1241, #884, #1273, .T. ) ;
#1294 = LINE ( 'NONE', #1173, #1346 ) ;
#1295 = ORIENTED_EDGE ( 'NONE', *, *, #1044, .F. ) ;
#1296 = FACE_OUTER_BOUND ( 'NONE', #509, .T. ) ;
#1297 = VERTEX_POINT ( 'NONE', #1261 ) ;
#1298 = AXIS2_PLACEMENT_3D ( 'NONE', #759, #1140, #1379 ) ;
#1299 = LINE ( 'NONE', #1409, #1454 ) ;
#1300 = CARTESIAN_POINT ( 'NONE',  ( -66.70577136593990986, -1.250000000000000222, 11.78001105950688476 ) ) ;
#1301 = DIRECTION ( 'NONE',  ( 0.8660254037844373753, -3.030823801090833851E-33, -0.5000000000000022204 ) ) ;
#1302 = EDGE_CURVE ( 'NONE', #1465, #717, #488, .T. ) ;
#1303 = ORIENTED_EDGE ( 'NONE', *, *, #1384, .F. ) ;
#1304 = AXIS2_PLACEMENT_3D ( 'NONE', #607, #961, #716 ) ;
#1305 = VECTOR ( 'NONE', #534, 1000.000000000000114 ) ;
#1306 = CARTESIAN_POINT ( 'NONE',  ( -17.07637536435759529, 4.500000000000000000, 29.57714974018631793 ) ) ;
#1307 = EDGE_CURVE ( 'NONE', #873, #1249, #1376, .T. ) ;
#1308 = ORIENTED_EDGE ( 'NONE', *, *, #790, .T. ) ;
#1309 = CARTESIAN_POINT ( 'NONE',  ( 0.000000000000000000, 4.500000000000000000, 0.000000000000000000 ) ) ;
#1310 = CARTESIAN_POINT ( 'NONE',  ( -56.07823464437371541, -1.598568661302268490, 7.770002234234785199 ) ) ;
#1311 = ORIENTED_EDGE ( 'NONE', *, *, #344, .F. ) ;
#1312 = CARTESIAN_POINT ( 'NONE',  ( -69.50961894323340573, 4.500000000000000000, -5.076395401044085709 ) ) ;
#1313 = ORIENTED_EDGE ( 'NONE', *, *, #20, .T. ) ;
#1314 = EDGE_CURVE ( 'NONE', #1241, #1386, #165, .T. ) ;
#1315 = DIRECTION ( 'NONE',  ( -0.000000000000000000, -1.000000000000000000, -0.000000000000000000 ) ) ;
#1316 = DIRECTION ( 'NONE',  ( -0.000000000000000000, -1.000000000000000000, 0.000000000000000000 ) ) ;
#1317 = VERTEX_POINT ( 'NONE', #1134 ) ;
#1318 = ORIENTED_EDGE ( 'NONE', *, *, #1203, .T. ) ;
#1319 = CARTESIAN_POINT ( 'NONE',  ( -68.87661476330218591, -4.500000000000000000, -16.00000000000000000 ) ) ;
#1320 = ADVANCED_FACE ( 'NONE', ( #55 ), #532, .T. ) ;
#1321 = FACE_OUTER_BOUND ( 'NONE', #959, .T. ) ;
#1322 = LINE ( 'NONE', #722, #671 ) ;
#1323 = VERTEX_POINT ( 'NONE', #941 ) ;
#1324 = CARTESIAN_POINT ( 'NONE',  ( -36.54108266083032674, -6.260283675083553941E-15, 40.02678449125563986 ) ) ;
#1325 = DIRECTION ( 'NONE',  ( 0.5000000000000036637, -7.703719777548943412E-32, 0.8660254037844365982 ) ) ;
#1326 = DIRECTION ( 'NONE',  ( 4.230679891226284024E-17, -1.000000000000000000, -2.442584174054646415E-17 ) ) ;
#1327 = CIRCLE ( 'NONE', #146, 11.99999999999999645 ) ;
#1328 = EDGE_CURVE ( 'NONE', #990, #1485, #686, .T. ) ;
#1329 = ORIENTED_EDGE ( 'NONE', *, *, #54, .T. ) ;
#1330 = CARTESIAN_POINT ( 'NONE',  ( -73.50961894323349100, 1.250000000000000222, -12.00459863131954741 ) ) ;
#1331 = VERTEX_POINT ( 'NONE', #569 ) ;
#1332 = CARTESIAN_POINT ( 'NONE',  ( -88.00000000000001421, 4.500000000000000000, -7.102674842672830557 ) ) ;
#1333 = DIRECTION ( 'NONE',  ( -0.000000000000000000, -1.000000000000000000, 0.000000000000000000 ) ) ;
#1334 = CARTESIAN_POINT ( 'NONE',  ( -13.57554842428791986, 4.500000000000000000, -23.51353961147805194 ) ) ;
#1335 = EDGE_LOOP ( 'NONE', ( #1550, #912, #50, #1339 ) ) ;
#1336 = DIRECTION ( 'NONE',  ( 0.000000000000000000, -1.000000000000000000, 0.000000000000000000 ) ) ;
#1337 = ADVANCED_FACE ( 'NONE', ( #1296 ), #109, .T. ) ;
#1338 = DIRECTION ( 'NONE',  ( 0.8542421961772478367, 0.1643989873053574302, -0.4931969619160739282 ) ) ;
#1339 = ORIENTED_EDGE ( 'NONE', *, *, #438, .T. ) ;
#1340 = LINE ( 'NONE', #1324, #1445 ) ;
#1341 = DIRECTION ( 'NONE',  ( -4.230679891226284024E-17, -1.000000000000000000, 2.442584174054646415E-17 ) ) ;
#1342 = CARTESIAN_POINT ( 'NONE',  ( -44.33531129489035294, 0.000000000000000000, 44.52678449125571092 ) ) ;
#1343 = ORIENTED_EDGE ( 'NONE', *, *, #974, .T. ) ;
#1344 = B_SPLINE_CURVE_WITH_KNOTS ( 'NONE', 3,
 ( #1194, #584, #1425, #342, #1554, #333, #1066, #112, #1172, #1079, #210, #596, #462, #480, #826, #714, #960, #1284, #204, #952, #1432, #1310, #351, #572, #456, #683, #834, #85, #590, #563 ),
 .UNSPECIFIED., .F., .F.,
 ( 4, 2, 2, 2, 2, 2, 2, 2, 2, 2, 2, 2, 2, 2, 4 ),
 ( 0.000000000000000000, 0.0003996124573252127286, 0.0007992249146504254572, 0.001198837371975638132, 0.001598449829300850914, 0.002397674743951275830, 0.002797287201276488829, 0.003196899658601701829, 0.003596512115926914829, 0.003996124573252127395, 0.004395737030577340394, 0.004795349487902552527, 0.005594574402552977659, 0.005994186859878185454, 0.006393799317203394117 ),
 .UNSPECIFIED. ) ;
#1345 = VECTOR ( 'NONE', #1526, 1000.000000000000000 ) ;
#1346 = VECTOR ( 'NONE', #917, 1000.000000000000000 ) ;
#1347 = VERTEX_POINT ( 'NONE', #446 ) ;
#1348 = AXIS2_PLACEMENT_3D ( 'NONE', #1380, #548, #1490 ) ;
#1349 = EDGE_CURVE ( 'NONE', #1237, #1245, #949, .T. ) ;
#1350 = FACE_OUTER_BOUND ( 'NONE', #821, .T. ) ;
#1351 = VERTEX_POINT ( 'NONE', #1281 ) ;
#1352 = CC_DESIGN_PERSON_AND_ORGANIZATION_ASSIGNMENT ( #1385, #886, ( #74 ) ) ;
#1353 = CARTESIAN_POINT ( 'NONE',  ( -66.04551732809565578, -6.505213034913026604E-15, -7.076395401044099920 ) ) ;
#1354 = VECTOR ( 'NONE', #857, 1000.000000000000000 ) ;
#1355 = DIRECTION ( 'NONE',  ( -0.5000000000000026645, 0.000000000000000000, -0.8660254037844371533 ) ) ;
#1356 = CARTESIAN_POINT ( 'NONE',  ( -18.05685645783030324, -9.085944558042781338, 29.01106871693453826 ) ) ;
#1357 = CIRCLE ( 'NONE', #295, 1.000000000000000000 ) ;
#1358 = ORIENTED_EDGE ( 'NONE', *, *, #280, .F. ) ;
#1359 = FACE_OUTER_BOUND ( 'NONE', #494, .T. ) ;
#1360 = APPROVAL_PERSON_ORGANIZATION ( #997, #213, #282 ) ;
#1361 = VERTEX_POINT ( 'NONE', #214 ) ;
#1362 = DIRECTION ( 'NONE',  ( 0.000000000000000000, 1.000000000000000000, -0.000000000000000000 ) ) ;
#1363 = EDGE_CURVE ( 'NONE', #505, #1237, #316, .T. ) ;
#1364 = DIRECTION ( 'NONE',  ( 0.000000000000000000, 1.000000000000000000, 0.000000000000000000 ) ) ;
#1365 = FACE_BOUND ( 'NONE', #1420, .T. ) ;
#1366 = ORIENTED_EDGE ( 'NONE', *, *, #1197, .F. ) ;
#1367 = LINE ( 'NONE', #51, #874 ) ;
#1368 = DATE_AND_TIME ( #512, #677 ) ;
#1369 = VERTEX_POINT ( 'NONE', #82 ) ;
#1370 = CARTESIAN_POINT ( 'NONE',  ( -49.20028329308894399, -4.500000000000000000, 42.08773098911020583 ) ) ;
#1371 = DIRECTION ( 'NONE',  ( -0.000000000000000000, -1.000000000000000000, -0.000000000000000000 ) ) ;
#1372 = CARTESIAN_POINT ( 'NONE',  ( -57.43581246088997005, 2.000727488918003782, 8.070174474758402994 ) ) ;
#1373 = ADVANCED_FACE ( 'NONE', ( #97 ), #694, .F. ) ;
#1374 = ORIENTED_EDGE ( 'NONE', *, *, #964, .F. ) ;
#1375 = CYLINDRICAL_SURFACE ( 'NONE', #194, 24.99999999999999289 ) ;
#1376 = CIRCLE ( 'NONE', #212, 1.000000000000000000 ) ;
#1377 = PERSON_AND_ORGANIZATION_ROLE ( 'creator' ) ;
#1378 = ORIENTED_EDGE ( 'NONE', *, *, #54, .F. ) ;
#1379 = DIRECTION ( 'NONE',  ( -1.000000000000000000, 1.301042606982605074E-16, 7.137148015447434001E-15 ) ) ;
#1380 = CARTESIAN_POINT ( 'NONE',  ( -43.00586728866987585, 4.500000000000000000, 24.82944905584720630 ) ) ;
#1381 = CARTESIAN_POINT ( 'NONE',  ( -55.53965834440060689, 1.017451857138255367, 7.666538498123450118 ) ) ;
#1382 = CIRCLE ( 'NONE', #1227, 11.99999999999999645 ) ;
#1383 = CARTESIAN_POINT ( 'NONE',  ( -66.70577136593989565, -3.500000000000026201, 11.78001105950688476 ) ) ;
#1384 = EDGE_CURVE ( 'NONE', #670, #712, #466, .T. ) ;
#1385 = PERSON_AND_ORGANIZATION ( #366, #1532 ) ;
#1386 = VERTEX_POINT ( 'NONE', #594 ) ;
#1387 = APPROVAL_PERSON_ORGANIZATION ( #911, #695, #307 ) ;
#1388 = CARTESIAN_POINT ( 'NONE',  ( -63.00787280171006444, 1.657272186444182616, 9.926198510410765508 ) ) ;
#1389 = DIRECTION ( 'NONE',  ( -0.5000000000000038858, 0.000000000000000000, -0.8660254037844365982 ) ) ;
#1390 = CARTESIAN_POINT ( 'NONE',  ( 0.000000000000000000, 4.500000000000000000, 0.000000000000000000 ) ) ;
#1391 = CARTESIAN_POINT ( 'NONE',  ( -41.73723508353705114, 1.250000000000000222, 43.02678449125570381 ) ) ;
#1392 = APPROVAL_STATUS ( 'not_yet_approved' ) ;
#1393 = ADVANCED_FACE ( 'NONE', ( #703 ), #711, .T. ) ;
#1394 = VERTEX_POINT ( 'NONE', #1429 ) ;
#1395 = PLANE ( 'NONE',  #969 ) ;
#1396 = CARTESIAN_POINT ( 'NONE',  ( -1.254341559211755275, 4.500000000000000000, -11.93426274441928570 ) ) ;
#1397 = CARTESIAN_POINT ( 'NONE',  ( -58.51999750181999360, 1.607903324446255056, 8.351167903952493532 ) ) ;
#1398 = LINE ( 'NONE', #314, #1007 ) ;
#1399 = ORIENTED_EDGE ( 'NONE', *, *, #858, .F. ) ;
#1400 = DIRECTION ( 'NONE',  ( 1.305225087948766361E-16, -1.000000000000000000, -7.535720558802776920E-17 ) ) ;
#1401 = VERTEX_POINT ( 'NONE', #339 ) ;
#1402 = EDGE_CURVE ( 'NONE', #216, #413, #580, .T. ) ;
#1403 = DIRECTION ( 'NONE',  ( -0.5000000000000038858, 0.000000000000000000, -0.8660254037844365982 ) ) ;
#1404 = CARTESIAN_POINT ( 'NONE',  ( -57.56473495973281729, 1.989134830981976076, 8.101658885340702554 ) ) ;
#1405 = AXIS2_PLACEMENT_3D ( 'NONE', #935, #1545, #92 ) ;
#1406 = VERTEX_POINT ( 'NONE', #1536 ) ;
#1407 = DIRECTION ( 'NONE',  ( 0.000000000000000000, 1.000000000000000000, -0.000000000000000000 ) ) ;
#1408 = ORIENTED_EDGE ( 'NONE', *, *, #715, .T. ) ;
#1409 = CARTESIAN_POINT ( 'NONE',  ( -66.70577136593990986, 4.500000000000000000, 11.78001105950688476 ) ) ;
#1410 = LINE ( 'NONE', #106, #1345 ) ;
#1411 = ADVANCED_FACE ( 'NONE', ( #587 ), #1421, .F. ) ;
#1412 = ORIENTED_EDGE ( 'NONE', *, *, #585, .T. ) ;
#1413 = FACE_OUTER_BOUND ( 'NONE', #545, .T. ) ;
#1414 = ORIENTED_EDGE ( 'NONE', *, *, #1114, .F. ) ;
#1415 = CARTESIAN_POINT ( 'NONE',  ( -55.25390519665517530, 4.191410380841437631E-13, 7.615225106179912551 ) ) ;
#1416 = DIRECTION ( 'NONE',  ( 0.000000000000000000, 0.000000000000000000, 1.000000000000000000 ) ) ;
#1417 = EDGE_CURVE ( 'NONE', #990, #1125, #1517, .T. ) ;
#1418 = EDGE_CURVE ( 'NONE', #685, #884, #223, .T. ) ;
#1419 = DIRECTION ( 'NONE',  ( 0.000000000000000000, 0.000000000000000000, -1.000000000000000000 ) ) ;
#1420 = EDGE_LOOP ( 'NONE', ( #1118, #249 ) ) ;
#1421 = CYLINDRICAL_SURFACE ( 'NONE', #551, 2.000000000000014655 ) ;
#1422 = ORIENTED_EDGE ( 'NONE', *, *, #420, .F. ) ;
#1423 = AXIS2_PLACEMENT_3D ( 'NONE', #1370, #1155, #399 ) ;
#1424 = FACE_OUTER_BOUND ( 'NONE', #553, .T. ) ;
#1425 = CARTESIAN_POINT ( 'NONE',  ( -59.30171105060545500, -0.2678970716652777639, 8.577107304372811214 ) ) ;
#1426 = VERTEX_POINT ( 'NONE', #920 ) ;
#1427 = EDGE_CURVE ( 'NONE', #746, #68, #1327, .T. ) ;
#1428 = VECTOR ( 'NONE', #526, 1000.000000000000000 ) ;
#1429 = CARTESIAN_POINT ( 'NONE',  ( -66.31346652052678792, -6.260283675083553941E-15, -11.54049701618187385 ) ) ;
#1430 = EDGE_LOOP ( 'NONE', ( #1200, #918, #797, #1078 ) ) ;
#1431 = DIRECTION ( 'NONE',  ( -0.5000000000000022204, 0.000000000000000000, -0.8660254037844373753 ) ) ;
#1432 = CARTESIAN_POINT ( 'NONE',  ( -56.29927302460915683, -1.739784635394873158, 7.815044101799867526 ) ) ;
#1433 = AXIS2_PLACEMENT_3D ( 'NONE', #21, #719, #992 ) ;
#1434 = VECTOR ( 'NONE', #16, 1000.000000000000114 ) ;
#1435 = ORIENTED_EDGE ( 'NONE', *, *, #142, .T. ) ;
#1436 = ADVANCED_FACE ( 'NONE', ( #1413 ), #1046, .F. ) ;
#1437 =( NAMED_UNIT ( * ) PLANE_ANGLE_UNIT ( ) SI_UNIT ( $, .RADIAN. ) );
#1438 = VERTEX_POINT ( 'NONE', #207 ) ;
#1439 = DIRECTION ( 'NONE',  ( -0.5000000000000026645, 0.000000000000000000, -0.8660254037844371533 ) ) ;
#1440 = CARTESIAN_POINT ( 'NONE',  ( -26.18904686545826266, -13.60684834243688890, -39.32514365863028871 ) ) ;
#1441 = ORIENTED_EDGE ( 'NONE', *, *, #386, .F. ) ;
#1442 = PLANE ( 'NONE',  #349 ) ;
#1443 = ORIENTED_EDGE ( 'NONE', *, *, #1417, .F. ) ;
#1444 = CARTESIAN_POINT ( 'NONE',  ( -62.79431571462558281, -1.474149589880605626, 9.835351204318266483 ) ) ;
#1445 = VECTOR ( 'NONE', #983, 1000.000000000000000 ) ;
#1446 = EDGE_CURVE ( 'NONE', #763, #114, #1054, .T. ) ;
#1447 = DIRECTION ( 'NONE',  ( 0.000000000000000000, -1.000000000000000000, 0.000000000000000000 ) ) ;
#1448 = DIRECTION ( 'NONE',  ( -0.000000000000000000, -1.000000000000000000, -0.000000000000000000 ) ) ;
#1449 = EDGE_LOOP ( 'NONE', ( #227, #633, #1064, #1422, #1521, #887 ) ) ;
#1450 = LINE ( 'NONE', #1459, #1354 ) ;
#1451 = VERTEX_POINT ( 'NONE', #1330 ) ;
#1452 = CIRCLE ( 'NONE', #140, 24.99999999999999289 ) ;
#1453 = CARTESIAN_POINT ( 'NONE',  ( -74.75561342628780892, -1.250000000000004219, -11.28522338111934076 ) ) ;
#1454 = VECTOR ( 'NONE', #1180, 1000.000000000000000 ) ;
#1455 = CARTESIAN_POINT ( 'NONE',  ( -61.25110994858087565, 1.249999999999999778, 9.227761772458695333 ) ) ;
#1456 = DIRECTION ( 'NONE',  ( 0.000000000000000000, 0.000000000000000000, -1.000000000000000000 ) ) ;
#1457 = ADVANCED_FACE ( 'NONE', ( #723 ), #1221, .F. ) ;
#1458 = SECURITY_CLASSIFICATION ( '', '', #1265 ) ;
#1459 = CARTESIAN_POINT ( 'NONE',  ( -63.50961894323335599, 4.500000000000000000, 5.315909444369146364 ) ) ;
#1460 = CARTESIAN_POINT ( 'NONE',  ( -43.00586728866987585, 4.500000000000000000, 24.82944905584720630 ) ) ;
#1461 = EDGE_LOOP ( 'NONE', ( #303, #1211, #1110, #1266 ) ) ;
#1462 = CARTESIAN_POINT ( 'NONE',  ( -64.31271059265515078, -2.000173856409739326, 10.51711862648171447 ) ) ;
#1463 = DIRECTION ( 'NONE',  ( 0.000000000000000000, 0.000000000000000000, 1.000000000000000000 ) ) ;
#1464 = FACE_OUTER_BOUND ( 'NONE', #1086, .T. ) ;
#1465 = VERTEX_POINT ( 'NONE', #1077 ) ;
#1466 = EDGE_CURVE ( 'NONE', #1317, #1406, #496, .T. ) ;
#1467 = LINE ( 'NONE', #1556, #368 ) ;
#1468 = PRODUCT_RELATED_PRODUCT_CATEGORY ( 'detail', '', ( #704 ) ) ;
#1469 = CARTESIAN_POINT ( 'NONE',  ( -34.55882185129948425, 4.500000000000000000, -68.76431758620977064 ) ) ;
#1470 = ORIENTED_EDGE ( 'NONE', *, *, #62, .T. ) ;
#1471 = CARTESIAN_POINT ( 'NONE',  ( 8.196835435408580395, 1.249999999999996669, 14.19733543540852772 ) ) ;
#1472 = LINE ( 'NONE', #839, #601 ) ;
#1473 = LINE ( 'NONE', #754, #495 ) ;
#1474 = ORIENTED_EDGE ( 'NONE', *, *, #1044, .T. ) ;
#1475 = VECTOR ( 'NONE', #150, 1000.000000000000114 ) ;
#1476 = CARTESIAN_POINT ( 'NONE',  ( -61.25110994858088986, -4.500000000000000000, 9.227761772458691780 ) ) ;
#1477 = CALENDAR_DATE ( 2026, 15, 8 ) ;
#1478 = ADVANCED_FACE ( 'NONE', ( #1 ), #1101, .T. ) ;
#1479 = ORIENTED_EDGE ( 'NONE', *, *, #1446, .F. ) ;
#1480 = CARTESIAN_POINT ( 'NONE',  ( -68.04551732809568421, -6.505213034913026604E-15, -10.54049701618185253 ) ) ;
#1481 = AXIS2_PLACEMENT_3D ( 'NONE', #1065, #571, #707 ) ;
#1482 = CARTESIAN_POINT ( 'NONE',  ( -62.92445157571228975, 4.500000000000000000, 36.32944905584712814 ) ) ;
#1483 = LINE ( 'NONE', #1356, #1106 ) ;
#1484 = AXIS2_PLACEMENT_3D ( 'NONE', #700, #939, #1419 ) ;
#1485 = VERTEX_POINT ( 'NONE', #981 ) ;
#1486 = CIRCLE ( 'NONE', #803, 7.000000000000000888 ) ;
#1487 = EDGE_LOOP ( 'NONE', ( #558, #1185, #423, #1528, #891, #189, #518, #1358, #626, #211, #1366, #1443 ) ) ;
#1488 = EDGE_CURVE ( 'NONE', #505, #229, #1109, .T. ) ;
#1489 = DIRECTION ( 'NONE',  ( 0.8660254037844372643, 0.000000000000000000, -0.5000000000000024425 ) ) ;
#1490 = DIRECTION ( 'NONE',  ( -0.5000000000000049960, 0.000000000000000000, -0.8660254037844358210 ) ) ;
#1491 = CARTESIAN_POINT ( 'NONE',  ( -56.07924994735159174, 1.599331618514914233, 7.770204761053917331 ) ) ;
#1492 = ORIENTED_EDGE ( 'NONE', *, *, #417, .F. ) ;
#1493 = CARTESIAN_POINT ( 'NONE',  ( -58.31346652052673818, -6.260283675083553941E-15, 2.315909444369129488 ) ) ;
#1494 = ORIENTED_EDGE ( 'NONE', *, *, #246, .T. ) ;
#1495 = DIRECTION ( 'NONE',  ( -1.305225087948766361E-16, 1.000000000000000000, 7.535720558802776920E-17 ) ) ;
#1496 = LINE ( 'NONE', #168, #1100 ) ;
#1497 = CARTESIAN_POINT ( 'NONE',  ( -55.31161401029650193, 0.5353657315562549979, 7.625235946538779785 ) ) ;
#1498 = CC_DESIGN_DATE_AND_TIME_ASSIGNMENT ( #1240, #520, ( #74 ) ) ;
#1499 = DIRECTION ( 'NONE',  ( 0.000000000000000000, 1.000000000000000000, -0.000000000000000000 ) ) ;
#1500 = AXIS2_PLACEMENT_3D ( 'NONE', #201, #1400, #1178 ) ;
#1501 = PERSON_AND_ORGANIZATION ( #366, #1532 ) ;
#1502 = ORIENTED_EDGE ( 'NONE', *, *, #856, .T. ) ;
#1503 = AXIS2_PLACEMENT_3D ( 'NONE', #427, #538, #297 ) ;
#1504 = FACE_OUTER_BOUND ( 'NONE', #1487, .T. ) ;
#1505 = DIRECTION ( 'NONE',  ( 0.9945218953682741780, 0.000000000000000000, -0.1045284632676463099 ) ) ;
#1506 = CARTESIAN_POINT ( 'NONE',  ( -58.62387823291557254, 1.524751991734613066, 8.380086730938536732 ) ) ;
#1507 = EDGE_CURVE ( 'NONE', #114, #98, #148, .T. ) ;
#1508 = AXIS2_PLACEMENT_3D ( 'NONE', #1072, #1165, #708 ) ;
#1509 = DATE_TIME_ROLE ( 'classification_date' ) ;
#1510 = ORIENTED_EDGE ( 'NONE', *, *, #398, .F. ) ;
#1511 = DIRECTION ( 'NONE',  ( 0.8660254037844372643, 0.000000000000000000, -0.5000000000000024425 ) ) ;
#1512 = LINE ( 'NONE', #644, #947 ) ;
#1513 = CARTESIAN_POINT ( 'NONE',  ( -13.57554842428791986, 4.500000000000000000, -23.51353961147805194 ) ) ;
#1514 = CARTESIAN_POINT ( 'NONE',  ( -61.25110994858087565, -1.250000000000000222, 9.227761772458695333 ) ) ;
#1515 = ORIENTED_EDGE ( 'NONE', *, *, #205, .F. ) ;
#1516 = EDGE_CURVE ( 'NONE', #1323, #1163, #353, .T. ) ;
#1517 = LINE ( 'NONE', #453, #804 ) ;
#1518 = ORIENTED_EDGE ( 'NONE', *, *, #692, .F. ) ;
#1519 = DIRECTION ( 'NONE',  ( 0.8660254037844363761, 0.000000000000000000, -0.5000000000000041078 ) ) ;
#1520 = DIRECTION ( 'NONE',  ( 0.000000000000000000, 1.000000000000000000, -0.000000000000000000 ) ) ;
#1521 = ORIENTED_EDGE ( 'NONE', *, *, #9, .F. ) ;
#1522 = ADVANCED_FACE ( 'NONE', ( #1350 ), #1442, .T. ) ;
#1523 = CARTESIAN_POINT ( 'NONE',  ( -78.86227374922134459, 4.500000000000000000, -21.27566871066820653 ) ) ;
#1524 = VERTEX_POINT ( 'NONE', #264 ) ;
#1525 = DIRECTION ( 'NONE',  ( -0.000000000000000000, -1.000000000000000000, -0.000000000000000000 ) ) ;
#1526 = DIRECTION ( 'NONE',  ( -0.000000000000000000, -1.000000000000000000, -0.000000000000000000 ) ) ;
#1527 = CARTESIAN_POINT ( 'NONE',  ( -57.08141571295787031, 4.500000000000000000, 0.4498840405846749602 ) ) ;
#1528 = ORIENTED_EDGE ( 'NONE', *, *, #550, .F. ) ;
#1529 = DIRECTION ( 'NONE',  ( 0.5000000000000022204, -0.000000000000000000, 0.8660254037844372643 ) ) ;
#1530 = ORIENTED_EDGE ( 'NONE', *, *, #1029, .F. ) ;
#1531 = ADVANCED_FACE ( 'NONE', ( #504 ), #476, .F. ) ;
#1532 = ORGANIZATION ( 'UNSPECIFIED', 'UNSPECIFIED', '' ) ;
#1533 = CARTESIAN_POINT ( 'NONE',  ( -68.87661476330218591, 4.500000000000000000, 8.999999999999992895 ) ) ;
#1534 = DIRECTION ( 'NONE',  ( 0.000000000000000000, 1.000000000000000000, -0.000000000000000000 ) ) ;
#1535 = VERTEX_POINT ( 'NONE', #989 ) ;
#1536 = CARTESIAN_POINT ( 'NONE',  ( -1.254341559211926693, -4.500000000000000000, 11.93426274441926971 ) ) ;
#1537 = ORIENTED_EDGE ( 'NONE', *, *, #929, .F. ) ;
#1538 = CARTESIAN_POINT ( 'NONE',  ( -1.254341559211755275, -4.500000000000000000, -11.93426274441928570 ) ) ;
#1539 = DIRECTION ( 'NONE',  ( -0.000000000000000000, -1.000000000000000000, -0.000000000000000000 ) ) ;
#1540 = EDGE_CURVE ( 'NONE', #114, #990, #962, .T. ) ;
#1541 = ORIENTED_EDGE ( 'NONE', *, *, #1084, .T. ) ;
#1542 = DIRECTION ( 'NONE',  ( 0.8660254037844371533, 0.000000000000000000, -0.5000000000000025535 ) ) ;
#1543 = ORIENTED_EDGE ( 'NONE', *, *, #334, .F. ) ;
#1544 = AXIS2_PLACEMENT_3D ( 'NONE', #1191, #1184, #680 ) ;
#1545 = DIRECTION ( 'NONE',  ( -0.000000000000000000, -1.000000000000000000, 0.000000000000000000 ) ) ;
#1546 = CARTESIAN_POINT ( 'NONE',  ( 0.000000000000000000, -4.500000000000000000, 0.000000000000000000 ) ) ;
#1547 = VECTOR ( 'NONE', #1275, 1000.000000000000000 ) ;
#1548 = ADVANCED_FACE ( 'NONE', ( #625 ), #234, .F. ) ;
#1549 = AXIS2_PLACEMENT_3D ( 'NONE', #26, #841, #970 ) ;
#1550 = ORIENTED_EDGE ( 'NONE', *, *, #9, .T. ) ;
#1551 = AXIS2_PLACEMENT_3D ( 'NONE', #1342, #31, #1089 ) ;
#1552 = CARTESIAN_POINT ( 'NONE',  ( -86.50000000000001421, 4.500000000000000000, -4.504598631319509217 ) ) ;
#1553 = ORIENTED_EDGE ( 'NONE', *, *, #232, .T. ) ;
#1554 = CARTESIAN_POINT ( 'NONE',  ( -59.20994531985606812, -0.6584629408306309495, 8.549550801972955583 ) ) ;
#1555 = LOCAL_TIME ( 10, 44, 19.00000000000000000, #156 ) ;
#1556 = CARTESIAN_POINT ( 'NONE',  ( -62.08141571295791294, -4.500000000000000000, -8.210369997259672203 ) ) ;
ENDSEC;
END-ISO-10303-21;
