ISO-10303-21;
HEADER;
FILE_DESCRIPTION (( 'STEP AP203' ),
    '1' );
FILE_NAME ('CSWA_10_3.STEP',
    '2026-08-12T05:05:06',
    ( '' ),
    ( '' ),
    'SwSTEP 2.0',
    'SolidWorks 2026',
    '' );
FILE_SCHEMA (( 'CONFIG_CONTROL_DESIGN' ));
ENDSEC;

DATA;
#1 = ORIENTED_EDGE ( 'NONE', *, *, #1354, .T. ) ;
#2 = DIRECTION ( 'NONE',  ( 0.000000000000000000, 1.000000000000000000, 0.000000000000000000 ) ) ;
#3 = LINE ( 'NONE', #585, #1326 ) ;
#4 = FACE_OUTER_BOUND ( 'NONE', #1260, .T. ) ;
#5 = DIRECTION ( 'NONE',  ( 1.000000000000000000, 0.000000000000000000, 0.000000000000000000 ) ) ;
#6 = EDGE_LOOP ( 'NONE', ( #239, #220, #567, #20 ) ) ;
#7 = EDGE_CURVE ( 'NONE', #682, #1866, #1486, .T. ) ;
#8 = VERTEX_POINT ( 'NONE', #49 ) ;
#9 = AXIS2_PLACEMENT_3D ( 'NONE', #1469, #739, #1639 ) ;
#10 = AXIS2_PLACEMENT_3D ( 'NONE', #1560, #1860, #116 ) ;
#11 = CIRCLE ( 'NONE', #471, 9.000000000000003553 ) ;
#12 = LOCAL_TIME ( 10, 35, 6.000000000000000000, #729 ) ;
#13 = SHAPE_DEFINITION_REPRESENTATION ( #100, #1821 ) ;
#14 = CARTESIAN_POINT ( 'NONE',  ( -13.49999999999999822, 2.999999999999996447, -11.90588089979066311 ) ) ;
#15 = CARTESIAN_POINT ( 'NONE',  ( 6.499999999999995559, -2.999999999999999112, -11.90588089979066133 ) ) ;
#16 = CARTESIAN_POINT ( 'NONE',  ( 0.000000000000000000, 2.999999999999996447, 0.000000000000000000 ) ) ;
#17 = DIRECTION ( 'NONE',  ( -0.000000000000000000, -1.000000000000000000, 0.000000000000000000 ) ) ;
#18 = VERTEX_POINT ( 'NONE', #183 ) ;
#19 = EDGE_LOOP ( 'NONE', ( #28, #1595, #1817, #1353 ) ) ;
#20 = ORIENTED_EDGE ( 'NONE', *, *, #1906, .T. ) ;
#21 = AXIS2_PLACEMENT_3D ( 'NONE', #1108, #371, #954 ) ;
#22 = ADVANCED_FACE ( 'NONE', ( #1188 ), #1352, .F. ) ;
#23 = CARTESIAN_POINT ( 'NONE',  ( 13.99999999999997513, 6.999999999999995559, -18.00000000000000355 ) ) ;
#24 = CARTESIAN_POINT ( 'NONE',  ( 0.000000000000000000, 0.000000000000000000, 0.000000000000000000 ) ) ;
#25 = CARTESIAN_POINT ( 'NONE',  ( -13.49999999999999822, 8.999999999999996447, -11.90588089979066311 ) ) ;
#26 = DIRECTION ( 'NONE',  ( 0.000000000000000000, -0.000000000000000000, 1.000000000000000000 ) ) ;
#27 = CARTESIAN_POINT ( 'NONE',  ( -10.49999999999999467, -2.999999999999999112, -17.99999999999999645 ) ) ;
#28 = ORIENTED_EDGE ( 'NONE', *, *, #128, .T. ) ;
#29 = VERTEX_POINT ( 'NONE', #59 ) ;
#30 = EDGE_CURVE ( 'NONE', #389, #727, #1743, .T. ) ;
#31 = CARTESIAN_POINT ( 'NONE',  ( -14.00000000000000533, 6.999999999999995559, -13.99999999999999467 ) ) ;
#32 = ADVANCED_FACE ( 'NONE', ( #1046 ), #321, .T. ) ;
#33 = DIRECTION ( 'NONE',  ( 0.000000000000000000, 1.000000000000000000, 0.000000000000000000 ) ) ;
#34 = FACE_OUTER_BOUND ( 'NONE', #286, .T. ) ;
#35 = CARTESIAN_POINT ( 'NONE',  ( 13.50000000000000000, -2.999999999999999112, -11.90588089979065956 ) ) ;
#36 = ORIENTED_EDGE ( 'NONE', *, *, #1514, .T. ) ;
#37 = ORIENTED_EDGE ( 'NONE', *, *, #570, .F. ) ;
#38 = AXIS2_PLACEMENT_3D ( 'NONE', #155, #347, #760 ) ;
#39 = AXIS2_PLACEMENT_3D ( 'NONE', #1427, #1286, #991 ) ;
#40 = CIRCLE ( 'NONE', #383, 4.000000000000001776 ) ;
#41 = CARTESIAN_POINT ( 'NONE',  ( 11.25000000000000178, -2.999999999999999112, -9.921567416492205638 ) ) ;
#42 = ADVANCED_FACE ( 'NONE', ( #1388 ), #1393, .F. ) ;
#43 = LINE ( 'NONE', #1374, #1051 ) ;
#44 = DIRECTION ( 'NONE',  ( -0.7499999999999996669, 0.000000000000000000, -0.6614378277661480121 ) ) ;
#45 = CARTESIAN_POINT ( 'NONE',  ( 13.50000000000000533, -6.999999999999999112, -11.90588089979064534 ) ) ;
#46 = EDGE_CURVE ( 'NONE', #1531, #1370, #1248, .T. ) ;
#47 = ORIENTED_EDGE ( 'NONE', *, *, #1301, .F. ) ;
#48 = AXIS2_PLACEMENT_3D ( 'NONE', #1093, #1561, #97 ) ;
#49 = CARTESIAN_POINT ( 'NONE',  ( -10.49999999999999822, 6.999999999999997335, -11.90588089979066666 ) ) ;
#50 = DATE_TIME_ROLE ( 'creation_date' ) ;
#51 = EDGE_LOOP ( 'NONE', ( #1739, #833, #1853, #1707 ) ) ;
#52 = VECTOR ( 'NONE', #339, 1000.000000000000000 ) ;
#53 = CYLINDRICAL_SURFACE ( 'NONE', #1637, 9.000000000000003553 ) ;
#54 = CARTESIAN_POINT ( 'NONE',  ( 6.499999999999996447, -2.999999999999999112, -11.90588089979066133 ) ) ;
#55 = DIRECTION ( 'NONE',  ( -0.7500000000000004441, 0.000000000000000000, 0.6614378277661472350 ) ) ;
#56 = LINE ( 'NONE', #789, #1310 ) ;
#57 = CARTESIAN_POINT ( 'NONE',  ( -10.49999999999999467, 8.999999999999996447, -11.90588089979066666 ) ) ;
#58 = ORIENTED_EDGE ( 'NONE', *, *, #1658, .F. ) ;
#59 = CARTESIAN_POINT ( 'NONE',  ( 4.500000000000000000, -2.999999999999998224, -18.00000000000000000 ) ) ;
#60 = ORIENTED_EDGE ( 'NONE', *, *, #1063, .F. ) ;
#61 = ORIENTED_EDGE ( 'NONE', *, *, #277, .F. ) ;
#62 = FACE_OUTER_BOUND ( 'NONE', #1179, .T. ) ;
#63 = CYLINDRICAL_SURFACE ( 'NONE', #962, 5.999999999999999112 ) ;
#64 = CARTESIAN_POINT ( 'NONE',  ( 10.49999999999999467, -2.999999999999999112, -18.00000000000000355 ) ) ;
#65 = DIRECTION ( 'NONE',  ( 0.000000000000000000, 1.000000000000000000, 0.000000000000000000 ) ) ;
#66 = ORIENTED_EDGE ( 'NONE', *, *, #1899, .F. ) ;
#67 = CARTESIAN_POINT ( 'NONE',  ( 0.000000000000000000, 2.999999999999995559, 0.000000000000000000 ) ) ;
#68 = EDGE_CURVE ( 'NONE', #1724, #1292, #1103, .T. ) ;
#69 = ORIENTED_EDGE ( 'NONE', *, *, #1618, .T. ) ;
#70 = FACE_OUTER_BOUND ( 'NONE', #429, .T. ) ;
#71 = CARTESIAN_POINT ( 'NONE',  ( 4.500000000000000888, 2.999999999999996447, -11.90588089979066133 ) ) ;
#72 = PLANE ( 'NONE',  #275 ) ;
#73 = DIRECTION ( 'NONE',  ( -0.7499999999999996669, 0.000000000000000000, -0.6614378277661480121 ) ) ;
#74 = ORIENTED_EDGE ( 'NONE', *, *, #1293, .F. ) ;
#75 = DIRECTION ( 'NONE',  ( -0.000000000000000000, 1.000000000000000000, -0.000000000000000000 ) ) ;
#76 = ORIENTED_EDGE ( 'NONE', *, *, #377, .T. ) ;
#77 = ADVANCED_FACE ( 'NONE', ( #530 ), #328, .T. ) ;
#78 = AXIS2_PLACEMENT_3D ( 'NONE', #955, #85, #1675 ) ;
#79 = EDGE_CURVE ( 'NONE', #1870, #675, #1645, .T. ) ;
#80 = CARTESIAN_POINT ( 'NONE',  ( 13.50000000000000000, -8.999999999999998224, -11.90588089979065956 ) ) ;
#81 = AXIS2_PLACEMENT_3D ( 'NONE', #733, #17, #181 ) ;
#82 = LINE ( 'NONE', #1670, #712 ) ;
#83 = AXIS2_PLACEMENT_3D ( 'NONE', #1110, #1369, #1408 ) ;
#84 = CARTESIAN_POINT ( 'NONE',  ( -18.00000000000000355, 6.999999999999995559, 4.460717509654657295E-15 ) ) ;
#85 = DIRECTION ( 'NONE',  ( -1.000000000000000000, 0.000000000000000000, 0.000000000000000000 ) ) ;
#86 = ORIENTED_EDGE ( 'NONE', *, *, #792, .T. ) ;
#87 = DIRECTION ( 'NONE',  ( 0.000000000000000000, 1.000000000000000000, 0.000000000000000000 ) ) ;
#88 = CARTESIAN_POINT ( 'NONE',  ( 13.50000000000000000, -7.000000000000000000, -11.90588089979065956 ) ) ;
#89 = ORIENTED_EDGE ( 'NONE', *, *, #1074, .T. ) ;
#90 = DIRECTION ( 'NONE',  ( 1.000000000000000000, 0.000000000000000000, -1.423276643803382108E-16 ) ) ;
#91 = EDGE_CURVE ( 'NONE', #270, #1531, #1540, .T. ) ;
#92 = DIRECTION ( 'NONE',  ( 1.423276643803382108E-16, -0.000000000000000000, 1.000000000000000000 ) ) ;
#93 = CARTESIAN_POINT ( 'NONE',  ( -10.49999999999999467, 8.999999999999996447, -17.99999999999999645 ) ) ;
#95 = EDGE_CURVE ( 'NONE', #1792, #441, #388, .T. ) ;
#94 = VERTEX_POINT ( 'NONE', #542 ) ;
#96 = DIRECTION ( 'NONE',  ( 0.000000000000000000, 1.000000000000000000, 0.000000000000000000 ) ) ;
#97 = DIRECTION ( 'NONE',  ( -0.7499999999999995559, 0.000000000000000000, -0.6614378277661481231 ) ) ;
#98 = VERTEX_POINT ( 'NONE', #1829 ) ;
#99 = CARTESIAN_POINT ( 'NONE',  ( 13.50000000000000178, 6.999999999999995559, -18.00000000000000355 ) ) ;
#100 = PRODUCT_DEFINITION_SHAPE ( 'NONE', 'NONE',  #994 ) ;
#101 = ADVANCED_FACE ( 'NONE', ( #831 ), #1121, .T. ) ;
#102 = CIRCLE ( 'NONE', #1767, 4.000000000000000000 ) ;
#103 = LINE ( 'NONE', #839, #893 ) ;
#104 = VERTEX_POINT ( 'NONE', #229 ) ;
#105 = LOCAL_TIME ( 10, 35, 6.000000000000000000, #740 ) ;
#106 = CARTESIAN_POINT ( 'NONE',  ( -13.49999999999999112, -6.999999999999999112, -11.90588089979066311 ) ) ;
#107 = DIRECTION ( 'NONE',  ( -0.000000000000000000, -1.000000000000000000, -0.000000000000000000 ) ) ;
#108 = EDGE_CURVE ( 'NONE', #8, #1678, #1715, .T. ) ;
#109 = ORIENTED_EDGE ( 'NONE', *, *, #1745, .T. ) ;
#110 = ORIENTED_EDGE ( 'NONE', *, *, #1572, .F. ) ;
#111 = LINE ( 'NONE', #1106, #1145 ) ;
#112 = FACE_OUTER_BOUND ( 'NONE', #919, .T. ) ;
#113 = DIRECTION ( 'NONE',  ( 0.000000000000000000, 0.000000000000000000, 1.000000000000000000 ) ) ;
#114 = EDGE_LOOP ( 'NONE', ( #1509, #1283, #397, #1864 ) ) ;
#115 = AXIS2_PLACEMENT_3D ( 'NONE', #1537, #1704, #1090 ) ;
#116 = DIRECTION ( 'NONE',  ( -1.000000000000000000, 0.000000000000000000, 1.423276643803382108E-16 ) ) ;
#117 = LINE ( 'NONE', #1307, #707 ) ;
#118 = ORIENTED_EDGE ( 'NONE', *, *, #807, .F. ) ;
#119 = EDGE_CURVE ( 'NONE', #990, #389, #1026, .T. ) ;
#120 = ORIENTED_EDGE ( 'NONE', *, *, #1510, .F. ) ;
#121 = LINE ( 'NONE', #246, #1477 ) ;
#122 = EDGE_CURVE ( 'NONE', #990, #1449, #1282, .T. ) ;
#123 = CARTESIAN_POINT ( 'NONE',  ( -10.49999999999999467, -2.999999999999999112, -17.99999999999999645 ) ) ;
#124 = DIRECTION ( 'NONE',  ( 0.000000000000000000, 0.000000000000000000, -1.000000000000000000 ) ) ;
#125 = ORIENTED_EDGE ( 'NONE', *, *, #887, .F. ) ;
#126 = EDGE_CURVE ( 'NONE', #279, #682, #1125, .T. ) ;
#127 = ORIENTED_EDGE ( 'NONE', *, *, #666, .F. ) ;
#128 = EDGE_CURVE ( 'NONE', #1404, #1015, #883, .T. ) ;
#129 = CARTESIAN_POINT ( 'NONE',  ( -13.49999999999999822, 6.999999999999995559, -11.90588089979066666 ) ) ;
#130 = CARTESIAN_POINT ( 'NONE',  ( -13.49999999999999822, 0.000000000000000000, -11.90588089979066311 ) ) ;
#131 = CARTESIAN_POINT ( 'NONE',  ( -10.49999999999999289, -2.999999999999999112, -11.90588089979066488 ) ) ;
#132 = ORIENTED_EDGE ( 'NONE', *, *, #1116, .F. ) ;
#133 = AXIS2_PLACEMENT_3D ( 'NONE', #80, #353, #933 ) ;
#134 = AXIS2_PLACEMENT_3D ( 'NONE', #979, #1387, #700 ) ;
#135 = VERTEX_POINT ( 'NONE', #1687 ) ;
#136 = AXIS2_PLACEMENT_3D ( 'NONE', #802, #241, #358 ) ;
#137 = EDGE_CURVE ( 'NONE', #389, #818, #219, .T. ) ;
#138 = FACE_OUTER_BOUND ( 'NONE', #1027, .T. ) ;
#139 = DIRECTION ( 'NONE',  ( 0.000000000000000000, 0.000000000000000000, 1.000000000000000000 ) ) ;
#140 = CARTESIAN_POINT ( 'NONE',  ( 10.49999999999999467, -2.999999999999999112, -11.90588089979066133 ) ) ;
#141 = CARTESIAN_POINT ( 'NONE',  ( 0.000000000000000000, -8.999999999999998224, 0.000000000000000000 ) ) ;
#142 = ORIENTED_EDGE ( 'NONE', *, *, #1833, .F. ) ;
#143 = AXIS2_PLACEMENT_3D ( 'NONE', #419, #1006, #1897 ) ;
#144 = VERTEX_POINT ( 'NONE', #1081 ) ;
#145 = LINE ( 'NONE', #464, #1894 ) ;
#146 = CARTESIAN_POINT ( 'NONE',  ( 0.000000000000000000, -9.000000000000003553, 0.000000000000000000 ) ) ;
#147 = CARTESIAN_POINT ( 'NONE',  ( -4.500000000000000000, 2.999999999999996447, -18.00000000000000000 ) ) ;
#148 = AXIS2_PLACEMENT_3D ( 'NONE', #1218, #191, #906 ) ;
#149 = ORIENTED_EDGE ( 'NONE', *, *, #1646, .T. ) ;
#150 = ORIENTED_EDGE ( 'NONE', *, *, #256, .F. ) ;
#151 = CIRCLE ( 'NONE', #1506, 18.00000000000000711 ) ;
#152 = CARTESIAN_POINT ( 'NONE',  ( 0.000000000000000000, 6.999999999999995559, 0.000000000000000000 ) ) ;
#153 = LINE ( 'NONE', #164, #587 ) ;
#154 = PERSON_AND_ORGANIZATION_ROLE ( 'creator' ) ;
#155 = CARTESIAN_POINT ( 'NONE',  ( -10.49999999999999822, 2.999999999999995559, -17.99999999999999645 ) ) ;
#156 = CARTESIAN_POINT ( 'NONE',  ( 6.750000000000007994, -2.999999999999998224, -5.952940449895326225 ) ) ;
#157 = ORIENTED_EDGE ( 'NONE', *, *, #1487, .F. ) ;
#158 = EDGE_CURVE ( 'NONE', #727, #1160, #366, .T. ) ;
#159 = ORIENTED_EDGE ( 'NONE', *, *, #1539, .F. ) ;
#160 = ORIENTED_EDGE ( 'NONE', *, *, #1450, .T. ) ;
#161 = CIRCLE ( 'NONE', #1357, 14.99999999999999645 ) ;
#162 = CIRCLE ( 'NONE', #1711, 7.000000000000006217 ) ;
#163 = CARTESIAN_POINT ( 'NONE',  ( -10.49999999999999822, 6.999999999999997335, -17.99999999999999645 ) ) ;
#164 = CARTESIAN_POINT ( 'NONE',  ( 10.49999999999999467, 8.999999999999996447, -11.90588089979066133 ) ) ;
#165 = PERSON_AND_ORGANIZATION ( #1038, #1606 ) ;
#166 = CARTESIAN_POINT ( 'NONE',  ( 0.000000000000000000, -7.000000000000000000, 0.000000000000000000 ) ) ;
#167 = AXIS2_PLACEMENT_3D ( 'NONE', #698, #1306, #1148 ) ;
#168 = DIRECTION ( 'NONE',  ( 0.000000000000000000, -1.000000000000000000, 0.000000000000000000 ) ) ;
#169 = ORIENTED_EDGE ( 'NONE', *, *, #912, .F. ) ;
#170 = DIRECTION ( 'NONE',  ( 0.000000000000000000, -1.000000000000000000, -0.000000000000000000 ) ) ;
#171 = DATE_AND_TIME ( #479, #105 ) ;
#172 = VECTOR ( 'NONE', #722, 1000.000000000000000 ) ;
#173 = EDGE_CURVE ( 'NONE', #1111, #1292, #1570, .T. ) ;
#174 = ORIENTED_EDGE ( 'NONE', *, *, #1733, .T. ) ;
#175 = ORIENTED_EDGE ( 'NONE', *, *, #702, .T. ) ;
#176 = CALENDAR_DATE ( 2026, 12, 8 ) ;
#177 = DIRECTION ( 'NONE',  ( 0.000000000000000000, 1.000000000000000000, 0.000000000000000000 ) ) ;
#178 = DIRECTION ( 'NONE',  ( -0.7500000000000003331, 0.000000000000000000, 0.6614378277661474570 ) ) ;
#179 =( NAMED_UNIT ( * ) PLANE_ANGLE_UNIT ( ) SI_UNIT ( $, .RADIAN. ) );
#180 = DIRECTION ( 'NONE',  ( 0.000000000000000000, 1.000000000000000000, 0.000000000000000000 ) ) ;
#181 = DIRECTION ( 'NONE',  ( 1.000000000000000000, 0.000000000000000000, 0.000000000000000000 ) ) ;
#182 = ORIENTED_EDGE ( 'NONE', *, *, #1415, .F. ) ;
#183 = CARTESIAN_POINT ( 'NONE',  ( 18.00000000000000355, -8.999999999999996447, -2.168401508923204092E-15 ) ) ;
#184 = EDGE_LOOP ( 'NONE', ( #1563, #774, #1220, #1198 ) ) ;
#185 = ADVANCED_FACE ( 'NONE', ( #793 ), #1626, .T. ) ;
#186 = PERSON_AND_ORGANIZATION_ROLE ( 'classification_officer' ) ;
#187 = EDGE_CURVE ( 'NONE', #598, #1498, #1694, .T. ) ;
#188 = DIRECTION ( 'NONE',  ( 1.423276643803383094E-16, 0.000000000000000000, 1.000000000000000000 ) ) ;
#189 = CARTESIAN_POINT ( 'NONE',  ( 10.49999999999999822, 6.999999999999997335, -18.00000000000000355 ) ) ;
#190 = PERSON_AND_ORGANIZATION ( #1038, #1606 ) ;
#191 = DIRECTION ( 'NONE',  ( -1.423276643803382108E-16, 0.000000000000000000, -1.000000000000000000 ) ) ;
#192 = MANIFOLD_SOLID_BREP ( 'Mirror2', #1612 ) ;
#193 = CARTESIAN_POINT ( 'NONE',  ( -10.49999999999999289, -9.000000000000003553, -11.90588089979066488 ) ) ;
#194 = VERTEX_POINT ( 'NONE', #269 ) ;
#195 = APPROVAL_STATUS ( 'not_yet_approved' ) ;
#196 = ORIENTED_EDGE ( 'NONE', *, *, #1178, .F. ) ;
#197 = ORIENTED_EDGE ( 'NONE', *, *, #850, .T. ) ;
#198 = CIRCLE ( 'NONE', #265, 4.000000000000000000 ) ;
#199 = AXIS2_PLACEMENT_3D ( 'NONE', #1171, #435, #1021 ) ;
#200 = ADVANCED_FACE ( 'NONE', ( #709 ), #874, .F. ) ;
#201 = AXIS2_PLACEMENT_3D ( 'NONE', #941, #1240, #1381 ) ;
#202 = CARTESIAN_POINT ( 'NONE',  ( 0.000000000000000000, 0.000000000000000000, 0.000000000000000000 ) ) ;
#203 = DIRECTION ( 'NONE',  ( -1.000000000000000000, 0.000000000000000000, 0.000000000000000000 ) ) ;
#204 = DATE_AND_TIME ( #346, #1768 ) ;
#205 = FACE_OUTER_BOUND ( 'NONE', #1055, .T. ) ;
#206 = ORIENTED_EDGE ( 'NONE', *, *, #1149, .T. ) ;
#207 = ORIENTED_EDGE ( 'NONE', *, *, #1681, .T. ) ;
#208 = APPROVAL_ROLE ( '' ) ;
#209 = ORIENTED_EDGE ( 'NONE', *, *, #912, .T. ) ;
#210 = ORIENTED_EDGE ( 'NONE', *, *, #923, .F. ) ;
#211 = AXIS2_PLACEMENT_3D ( 'NONE', #628, #1339, #1484 ) ;
#212 = CARTESIAN_POINT ( 'NONE',  ( 13.50000000000000000, 2.999999999999996447, -11.90588089979065956 ) ) ;
#213 = EDGE_CURVE ( 'NONE', #900, #1080, #557, .T. ) ;
#214 = DIRECTION ( 'NONE',  ( 0.000000000000000000, 1.000000000000000000, 0.000000000000000000 ) ) ;
#215 = APPROVAL_DATE_TIME ( #1475, #647 ) ;
#216 = DIRECTION ( 'NONE',  ( -1.000000000000000000, 0.000000000000000000, 0.000000000000000000 ) ) ;
#217 = CARTESIAN_POINT ( 'NONE',  ( 0.000000000000000000, 2.999999999999995559, 0.000000000000000000 ) ) ;
#218 = EDGE_LOOP ( 'NONE', ( #1226, #932, #394, #1603 ) ) ;
#219 = LINE ( 'NONE', #396, #553 ) ;
#220 = ORIENTED_EDGE ( 'NONE', *, *, #882, .F. ) ;
#221 = VECTOR ( 'NONE', #1585, 1000.000000000000000 ) ;
#222 = DIRECTION ( 'NONE',  ( -0.000000000000000000, 1.000000000000000000, -0.000000000000000000 ) ) ;
#223 = DIRECTION ( 'NONE',  ( 0.000000000000000000, -1.000000000000000000, 0.000000000000000000 ) ) ;
#224 = FACE_OUTER_BOUND ( 'NONE', #519, .T. ) ;
#225 = CARTESIAN_POINT ( 'NONE',  ( 0.000000000000000000, 0.000000000000000000, 0.000000000000000000 ) ) ;
#226 = VERTEX_POINT ( 'NONE', #1316 ) ;
#227 = EDGE_CURVE ( 'NONE', #453, #1724, #1624, .T. ) ;
#228 = CARTESIAN_POINT ( 'NONE',  ( -18.00000000000000355, 6.999999999999995559, 4.460717509654657295E-15 ) ) ;
#229 = CARTESIAN_POINT ( 'NONE',  ( 13.49999999999999645, 8.999999999999996447, -11.90588089979066844 ) ) ;
#230 = ORIENTED_EDGE ( 'NONE', *, *, #898, .F. ) ;
#231 = EDGE_CURVE ( 'NONE', #972, #1485, #982, .T. ) ;
#232 = DIRECTION ( 'NONE',  ( -1.423276643803382108E-16, -0.000000000000000000, -1.000000000000000000 ) ) ;
#233 = CARTESIAN_POINT ( 'NONE',  ( 17.99999999999999645, -6.999999999999999112, -2.168401508923203303E-15 ) ) ;
#234 = VECTOR ( 'NONE', #345, 1000.000000000000000 ) ;
#235 = FACE_OUTER_BOUND ( 'NONE', #631, .T. ) ;
#236 = VECTOR ( 'NONE', #1786, 1000.000000000000000 ) ;
#237 = LINE ( 'NONE', #1224, #1367 ) ;
#238 = CYLINDRICAL_SURFACE ( 'NONE', #335, 18.00000000000000711 ) ;
#239 = ORIENTED_EDGE ( 'NONE', *, *, #1158, .T. ) ;
#240 = CYLINDRICAL_SURFACE ( 'NONE', #326, 4.000000000000000000 ) ;
#241 = DIRECTION ( 'NONE',  ( 0.000000000000000000, 1.000000000000000000, 0.000000000000000000 ) ) ;
#242 = AXIS2_PLACEMENT_3D ( 'NONE', #1113, #1862, #1402 ) ;
#243 = ORIENTED_EDGE ( 'NONE', *, *, #79, .T. ) ;
#244 = ADVANCED_FACE ( 'NONE', ( #1900 ), #1883, .F. ) ;
#245 = ORIENTED_EDGE ( 'NONE', *, *, #1395, .T. ) ;
#246 = CARTESIAN_POINT ( 'NONE',  ( 0.000000000000000000, 0.000000000000000000, 17.99999999999999645 ) ) ;
#247 = CIRCLE ( 'NONE', #115, 5.999999999999998224 ) ;
#248 = CIRCLE ( 'NONE', #659, 5.999999999999999112 ) ;
#249 = FACE_OUTER_BOUND ( 'NONE', #1784, .T. ) ;
#250 = FACE_OUTER_BOUND ( 'NONE', #1571, .T. ) ;
#251 = ORIENTED_EDGE ( 'NONE', *, *, #1810, .T. ) ;
#252 = PLANE ( 'NONE',  #1020 ) ;
#253 = CARTESIAN_POINT ( 'NONE',  ( -6.749999999999999112, 2.999999999999996447, -5.952940449895333330 ) ) ;
#254 = ORIENTED_EDGE ( 'NONE', *, *, #46, .T. ) ;
#255 = EDGE_LOOP ( 'NONE', ( #699, #1363, #1399, #1808 ) ) ;
#256 = EDGE_CURVE ( 'NONE', #672, #8, #117, .T. ) ;
#257 = DIRECTION ( 'NONE',  ( -1.000000000000000000, 2.891205793294679312E-16, 0.000000000000000000 ) ) ;
#258 = CARTESIAN_POINT ( 'NONE',  ( 10.49999999999999645, -8.999999999999998224, -11.90588089979065956 ) ) ;
#259 = ORIENTED_EDGE ( 'NONE', *, *, #1668, .T. ) ;
#260 = DIRECTION ( 'NONE',  ( 1.423276643803383094E-16, 0.000000000000000000, 1.000000000000000000 ) ) ;
#261 = CARTESIAN_POINT ( 'NONE',  ( 18.00000000000000355, 8.999999999999996447, -4.460717509654656506E-15 ) ) ;
#262 = ORIENTED_EDGE ( 'NONE', *, *, #95, .T. ) ;
#263 = CARTESIAN_POINT ( 'NONE',  ( 13.50000000000000000, 6.999999999999997335, -11.90588089979065956 ) ) ;
#264 = LINE ( 'NONE', #129, #817 ) ;
#265 = AXIS2_PLACEMENT_3D ( 'NONE', #274, #266, #393 ) ;
#266 = DIRECTION ( 'NONE',  ( 0.000000000000000000, 1.000000000000000000, -0.000000000000000000 ) ) ;
#267 = VERTEX_POINT ( 'NONE', #278 ) ;
#268 = CIRCLE ( 'NONE', #1859, 5.999999999999999112 ) ;
#269 = CARTESIAN_POINT ( 'NONE',  ( -10.49999999999999467, -7.000000000000000000, -11.90588089979066666 ) ) ;
#270 = VERTEX_POINT ( 'NONE', #550 ) ;
#271 = ORIENTED_EDGE ( 'NONE', *, *, #1765, .T. ) ;
#272 = DIRECTION ( 'NONE',  ( 0.000000000000000000, 1.000000000000000000, 0.000000000000000000 ) ) ;
#273 = CIRCLE ( 'NONE', #1128, 9.000000000000001776 ) ;
#274 = CARTESIAN_POINT ( 'NONE',  ( -14.00000000000000533, 8.999999999999996447, -13.99999999999999467 ) ) ;
#275 = AXIS2_PLACEMENT_3D ( 'NONE', #1243, #1264, #537 ) ;
#276 = CARTESIAN_POINT ( 'NONE',  ( -6.499999999999994671, 2.999999999999995559, -18.00000000000000000 ) ) ;
#277 = EDGE_CURVE ( 'NONE', #1792, #194, #368, .T. ) ;
#278 = CARTESIAN_POINT ( 'NONE',  ( -10.49999999999999467, -7.000000000000000000, -17.99999999999999645 ) ) ;
#279 = VERTEX_POINT ( 'NONE', #848 ) ;
#280 = ADVANCED_FACE ( 'NONE', ( #1024 ), #1136, .T. ) ;
#281 = ORIENTED_EDGE ( 'NONE', *, *, #1406, .F. ) ;
#282 = CARTESIAN_POINT ( 'NONE',  ( 0.000000000000000000, -2.999999999999999112, 0.000000000000000000 ) ) ;
#283 = CYLINDRICAL_SURFACE ( 'NONE', #1636, 7.000000000000002665 ) ;
#284 = DIRECTION ( 'NONE',  ( -1.423276643803383094E-16, -0.000000000000000000, -1.000000000000000000 ) ) ;
#285 = ADVANCED_FACE ( 'NONE', ( #423 ), #726, .T. ) ;
#286 = EDGE_LOOP ( 'NONE', ( #1245, #1137, #1497, #1701 ) ) ;
#287 = ADVANCED_FACE ( 'NONE', ( #1291 ), #718, .T. ) ;
#288 = ORIENTED_EDGE ( 'NONE', *, *, #412, .F. ) ;
#289 = DIRECTION ( 'NONE',  ( -0.000000000000000000, -1.000000000000000000, 0.000000000000000000 ) ) ;
#290 = FACE_OUTER_BOUND ( 'NONE', #1431, .T. ) ;
#291 = CARTESIAN_POINT ( 'NONE',  ( 10.49999999999999822, 2.999999999999995559, -11.90588089979066133 ) ) ;
#292 = AXIS2_PLACEMENT_3D ( 'NONE', #263, #706, #1295 ) ;
#293 = ORIENTED_EDGE ( 'NONE', *, *, #540, .F. ) ;
#294 = CIRCLE ( 'NONE', #686, 7.000000000000004441 ) ;
#295 =( GEOMETRIC_REPRESENTATION_CONTEXT ( 3 ) GLOBAL_UNCERTAINTY_ASSIGNED_CONTEXT ( ( #1692 ) ) GLOBAL_UNIT_ASSIGNED_CONTEXT ( ( #926, #179, #1215 ) ) REPRESENTATION_CONTEXT ( 'NONE', 'WORKASPACE' ) );
#296 = ORIENTED_EDGE ( 'NONE', *, *, #949, .T. ) ;
#297 = ADVANCED_FACE ( 'NONE', ( #414 ), #428, .T. ) ;
#298 = APPROVAL_ROLE ( '' ) ;
#299 = ADVANCED_FACE ( 'NONE', ( #1762 ), #1322, .F. ) ;
#300 = CARTESIAN_POINT ( 'NONE',  ( 0.000000000000000000, 8.999999999999994671, 15.00000000000000000 ) ) ;
#301 = DIRECTION ( 'NONE',  ( 1.000000000000000000, 0.000000000000000000, -1.423276643803383094E-16 ) ) ;
#302 = DIRECTION ( 'NONE',  ( -0.000000000000000000, -1.000000000000000000, -0.000000000000000000 ) ) ;
#303 = ORIENTED_EDGE ( 'NONE', *, *, #1755, .F. ) ;
#304 = AXIS2_PLACEMENT_3D ( 'NONE', #967, #1099, #495 ) ;
#305 = ORIENTED_EDGE ( 'NONE', *, *, #1686, .F. ) ;
#306 = ORIENTED_EDGE ( 'NONE', *, *, #1539, .T. ) ;
#307 = DIRECTION ( 'NONE',  ( 0.000000000000000000, 0.000000000000000000, 1.000000000000000000 ) ) ;
#308 = ADVANCED_FACE ( 'NONE', ( #1882 ), #997, .F. ) ;
#309 = CYLINDRICAL_SURFACE ( 'NONE', #588, 10.99999999999999822 ) ;
#310 = DIRECTION ( 'NONE',  ( 0.000000000000000000, 1.000000000000000000, 0.000000000000000000 ) ) ;
#311 = EDGE_CURVE ( 'NONE', #135, #1292, #151, .T. ) ;
#312 = CARTESIAN_POINT ( 'NONE',  ( 13.49999999999999112, -6.999999999999999112, -11.90588089979066311 ) ) ;
#313 = VECTOR ( 'NONE', #927, 1000.000000000000000 ) ;
#314 = ORIENTED_EDGE ( 'NONE', *, *, #1763, .T. ) ;
#315 = ORIENTED_EDGE ( 'NONE', *, *, #637, .T. ) ;
#316 = LINE ( 'NONE', #1183, #322 ) ;
#317 = APPLICATION_PROTOCOL_DEFINITION ( 'international standard', 'config_control_design', 1994, #559 ) ;
#318 = CARTESIAN_POINT ( 'NONE',  ( 4.499999999999999112, -2.999999999999998224, -11.90588089979066311 ) ) ;
#319 = CARTESIAN_POINT ( 'NONE',  ( -18.00000000000000355, 8.999999999999996447, 2.222611617547480103E-15 ) ) ;
#320 = ORIENTED_EDGE ( 'NONE', *, *, #782, .F. ) ;
#321 = PLANE ( 'NONE',  #1364 ) ;
#322 = VECTOR ( 'NONE', #1194, 1000.000000000000000 ) ;
#323 = EDGE_CURVE ( 'NONE', #710, #29, #522, .T. ) ;
#324 = ORIENTED_EDGE ( 'NONE', *, *, #1270, .F. ) ;
#325 = VECTOR ( 'NONE', #232, 1000.000000000000000 ) ;
#326 = AXIS2_PLACEMENT_3D ( 'NONE', #670, #556, #988 ) ;
#327 = CARTESIAN_POINT ( 'NONE',  ( -11.24999999999999645, 6.999999999999997335, -9.921567416492218072 ) ) ;
#328 = TOROIDAL_SURFACE ( 'NONE', #242, 3.000000000000002665, 5.999999999999999112 ) ;
#329 = CARTESIAN_POINT ( 'NONE',  ( 4.336808689942017736E-16, 6.999999999999997335, 15.00000000000000000 ) ) ;
#330 = CARTESIAN_POINT ( 'NONE',  ( -10.49999999999999822, 2.999999999999995559, -17.99999999999999645 ) ) ;
#331 = EDGE_LOOP ( 'NONE', ( #1304, #373, #1892, #1377 ) ) ;
#332 = AXIS2_PLACEMENT_3D ( 'NONE', #1225, #518, #348 ) ;
#333 = ORIENTED_EDGE ( 'NONE', *, *, #1158, .F. ) ;
#334 = ADVANCED_FACE ( 'NONE', ( #4 ), #1223, .T. ) ;
#335 = AXIS2_PLACEMENT_3D ( 'NONE', #225, #65, #1232 ) ;
#336 = CARTESIAN_POINT ( 'NONE',  ( 4.499999999999999112, 2.999999999999996447, -11.90588089979066311 ) ) ;
#337 = CARTESIAN_POINT ( 'NONE',  ( -10.49999999999999467, -8.999999999999998224, -17.99999999999999645 ) ) ;
#338 = DIRECTION ( 'NONE',  ( 1.000000000000000000, 0.000000000000000000, 0.000000000000000000 ) ) ;
#339 = DIRECTION ( 'NONE',  ( 1.423276643803383094E-16, 0.000000000000000000, 1.000000000000000000 ) ) ;
#340 = VERTEX_POINT ( 'NONE', #1642 ) ;
#341 = ORIENTED_EDGE ( 'NONE', *, *, #1874, .T. ) ;
#342 = EDGE_LOOP ( 'NONE', ( #460, #305, #1386, #1072 ) ) ;
#343 = AXIS2_PLACEMENT_3D ( 'NONE', #1165, #579, #1602 ) ;
#344 = CARTESIAN_POINT ( 'NONE',  ( -11.24999999999999289, 8.999999999999996447, -9.921567416492216296 ) ) ;
#345 = DIRECTION ( 'NONE',  ( 0.000000000000000000, 1.000000000000000000, 0.000000000000000000 ) ) ;
#346 = CALENDAR_DATE ( 2026, 12, 8 ) ;
#347 = DIRECTION ( 'NONE',  ( 1.423276643803382847E-16, 0.000000000000000000, 1.000000000000000000 ) ) ;
#348 = DIRECTION ( 'NONE',  ( 0.000000000000000000, 0.000000000000000000, 1.000000000000000000 ) ) ;
#349 = ORIENTED_EDGE ( 'NONE', *, *, #30, .T. ) ;
#350 = EDGE_LOOP ( 'NONE', ( #756, #762, #1143 ) ) ;
#351 = AXIS2_PLACEMENT_3D ( 'NONE', #834, #695, #1887 ) ;
#352 = PRODUCT_DEFINITION_FORMATION_WITH_SPECIFIED_SOURCE ( 'ANY', '', #1271, .NOT_KNOWN. ) ;
#353 = DIRECTION ( 'NONE',  ( -0.000000000000000000, -1.000000000000000000, -0.000000000000000000 ) ) ;
#354 = CYLINDRICAL_SURFACE ( 'NONE', #742, 17.99999999999999645 ) ;
#355 = CARTESIAN_POINT ( 'NONE',  ( -6.499999999999993783, 2.999999999999995559, -11.90588089979066488 ) ) ;
#356 = EDGE_LOOP ( 'NONE', ( #160, #61, #37, #1886 ) ) ;
#357 = VECTOR ( 'NONE', #681, 1000.000000000000000 ) ;
#358 = DIRECTION ( 'NONE',  ( -0.7499999999999996669, 0.000000000000000000, -0.6614378277661480121 ) ) ;
#359 = ORIENTED_EDGE ( 'NONE', *, *, #1833, .T. ) ;
#360 = AXIS2_PLACEMENT_3D ( 'NONE', #166, #750, #608 ) ;
#361 = CARTESIAN_POINT ( 'NONE',  ( -10.49999999999999467, -8.999999999999998224, -11.90588089979066666 ) ) ;
#362 = CARTESIAN_POINT ( 'NONE',  ( 18.00000000000000000, -8.999999999999996447, -13.99999999999997513 ) ) ;
#363 = PLANE ( 'NONE',  #723 ) ;
#364 = ADVANCED_FACE ( 'NONE', ( #34 ), #486, .T. ) ;
#365 = ORIENTED_EDGE ( 'NONE', *, *, #1681, .F. ) ;
#366 = LINE ( 'NONE', #948, #611 ) ;
#367 = ORIENTED_EDGE ( 'NONE', *, *, #767, .F. ) ;
#368 = CIRCLE ( 'NONE', #852, 4.000000000000000000 ) ;
#369 = FACE_OUTER_BOUND ( 'NONE', #720, .T. ) ;
#370 = PLANE ( 'NONE',  #1235 ) ;
#371 = DIRECTION ( 'NONE',  ( 0.000000000000000000, 1.000000000000000000, 0.000000000000000000 ) ) ;
#372 = DIRECTION ( 'NONE',  ( 0.000000000000000000, 0.000000000000000000, 1.000000000000000000 ) ) ;
#373 = ORIENTED_EDGE ( 'NONE', *, *, #581, .T. ) ;
#374 = PLANE ( 'NONE',  #134 ) ;
#375 = DIRECTION ( 'NONE',  ( 1.000000000000000000, 0.000000000000000000, 0.000000000000000000 ) ) ;
#376 = ORIENTED_EDGE ( 'NONE', *, *, #128, .F. ) ;
#377 = EDGE_CURVE ( 'NONE', #1500, #1880, #1338, .T. ) ;
#378 = ORIENTED_EDGE ( 'NONE', *, *, #187, .F. ) ;
#379 = CARTESIAN_POINT ( 'NONE',  ( -13.49999999999999289, -6.999999999999999112, -11.90588089979066488 ) ) ;
#380 = AXIS2_PLACEMENT_3D ( 'NONE', #123, #1007, #854 ) ;
#381 = FACE_OUTER_BOUND ( 'NONE', #794, .T. ) ;
#382 = CIRCLE ( 'NONE', #133, 3.000000000000003109 ) ;
#383 = AXIS2_PLACEMENT_3D ( 'NONE', #1328, #891, #1346 ) ;
#384 = FACE_OUTER_BOUND ( 'NONE', #1228, .T. ) ;
#385 = DIRECTION ( 'NONE',  ( 1.423276643803383094E-16, 0.000000000000000000, 1.000000000000000000 ) ) ;
#386 = VERTEX_POINT ( 'NONE', #1330 ) ;
#387 = CARTESIAN_POINT ( 'NONE',  ( -6.499999999999993783, -2.999999999999999112, -11.90588089979066666 ) ) ;
#388 = CIRCLE ( 'NONE', #1455, 7.000000000000006217 ) ;
#389 = VERTEX_POINT ( 'NONE', #1471 ) ;
#390 = DIRECTION ( 'NONE',  ( 1.000000000000000000, 2.891205793294679312E-16, 1.927470528863119049E-16 ) ) ;
#391 = VECTOR ( 'NONE', #1814, 1000.000000000000000 ) ;
#392 = CARTESIAN_POINT ( 'NONE',  ( -4.499999999999999112, 2.999999999999996447, -11.90588089979066488 ) ) ;
#393 = DIRECTION ( 'NONE',  ( 0.000000000000000000, 0.000000000000000000, 1.000000000000000000 ) ) ;
#394 = ORIENTED_EDGE ( 'NONE', *, *, #1514, .F. ) ;
#395 = CARTESIAN_POINT ( 'NONE',  ( -18.00000000000000711, 6.999999999999995559, -13.99999999999996803 ) ) ;
#396 = CARTESIAN_POINT ( 'NONE',  ( 0.000000000000000000, 0.000000000000000000, 9.000000000000003553 ) ) ;
#397 = ORIENTED_EDGE ( 'NONE', *, *, #755, .F. ) ;
#398 = ORIENTED_EDGE ( 'NONE', *, *, #108, .T. ) ;
#399 = CARTESIAN_POINT ( 'NONE',  ( -4.500000000000000000, 2.999999999999996447, -18.00000000000000000 ) ) ;
#400 = EDGE_LOOP ( 'NONE', ( #1828, #1568, #1599, #109, #1261, #1210, #816, #1095, #431, #488, #1176, #365, #1056, #539, #703, #1764 ) ) ;
#401 = AXIS2_PLACEMENT_3D ( 'NONE', #596, #1196, #1789 ) ;
#402 = CARTESIAN_POINT ( 'NONE',  ( 18.00000000000000000, -6.999999999999995559, -13.99999999999997513 ) ) ;
#403 = CARTESIAN_POINT ( 'NONE',  ( 0.000000000000000000, 0.000000000000000000, 10.99999999999999822 ) ) ;
#404 = ORIENTED_EDGE ( 'NONE', *, *, #227, .F. ) ;
#405 = FACE_OUTER_BOUND ( 'NONE', #639, .T. ) ;
#406 = CARTESIAN_POINT ( 'NONE',  ( 13.50000000000000000, -2.999999999999999112, -11.90588089979065956 ) ) ;
#407 = EDGE_LOOP ( 'NONE', ( #477, #1676, #661, #1294 ) ) ;
#408 = CARTESIAN_POINT ( 'NONE',  ( 10.49999999999999467, 8.999999999999996447, -18.00000000000000355 ) ) ;
#409 = EDGE_CURVE ( 'NONE', #1331, #18, #586, .T. ) ;
#410 = FACE_OUTER_BOUND ( 'NONE', #543, .T. ) ;
#411 = CARTESIAN_POINT ( 'NONE',  ( -11.24999999999999467, -2.999999999999999112, -9.921567416492218072 ) ) ;
#412 = EDGE_CURVE ( 'NONE', #851, #1880, #617, .T. ) ;
#413 = VECTOR ( 'NONE', #1432, 1000.000000000000000 ) ;
#414 = FACE_OUTER_BOUND ( 'NONE', #1138, .T. ) ;
#415 = EDGE_LOOP ( 'NONE', ( #875, #1280, #1343, #1012 ) ) ;
#416 = ORIENTED_EDGE ( 'NONE', *, *, #256, .T. ) ;
#417 = CARTESIAN_POINT ( 'NONE',  ( 18.00000000000000000, -6.999999999999995559, -13.99999999999997513 ) ) ;
#418 = VECTOR ( 'NONE', #1385, 1000.000000000000000 ) ;
#419 = CARTESIAN_POINT ( 'NONE',  ( -11.24999999999999645, 2.999999999999995559, -9.921567416492219849 ) ) ;
#420 = VECTOR ( 'NONE', #496, 1000.000000000000000 ) ;
#421 = FACE_OUTER_BOUND ( 'NONE', #1361, .T. ) ;
#422 = AXIS2_PLACEMENT_3D ( 'NONE', #1706, #799, #783 ) ;
#423 = FACE_OUTER_BOUND ( 'NONE', #1564, .T. ) ;
#424 = EDGE_CURVE ( 'NONE', #818, #1160, #11, .T. ) ;
#425 = VERTEX_POINT ( 'NONE', #1797 ) ;
#426 = VERTEX_POINT ( 'NONE', #318 ) ;
#427 = DIRECTION ( 'NONE',  ( -0.000000000000000000, -1.000000000000000000, -0.000000000000000000 ) ) ;
#428 = PLANE ( 'NONE',  #1164 ) ;
#429 = EDGE_LOOP ( 'NONE', ( #1159, #528, #1877, #1140 ) ) ;
#430 = COORDINATED_UNIVERSAL_TIME_OFFSET ( 5, 30, .AHEAD. ) ;
#431 = ORIENTED_EDGE ( 'NONE', *, *, #1765, .F. ) ;
#432 = EDGE_CURVE ( 'NONE', #851, #1500, #1238, .T. ) ;
#433 = CARTESIAN_POINT ( 'NONE',  ( -18.00000000000000355, -9.000000000000003553, 4.460717509654657295E-15 ) ) ;
#434 = PERSON_AND_ORGANIZATION ( #1038, #1606 ) ;
#435 = DIRECTION ( 'NONE',  ( -0.000000000000000000, -1.000000000000000000, -0.000000000000000000 ) ) ;
#436 = CARTESIAN_POINT ( 'NONE',  ( 0.000000000000000000, -9.000000000000003553, 17.99999999999999645 ) ) ;
#437 = DIRECTION ( 'NONE',  ( 0.000000000000000000, 1.000000000000000000, 0.000000000000000000 ) ) ;
#438 = DIRECTION ( 'NONE',  ( -0.000000000000000000, -1.000000000000000000, -0.000000000000000000 ) ) ;
#439 = CIRCLE ( 'NONE', #992, 9.000000000000000000 ) ;
#440 = VECTOR ( 'NONE', #260, 1000.000000000000000 ) ;
#441 = VERTEX_POINT ( 'NONE', #1505 ) ;
#442 = AXIS2_PLACEMENT_3D ( 'NONE', #1394, #188, #1355 ) ;
#443 = ORIENTED_EDGE ( 'NONE', *, *, #882, .T. ) ;
#444 = EDGE_CURVE ( 'NONE', #1025, #1696, #1480, .T. ) ;
#445 = VECTOR ( 'NONE', #825, 1000.000000000000000 ) ;
#446 = CARTESIAN_POINT ( 'NONE',  ( 0.000000000000000000, 0.000000000000000000, 0.000000000000000000 ) ) ;
#447 = DIRECTION ( 'NONE',  ( 0.7500000000000003331, 2.891205793294679312E-16, -0.6614378277661472350 ) ) ;
#448 = CARTESIAN_POINT ( 'NONE',  ( 0.000000000000000000, 0.000000000000000000, 0.000000000000000000 ) ) ;
#449 = DIRECTION ( 'NONE',  ( 1.000000000000000000, 0.000000000000000000, -1.423276643803382108E-16 ) ) ;
#450 = CARTESIAN_POINT ( 'NONE',  ( 0.000000000000000000, 6.999999999999995559, 0.000000000000000000 ) ) ;
#451 = ORIENTED_EDGE ( 'NONE', *, *, #574, .F. ) ;
#452 = AXIS2_PLACEMENT_3D ( 'NONE', #1673, #943, #216 ) ;
#453 = VERTEX_POINT ( 'NONE', #1174 ) ;
#454 = EDGE_CURVE ( 'NONE', #1466, #226, #1070, .T. ) ;
#455 = DIRECTION ( 'NONE',  ( 1.423276643803383094E-16, 0.000000000000000000, 1.000000000000000000 ) ) ;
#456 = DIRECTION ( 'NONE',  ( -1.423276643803382108E-16, -0.000000000000000000, -1.000000000000000000 ) ) ;
#457 = MECHANICAL_CONTEXT ( 'NONE', #559, 'mechanical' ) ;
#458 = CARTESIAN_POINT ( 'NONE',  ( -13.99999999999997691, 8.999999999999996447, -17.99999999999999645 ) ) ;
#459 = LINE ( 'NONE', #589, #1334 ) ;
#460 = ORIENTED_EDGE ( 'NONE', *, *, #1461, .T. ) ;
#461 = VERTEX_POINT ( 'NONE', #45 ) ;
#462 = FACE_OUTER_BOUND ( 'NONE', #1104, .T. ) ;
#463 = DIRECTION ( 'NONE',  ( 0.000000000000000000, 1.000000000000000000, 0.000000000000000000 ) ) ;
#464 = CARTESIAN_POINT ( 'NONE',  ( 4.500000000000000000, 2.999999999999996447, -18.00000000000000000 ) ) ;
#465 = DIRECTION ( 'NONE',  ( -1.000000000000000000, 0.000000000000000000, 1.423276643803383094E-16 ) ) ;
#466 = ORIENTED_EDGE ( 'NONE', *, *, #1227, .T. ) ;
#467 = VECTOR ( 'NONE', #615, 1000.000000000000000 ) ;
#468 = ORIENTED_EDGE ( 'NONE', *, *, #424, .F. ) ;
#469 = CIRCLE ( 'NONE', #1793, 6.000000000000000000 ) ;
#470 = AXIS2_PLACEMENT_3D ( 'NONE', #1181, #1905, #1628 ) ;
#471 = AXIS2_PLACEMENT_3D ( 'NONE', #16, #180, #1359 ) ;
#472 = CARTESIAN_POINT ( 'NONE',  ( 18.00000000000000355, 6.999999999999995559, -2.168401508923204092E-15 ) ) ;
#473 = FACE_OUTER_BOUND ( 'NONE', #1441, .T. ) ;
#474 = ADVANCED_FACE ( 'NONE', ( #205 ), #1662, .F. ) ;
#475 = DIRECTION ( 'NONE',  ( 1.000000000000000000, 0.000000000000000000, 0.000000000000000000 ) ) ;
#476 = CARTESIAN_POINT ( 'NONE',  ( 13.50000000000000000, 0.000000000000000000, -11.90588089979065956 ) ) ;
#477 = ORIENTED_EDGE ( 'NONE', *, *, #30, .F. ) ;
#478 = ADVANCED_FACE ( 'NONE', ( #1772 ), #1622, .T. ) ;
#479 = CALENDAR_DATE ( 2026, 12, 8 ) ;
#480 = CIRCLE ( 'NONE', #21, 10.99999999999999822 ) ;
#481 = ORIENTED_EDGE ( 'NONE', *, *, #95, .F. ) ;
#482 = AXIS2_PLACEMENT_3D ( 'NONE', #217, #1255, #1079 ) ;
#483 = DIRECTION ( 'NONE',  ( 1.000000000000000000, 0.000000000000000000, 0.000000000000000000 ) ) ;
#484 = CARTESIAN_POINT ( 'NONE',  ( -13.49999999999999822, 6.999999999999995559, -11.90588089979066311 ) ) ;
#485 = PERSON_AND_ORGANIZATION ( #1038, #1606 ) ;
#486 = PLANE ( 'NONE',  #1161 ) ;
#487 = CARTESIAN_POINT ( 'NONE',  ( -10.49999999999999467, 8.999999999999996447, -17.99999999999999645 ) ) ;
#488 = ORIENTED_EDGE ( 'NONE', *, *, #898, .T. ) ;
#489 = ORIENTED_EDGE ( 'NONE', *, *, #1147, .T. ) ;
#490 = EDGE_CURVE ( 'NONE', #673, #340, #592, .T. ) ;
#491 = VERTEX_POINT ( 'NONE', #1780 ) ;
#492 = AXIS2_PLACEMENT_3D ( 'NONE', #67, #1730, #731 ) ;
#493 = DIRECTION ( 'NONE',  ( 0.000000000000000000, 0.000000000000000000, 1.000000000000000000 ) ) ;
#494 = FACE_OUTER_BOUND ( 'NONE', #878, .T. ) ;
#495 = DIRECTION ( 'NONE',  ( -0.7499999999999995559, 0.000000000000000000, -0.6614378277661480121 ) ) ;
#496 = DIRECTION ( 'NONE',  ( -0.7500000000000003331, 0.000000000000000000, 0.6614378277661472350 ) ) ;
#497 = ORIENTED_EDGE ( 'NONE', *, *, #323, .T. ) ;
#498 = VERTEX_POINT ( 'NONE', #458 ) ;
#499 = ORIENTED_EDGE ( 'NONE', *, *, #122, .F. ) ;
#500 = ADVANCED_FACE ( 'NONE', ( #1043 ), #1631, .T. ) ;
#501 = TOROIDAL_SURFACE ( 'NONE', #1115, 3.000000000000006217, 4.000000000000000000 ) ;
#502 = CIRCLE ( 'NONE', #836, 9.000000000000001776 ) ;
#503 = EDGE_CURVE ( 'NONE', #1199, #521, #1847, .T. ) ;
#504 = CARTESIAN_POINT ( 'NONE',  ( -6.499999999999994671, 2.999999999999995559, -18.00000000000000000 ) ) ;
#505 = CYLINDRICAL_SURFACE ( 'NONE', #1169, 9.000000000000001776 ) ;
#506 = DIRECTION ( 'NONE',  ( 0.000000000000000000, -0.000000000000000000, -1.000000000000000000 ) ) ;
#507 = PLANE ( 'NONE',  #1241 ) ;
#508 = ORIENTED_EDGE ( 'NONE', *, *, #1257, .F. ) ;
#509 = DIRECTION ( 'NONE',  ( 0.000000000000000000, 0.000000000000000000, -1.000000000000000000 ) ) ;
#510 = ORIENTED_EDGE ( 'NONE', *, *, #602, .T. ) ;
#511 = AXIS2_PLACEMENT_3D ( 'NONE', #526, #1683, #506 ) ;
#512 = APPROVAL ( #1358, 'UNSPECIFIED' ) ;
#513 = CIRCLE ( 'NONE', #1403, 18.00000000000000711 ) ;
#514 = DIRECTION ( 'NONE',  ( -0.6614378277661480121, 0.000000000000000000, 0.7499999999999997780 ) ) ;
#515 = DIRECTION ( 'NONE',  ( 2.478176394252586564E-16, 0.000000000000000000, 1.000000000000000000 ) ) ;
#516 = EDGE_CURVE ( 'NONE', #1678, #1209, #1719, .T. ) ;
#517 = DIRECTION ( 'NONE',  ( 1.000000000000000000, 0.000000000000000000, 0.000000000000000000 ) ) ;
#518 = DIRECTION ( 'NONE',  ( 0.000000000000000000, 1.000000000000000000, 0.000000000000000000 ) ) ;
#519 = EDGE_LOOP ( 'NONE', ( #1, #36, #721, #466, #876, #1625, #1017, #1130, #590, #849, #629, #159, #1412, #950, #1654, #1647 ) ) ;
#520 = DIRECTION ( 'NONE',  ( -0.000000000000000000, -1.000000000000000000, 0.000000000000000000 ) ) ;
#521 = VERTEX_POINT ( 'NONE', #1397 ) ;
#522 = CIRCLE ( 'NONE', #148, 5.999999999999999112 ) ;
#523 = DIRECTION ( 'NONE',  ( 1.423276643803383094E-16, 0.000000000000000000, 1.000000000000000000 ) ) ;
#524 = CARTESIAN_POINT ( 'NONE',  ( 10.49999999999999822, 2.999999999999995559, -18.00000000000000355 ) ) ;
#525 = DIRECTION ( 'NONE',  ( 1.000000000000000000, 0.000000000000000000, 0.000000000000000000 ) ) ;
#526 = CARTESIAN_POINT ( 'NONE',  ( -10.49999999999999112, -9.000000000000003553, -11.90588089979066311 ) ) ;
#527 = DIRECTION ( 'NONE',  ( 1.000000000000000000, 0.000000000000000000, 0.000000000000000000 ) ) ;
#528 = ORIENTED_EDGE ( 'NONE', *, *, #1126, .T. ) ;
#529 = DIRECTION ( 'NONE',  ( 1.000000000000000000, 0.000000000000000000, 0.000000000000000000 ) ) ;
#530 = FACE_OUTER_BOUND ( 'NONE', #1123, .T. ) ;
#531 = ADVANCED_FACE ( 'NONE', ( #249 ), #1691, .T. ) ;
#532 = ORIENTED_EDGE ( 'NONE', *, *, #1837, .F. ) ;
#533 = VERTEX_POINT ( 'NONE', #643 ) ;
#534 = AXIS2_PLACEMENT_3D ( 'NONE', #1742, #1732, #951 ) ;
#535 = CIRCLE ( 'NONE', #1275, 5.999999999999999112 ) ;
#536 = AXIS2_PLACEMENT_3D ( 'NONE', #814, #87, #1258 ) ;
#537 = DIRECTION ( 'NONE',  ( 0.000000000000000000, 0.000000000000000000, 1.000000000000000000 ) ) ;
#538 = DIRECTION ( 'NONE',  ( -0.7499999999999995559, 0.000000000000000000, -0.6614378277661481231 ) ) ;
#539 = ORIENTED_EDGE ( 'NONE', *, *, #613, .F. ) ;
#540 = EDGE_CURVE ( 'NONE', #1634, #598, #480, .T. ) ;
#541 = CARTESIAN_POINT ( 'NONE',  ( -18.00000000000000711, 8.999999999999996447, -13.99999999999996803 ) ) ;
#542 = CARTESIAN_POINT ( 'NONE',  ( -4.500000000000000000, -2.999999999999998224, -18.00000000000000000 ) ) ;
#543 = EDGE_LOOP ( 'NONE', ( #1036, #127, #1521, #174 ) ) ;
#544 = ADVANCED_FACE ( 'NONE', ( #224 ), #821, .T. ) ;
#545 = ORIENTED_EDGE ( 'NONE', *, *, #570, .T. ) ;
#546 = CARTESIAN_POINT ( 'NONE',  ( -10.49999999999999467, -7.000000000000000000, -17.99999999999999645 ) ) ;
#547 = AXIS2_PLACEMENT_3D ( 'NONE', #1155, #1278, #714 ) ;
#548 = CARTESIAN_POINT ( 'NONE',  ( -18.00000000000000355, 6.999999999999995559, 2.222611617547480103E-15 ) ) ;
#549 = ORIENTED_EDGE ( 'NONE', *, *, #516, .T. ) ;
#550 = CARTESIAN_POINT ( 'NONE',  ( 13.49999999999999645, 6.999999999999995559, -11.90588089979066844 ) ) ;
#551 = ORIENTED_EDGE ( 'NONE', *, *, #757, .T. ) ;
#552 = ORIENTED_EDGE ( 'NONE', *, *, #807, .T. ) ;
#553 = VECTOR ( 'NONE', #1852, 1000.000000000000000 ) ;
#554 = CARTESIAN_POINT ( 'NONE',  ( -4.336808689942017736E-16, -8.999999999999998224, 14.99999999999999822 ) ) ;
#555 = EDGE_LOOP ( 'NONE', ( #1151, #929, #281, #1809 ) ) ;
#556 = DIRECTION ( 'NONE',  ( 0.000000000000000000, -1.000000000000000000, 0.000000000000000000 ) ) ;
#557 = LINE ( 'NONE', #1737, #221 ) ;
#558 = ORIENTED_EDGE ( 'NONE', *, *, #1501, .T. ) ;
#559 = APPLICATION_CONTEXT ( 'configuration controlled 3d designs of mechanical parts and assemblies' ) ;
#560 = CARTESIAN_POINT ( 'NONE',  ( 11.25000000000001066, 6.999999999999997335, -9.921567416492203861 ) ) ;
#561 = EDGE_CURVE ( 'NONE', #1276, #1015, #1559, .T. ) ;
#562 = CIRCLE ( 'NONE', #1671, 17.99999999999999645 ) ;
#563 = AXIS2_PLACEMENT_3D ( 'NONE', #796, #632, #1812 ) ;
#564 = CYLINDRICAL_SURFACE ( 'NONE', #1493, 5.999999999999999112 ) ;
#565 = VECTOR ( 'NONE', #824, 1000.000000000000000 ) ;
#566 = DIRECTION ( 'NONE',  ( 0.000000000000000000, 1.000000000000000000, 0.000000000000000000 ) ) ;
#567 = ORIENTED_EDGE ( 'NONE', *, *, #1618, .F. ) ;
#568 = LINE ( 'NONE', #1744, #1871 ) ;
#569 = AXIS2_PLACEMENT_3D ( 'NONE', #1349, #1059, #1652 ) ;
#570 = EDGE_CURVE ( 'NONE', #491, #1792, #237, .T. ) ;
#571 = CARTESIAN_POINT ( 'NONE',  ( 11.25000000000000178, -9.000000000000003553, -9.921567416492205638 ) ) ;
#572 = CIRCLE ( 'NONE', #1903, 4.000000000000001776 ) ;
#573 = DIRECTION ( 'NONE',  ( 0.000000000000000000, 0.000000000000000000, 1.000000000000000000 ) ) ;
#574 = EDGE_CURVE ( 'NONE', #1004, #1792, #1556, .T. ) ;
#575 = ORIENTED_EDGE ( 'NONE', *, *, #803, .T. ) ;
#576 = ORIENTED_EDGE ( 'NONE', *, *, #1126, .F. ) ;
#577 = DIRECTION ( 'NONE',  ( -1.423276643803383094E-16, -0.000000000000000000, -1.000000000000000000 ) ) ;
#578 = LINE ( 'NONE', #15, #1384 ) ;
#579 = DIRECTION ( 'NONE',  ( 0.000000000000000000, -1.000000000000000000, -0.000000000000000000 ) ) ;
#580 = VERTEX_POINT ( 'NONE', #1855 ) ;
#581 = EDGE_CURVE ( 'NONE', #389, #972, #247, .T. ) ;
#582 = AXIS2_PLACEMENT_3D ( 'NONE', #406, #1613, #124 ) ;
#583 = VERTEX_POINT ( 'NONE', #1566 ) ;
#584 = DIRECTION ( 'NONE',  ( 0.000000000000000000, 1.000000000000000000, 0.000000000000000000 ) ) ;
#585 = CARTESIAN_POINT ( 'NONE',  ( -8.249999999999994671, 2.999999999999995559, -7.275816105427624692 ) ) ;
#586 = LINE ( 'NONE', #741, #313 ) ;
#587 = VECTOR ( 'NONE', #456, 1000.000000000000000 ) ;
#588 = AXIS2_PLACEMENT_3D ( 'NONE', #446, #2, #1029 ) ;
#589 = CARTESIAN_POINT ( 'NONE',  ( -13.49999999999999289, -6.999999999999999112, -11.90588089979066133 ) ) ;
#590 = ORIENTED_EDGE ( 'NONE', *, *, #1253, .F. ) ;
#591 = CARTESIAN_POINT ( 'NONE',  ( 0.000000000000000000, 2.999999999999995559, 0.000000000000000000 ) ) ;
#592 = CIRCLE ( 'NONE', #360, 14.99999999999999645 ) ;
#593 = VERTEX_POINT ( 'NONE', #1716 ) ;
#594 = PLANE ( 'NONE',  #470 ) ;
#595 = DIRECTION ( 'NONE',  ( 8.673617379884035472E-16, 0.000000000000000000, 1.000000000000000000 ) ) ;
#596 = CARTESIAN_POINT ( 'NONE',  ( -13.49999999999999822, -2.999999999999999112, -11.90588089979066311 ) ) ;
#597 = DIRECTION ( 'NONE',  ( -0.7499999999999995559, 0.000000000000000000, -0.6614378277661481231 ) ) ;
#598 = VERTEX_POINT ( 'NONE', #1368 ) ;
#599 = AXIS2_PLACEMENT_3D ( 'NONE', #27, #1186, #1781 ) ;
#600 = CARTESIAN_POINT ( 'NONE',  ( -10.49999999999999822, 2.999999999999995559, -17.99999999999999645 ) ) ;
#601 = ORIENTED_EDGE ( 'NONE', *, *, #1658, .T. ) ;
#602 = EDGE_CURVE ( 'NONE', #580, #104, #56, .T. ) ;
#603 = CALENDAR_DATE ( 2026, 12, 8 ) ;
#604 = EDGE_CURVE ( 'NONE', #593, #1001, #1407, .T. ) ;
#605 = LINE ( 'NONE', #1619, #1274 ) ;
#606 = DIRECTION ( 'NONE',  ( 0.000000000000000000, 0.000000000000000000, 1.000000000000000000 ) ) ;
#607 = DIRECTION ( 'NONE',  ( 2.478176394252587057E-16, 0.000000000000000000, 1.000000000000000000 ) ) ;
#608 = DIRECTION ( 'NONE',  ( -0.7499999999999996669, 0.000000000000000000, -0.6614378277661480121 ) ) ;
#609 = FACE_OUTER_BOUND ( 'NONE', #751, .T. ) ;
#610 = ORIENTED_EDGE ( 'NONE', *, *, #755, .T. ) ;
#611 = VECTOR ( 'NONE', #1698, 1000.000000000000000 ) ;
#612 = ORIENTED_EDGE ( 'NONE', *, *, #1324, .T. ) ;
#613 = EDGE_CURVE ( 'NONE', #1080, #1870, #1078, .T. ) ;
#614 = DIRECTION ( 'NONE',  ( 1.000000000000000000, 0.000000000000000000, 0.000000000000000000 ) ) ;
#615 = DIRECTION ( 'NONE',  ( 0.000000000000000000, -1.000000000000000000, 0.000000000000000000 ) ) ;
#616 = EDGE_CURVE ( 'NONE', #98, #1340, #1802, .T. ) ;
#617 = LINE ( 'NONE', #886, #1375 ) ;
#618 = DIRECTION ( 'NONE',  ( 0.000000000000000000, 1.000000000000000000, 0.000000000000000000 ) ) ;
#619 = EDGE_LOOP ( 'NONE', ( #1134, #1548, #734 ) ) ;
#620 = CIRCLE ( 'NONE', #9, 6.000000000000000000 ) ;
#621 = VERTEX_POINT ( 'NONE', #1231 ) ;
#622 = CIRCLE ( 'NONE', #862, 4.000000000000001776 ) ;
#623 = CIRCLE ( 'NONE', #199, 3.000000000000003997 ) ;
#624 = DIRECTION ( 'NONE',  ( 0.6614378277661472350, -0.000000000000000000, 0.7500000000000003331 ) ) ;
#625 = CARTESIAN_POINT ( 'NONE',  ( 10.49999999999999822, 2.999999999999995559, -11.90588089979065956 ) ) ;
#626 = DIRECTION ( 'NONE',  ( -0.7499999999999995559, 0.000000000000000000, -0.6614378277661481231 ) ) ;
#627 = ADVANCED_FACE ( 'NONE', ( #384 ), #363, .T. ) ;
#628 = CARTESIAN_POINT ( 'NONE',  ( 13.99999999999999822, 8.999999999999996447, -14.00000000000000178 ) ) ;
#629 = ORIENTED_EDGE ( 'NONE', *, *, #1147, .F. ) ;
#630 = AXIS2_PLACEMENT_3D ( 'NONE', #1254, #1383, #517 ) ;
#631 = EDGE_LOOP ( 'NONE', ( #1473, #207, #1723, #1718 ) ) ;
#632 = DIRECTION ( 'NONE',  ( -0.000000000000000000, -1.000000000000000000, -0.000000000000000000 ) ) ;
#633 = CARTESIAN_POINT ( 'NONE',  ( 18.00000000000000355, 8.999999999999996447, -4.460717509654656506E-15 ) ) ;
#634 = DIRECTION ( 'NONE',  ( 0.7500000000000003331, 0.000000000000000000, -0.6614378277661472350 ) ) ;
#635 = LINE ( 'NONE', #1071, #902 ) ;
#636 = VERTEX_POINT ( 'NONE', #667 ) ;
#637 = EDGE_CURVE ( 'NONE', #1590, #1199, #973, .T. ) ;
#638 = DIRECTION ( 'NONE',  ( -0.7499999999999995559, 0.000000000000000000, -0.6614378277661481231 ) ) ;
#639 = EDGE_LOOP ( 'NONE', ( #785, #889, #306, #110 ) ) ;
#640 = ADVANCED_FACE ( 'NONE', ( #677 ), #72, .T. ) ;
#641 = DIRECTION ( 'NONE',  ( 0.000000000000000000, 0.000000000000000000, 1.000000000000000000 ) ) ;
#642 = FACE_OUTER_BOUND ( 'NONE', #1342, .T. ) ;
#643 = CARTESIAN_POINT ( 'NONE',  ( 0.000000000000000000, -6.999999999999999112, 17.99999999999999645 ) ) ;
#644 = FACE_OUTER_BOUND ( 'NONE', #1166, .T. ) ;
#645 = VERTEX_POINT ( 'NONE', #402 ) ;
#646 = CARTESIAN_POINT ( 'NONE',  ( 13.50000000000000000, -2.999999999999999112, -11.90588089979065956 ) ) ;
#647 = APPROVAL ( #195, 'UNSPECIFIED' ) ;
#648 = ORIENTED_EDGE ( 'NONE', *, *, #231, .F. ) ;
#649 = EDGE_CURVE ( 'NONE', #999, #710, #1445, .T. ) ;
#650 = AXIS2_PLACEMENT_3D ( 'NONE', #1660, #1512, #203 ) ;
#651 = AXIS2_PLACEMENT_3D ( 'NONE', #1438, #1648, #307 ) ;
#652 = CC_DESIGN_APPROVAL ( #647, ( #352 ) ) ;
#653 = CYLINDRICAL_SURFACE ( 'NONE', #1206, 18.00000000000000711 ) ;
#654 = DIRECTION ( 'NONE',  ( -0.7499999999999996669, 0.000000000000000000, -0.6614378277661480121 ) ) ;
#655 = DIRECTION ( 'NONE',  ( 2.478176394252587057E-16, 0.000000000000000000, 1.000000000000000000 ) ) ;
#656 = AXIS2_PLACEMENT_3D ( 'NONE', #1666, #1800, #1371 ) ;
#657 = CARTESIAN_POINT ( 'NONE',  ( 0.000000000000000000, 8.999999999999996447, 0.000000000000000000 ) ) ;
#658 = ORIENTED_EDGE ( 'NONE', *, *, #574, .T. ) ;
#659 = AXIS2_PLACEMENT_3D ( 'NONE', #945, #790, #527 ) ;
#660 = DIRECTION ( 'NONE',  ( 0.000000000000000000, 1.000000000000000000, 0.000000000000000000 ) ) ;
#661 = ORIENTED_EDGE ( 'NONE', *, *, #424, .T. ) ;
#662 = VECTOR ( 'NONE', #996, 1000.000000000000000 ) ;
#663 = EDGE_CURVE ( 'NONE', #1498, #1657, #568, .T. ) ;
#664 = DIRECTION ( 'NONE',  ( -0.7500000000000003331, 0.000000000000000000, 0.6614378277661474570 ) ) ;
#665 = CARTESIAN_POINT ( 'NONE',  ( 0.000000000000000000, 6.999999999999995559, 18.00000000000000711 ) ) ;
#666 = EDGE_CURVE ( 'NONE', #1678, #1634, #1030, .T. ) ;
#667 = CARTESIAN_POINT ( 'NONE',  ( 6.499999999999996447, 2.999999999999995559, -11.90588089979066133 ) ) ;
#668 = LINE ( 'NONE', #679, #418 ) ;
#669 = ORIENTED_EDGE ( 'NONE', *, *, #1417, .T. ) ;
#670 = CARTESIAN_POINT ( 'NONE',  ( -14.00000000000000533, -6.999999999999995559, -13.99999999999999467 ) ) ;
#671 = DIRECTION ( 'NONE',  ( 0.000000000000000000, 1.000000000000000000, 0.000000000000000000 ) ) ;
#672 = VERTEX_POINT ( 'NONE', #1416 ) ;
#673 = VERTEX_POINT ( 'NONE', #697 ) ;
#674 = CARTESIAN_POINT ( 'NONE',  ( 8.250000000000005329, 2.999999999999995559, -7.275816105427615810 ) ) ;
#675 = VERTEX_POINT ( 'NONE', #436 ) ;
#676 = EDGE_CURVE ( 'NONE', #453, #1111, #1583, .T. ) ;
#677 = FACE_OUTER_BOUND ( 'NONE', #350, .T. ) ;
#678 = ADVANCED_FACE ( 'NONE', ( #853 ), #1217, .F. ) ;
#679 = CARTESIAN_POINT ( 'NONE',  ( -10.49999999999999467, -9.000000000000003553, -17.99999999999999645 ) ) ;
#680 = ORIENTED_EDGE ( 'NONE', *, *, #1201, .F. ) ;
#681 = DIRECTION ( 'NONE',  ( -1.423276643803382108E-16, -0.000000000000000000, -1.000000000000000000 ) ) ;
#682 = VERTEX_POINT ( 'NONE', #1287 ) ;
#683 = DIRECTION ( 'NONE',  ( -1.000000000000000000, 0.000000000000000000, 1.423276643803382108E-16 ) ) ;
#684 = AXIS2_PLACEMENT_3D ( 'NONE', #31, #1761, #1629 ) ;
#685 = VECTOR ( 'NONE', #607, 1000.000000000000000 ) ;
#686 = AXIS2_PLACEMENT_3D ( 'NONE', #1263, #1582, #1414 ) ;
#687 = DIRECTION ( 'NONE',  ( 0.000000000000000000, 1.000000000000000000, 0.000000000000000000 ) ) ;
#688 = CARTESIAN_POINT ( 'NONE',  ( -13.50000000000000178, -6.999999999999995559, -11.90588089979066488 ) ) ;
#689 = EDGE_LOOP ( 'NONE', ( #1219, #960, #1533, #1467, #1578, #1901, #890, #86, #1840, #271, #497, #341 ) ) ;
#690 = DIRECTION ( 'NONE',  ( 0.000000000000000000, 0.000000000000000000, 1.000000000000000000 ) ) ;
#691 = CARTESIAN_POINT ( 'NONE',  ( 0.000000000000000000, -2.999999999999999112, 0.000000000000000000 ) ) ;
#692 = AXIS2_PLACEMENT_3D ( 'NONE', #600, #753, #1073 ) ;
#693 = ORIENTED_EDGE ( 'NONE', *, *, #277, .T. ) ;
#694 = EDGE_LOOP ( 'NONE', ( #946, #499, #367, #1084 ) ) ;
#695 = DIRECTION ( 'NONE',  ( 0.000000000000000000, -1.000000000000000000, 0.000000000000000000 ) ) ;
#696 = AXIS2_PLACEMENT_3D ( 'NONE', #64, #92, #1839 ) ;
#697 = CARTESIAN_POINT ( 'NONE',  ( -11.24999999999999289, -7.000000000000000000, -9.921567416492216296 ) ) ;
#698 = CARTESIAN_POINT ( 'NONE',  ( 0.000000000000000000, 6.999999999999997335, 0.000000000000000000 ) ) ;
#699 = ORIENTED_EDGE ( 'NONE', *, *, #732, .T. ) ;
#700 = DIRECTION ( 'NONE',  ( -2.478176394252587057E-16, 0.000000000000000000, -1.000000000000000000 ) ) ;
#701 = DIRECTION ( 'NONE',  ( 0.000000000000000000, 1.000000000000000000, 0.000000000000000000 ) ) ;
#702 = EDGE_CURVE ( 'NONE', #672, #1678, #264, .T. ) ;
#703 = ORIENTED_EDGE ( 'NONE', *, *, #1788, .F. ) ;
#704 = ADVANCED_FACE ( 'NONE', ( #1436 ), #1600, .T. ) ;
#705 = ORIENTED_EDGE ( 'NONE', *, *, #663, .F. ) ;
#706 = DIRECTION ( 'NONE',  ( -0.000000000000000000, -1.000000000000000000, -0.000000000000000000 ) ) ;
#707 = VECTOR ( 'NONE', #301, 1000.000000000000000 ) ;
#708 = DIRECTION ( 'NONE',  ( 2.478176394252586564E-16, 0.000000000000000000, 1.000000000000000000 ) ) ;
#709 = FACE_OUTER_BOUND ( 'NONE', #342, .T. ) ;
#710 = VERTEX_POINT ( 'NONE', #1305 ) ;
#711 = EDGE_CURVE ( 'NONE', #194, #673, #1616, .T. ) ;
#712 = VECTOR ( 'NONE', #1813, 1000.000000000000000 ) ;
#713 = ADVANCED_FACE ( 'NONE', ( #410 ), #1003, .F. ) ;
#714 = DIRECTION ( 'NONE',  ( -1.423276643803382847E-16, 0.000000000000000000, -1.000000000000000000 ) ) ;
#715 = AXIS2_PLACEMENT_3D ( 'NONE', #1834, #1373, #483 ) ;
#716 = CARTESIAN_POINT ( 'NONE',  ( 18.00000000000000355, -6.999999999999995559, -2.168401508923204092E-15 ) ) ;
#717 = CIRCLE ( 'NONE', #1424, 17.99999999999999645 ) ;
#718 = CYLINDRICAL_SURFACE ( 'NONE', #1663, 4.000000000000000000 ) ;
#719 = AXIS2_PLACEMENT_3D ( 'NONE', #330, #1033, #1517 ) ;
#720 = EDGE_LOOP ( 'NONE', ( #1332, #47, #120, #1850 ) ) ;
#721 = ORIENTED_EDGE ( 'NONE', *, *, #1303, .T. ) ;
#722 = DIRECTION ( 'NONE',  ( -1.423276643803382108E-16, -0.000000000000000000, -1.000000000000000000 ) ) ;
#723 = AXIS2_PLACEMENT_3D ( 'NONE', #84, #798, #655 ) ;
#724 = LINE ( 'NONE', #1163, #1082 ) ;
#725 = ADVANCED_FACE ( 'NONE', ( #112 ), #1496, .T. ) ;
#726 = CYLINDRICAL_SURFACE ( 'NONE', #1413, 17.99999999999999645 ) ;
#727 = VERTEX_POINT ( 'NONE', #156 ) ;
#728 = ORIENTED_EDGE ( 'NONE', *, *, #604, .F. ) ;
#729 = COORDINATED_UNIVERSAL_TIME_OFFSET ( 5, 30, .AHEAD. ) ;
#730 = CARTESIAN_POINT ( 'NONE',  ( 6.499999999999994671, 2.999999999999995559, -18.00000000000000000 ) ) ;
#731 = DIRECTION ( 'NONE',  ( -0.7499999999999996669, 0.000000000000000000, -0.6614378277661480121 ) ) ;
#732 = EDGE_CURVE ( 'NONE', #1657, #1276, #1902, .T. ) ;
#733 = CARTESIAN_POINT ( 'NONE',  ( -13.49999999999999822, -8.999999999999998224, -11.90588089979066311 ) ) ;
#734 = ORIENTED_EDGE ( 'NONE', *, *, #711, .F. ) ;
#735 = ORIENTED_EDGE ( 'NONE', *, *, #1129, .F. ) ;
#736 = ORIENTED_EDGE ( 'NONE', *, *, #1008, .T. ) ;
#737 = APPROVAL_DATE_TIME ( #1311, #1049 ) ;
#738 = CARTESIAN_POINT ( 'NONE',  ( -6.499999999999994671, 2.999999999999995559, -18.00000000000000000 ) ) ;
#739 = DIRECTION ( 'NONE',  ( -1.000000000000000000, 0.000000000000000000, 0.000000000000000000 ) ) ;
#740 = COORDINATED_UNIVERSAL_TIME_OFFSET ( 5, 30, .AHEAD. ) ;
#741 = CARTESIAN_POINT ( 'NONE',  ( 18.00000000000000355, -8.999999999999996447, -4.460717509654656506E-15 ) ) ;
#742 = AXIS2_PLACEMENT_3D ( 'NONE', #1356, #214, #1214 ) ;
#743 = TOROIDAL_SURFACE ( 'NONE', #1083, 15.00000000000000178, 5.999999999999999112 ) ;
#744 = CARTESIAN_POINT ( 'NONE',  ( 0.000000000000000000, 2.999999999999996447, 9.000000000000003553 ) ) ;
#745 = VERTEX_POINT ( 'NONE', #1643 ) ;
#746 = EDGE_CURVE ( 'NONE', #1590, #823, #1492, .T. ) ;
#747 = ORIENTED_EDGE ( 'NONE', *, *, #1227, .F. ) ;
#748 = LINE ( 'NONE', #759, #467 ) ;
#749 = VECTOR ( 'NONE', #769, 1000.000000000000000 ) ;
#750 = DIRECTION ( 'NONE',  ( 0.000000000000000000, 1.000000000000000000, 0.000000000000000000 ) ) ;
#751 = EDGE_LOOP ( 'NONE', ( #1854, #157, #206, #251 ) ) ;
#752 = CIRCLE ( 'NONE', #422, 5.999999999999999112 ) ;
#753 = DIRECTION ( 'NONE',  ( -1.423276643803383094E-16, -0.000000000000000000, -1.000000000000000000 ) ) ;
#754 = PERSON_AND_ORGANIZATION ( #1038, #1606 ) ;
#755 = EDGE_CURVE ( 'NONE', #94, #1199, #1350, .T. ) ;
#756 = ORIENTED_EDGE ( 'NONE', *, *, #377, .F. ) ;
#757 = EDGE_CURVE ( 'NONE', #1449, #818, #1775, .T. ) ;
#758 = DIRECTION ( 'NONE',  ( 1.423276643803382847E-16, 0.000000000000000000, 1.000000000000000000 ) ) ;
#759 = CARTESIAN_POINT ( 'NONE',  ( -18.00000000000000355, -6.999999999999995559, 2.222611617547480103E-15 ) ) ;
#760 = DIRECTION ( 'NONE',  ( 1.000000000000000000, 0.000000000000000000, 0.000000000000000000 ) ) ;
#761 = DIRECTION ( 'NONE',  ( 0.000000000000000000, 0.000000000000000000, -1.000000000000000000 ) ) ;
#762 = ORIENTED_EDGE ( 'NONE', *, *, #432, .F. ) ;
#763 = ORIENTED_EDGE ( 'NONE', *, *, #122, .T. ) ;
#764 = EDGE_CURVE ( 'NONE', #144, #1590, #1060, .T. ) ;
#765 = DIRECTION ( 'NONE',  ( -1.000000000000000000, 0.000000000000000000, 0.000000000000000000 ) ) ;
#766 = LINE ( 'NONE', #1098, #1824 ) ;
#767 = EDGE_CURVE ( 'NONE', #1199, #990, #273, .T. ) ;
#768 = DIRECTION ( 'NONE',  ( -0.7499999999999997780, 0.000000000000000000, -0.6614378277661480121 ) ) ;
#769 = DIRECTION ( 'NONE',  ( 1.000000000000000000, 2.891205793294679312E-16, -1.423276643803382108E-16 ) ) ;
#770 = ORIENTED_EDGE ( 'NONE', *, *, #173, .T. ) ;
#771 = ORIENTED_EDGE ( 'NONE', *, *, #1906, .F. ) ;
#772 = CIRCLE ( 'NONE', #292, 3.000000000000000444 ) ;
#773 = APPROVAL_PERSON_ORGANIZATION ( #190, #512, #1069 ) ;
#774 = ORIENTED_EDGE ( 'NONE', *, *, #1167, .F. ) ;
#775 = CIRCLE ( 'NONE', #201, 14.99999999999999645 ) ;
#776 = AXIS2_PLACEMENT_3D ( 'NONE', #448, #1630, #338 ) ;
#777 = DIRECTION ( 'NONE',  ( 0.000000000000000000, 1.000000000000000000, 0.000000000000000000 ) ) ;
#778 = AXIS2_PLACEMENT_3D ( 'NONE', #959, #107, #1421 ) ;
#779 = EDGE_CURVE ( 'NONE', #673, #956, #459, .T. ) ;
#780 = LINE ( 'NONE', #71, #234 ) ;
#781 = DIRECTION ( 'NONE',  ( 0.000000000000000000, 1.000000000000000000, 0.000000000000000000 ) ) ;
#782 = EDGE_CURVE ( 'NONE', #1773, #1267, #786, .T. ) ;
#783 = DIRECTION ( 'NONE',  ( -1.000000000000000000, 0.000000000000000000, -2.891205793294678819E-16 ) ) ;
#784 = ORIENTED_EDGE ( 'NONE', *, *, #1810, .F. ) ;
#785 = ORIENTED_EDGE ( 'NONE', *, *, #922, .F. ) ;
#786 = CIRCLE ( 'NONE', #1588, 18.00000000000000711 ) ;
#787 = EDGE_LOOP ( 'NONE', ( #1490, #558, #1604, #169 ) ) ;
#788 = DIRECTION ( 'NONE',  ( -1.000000000000000000, 0.000000000000000000, 0.000000000000000000 ) ) ;
#789 = CARTESIAN_POINT ( 'NONE',  ( 11.25000000000000178, 8.999999999999996447, -9.921567416492205638 ) ) ;
#790 = DIRECTION ( 'NONE',  ( 1.423276643803383094E-16, 0.000000000000000000, 1.000000000000000000 ) ) ;
#791 = ORIENTED_EDGE ( 'NONE', *, *, #454, .F. ) ;
#792 = EDGE_CURVE ( 'NONE', #1340, #593, #1034, .T. ) ;
#793 = FACE_OUTER_BOUND ( 'NONE', #6, .T. ) ;
#794 = EDGE_LOOP ( 'NONE', ( #1341, #921, #735, #1372 ) ) ;
#795 = EDGE_CURVE ( 'NONE', #386, #1111, #1246, .T. ) ;
#796 = CARTESIAN_POINT ( 'NONE',  ( 13.50000000000000000, 2.999999999999995559, -11.90588089979065956 ) ) ;
#797 = FACE_OUTER_BOUND ( 'NONE', #1299, .T. ) ;
#798 = DIRECTION ( 'NONE',  ( -1.000000000000000000, 0.000000000000000000, 2.478176394252587057E-16 ) ) ;
#799 = DIRECTION ( 'NONE',  ( 1.927470528863119049E-16, 0.000000000000000000, -1.000000000000000000 ) ) ;
#800 = ORIENTED_EDGE ( 'NONE', *, *, #850, .F. ) ;
#801 = FACE_OUTER_BOUND ( 'NONE', #184, .T. ) ;
#802 = CARTESIAN_POINT ( 'NONE',  ( 0.000000000000000000, -9.000000000000003553, 0.000000000000000000 ) ) ;
#803 = EDGE_CURVE ( 'NONE', #645, #1331, #888, .T. ) ;
#804 = ORIENTED_EDGE ( 'NONE', *, *, #1755, .T. ) ;
#805 = VECTOR ( 'NONE', #310, 1000.000000000000000 ) ;
#806 = CIRCLE ( 'NONE', #1518, 3.999999999999999556 ) ;
#807 = EDGE_CURVE ( 'NONE', #1237, #94, #1182, .T. ) ;
#808 = CIRCLE ( 'NONE', #1390, 18.00000000000000711 ) ;
#809 = DIRECTION ( 'NONE',  ( 0.000000000000000000, 1.000000000000000000, 0.000000000000000000 ) ) ;
#810 = PLANE ( 'NONE',  #1054 ) ;
#811 = CARTESIAN_POINT ( 'NONE',  ( 0.000000000000000000, 8.999999999999996447, 0.000000000000000000 ) ) ;
#812 = DIRECTION ( 'NONE',  ( 0.000000000000000000, -1.000000000000000000, 0.000000000000000000 ) ) ;
#813 = ORIENTED_EDGE ( 'NONE', *, *, #1149, .F. ) ;
#814 = CARTESIAN_POINT ( 'NONE',  ( 0.000000000000000000, -2.999999999999999112, 0.000000000000000000 ) ) ;
#815 = DIRECTION ( 'NONE',  ( -1.000000000000000000, 0.000000000000000000, -1.927470528863119049E-16 ) ) ;
#816 = ORIENTED_EDGE ( 'NONE', *, *, #1178, .T. ) ;
#817 = VECTOR ( 'NONE', #1429, 1000.000000000000000 ) ;
#818 = VERTEX_POINT ( 'NONE', #744 ) ;
#819 = CARTESIAN_POINT ( 'NONE',  ( -13.99999999999997691, 6.999999999999995559, -17.99999999999999645 ) ) ;
#820 = CIRCLE ( 'NONE', #1489, 10.99999999999999822 ) ;
#821 = PLANE ( 'NONE',  #1094 ) ;
#822 = CARTESIAN_POINT ( 'NONE',  ( 13.50000000000000711, 6.999999999999995559, -11.90588089979065245 ) ) ;
#823 = VERTEX_POINT ( 'NONE', #1044 ) ;
#824 = DIRECTION ( 'NONE',  ( -1.000000000000000000, -0.000000000000000000, 1.423276643803382108E-16 ) ) ;
#825 = DIRECTION ( 'NONE',  ( 0.000000000000000000, 1.000000000000000000, 0.000000000000000000 ) ) ;
#826 = VERTEX_POINT ( 'NONE', #319 ) ;
#827 = VECTOR ( 'NONE', #1577, 1000.000000000000000 ) ;
#828 = CARTESIAN_POINT ( 'NONE',  ( -6.499999999999993783, 2.999999999999995559, -11.90588089979066666 ) ) ;
#829 = ORIENTED_EDGE ( 'NONE', *, *, #1845, .F. ) ;
#830 = DIRECTION ( 'NONE',  ( 0.000000000000000000, 1.000000000000000000, 0.000000000000000000 ) ) ;
#831 = FACE_OUTER_BOUND ( 'NONE', #1318, .T. ) ;
#832 = ORIENTED_EDGE ( 'NONE', *, *, #409, .F. ) ;
#833 = ORIENTED_EDGE ( 'NONE', *, *, #1874, .F. ) ;
#834 = CARTESIAN_POINT ( 'NONE',  ( 13.99999999999999822, -6.999999999999995559, -14.00000000000000178 ) ) ;
#835 = VECTOR ( 'NONE', #1202, 1000.000000000000000 ) ;
#836 = AXIS2_PLACEMENT_3D ( 'NONE', #14, #289, #1453 ) ;
#837 = DIRECTION ( 'NONE',  ( 0.000000000000000000, 0.000000000000000000, -1.000000000000000000 ) ) ;
#838 = ADVANCED_FACE ( 'NONE', ( #609 ), #1197, .T. ) ;
#839 = CARTESIAN_POINT ( 'NONE',  ( 18.00000000000000355, -6.999999999999995559, -4.460717509654656506E-15 ) ) ;
#840 = ORIENTED_EDGE ( 'NONE', *, *, #1039, .T. ) ;
#841 = DIRECTION ( 'NONE',  ( 0.000000000000000000, 0.000000000000000000, -1.000000000000000000 ) ) ;
#842 = EDGE_CURVE ( 'NONE', #636, #1276, #1530, .T. ) ;
#843 = ORIENTED_EDGE ( 'NONE', *, *, #1646, .F. ) ;
#844 = CARTESIAN_POINT ( 'NONE',  ( 10.49999999999999467, 8.999999999999996447, -11.90588089979065956 ) ) ;
#845 = AXIS2_PLACEMENT_3D ( 'NONE', #1465, #618, #597 ) ;
#846 = CARTESIAN_POINT ( 'NONE',  ( 10.49999999999999645, -8.999999999999998224, -11.90588089979066133 ) ) ;
#847 = CARTESIAN_POINT ( 'NONE',  ( -6.499999999999994671, 2.999999999999995559, -18.00000000000000000 ) ) ;
#848 = CARTESIAN_POINT ( 'NONE',  ( -13.99999999999997691, 6.999999999999995559, -17.99999999999999645 ) ) ;
#849 = ORIENTED_EDGE ( 'NONE', *, *, #1443, .T. ) ;
#850 = EDGE_CURVE ( 'NONE', #270, #1409, #1519, .T. ) ;
#851 = VERTEX_POINT ( 'NONE', #57 ) ;
#852 = AXIS2_PLACEMENT_3D ( 'NONE', #131, #284, #1014 ) ;
#853 = FACE_OUTER_BOUND ( 'NONE', #1858, .T. ) ;
#854 = DIRECTION ( 'NONE',  ( 1.000000000000000000, 0.000000000000000000, 0.000000000000000000 ) ) ;
#855 = CARTESIAN_POINT ( 'NONE',  ( 0.000000000000000000, 0.000000000000000000, 0.000000000000000000 ) ) ;
#856 = EDGE_LOOP ( 'NONE', ( #1635, #1520, #182, #209 ) ) ;
#857 = ADVANCED_FACE ( 'NONE', ( #1557 ), #238, .T. ) ;
#858 = ORIENTED_EDGE ( 'NONE', *, *, #1899, .T. ) ;
#859 = AXIS2_PLACEMENT_3D ( 'NONE', #312, #917, #26 ) ;
#860 = ADVANCED_FACE ( 'NONE', ( #644 ), #1400, .T. ) ;
#861 = VECTOR ( 'NONE', #523, 1000.000000000000000 ) ;
#862 = AXIS2_PLACEMENT_3D ( 'NONE', #952, #765, #641 ) ;
#863 = CYLINDRICAL_SURFACE ( 'NONE', #1005, 7.000000000000006217 ) ;
#864 = CIRCLE ( 'NONE', #1236, 17.99999999999999645 ) ;
#865 = CARTESIAN_POINT ( 'NONE',  ( 11.24999999999999289, 8.999999999999996447, -9.921567416492218072 ) ) ;
#866 = ORIENTED_EDGE ( 'NONE', *, *, #757, .F. ) ;
#867 = AXIS2_PLACEMENT_3D ( 'NONE', #971, #520, #375 ) ;
#868 = ORIENTED_EDGE ( 'NONE', *, *, #91, .T. ) ;
#869 = EDGE_CURVE ( 'NONE', #226, #1237, #668, .T. ) ;
#870 = EDGE_CURVE ( 'NONE', #521, #851, #248, .T. ) ;
#871 = CARTESIAN_POINT ( 'NONE',  ( -18.00000000000000711, 6.999999999999995559, -13.99999999999996803 ) ) ;
#872 = AXIS2_PLACEMENT_3D ( 'NONE', #1753, #1132, #1726 ) ;
#873 = CYLINDRICAL_SURFACE ( 'NONE', #1546, 9.000000000000003553 ) ;
#874 = CYLINDRICAL_SURFACE ( 'NONE', #1442, 4.000000000000001776 ) ;
#875 = ORIENTED_EDGE ( 'NONE', *, *, #795, .T. ) ;
#876 = ORIENTED_EDGE ( 'NONE', *, *, #1876, .T. ) ;
#877 = APPLICATION_CONTEXT ( 'configuration controlled 3d designs of mechanical parts and assemblies' ) ;
#878 = EDGE_LOOP ( 'NONE', ( #610, #1896, #829, #552 ) ) ;
#879 = DATE_TIME_ROLE ( 'classification_date' ) ;
#880 = CARTESIAN_POINT ( 'NONE',  ( 8.250000000000005329, -2.999999999999999112, -7.275816105427615810 ) ) ;
#881 = VECTOR ( 'NONE', #768, 1000.000000000000000 ) ;
#882 = EDGE_CURVE ( 'NONE', #999, #426, #752, .T. ) ;
#883 = CIRCLE ( 'NONE', #1105, 3.000000000000003997 ) ;
#884 = DIRECTION ( 'NONE',  ( 0.000000000000000000, 1.000000000000000000, 0.000000000000000000 ) ) ;
#885 = PERSON_AND_ORGANIZATION_ROLE ( 'design_owner' ) ;
#886 = CARTESIAN_POINT ( 'NONE',  ( -10.49999999999999289, 8.999999999999996447, -11.90588089979066488 ) ) ;
#887 = EDGE_CURVE ( 'NONE', #1696, #851, #937, .T. ) ;
#888 = LINE ( 'NONE', #417, #1284 ) ;
#889 = ORIENTED_EDGE ( 'NONE', *, *, #923, .T. ) ;
#890 = ORIENTED_EDGE ( 'NONE', *, *, #616, .T. ) ;
#891 = DIRECTION ( 'NONE',  ( 1.423276643803382108E-16, -0.000000000000000000, 1.000000000000000000 ) ) ;
#892 = CARTESIAN_POINT ( 'NONE',  ( 18.00000000000000000, 8.999999999999996447, -13.99999999999997513 ) ) ;
#893 = VECTOR ( 'NONE', #708, 1000.000000000000000 ) ;
#894 = CARTESIAN_POINT ( 'NONE',  ( -13.49999999999999822, 8.999999999999996447, -11.90588089979066311 ) ) ;
#895 = CIRCLE ( 'NONE', #534, 4.000000000000000000 ) ;
#896 = DIRECTION ( 'NONE',  ( -0.000000000000000000, -1.000000000000000000, 0.000000000000000000 ) ) ;
#897 = ORIENTED_EDGE ( 'NONE', *, *, #1063, .T. ) ;
#898 = EDGE_CURVE ( 'NONE', #1001, #1331, #1062, .T. ) ;
#899 = CC_DESIGN_APPROVAL ( #1049, ( #1085 ) ) ;
#900 = VERTEX_POINT ( 'NONE', #1827 ) ;
#901 = VECTOR ( 'NONE', #660, 1000.000000000000000 ) ;
#902 = VECTOR ( 'NONE', #1695, 1000.000000000000000 ) ;
#903 = DIRECTION ( 'NONE',  ( -0.7499999999999996669, 0.000000000000000000, -0.6614378277661480121 ) ) ;
#904 = DIRECTION ( 'NONE',  ( -1.423276643803382108E-16, -0.000000000000000000, -1.000000000000000000 ) ) ;
#905 = VECTOR ( 'NONE', #1849, 1000.000000000000000 ) ;
#906 = DIRECTION ( 'NONE',  ( -1.000000000000000000, 0.000000000000000000, 0.000000000000000000 ) ) ;
#907 = CC_DESIGN_PERSON_AND_ORGANIZATION_ASSIGNMENT ( #485, #885, ( #1271 ) ) ;
#908 = DIRECTION ( 'NONE',  ( -0.000000000000000000, -1.000000000000000000, -0.000000000000000000 ) ) ;
#909 = ORIENTED_EDGE ( 'NONE', *, *, #490, .T. ) ;
#910 = AXIS2_PLACEMENT_3D ( 'NONE', #411, #1879, #1567 ) ;
#911 = ORIENTED_EDGE ( 'NONE', *, *, #1008, .F. ) ;
#912 = EDGE_CURVE ( 'NONE', #1409, #1498, #572, .T. ) ;
#913 = ORIENTED_EDGE ( 'NONE', *, *, #581, .F. ) ;
#914 = EDGE_CURVE ( 'NONE', #144, #823, #635, .T. ) ;
#915 = DIRECTION ( 'NONE',  ( -0.000000000000000000, -1.000000000000000000, -0.000000000000000000 ) ) ;
#916 = CARTESIAN_POINT ( 'NONE',  ( 13.99999999999999822, 6.999999999999995559, -14.00000000000000178 ) ) ;
#917 = DIRECTION ( 'NONE',  ( 0.000000000000000000, 1.000000000000000000, 0.000000000000000000 ) ) ;
#918 = DIRECTION ( 'NONE',  ( 0.000000000000000000, 1.000000000000000000, 0.000000000000000000 ) ) ;
#919 = EDGE_LOOP ( 'NONE', ( #1422, #324, #333, #1712 ) ) ;
#920 = ORIENTED_EDGE ( 'NONE', *, *, #91, .F. ) ;
#921 = ORIENTED_EDGE ( 'NONE', *, *, #1529, .F. ) ;
#922 = EDGE_CURVE ( 'NONE', #583, #1657, #820, .T. ) ;
#923 = EDGE_CURVE ( 'NONE', #583, #340, #1838, .T. ) ;
#924 = FACE_OUTER_BOUND ( 'NONE', #407, .T. ) ;
#925 = FACE_OUTER_BOUND ( 'NONE', #694, .T. ) ;
#926 =( LENGTH_UNIT ( ) NAMED_UNIT ( * ) SI_UNIT ( .MILLI., .METRE. ) );
#927 = DIRECTION ( 'NONE',  ( 2.478176394252586564E-16, 0.000000000000000000, 1.000000000000000000 ) ) ;
#928 = CARTESIAN_POINT ( 'NONE',  ( 6.499999999999995559, 2.999999999999995559, -11.90588089979066133 ) ) ;
#929 = ORIENTED_EDGE ( 'NONE', *, *, #870, .F. ) ;
#930 = VECTOR ( 'NONE', #1574, 1000.000000000000000 ) ;
#931 = CC_DESIGN_APPROVAL ( #512, ( #994 ) ) ;
#932 = ORIENTED_EDGE ( 'NONE', *, *, #213, .F. ) ;
#933 = DIRECTION ( 'NONE',  ( -0.7500000000000015543, 0.000000000000000000, 0.6614378277661456806 ) ) ;
#934 = CARTESIAN_POINT ( 'NONE',  ( -10.49999999999999467, -2.999999999999999112, -17.99999999999999645 ) ) ;
#935 = ADVANCED_FACE ( 'NONE', ( #250 ), #507, .T. ) ;
#936 = DIRECTION ( 'NONE',  ( 2.478176394252587057E-16, 0.000000000000000000, 1.000000000000000000 ) ) ;
#937 = LINE ( 'NONE', #487, #1000 ) ;
#938 = ORIENTED_EDGE ( 'NONE', *, *, #1167, .T. ) ;
#939 = AXIS2_PLACEMENT_3D ( 'NONE', #35, #302, #1790 ) ;
#940 = ORIENTED_EDGE ( 'NONE', *, *, #1042, .T. ) ;
#941 = CARTESIAN_POINT ( 'NONE',  ( 0.000000000000000000, -7.000000000000000000, 0.000000000000000000 ) ) ;
#942 = CARTESIAN_POINT ( 'NONE',  ( 0.000000000000000000, 8.999999999999996447, 0.000000000000000000 ) ) ;
#943 = DIRECTION ( 'NONE',  ( -1.927470528863119049E-16, -0.000000000000000000, 1.000000000000000000 ) ) ;
#944 = ADVANCED_FACE ( 'NONE', ( #1807 ), #1152, .F. ) ;
#945 = CARTESIAN_POINT ( 'NONE',  ( -10.49999999999999645, 2.999999999999995559, -11.90588089979066488 ) ) ;
#946 = ORIENTED_EDGE ( 'NONE', *, *, #1699, .T. ) ;
#947 = CARTESIAN_POINT ( 'NONE',  ( -14.00000000000000533, -8.999999999999996447, -13.99999999999999467 ) ) ;
#948 = CARTESIAN_POINT ( 'NONE',  ( 6.750000000000003553, 2.999999999999996447, -5.952940449895326225 ) ) ;
#949 = EDGE_CURVE ( 'NONE', #826, #135, #513, .T. ) ;
#950 = ORIENTED_EDGE ( 'NONE', *, *, #779, .T. ) ;
#951 = DIRECTION ( 'NONE',  ( 0.7499999999999997780, 0.000000000000000000, 0.6614378277661481231 ) ) ;
#952 = CARTESIAN_POINT ( 'NONE',  ( 0.000000000000000000, 2.999999999999995559, 15.00000000000000178 ) ) ;
#953 = CARTESIAN_POINT ( 'NONE',  ( -13.49999999999999822, 0.000000000000000000, -11.90588089979066311 ) ) ;
#954 = DIRECTION ( 'NONE',  ( -0.7499999999999996669, 0.000000000000000000, -0.6614378277661480121 ) ) ;
#955 = CARTESIAN_POINT ( 'NONE',  ( 0.000000000000000000, -2.999999999999999112, 14.99999999999999645 ) ) ;
#956 = VERTEX_POINT ( 'NONE', #688 ) ;
#957 = EDGE_CURVE ( 'NONE', #1773, #826, #1288, .T. ) ;
#958 = FACE_OUTER_BOUND ( 'NONE', #689, .T. ) ;
#959 = CARTESIAN_POINT ( 'NONE',  ( 13.50000000000000000, 2.999999999999995559, -11.90588089979065956 ) ) ;
#960 = ORIENTED_EDGE ( 'NONE', *, *, #1433, .T. ) ;
#961 = EDGE_CURVE ( 'NONE', #823, #990, #1312, .T. ) ;
#962 = AXIS2_PLACEMENT_3D ( 'NONE', #934, #1242, #525 ) ;
#963 = ORIENTED_EDGE ( 'NONE', *, *, #7, .F. ) ;
#964 = CIRCLE ( 'NONE', #1478, 4.000000000000001776 ) ;
#965 = LINE ( 'NONE', #819, #1550 ) ;
#966 = CYLINDRICAL_SURFACE ( 'NONE', #650, 5.999999999999999112 ) ;
#967 = CARTESIAN_POINT ( 'NONE',  ( 0.000000000000000000, 6.999999999999997335, 0.000000000000000000 ) ) ;
#968 = DIRECTION ( 'NONE',  ( 0.000000000000000000, 1.000000000000000000, 0.000000000000000000 ) ) ;
#969 = ORIENTED_EDGE ( 'NONE', *, *, #803, .F. ) ;
#970 = LINE ( 'NONE', #395, #1551 ) ;
#971 = CARTESIAN_POINT ( 'NONE',  ( -13.49999999999999822, 6.999999999999997335, -11.90588089979066311 ) ) ;
#972 = VERTEX_POINT ( 'NONE', #554 ) ;
#973 = CIRCLE ( 'NONE', #630, 5.999999999999999112 ) ;
#974 = ADVANCED_FACE ( 'NONE', ( #1437 ), #1889, .T. ) ;
#975 = DIRECTION ( 'NONE',  ( 1.423276643803383094E-16, 0.000000000000000000, 1.000000000000000000 ) ) ;
#976 = DIRECTION ( 'NONE',  ( 1.423276643803383094E-16, 0.000000000000000000, 1.000000000000000000 ) ) ;
#977 = DIRECTION ( 'NONE',  ( 0.000000000000000000, 1.000000000000000000, 0.000000000000000000 ) ) ;
#978 = ORIENTED_EDGE ( 'NONE', *, *, #540, .T. ) ;
#979 = CARTESIAN_POINT ( 'NONE',  ( -18.00000000000000355, -6.999999999999995559, 4.460717509654657295E-15 ) ) ;
#980 = DIRECTION ( 'NONE',  ( 1.000000000000000000, 0.000000000000000000, 0.000000000000000000 ) ) ;
#981 = ORIENTED_EDGE ( 'NONE', *, *, #746, .F. ) ;
#982 = CIRCLE ( 'NONE', #1811, 14.99999999999999822 ) ;
#983 = CARTESIAN_POINT ( 'NONE',  ( -6.749999999999998224, 2.999999999999996447, -5.952940449895332442 ) ) ;
#984 = ADVANCED_FACE ( 'NONE', ( #421 ), #863, .F. ) ;
#985 = CARTESIAN_POINT ( 'NONE',  ( -13.49999999999999822, 2.999999999999995559, -11.90588089979066311 ) ) ;
#986 = CARTESIAN_POINT ( 'NONE',  ( -6.749999999999998224, -2.999999999999998224, -5.952940449895332442 ) ) ;
#987 = ORIENTED_EDGE ( 'NONE', *, *, #746, .T. ) ;
#988 = DIRECTION ( 'NONE',  ( 0.000000000000000000, 0.000000000000000000, -1.000000000000000000 ) ) ;
#989 = DIRECTION ( 'NONE',  ( -1.000000000000000000, 0.000000000000000000, 0.000000000000000000 ) ) ;
#990 = VERTEX_POINT ( 'NONE', #986 ) ;
#991 = DIRECTION ( 'NONE',  ( -0.7500000000000004441, 0.000000000000000000, 0.6614378277661472350 ) ) ;
#992 = AXIS2_PLACEMENT_3D ( 'NONE', #1778, #1620, #178 ) ;
#993 = AXIS2_PLACEMENT_3D ( 'NONE', #1479, #1192, #1162 ) ;
#994 = PRODUCT_DEFINITION ( 'UNKNOWN', '', #352, #1109 ) ;
#995 = EDGE_CURVE ( 'NONE', #1209, #1409, #1832, .T. ) ;
#996 = DIRECTION ( 'NONE',  ( 0.000000000000000000, -1.000000000000000000, 0.000000000000000000 ) ) ;
#997 = CYLINDRICAL_SURFACE ( 'NONE', #1262, 4.000000000000000000 ) ;
#998 = ADVANCED_FACE ( 'NONE', ( #290 ), #564, .T. ) ;
#999 = VERTEX_POINT ( 'NONE', #258 ) ;
#1000 = VECTOR ( 'NONE', #385, 1000.000000000000000 ) ;
#1001 = VERTEX_POINT ( 'NONE', #1869 ) ;
#1002 = CARTESIAN_POINT ( 'NONE',  ( 13.49999999999999467, -6.999999999999999112, -18.00000000000000355 ) ) ;
#1003 = TOROIDAL_SURFACE ( 'NONE', #1527, 3.000000000000002665, 4.000000000000001776 ) ;
#1004 = VERTEX_POINT ( 'NONE', #828 ) ;
#1005 = AXIS2_PLACEMENT_3D ( 'NONE', #130, #1266, #1857 ) ;
#1006 = DIRECTION ( 'NONE',  ( 0.6614378277661480121, -0.000000000000000000, -0.7499999999999997780 ) ) ;
#1007 = DIRECTION ( 'NONE',  ( -1.423276643803383094E-16, -0.000000000000000000, -1.000000000000000000 ) ) ;
#1008 = EDGE_CURVE ( 'NONE', #1696, #498, #1746, .T. ) ;
#1009 = CARTESIAN_POINT ( 'NONE',  ( 0.000000000000000000, 8.999999999999996447, 0.000000000000000000 ) ) ;
#1010 = EDGE_LOOP ( 'NONE', ( #1895, #1444, #1187, #978 ) ) ;
#1011 = EDGE_CURVE ( 'NONE', #1522, #18, #1122, .T. ) ;
#1012 = ORIENTED_EDGE ( 'NONE', *, *, #1693, .T. ) ;
#1013 = DIRECTION ( 'NONE',  ( 0.000000000000000000, 0.000000000000000000, -1.000000000000000000 ) ) ;
#1014 = DIRECTION ( 'NONE',  ( 1.000000000000000000, 0.000000000000000000, 0.000000000000000000 ) ) ;
#1015 = VERTEX_POINT ( 'NONE', #1418 ) ;
#1016 = EDGE_LOOP ( 'NONE', ( #1575, #920, #197 ) ) ;
#1017 = ORIENTED_EDGE ( 'NONE', *, *, #1440, .F. ) ;
#1018 = APPROVAL_STATUS ( 'not_yet_approved' ) ;
#1019 = VECTOR ( 'NONE', #1172, 1000.000000000000000 ) ;
#1020 = AXIS2_PLACEMENT_3D ( 'NONE', #106, #1102, #1247 ) ;
#1021 = DIRECTION ( 'NONE',  ( -0.7500000000000013323, 0.000000000000000000, 0.6614378277661460137 ) ) ;
#1022 = CIRCLE ( 'NONE', #1710, 9.000000000000000000 ) ;
#1023 = DIRECTION ( 'NONE',  ( -1.423276643803382108E-16, -0.000000000000000000, -1.000000000000000000 ) ) ;
#1024 = FACE_OUTER_BOUND ( 'NONE', #1016, .T. ) ;
#1025 = VERTEX_POINT ( 'NONE', #1279 ) ;
#1026 = CIRCLE ( 'NONE', #48, 9.000000000000003553 ) ;
#1027 = EDGE_LOOP ( 'NONE', ( #1597, #1047, #705, #378 ) ) ;
#1028 = EDGE_CURVE ( 'NONE', #745, #1485, #1584, .T. ) ;
#1029 = DIRECTION ( 'NONE',  ( 0.000000000000000000, 0.000000000000000000, 1.000000000000000000 ) ) ;
#1030 = CIRCLE ( 'NONE', #143, 4.000000000000002665 ) ;
#1031 = LINE ( 'NONE', #1347, #805 ) ;
#1032 = FACE_OUTER_BOUND ( 'NONE', #51, .T. ) ;
#1033 = DIRECTION ( 'NONE',  ( 1.423276643803383094E-16, 0.000000000000000000, 1.000000000000000000 ) ) ;
#1034 = LINE ( 'NONE', #1002, #749 ) ;
#1035 = ORIENTED_EDGE ( 'NONE', *, *, #914, .F. ) ;
#1036 = ORIENTED_EDGE ( 'NONE', *, *, #1837, .T. ) ;
#1037 = PERSON_AND_ORGANIZATION ( #1038, #1606 ) ;
#1038 = PERSON ( 'UNSPECIFIED', 'UNSPECIFIED', 'UNSPECIFIED', ('UNSPECIFIED'), ('UNSPECIFIED'), ('UNSPECIFIED') ) ;
#1039 = EDGE_CURVE ( 'NONE', #583, #598, #1601, .T. ) ;
#1040 = AXIS2_PLACEMENT_3D ( 'NONE', #1908, #566, #573 ) ;
#1041 = CARTESIAN_POINT ( 'NONE',  ( 13.50000000000000178, -6.999999999999999112, -11.90588089979064712 ) ) ;
#1042 = EDGE_CURVE ( 'NONE', #498, #1801, #198, .T. ) ;
#1043 = FACE_OUTER_BOUND ( 'NONE', #400, .T. ) ;
#1044 = CARTESIAN_POINT ( 'NONE',  ( -11.24999999999999467, -8.999999999999998224, -9.921567416492218072 ) ) ;
#1045 = EDGE_LOOP ( 'NONE', ( #576, #149, #1250, #1782 ) ) ;
#1046 = FACE_OUTER_BOUND ( 'NONE', #1655, .T. ) ;
#1047 = ORIENTED_EDGE ( 'NONE', *, *, #922, .T. ) ;
#1048 = LINE ( 'NONE', #163, #236 ) ;
#1049 = APPROVAL ( #1018, 'UNSPECIFIED' ) ;
#1050 = CARTESIAN_POINT ( 'NONE',  ( -4.499999999999999112, -2.999999999999998224, -11.90588089979066666 ) ) ;
#1051 = VECTOR ( 'NONE', #1680, 1000.000000000000000 ) ;
#1052 = CARTESIAN_POINT ( 'NONE',  ( 11.25000000000000178, -2.999999999999999112, -9.921567416492205638 ) ) ;
#1053 = CARTESIAN_POINT ( 'NONE',  ( 6.499999999999995559, 2.999999999999995559, -11.90588089979066133 ) ) ;
#1054 = AXIS2_PLACEMENT_3D ( 'NONE', #1534, #1096, #1669 ) ;
#1055 = EDGE_LOOP ( 'NONE', ( #259, #1379, #303, #1819 ) ) ;
#1056 = ORIENTED_EDGE ( 'NONE', *, *, #79, .F. ) ;
#1057 = CARTESIAN_POINT ( 'NONE',  ( 0.000000000000000000, -2.999999999999999112, 0.000000000000000000 ) ) ;
#1058 = VECTOR ( 'NONE', #812, 1000.000000000000000 ) ;
#1059 = DIRECTION ( 'NONE',  ( 0.000000000000000000, -1.000000000000000000, 0.000000000000000000 ) ) ;
#1060 = LINE ( 'NONE', #193, #1336 ) ;
#1061 = EDGE_LOOP ( 'NONE', ( #1558, #1757, #481, #693 ) ) ;
#1062 = CIRCLE ( 'NONE', #83, 4.000000000000000000 ) ;
#1063 = EDGE_CURVE ( 'NONE', #1866, #491, #1592, .T. ) ;
#1064 = CARTESIAN_POINT ( 'NONE',  ( 0.000000000000000000, -2.999999999999998224, 0.000000000000000000 ) ) ;
#1065 = ORIENTED_EDGE ( 'NONE', *, *, #1668, .F. ) ;
#1066 = EDGE_CURVE ( 'NONE', #491, #267, #1144, .T. ) ;
#1067 = DIRECTION ( 'NONE',  ( 0.7499999999999996669, 0.000000000000000000, 0.6614378277661480121 ) ) ;
#1068 = CARTESIAN_POINT ( 'NONE',  ( 4.500000000000000000, 2.999999999999996447, -18.00000000000000000 ) ) ;
#1069 = APPROVAL_ROLE ( '' ) ;
#1070 = LINE ( 'NONE', #1483, #1795 ) ;
#1071 = CARTESIAN_POINT ( 'NONE',  ( -11.24999999999999467, -9.000000000000003553, -9.921567416492218072 ) ) ;
#1072 = ORIENTED_EDGE ( 'NONE', *, *, #1861, .T. ) ;
#1073 = DIRECTION ( 'NONE',  ( 1.000000000000000000, 0.000000000000000000, 0.000000000000000000 ) ) ;
#1074 = EDGE_CURVE ( 'NONE', #645, #1522, #103, .T. ) ;
#1075 = ORIENTED_EDGE ( 'NONE', *, *, #1598, .T. ) ;
#1076 = CARTESIAN_POINT ( 'NONE',  ( -14.00000000000000533, -6.999999999999995559, -13.99999999999999467 ) ) ;
#1077 = DIRECTION ( 'NONE',  ( 0.000000000000000000, -0.000000000000000000, -1.000000000000000000 ) ) ;
#1078 = LINE ( 'NONE', #1376, #1682 ) ;
#1079 = DIRECTION ( 'NONE',  ( 0.000000000000000000, 0.000000000000000000, 1.000000000000000000 ) ) ;
#1080 = VERTEX_POINT ( 'NONE', #1297 ) ;
#1081 = CARTESIAN_POINT ( 'NONE',  ( -13.50000000000000178, -8.999999999999996447, -11.90588089979066488 ) ) ;
#1082 = VECTOR ( 'NONE', #1023, 1000.000000000000000 ) ;
#1083 = AXIS2_PLACEMENT_3D ( 'NONE', #591, #830, #1281 ) ;
#1084 = ORIENTED_EDGE ( 'NONE', *, *, #503, .T. ) ;
#1085 = SECURITY_CLASSIFICATION ( '', '', #1769 ) ;
#1086 = PRODUCT_RELATED_PRODUCT_CATEGORY ( 'detail', '', ( #1271 ) ) ;
#1087 = ADVANCED_FACE ( 'NONE', ( #1156 ), #283, .F. ) ;
#1088 = DIRECTION ( 'NONE',  ( -1.000000000000000000, 0.000000000000000000, 1.423276643803382847E-16 ) ) ;
#1089 = DIRECTION ( 'NONE',  ( 0.000000000000000000, 0.000000000000000000, -1.000000000000000000 ) ) ;
#1090 = DIRECTION ( 'NONE',  ( 0.000000000000000000, 0.000000000000000000, 1.000000000000000000 ) ) ;
#1091 = DIRECTION ( 'NONE',  ( 0.000000000000000000, 1.000000000000000000, -0.000000000000000000 ) ) ;
#1092 = ORIENTED_EDGE ( 'NONE', *, *, #869, .F. ) ;
#1093 = CARTESIAN_POINT ( 'NONE',  ( 0.000000000000000000, -2.999999999999998224, 0.000000000000000000 ) ) ;
#1094 = AXIS2_PLACEMENT_3D ( 'NONE', #1528, #1120, #257 ) ;
#1095 = ORIENTED_EDGE ( 'NONE', *, *, #649, .T. ) ;
#1096 = DIRECTION ( 'NONE',  ( 0.000000000000000000, -1.000000000000000000, 0.000000000000000000 ) ) ;
#1097 = EDGE_CURVE ( 'NONE', #1256, #98, #316, .T. ) ;
#1098 = CARTESIAN_POINT ( 'NONE',  ( -13.49999999999999467, -6.999999999999999112, -17.99999999999999645 ) ) ;
#1099 = DIRECTION ( 'NONE',  ( 0.000000000000000000, 1.000000000000000000, 0.000000000000000000 ) ) ;
#1100 = CARTESIAN_POINT ( 'NONE',  ( 11.25000000000000533, 2.999999999999995559, -9.921567416492207414 ) ) ;
#1101 = ORIENTED_EDGE ( 'NONE', *, *, #795, .F. ) ;
#1102 = DIRECTION ( 'NONE',  ( 0.000000000000000000, 1.000000000000000000, -0.000000000000000000 ) ) ;
#1103 = LINE ( 'NONE', #1269, #901 ) ;
#1104 = EDGE_LOOP ( 'NONE', ( #680, #1774, #1168, #468 ) ) ;
#1105 = AXIS2_PLACEMENT_3D ( 'NONE', #88, #1532, #1873 ) ;
#1106 = CARTESIAN_POINT ( 'NONE',  ( 13.49999999999999467, -6.999999999999999112, -11.90588089979065956 ) ) ;
#1107 = DIRECTION ( 'NONE',  ( -0.7499999999999996669, 0.000000000000000000, -0.6614378277661480121 ) ) ;
#1108 = CARTESIAN_POINT ( 'NONE',  ( 0.000000000000000000, 2.999999999999995559, 0.000000000000000000 ) ) ;
#1109 = DESIGN_CONTEXT ( 'detailed design', #877, 'design' ) ;
#1110 = CARTESIAN_POINT ( 'NONE',  ( 13.99999999999999822, -8.999999999999996447, -14.00000000000000178 ) ) ;
#1111 = VERTEX_POINT ( 'NONE', #892 ) ;
#1112 = CYLINDRICAL_SURFACE ( 'NONE', #1515, 10.99999999999999822 ) ;
#1113 = CARTESIAN_POINT ( 'NONE',  ( -13.49999999999999822, 2.999999999999995559, -11.90588089979066311 ) ) ;
#1114 = ORIENTED_EDGE ( 'NONE', *, *, #1443, .F. ) ;
#1115 = AXIS2_PLACEMENT_3D ( 'NONE', #1366, #1690, #1089 ) ;
#1116 = EDGE_CURVE ( 'NONE', #1391, #621, #153, .T. ) ;
#1117 = CIRCLE ( 'NONE', #1389, 4.000000000000000000 ) ;
#1118 = CIRCLE ( 'NONE', #1609, 4.000000000000000000 ) ;
#1119 = LINE ( 'NONE', #399, #861 ) ;
#1120 = DIRECTION ( 'NONE',  ( 2.891205793294679312E-16, 1.000000000000000000, -4.114985678025348411E-32 ) ) ;
#1121 = TOROIDAL_SURFACE ( 'NONE', #1868, 14.99999999999999645, 5.999999999999999112 ) ;
#1122 = LINE ( 'NONE', #716, #662 ) ;
#1123 = EDGE_LOOP ( 'NONE', ( #1644, #1457, #1351, #1153 ) ) ;
#1124 = FACE_OUTER_BOUND ( 'NONE', #1816, .T. ) ;
#1125 = LINE ( 'NONE', #1411, #1523 ) ;
#1126 = EDGE_CURVE ( 'NONE', #1267, #135, #1031, .T. ) ;
#1127 = VERTEX_POINT ( 'NONE', #300 ) ;
#1128 = AXIS2_PLACEMENT_3D ( 'NONE', #1653, #896, #5 ) ;
#1129 = EDGE_CURVE ( 'NONE', #1508, #1362, #1787, .T. ) ;
#1130 = ORIENTED_EDGE ( 'NONE', *, *, #792, .F. ) ;
#1131 = CARTESIAN_POINT ( 'NONE',  ( 11.25000000000000711, -8.999999999999998224, -9.921567416492203861 ) ) ;
#1132 = DIRECTION ( 'NONE',  ( -0.000000000000000000, -1.000000000000000000, 0.000000000000000000 ) ) ;
#1133 = DIRECTION ( 'NONE',  ( 0.000000000000000000, 1.000000000000000000, 0.000000000000000000 ) ) ;
#1134 = ORIENTED_EDGE ( 'NONE', *, *, #1491, .T. ) ;
#1135 = DIRECTION ( 'NONE',  ( -1.927470528863119049E-16, -0.000000000000000000, 1.000000000000000000 ) ) ;
#1136 = PLANE ( 'NONE',  #343 ) ;
#1137 = ORIENTED_EDGE ( 'NONE', *, *, #1097, .F. ) ;
#1138 = EDGE_LOOP ( 'NONE', ( #58, #1615, #510 ) ) ;
#1139 = DIRECTION ( 'NONE',  ( 0.000000000000000000, 1.000000000000000000, 0.000000000000000000 ) ) ;
#1140 = ORIENTED_EDGE ( 'NONE', *, *, #957, .F. ) ;
#1141 = CARTESIAN_POINT ( 'NONE',  ( -10.49999999999999467, -8.999999999999998224, -17.99999999999999645 ) ) ;
#1142 = DIRECTION ( 'NONE',  ( -1.423276643803382108E-16, -0.000000000000000000, -1.000000000000000000 ) ) ;
#1143 = ORIENTED_EDGE ( 'NONE', *, *, #412, .T. ) ;
#1144 = CIRCLE ( 'NONE', #380, 4.000000000000000000 ) ;
#1145 = VECTOR ( 'NONE', #390, 1000.000000000000000 ) ;
#1146 = VECTOR ( 'NONE', #455, 1000.000000000000000 ) ;
#1147 = EDGE_CURVE ( 'NONE', #1404, #461, #1481, .T. ) ;
#1148 = DIRECTION ( 'NONE',  ( -0.7499999999999995559, 0.000000000000000000, -0.6614378277661480121 ) ) ;
#1149 = EDGE_CURVE ( 'NONE', #279, #1665, #1273, .T. ) ;
#1150 = DIRECTION ( 'NONE',  ( 0.000000000000000000, -0.000000000000000000, 1.000000000000000000 ) ) ;
#1151 = ORIENTED_EDGE ( 'NONE', *, *, #887, .T. ) ;
#1152 = TOROIDAL_SURFACE ( 'NONE', #1562, 15.00000000000000178, 4.000000000000001776 ) ;
#1153 = ORIENTED_EDGE ( 'NONE', *, *, #870, .T. ) ;
#1154 = VECTOR ( 'NONE', #977, 1000.000000000000000 ) ;
#1155 = CARTESIAN_POINT ( 'NONE',  ( -4.500000000000000000, 2.999999999999996447, -18.00000000000000000 ) ) ;
#1156 = FACE_OUTER_BOUND ( 'NONE', #255, .T. ) ;
#1157 = DIRECTION ( 'NONE',  ( 0.000000000000000000, -1.000000000000000000, 0.000000000000000000 ) ) ;
#1158 = EDGE_CURVE ( 'NONE', #727, #426, #439, .T. ) ;
#1159 = ORIENTED_EDGE ( 'NONE', *, *, #782, .T. ) ;
#1160 = VERTEX_POINT ( 'NONE', #1337 ) ;
#1161 = AXIS2_PLACEMENT_3D ( 'NONE', #1053, #449, #1806 ) ;
#1162 = DIRECTION ( 'NONE',  ( -0.7499999999999996669, 0.000000000000000000, -0.6614378277661481231 ) ) ;
#1163 = CARTESIAN_POINT ( 'NONE',  ( 10.49999999999999467, -7.000000000000000000, -11.90588089979066133 ) ) ;
#1164 = AXIS2_PLACEMENT_3D ( 'NONE', #865, #1464, #1150 ) ;
#1165 = CARTESIAN_POINT ( 'NONE',  ( 13.49999999999999645, 6.999999999999995559, -11.90588089979066844 ) ) ;
#1166 = EDGE_LOOP ( 'NONE', ( #612, #1759, #866, #1075 ) ) ;
#1167 = EDGE_CURVE ( 'NONE', #1667, #1870, #748, .T. ) ;
#1168 = ORIENTED_EDGE ( 'NONE', *, *, #1463, .F. ) ;
#1169 = AXIS2_PLACEMENT_3D ( 'NONE', #953, #1846, #1703 ) ;
#1170 = AXIS2_PLACEMENT_3D ( 'NONE', #1777, #577, #614 ) ;
#1171 = CARTESIAN_POINT ( 'NONE',  ( 13.50000000000000000, 8.999999999999996447, -11.90588089979065956 ) ) ;
#1172 = DIRECTION ( 'NONE',  ( -1.423276643803382108E-16, -0.000000000000000000, -1.000000000000000000 ) ) ;
#1173 = LOCAL_TIME ( 10, 35, 6.000000000000000000, #430 ) ;
#1174 = CARTESIAN_POINT ( 'NONE',  ( 18.00000000000000000, 6.999999999999995559, -13.99999999999997513 ) ) ;
#1175 = DIRECTION ( 'NONE',  ( 1.000000000000000000, -0.000000000000000000, -1.423276643803383094E-16 ) ) ;
#1176 = ORIENTED_EDGE ( 'NONE', *, *, #409, .T. ) ;
#1177 = AXIS2_PLACEMENT_3D ( 'NONE', #1064, #1783, #638 ) ;
#1178 = EDGE_CURVE ( 'NONE', #745, #999, #1771, .T. ) ;
#1179 = EDGE_LOOP ( 'NONE', ( #545, #451, #1065, #897 ) ) ;
#1180 = EDGE_CURVE ( 'NONE', #94, #1025, #1503, .T. ) ;
#1181 = CARTESIAN_POINT ( 'NONE',  ( 18.00000000000000355, -6.999999999999995559, -4.460717509654656506E-15 ) ) ;
#1182 = CIRCLE ( 'NONE', #599, 5.999999999999999112 ) ;
#1183 = CARTESIAN_POINT ( 'NONE',  ( 6.499999999999994671, 2.999999999999995559, -18.00000000000000000 ) ) ;
#1184 = CARTESIAN_POINT ( 'NONE',  ( 0.000000000000000000, -6.999999999999999112, 0.000000000000000000 ) ) ;
#1185 = DIRECTION ( 'NONE',  ( 0.000000000000000000, -1.000000000000000000, 0.000000000000000000 ) ) ;
#1186 = DIRECTION ( 'NONE',  ( 1.423276643803383094E-16, 0.000000000000000000, 1.000000000000000000 ) ) ;
#1187 = ORIENTED_EDGE ( 'NONE', *, *, #666, .T. ) ;
#1188 = FACE_OUTER_BOUND ( 'NONE', #356, .T. ) ;
#1189 = ORIENTED_EDGE ( 'NONE', *, *, #1257, .T. ) ;
#1190 = PERSON_AND_ORGANIZATION_ROLE ( 'design_supplier' ) ;
#1191 = ADVANCED_FACE ( 'NONE', ( #1796 ), #1740, .T. ) ;
#1192 = DIRECTION ( 'NONE',  ( 0.000000000000000000, 1.000000000000000000, 0.000000000000000000 ) ) ;
#1193 = VECTOR ( 'NONE', #1677, 1000.000000000000000 ) ;
#1194 = DIRECTION ( 'NONE',  ( 0.000000000000000000, -1.000000000000000000, -0.000000000000000000 ) ) ;
#1195 = ADVANCED_FACE ( 'NONE', ( #473 ), #873, .F. ) ;
#1196 = DIRECTION ( 'NONE',  ( -0.000000000000000000, -1.000000000000000000, 0.000000000000000000 ) ) ;
#1197 = CYLINDRICAL_SURFACE ( 'NONE', #332, 4.000000000000000000 ) ;
#1198 = ORIENTED_EDGE ( 'NONE', *, *, #213, .T. ) ;
#1199 = VERTEX_POINT ( 'NONE', #1050 ) ;
#1200 = CARTESIAN_POINT ( 'NONE',  ( -10.49999999999999467, 8.999999999999996447, -17.99999999999999645 ) ) ;
#1201 = EDGE_CURVE ( 'NONE', #1127, #818, #620, .T. ) ;
#1202 = DIRECTION ( 'NONE',  ( -1.000000000000000000, -0.000000000000000000, -1.927470528863119049E-16 ) ) ;
#1203 = AXIS2_PLACEMENT_3D ( 'NONE', #1252, #1836, #515 ) ;
#1204 = CARTESIAN_POINT ( 'NONE',  ( 4.500000000000000888, 2.999999999999996447, -11.90588089979066133 ) ) ;
#1205 = CARTESIAN_POINT ( 'NONE',  ( -11.24999999999999467, 8.999999999999996447, -9.921567416492218072 ) ) ;
#1206 = AXIS2_PLACEMENT_3D ( 'NONE', #202, #777, #493 ) ;
#1207 = AXIS2_PLACEMENT_3D ( 'NONE', #1204, #1621, #1661 ) ;
#1208 = DIRECTION ( 'NONE',  ( -0.7499999999999997780, 2.891205793294679312E-16, -0.6614378277661480121 ) ) ;
#1209 = VERTEX_POINT ( 'NONE', #329 ) ;
#1210 = ORIENTED_EDGE ( 'NONE', *, *, #1028, .F. ) ;
#1211 = ORIENTED_EDGE ( 'NONE', *, *, #561, .T. ) ;
#1212 = VECTOR ( 'NONE', #815, 1000.000000000000000 ) ;
#1213 = DIRECTION ( 'NONE',  ( -0.7500000000000003331, 0.000000000000000000, 0.6614378277661473460 ) ) ;
#1214 = DIRECTION ( 'NONE',  ( 0.000000000000000000, 0.000000000000000000, 1.000000000000000000 ) ) ;
#1215 =( NAMED_UNIT ( * ) SI_UNIT ( $, .STERADIAN. ) SOLID_ANGLE_UNIT ( ) );
#1216 = EDGE_CURVE ( 'NONE', #1276, #98, #578, .T. ) ;
#1217 = TOROIDAL_SURFACE ( 'NONE', #1750, 14.99999999999999645, 4.000000000000000000 ) ;
#1218 = CARTESIAN_POINT ( 'NONE',  ( 10.49999999999999467, -2.999999999999999112, -18.00000000000000355 ) ) ;
#1219 = ORIENTED_EDGE ( 'NONE', *, *, #1529, .T. ) ;
#1220 = ORIENTED_EDGE ( 'NONE', *, *, #1303, .F. ) ;
#1221 = DIRECTION ( 'NONE',  ( 0.000000000000000000, 1.000000000000000000, 0.000000000000000000 ) ) ;
#1222 = DIRECTION ( 'NONE',  ( 1.927470528863119049E-16, 0.000000000000000000, -1.000000000000000000 ) ) ;
#1223 = TOROIDAL_SURFACE ( 'NONE', #401, 3.000000000000006217, 5.999999999999999112 ) ;
#1224 = CARTESIAN_POINT ( 'NONE',  ( -6.499999999999994671, -2.999999999999999112, -18.00000000000000000 ) ) ;
#1225 = CARTESIAN_POINT ( 'NONE',  ( -14.00000000000000533, 6.999999999999995559, -13.99999999999999467 ) ) ;
#1226 = ORIENTED_EDGE ( 'NONE', *, *, #1788, .T. ) ;
#1227 = EDGE_CURVE ( 'NONE', #1667, #533, #562, .T. ) ;
#1228 = EDGE_LOOP ( 'NONE', ( #1425, #784, #858, #1555 ) ) ;
#1229 = CYLINDRICAL_SURFACE ( 'NONE', #715, 5.999999999999999112 ) ;
#1230 = PLANE ( 'NONE',  #1203 ) ;
#1231 = CARTESIAN_POINT ( 'NONE',  ( 10.49999999999999467, 8.999999999999996447, -18.00000000000000355 ) ) ;
#1232 = DIRECTION ( 'NONE',  ( 0.000000000000000000, 0.000000000000000000, 1.000000000000000000 ) ) ;
#1233 = ORIENTED_EDGE ( 'NONE', *, *, #1433, .F. ) ;
#1234 = DIRECTION ( 'NONE',  ( -0.000000000000000000, -1.000000000000000000, 0.000000000000000000 ) ) ;
#1235 = AXIS2_PLACEMENT_3D ( 'NONE', #484, #223, #1077 ) ;
#1236 = AXIS2_PLACEMENT_3D ( 'NONE', #146, #177, #903 ) ;
#1237 = VERTEX_POINT ( 'NONE', #337 ) ;
#1238 = CIRCLE ( 'NONE', #1553, 3.000000000000006217 ) ;
#1239 = EDGE_CURVE ( 'NONE', #425, #453, #102, .T. ) ;
#1240 = DIRECTION ( 'NONE',  ( 0.000000000000000000, 1.000000000000000000, 0.000000000000000000 ) ) ;
#1241 = AXIS2_PLACEMENT_3D ( 'NONE', #93, #1091, #1684 ) ;
#1242 = DIRECTION ( 'NONE',  ( 1.423276643803382847E-16, 0.000000000000000000, 1.000000000000000000 ) ) ;
#1243 = CARTESIAN_POINT ( 'NONE',  ( -10.49999999999999112, 8.999999999999996447, -11.90588089979066311 ) ) ;
#1244 = DIRECTION ( 'NONE',  ( 0.000000000000000000, 1.000000000000000000, 0.000000000000000000 ) ) ;
#1245 = ORIENTED_EDGE ( 'NONE', *, *, #1216, .T. ) ;
#1246 = CIRCLE ( 'NONE', #211, 4.000000000000000000 ) ;
#1247 = DIRECTION ( 'NONE',  ( 0.000000000000000000, 0.000000000000000000, 1.000000000000000000 ) ) ;
#1248 = LINE ( 'NONE', #1841, #357 ) ;
#1249 = VECTOR ( 'NONE', #1727, 1000.000000000000000 ) ;
#1250 = ORIENTED_EDGE ( 'NONE', *, *, #68, .T. ) ;
#1251 = FACE_OUTER_BOUND ( 'NONE', #1688, .T. ) ;
#1252 = CARTESIAN_POINT ( 'NONE',  ( 18.00000000000000355, 6.999999999999995559, -4.460717509654656506E-15 ) ) ;
#1253 = EDGE_CURVE ( 'NONE', #1015, #1340, #724, .T. ) ;
#1254 = CARTESIAN_POINT ( 'NONE',  ( -10.49999999999999289, -2.999999999999999112, -11.90588089979066488 ) ) ;
#1255 = DIRECTION ( 'NONE',  ( 0.000000000000000000, 1.000000000000000000, 0.000000000000000000 ) ) ;
#1257 = EDGE_CURVE ( 'NONE', #1634, #441, #3, .T. ) ;
#1256 = VERTEX_POINT ( 'NONE', #730 ) ;
#1258 = DIRECTION ( 'NONE',  ( -0.7499999999999996669, 0.000000000000000000, -0.6614378277661480121 ) ) ;
#1259 = DIRECTION ( 'NONE',  ( 0.000000000000000000, 0.000000000000000000, 1.000000000000000000 ) ) ;
#1260 = EDGE_LOOP ( 'NONE', ( #1272, #1831, #981, #315 ) ) ;
#1261 = ORIENTED_EDGE ( 'NONE', *, *, #231, .T. ) ;
#1262 = AXIS2_PLACEMENT_3D ( 'NONE', #1439, #1747, #1594 ) ;
#1263 = CARTESIAN_POINT ( 'NONE',  ( 13.50000000000000000, 2.999999999999995559, -11.90588089979065956 ) ) ;
#1264 = DIRECTION ( 'NONE',  ( 0.000000000000000000, 1.000000000000000000, -0.000000000000000000 ) ) ;
#1265 = ADVANCED_FACE ( 'NONE', ( #1804 ), #501, .F. ) ;
#1266 = DIRECTION ( 'NONE',  ( -0.000000000000000000, -1.000000000000000000, 0.000000000000000000 ) ) ;
#1267 = VERTEX_POINT ( 'NONE', #665 ) ;
#1268 = DIRECTION ( 'NONE',  ( 0.000000000000000000, 1.000000000000000000, 0.000000000000000000 ) ) ;
#1269 = CARTESIAN_POINT ( 'NONE',  ( 18.00000000000000355, 6.999999999999995559, -2.168401508923204092E-15 ) ) ;
#1270 = EDGE_CURVE ( 'NONE', #426, #1508, #780, .T. ) ;
#1271 = PRODUCT ( 'CSWA_10_3', 'CSWA_10_3', '', ( #457 ) ) ;
#1272 = ORIENTED_EDGE ( 'NONE', *, *, #767, .T. ) ;
#1273 = CIRCLE ( 'NONE', #684, 4.000000000000000000 ) ;
#1274 = VECTOR ( 'NONE', #1468, 1000.000000000000000 ) ;
#1275 = AXIS2_PLACEMENT_3D ( 'NONE', #524, #1689, #788 ) ;
#1276 = VERTEX_POINT ( 'NONE', #54 ) ;
#1277 = LINE ( 'NONE', #99, #1302 ) ;
#1278 = DIRECTION ( 'NONE',  ( 1.000000000000000000, 0.000000000000000000, -1.423276643803382847E-16 ) ) ;
#1279 = CARTESIAN_POINT ( 'NONE',  ( -4.500000000000000000, 2.999999999999996447, -18.00000000000000000 ) ) ;
#1280 = ORIENTED_EDGE ( 'NONE', *, *, #676, .F. ) ;
#1281 = DIRECTION ( 'NONE',  ( 0.000000000000000000, 0.000000000000000000, 1.000000000000000000 ) ) ;
#1282 = LINE ( 'NONE', #253, #445 ) ;
#1283 = ORIENTED_EDGE ( 'NONE', *, *, #503, .F. ) ;
#1284 = VECTOR ( 'NONE', #168, 1000.000000000000000 ) ;
#1285 = ORIENTED_EDGE ( 'NONE', *, *, #1253, .T. ) ;
#1286 = DIRECTION ( 'NONE',  ( -0.6614378277661472350, 0.000000000000000000, -0.7500000000000003331 ) ) ;
#1287 = CARTESIAN_POINT ( 'NONE',  ( -10.49999999999999822, 6.999999999999997335, -17.99999999999999645 ) ) ;
#1288 = LINE ( 'NONE', #548, #1154 ) ;
#1289 = ORIENTED_EDGE ( 'NONE', *, *, #1296, .T. ) ;
#1290 = LINE ( 'NONE', #1141, #440 ) ;
#1291 = FACE_OUTER_BOUND ( 'NONE', #1614, .T. ) ;
#1292 = VERTEX_POINT ( 'NONE', #633 ) ;
#1293 = EDGE_CURVE ( 'NONE', #1127, #580, #1423, .T. ) ;
#1294 = ORIENTED_EDGE ( 'NONE', *, *, #158, .F. ) ;
#1295 = DIRECTION ( 'NONE',  ( -0.7500000000000016653, 0.000000000000000000, 0.6614378277661456806 ) ) ;
#1296 = EDGE_CURVE ( 'NONE', #426, #29, #43, .T. ) ;
#1297 = CARTESIAN_POINT ( 'NONE',  ( -18.00000000000000711, -8.999999999999996447, -13.99999999999996803 ) ) ;
#1298 = DIRECTION ( 'NONE',  ( 0.000000000000000000, 0.000000000000000000, 1.000000000000000000 ) ) ;
#1299 = EDGE_LOOP ( 'NONE', ( #770, #1884, #404, #1587 ) ) ;
#1300 = VECTOR ( 'NONE', #884, 1000.000000000000000 ) ;
#1301 = EDGE_CURVE ( 'NONE', #1508, #1391, #1738, .T. ) ;
#1302 = VECTOR ( 'NONE', #683, 1000.000000000000000 ) ;
#1303 = EDGE_CURVE ( 'NONE', #900, #1667, #82, .T. ) ;
#1304 = ORIENTED_EDGE ( 'NONE', *, *, #119, .T. ) ;
#1305 = CARTESIAN_POINT ( 'NONE',  ( 10.49999999999999467, -8.999999999999998224, -18.00000000000000355 ) ) ;
#1306 = DIRECTION ( 'NONE',  ( 0.000000000000000000, 1.000000000000000000, 0.000000000000000000 ) ) ;
#1307 = CARTESIAN_POINT ( 'NONE',  ( -13.50000000000000000, 6.999999999999995559, -11.90588089979066488 ) ) ;
#1308 = ORIENTED_EDGE ( 'NONE', *, *, #602, .F. ) ;
#1309 = ORIENTED_EDGE ( 'NONE', *, *, #227, .T. ) ;
#1310 = VECTOR ( 'NONE', #634, 1000.000000000000114 ) ;
#1311 = DATE_AND_TIME ( #176, #12 ) ;
#1312 = CIRCLE ( 'NONE', #910, 6.000000000000000000 ) ;
#1313 = DIRECTION ( 'NONE',  ( 0.000000000000000000, 1.000000000000000000, 0.000000000000000000 ) ) ;
#1314 = ADVANCED_FACE ( 'NONE', ( #494 ), #63, .T. ) ;
#1315 = CARTESIAN_POINT ( 'NONE',  ( 10.49999999999999467, -9.000000000000003553, -11.90588089979065956 ) ) ;
#1316 = CARTESIAN_POINT ( 'NONE',  ( -13.99999999999997691, -8.999999999999996447, -17.99999999999999645 ) ) ;
#1317 = ADVANCED_FACE ( 'NONE', ( #235 ), #354, .T. ) ;
#1318 = EDGE_LOOP ( 'NONE', ( #913, #349, #771, #648 ) ) ;
#1319 = ORIENTED_EDGE ( 'NONE', *, *, #1499, .F. ) ;
#1320 = AXIS2_PLACEMENT_3D ( 'NONE', #646, #438, #841 ) ;
#1321 = LINE ( 'NONE', #738, #1146 ) ;
#1322 = TOROIDAL_SURFACE ( 'NONE', #582, 3.000000000000003997, 4.000000000000000000 ) ;
#1323 = ORIENTED_EDGE ( 'NONE', *, *, #1324, .F. ) ;
#1324 = EDGE_CURVE ( 'NONE', #1500, #1127, #161, .T. ) ;
#1325 = ORIENTED_EDGE ( 'NONE', *, *, #1180, .F. ) ;
#1326 = VECTOR ( 'NONE', #1382, 1000.000000000000000 ) ;
#1327 = CIRCLE ( 'NONE', #536, 10.99999999999999822 ) ;
#1328 = CARTESIAN_POINT ( 'NONE',  ( 10.49999999999999822, 2.999999999999995559, -18.00000000000000355 ) ) ;
#1329 = CARTESIAN_POINT ( 'NONE',  ( 0.000000000000000000, -6.999999999999999112, 0.000000000000000000 ) ) ;
#1330 = CARTESIAN_POINT ( 'NONE',  ( 13.99999999999997513, 8.999999999999996447, -18.00000000000000355 ) ) ;
#1331 = VERTEX_POINT ( 'NONE', #362 ) ;
#1332 = ORIENTED_EDGE ( 'NONE', *, *, #1748, .T. ) ;
#1333 = DATE_AND_TIME ( #603, #1741 ) ;
#1334 = VECTOR ( 'NONE', #1208, 1000.000000000000000 ) ;
#1335 = LINE ( 'NONE', #23, #1452 ) ;
#1336 = VECTOR ( 'NONE', #1175, 1000.000000000000000 ) ;
#1337 = CARTESIAN_POINT ( 'NONE',  ( 6.750000000000007994, 2.999999999999996447, -5.952940449895326225 ) ) ;
#1338 = LINE ( 'NONE', #1205, #881 ) ;
#1339 = DIRECTION ( 'NONE',  ( -0.000000000000000000, -1.000000000000000000, 0.000000000000000000 ) ) ;
#1340 = VERTEX_POINT ( 'NONE', #1396 ) ;
#1341 = ORIENTED_EDGE ( 'NONE', *, *, #1116, .T. ) ;
#1342 = EDGE_LOOP ( 'NONE', ( #398, #1435, #416 ) ) ;
#1343 = ORIENTED_EDGE ( 'NONE', *, *, #1239, .F. ) ;
#1344 = ADVANCED_FACE ( 'NONE', ( #642 ), #370, .T. ) ;
#1345 = ADVANCED_FACE ( 'NONE', ( #797 ), #1230, .F. ) ;
#1346 = DIRECTION ( 'NONE',  ( -1.000000000000000000, 0.000000000000000000, 0.000000000000000000 ) ) ;
#1347 = CARTESIAN_POINT ( 'NONE',  ( 0.000000000000000000, 0.000000000000000000, 18.00000000000000711 ) ) ;
#1348 = DIRECTION ( 'NONE',  ( 0.000000000000000000, 1.000000000000000000, 0.000000000000000000 ) ) ;
#1349 = CARTESIAN_POINT ( 'NONE',  ( -10.49999999999999467, -9.000000000000003553, -17.99999999999999645 ) ) ;
#1350 = LINE ( 'NONE', #1632, #52 ) ;
#1351 = ORIENTED_EDGE ( 'NONE', *, *, #1699, .F. ) ;
#1352 = CYLINDRICAL_SURFACE ( 'NONE', #656, 4.000000000000000000 ) ;
#1353 = ORIENTED_EDGE ( 'NONE', *, *, #1572, .T. ) ;
#1354 = EDGE_CURVE ( 'NONE', #267, #1466, #766, .T. ) ;
#1355 = DIRECTION ( 'NONE',  ( 1.000000000000000000, 0.000000000000000000, -1.423276643803383094E-16 ) ) ;
#1356 = CARTESIAN_POINT ( 'NONE',  ( 0.000000000000000000, 0.000000000000000000, 0.000000000000000000 ) ) ;
#1357 = AXIS2_PLACEMENT_3D ( 'NONE', #811, #1535, #1107 ) ;
#1358 = APPROVAL_STATUS ( 'not_yet_approved' ) ;
#1359 = DIRECTION ( 'NONE',  ( -0.7499999999999995559, 0.000000000000000000, -0.6614378277661481231 ) ) ;
#1360 = VECTOR ( 'NONE', #1405, 1000.000000000000000 ) ;
#1361 = EDGE_LOOP ( 'NONE', ( #262, #508, #532, #658 ) ) ;
#1362 = VERTEX_POINT ( 'NONE', #1068 ) ;
#1363 = ORIENTED_EDGE ( 'NONE', *, *, #842, .F. ) ;
#1364 = AXIS2_PLACEMENT_3D ( 'NONE', #1488, #170, #509 ) ;
#1365 = CARTESIAN_POINT ( 'NONE',  ( -11.24999999999999645, 2.999999999999995559, -9.921567416492219849 ) ) ;
#1366 = CARTESIAN_POINT ( 'NONE',  ( -13.49999999999999822, -2.999999999999999112, -11.90588089979066311 ) ) ;
#1367 = VECTOR ( 'NONE', #976, 1000.000000000000000 ) ;
#1368 = CARTESIAN_POINT ( 'NONE',  ( 0.000000000000000000, 2.999999999999995559, 10.99999999999999822 ) ) ;
#1369 = DIRECTION ( 'NONE',  ( 0.000000000000000000, -1.000000000000000000, 0.000000000000000000 ) ) ;
#1370 = VERTEX_POINT ( 'NONE', #189 ) ;
#1371 = DIRECTION ( 'NONE',  ( 1.000000000000000000, 0.000000000000000000, 0.000000000000000000 ) ) ;
#1372 = ORIENTED_EDGE ( 'NONE', *, *, #1301, .T. ) ;
#1373 = DIRECTION ( 'NONE',  ( 1.423276643803382847E-16, 0.000000000000000000, 1.000000000000000000 ) ) ;
#1374 = CARTESIAN_POINT ( 'NONE',  ( 4.500000000000000888, -2.999999999999998224, -11.90588089979066133 ) ) ;
#1375 = VECTOR ( 'NONE', #465, 1000.000000000000000 ) ;
#1376 = CARTESIAN_POINT ( 'NONE',  ( -18.00000000000000355, -8.999999999999996447, 4.460717509654657295E-15 ) ) ;
#1377 = ORIENTED_EDGE ( 'NONE', *, *, #961, .T. ) ;
#1378 = ADVANCED_FACE ( 'NONE', ( #925 ), #505, .T. ) ;
#1379 = ORIENTED_EDGE ( 'NONE', *, *, #1733, .F. ) ;
#1380 = ADVANCED_FACE ( 'NONE', ( #381 ), #966, .T. ) ;
#1381 = DIRECTION ( 'NONE',  ( -0.7499999999999996669, 0.000000000000000000, -0.6614378277661480121 ) ) ;
#1382 = DIRECTION ( 'NONE',  ( -0.000000000000000000, -1.000000000000000000, 0.000000000000000000 ) ) ;
#1383 = DIRECTION ( 'NONE',  ( 1.423276643803383094E-16, 0.000000000000000000, 1.000000000000000000 ) ) ;
#1384 = VECTOR ( 'NONE', #904, 1000.000000000000000 ) ;
#1385 = DIRECTION ( 'NONE',  ( 1.000000000000000000, -0.000000000000000000, -1.423276643803383094E-16 ) ) ;
#1386 = ORIENTED_EDGE ( 'NONE', *, *, #46, .F. ) ;
#1387 = DIRECTION ( 'NONE',  ( 1.000000000000000000, 0.000000000000000000, -2.478176394252587057E-16 ) ) ;
#1388 = FACE_OUTER_BOUND ( 'NONE', #856, .T. ) ;
#1389 = AXIS2_PLACEMENT_3D ( 'NONE', #1076, #222, #1502 ) ;
#1390 = AXIS2_PLACEMENT_3D ( 'NONE', #152, #584, #1770 ) ;
#1391 = VERTEX_POINT ( 'NONE', #844 ) ;
#1392 = LINE ( 'NONE', #1702, #325 ) ;
#1393 = TOROIDAL_SURFACE ( 'NONE', #778, 3.000000000000000444, 4.000000000000001776 ) ;
#1394 = CARTESIAN_POINT ( 'NONE',  ( -10.49999999999999822, 2.999999999999995559, -17.99999999999999645 ) ) ;
#1395 = EDGE_CURVE ( 'NONE', #675, #533, #121, .T. ) ;
#1396 = CARTESIAN_POINT ( 'NONE',  ( 10.49999999999999467, -7.000000000000000000, -18.00000000000000355 ) ) ;
#1397 = CARTESIAN_POINT ( 'NONE',  ( -4.499999999999999112, 2.999999999999996447, -11.90588089979066666 ) ) ;
#1398 = DIRECTION ( 'NONE',  ( 0.6614378277661472350, -0.000000000000000000, 0.7500000000000003331 ) ) ;
#1399 = ORIENTED_EDGE ( 'NONE', *, *, #1472, .F. ) ;
#1400 = TOROIDAL_SURFACE ( 'NONE', #482, 15.00000000000000178, 5.999999999999999112 ) ;
#1401 = FACE_OUTER_BOUND ( 'NONE', #218, .T. ) ;
#1402 = DIRECTION ( 'NONE',  ( 0.000000000000000000, 0.000000000000000000, -1.000000000000000000 ) ) ;
#1403 = AXIS2_PLACEMENT_3D ( 'NONE', #657, #1735, #538 ) ;
#1404 = VERTEX_POINT ( 'NONE', #1843 ) ;
#1405 = DIRECTION ( 'NONE',  ( -1.000000000000000000, 2.891205793294679312E-16, 1.423276643803383094E-16 ) ) ;
#1406 = EDGE_CURVE ( 'NONE', #1025, #521, #1119, .T. ) ;
#1407 = LINE ( 'NONE', #1545, #391 ) ;
#1408 = DIRECTION ( 'NONE',  ( 8.673617379884035472E-16, 0.000000000000000000, 1.000000000000000000 ) ) ;
#1409 = VERTEX_POINT ( 'NONE', #560 ) ;
#1410 = CARTESIAN_POINT ( 'NONE',  ( 0.000000000000000000, 0.000000000000000000, 0.000000000000000000 ) ) ;
#1411 = CARTESIAN_POINT ( 'NONE',  ( -13.50000000000000178, 6.999999999999995559, -17.99999999999999645 ) ) ;
#1412 = ORIENTED_EDGE ( 'NONE', *, *, #490, .F. ) ;
#1413 = AXIS2_PLACEMENT_3D ( 'NONE', #855, #701, #1298 ) ;
#1414 = DIRECTION ( 'NONE',  ( -0.7500000000000004441, 0.000000000000000000, 0.6614378277661470129 ) ) ;
#1415 = EDGE_CURVE ( 'NONE', #1409, #1531, #772, .T. ) ;
#1416 = CARTESIAN_POINT ( 'NONE',  ( -13.50000000000000178, 6.999999999999995559, -11.90588089979066666 ) ) ;
#1417 = EDGE_CURVE ( 'NONE', #441, #673, #895, .T. ) ;
#1418 = CARTESIAN_POINT ( 'NONE',  ( 10.49999999999999467, -7.000000000000000000, -11.90588089979065956 ) ) ;
#1419 = ORIENTED_EDGE ( 'NONE', *, *, #1066, .F. ) ;
#1420 = LINE ( 'NONE', #1576, #413 ) ;
#1421 = DIRECTION ( 'NONE',  ( 0.000000000000000000, 0.000000000000000000, -1.000000000000000000 ) ) ;
#1422 = ORIENTED_EDGE ( 'NONE', *, *, #1510, .T. ) ;
#1423 = CIRCLE ( 'NONE', #1891, 14.99999999999999645 ) ;
#1424 = AXIS2_PLACEMENT_3D ( 'NONE', #1184, #33, #44 ) ;
#1425 = ORIENTED_EDGE ( 'NONE', *, *, #1763, .F. ) ;
#1426 = CC_DESIGN_SECURITY_CLASSIFICATION ( #1085, ( #352 ) ) ;
#1427 = CARTESIAN_POINT ( 'NONE',  ( 11.25000000000000533, 2.999999999999995559, -9.921567416492207414 ) ) ;
#1428 = CC_DESIGN_PERSON_AND_ORGANIZATION_ASSIGNMENT ( #165, #154, ( #994 ) ) ;
#1429 = DIRECTION ( 'NONE',  ( 0.7499999999999997780, 0.000000000000000000, 0.6614378277661480121 ) ) ;
#1430 = CARTESIAN_POINT ( 'NONE',  ( 13.99999999999999822, 6.999999999999995559, -14.00000000000000178 ) ) ;
#1431 = EDGE_LOOP ( 'NONE', ( #1289, #1791, #1448, #443 ) ) ;
#1432 = DIRECTION ( 'NONE',  ( 2.478176394252587057E-16, 0.000000000000000000, 1.000000000000000000 ) ) ;
#1433 = EDGE_CURVE ( 'NONE', #621, #386, #1714, .T. ) ;
#1434 = DIRECTION ( 'NONE',  ( -0.7499999999999996669, 0.000000000000000000, -0.6614378277661481231 ) ) ;
#1435 = ORIENTED_EDGE ( 'NONE', *, *, #702, .F. ) ;
#1436 = FACE_OUTER_BOUND ( 'NONE', #114, .T. ) ;
#1437 = FACE_OUTER_BOUND ( 'NONE', #415, .T. ) ;
#1438 = CARTESIAN_POINT ( 'NONE',  ( 0.000000000000000000, -2.999999999999999112, 0.000000000000000000 ) ) ;
#1439 = CARTESIAN_POINT ( 'NONE',  ( 10.49999999999999467, -2.999999999999999112, -11.90588089979066133 ) ) ;
#1440 = EDGE_CURVE ( 'NONE', #593, #645, #1856, .T. ) ;
#1441 = EDGE_LOOP ( 'NONE', ( #1909, #1700, #763, #551 ) ) ;
#1442 = AXIS2_PLACEMENT_3D ( 'NONE', #291, #1142, #989 ) ;
#1443 = EDGE_CURVE ( 'NONE', #1015, #461, #111, .T. ) ;
#1444 = ORIENTED_EDGE ( 'NONE', *, *, #516, .F. ) ;
#1445 = LINE ( 'NONE', #846, #172 ) ;
#1446 = DIRECTION ( 'NONE',  ( -1.000000000000000000, 0.000000000000000000, 0.000000000000000000 ) ) ;
#1447 = CARTESIAN_POINT ( 'NONE',  ( 13.99999999999999822, -6.999999999999995559, -14.00000000000000178 ) ) ;
#1448 = ORIENTED_EDGE ( 'NONE', *, *, #649, .F. ) ;
#1449 = VERTEX_POINT ( 'NONE', #983 ) ;
#1450 = EDGE_CURVE ( 'NONE', #267, #194, #1542, .T. ) ;
#1451 = AXIS2_PLACEMENT_3D ( 'NONE', #504, #1088, #758 ) ;
#1452 = VECTOR ( 'NONE', #1313, 1000.000000000000000 ) ;
#1453 = DIRECTION ( 'NONE',  ( 1.000000000000000000, 0.000000000000000000, 0.000000000000000000 ) ) ;
#1454 = CARTESIAN_POINT ( 'NONE',  ( -10.49999999999999467, 8.999999999999996447, -17.99999999999999645 ) ) ;
#1455 = AXIS2_PLACEMENT_3D ( 'NONE', #1709, #1234, #980 ) ;
#1456 = CARTESIAN_POINT ( 'NONE',  ( 18.00000000000000355, 6.999999999999995559, -4.460717509654656506E-15 ) ) ;
#1457 = ORIENTED_EDGE ( 'NONE', *, *, #1598, .F. ) ;
#1458 = ORIENTED_EDGE ( 'NONE', *, *, #173, .F. ) ;
#1459 = VECTOR ( 'NONE', #1826, 1000.000000000000000 ) ;
#1460 = COORDINATED_UNIVERSAL_TIME_OFFSET ( 5, 30, .AHEAD. ) ;
#1461 = EDGE_CURVE ( 'NONE', #636, #1256, #1392, .T. ) ;
#1462 = DIRECTION ( 'NONE',  ( 0.000000000000000000, 1.000000000000000000, 0.000000000000000000 ) ) ;
#1463 = EDGE_CURVE ( 'NONE', #1160, #580, #1863, .T. ) ;
#1464 = DIRECTION ( 'NONE',  ( 0.000000000000000000, 1.000000000000000000, 0.000000000000000000 ) ) ;
#1465 = CARTESIAN_POINT ( 'NONE',  ( 0.000000000000000000, 2.999999999999996447, 0.000000000000000000 ) ) ;
#1466 = VERTEX_POINT ( 'NONE', #1878 ) ;
#1467 = ORIENTED_EDGE ( 'NONE', *, *, #1499, .T. ) ;
#1468 = DIRECTION ( 'NONE',  ( 1.000000000000000000, 0.000000000000000000, 1.927470528863119295E-16 ) ) ;
#1469 = CARTESIAN_POINT ( 'NONE',  ( 0.000000000000000000, 2.999999999999995559, 15.00000000000000178 ) ) ;
#1470 = APPROVAL_DATE_TIME ( #204, #512 ) ;
#1471 = CARTESIAN_POINT ( 'NONE',  ( 0.000000000000000000, -2.999999999999998224, 9.000000000000003553 ) ) ;
#1472 = EDGE_CURVE ( 'NONE', #1498, #636, #294, .T. ) ;
#1473 = ORIENTED_EDGE ( 'NONE', *, *, #1395, .F. ) ;
#1474 = ORIENTED_EDGE ( 'NONE', *, *, #1216, .F. ) ;
#1475 = DATE_AND_TIME ( #1617, #1173 ) ;
#1476 = ORIENTED_EDGE ( 'NONE', *, *, #1440, .T. ) ;
#1477 = VECTOR ( 'NONE', #1867, 1000.000000000000000 ) ;
#1478 = AXIS2_PLACEMENT_3D ( 'NONE', #1872, #1135, #1729 ) ;
#1479 = CARTESIAN_POINT ( 'NONE',  ( 0.000000000000000000, -8.999999999999998224, 0.000000000000000000 ) ) ;
#1480 = CIRCLE ( 'NONE', #719, 5.999999999999999112 ) ;
#1481 = LINE ( 'NONE', #1041, #1705 ) ;
#1482 = LINE ( 'NONE', #1805, #685 ) ;
#1483 = CARTESIAN_POINT ( 'NONE',  ( -13.99999999999997691, -6.999999999999995559, -17.99999999999999645 ) ) ;
#1484 = DIRECTION ( 'NONE',  ( 8.673617379884035472E-16, 0.000000000000000000, 1.000000000000000000 ) ) ;
#1485 = VERTEX_POINT ( 'NONE', #1131 ) ;
#1486 = CIRCLE ( 'NONE', #692, 4.000000000000001776 ) ;
#1487 = EDGE_CURVE ( 'NONE', #279, #498, #965, .T. ) ;
#1488 = CARTESIAN_POINT ( 'NONE',  ( 11.24999999999999289, -9.000000000000003553, -9.921567416492218072 ) ) ;
#1489 = AXIS2_PLACEMENT_3D ( 'NONE', #1815, #968, #73 ) ;
#1490 = ORIENTED_EDGE ( 'NONE', *, *, #995, .F. ) ;
#1491 = EDGE_CURVE ( 'NONE', #194, #956, #1725, .T. ) ;
#1492 = CIRCLE ( 'NONE', #81, 3.000000000000004441 ) ;
#1493 = AXIS2_PLACEMENT_3D ( 'NONE', #140, #1898, #1446 ) ;
#1494 = DIRECTION ( 'NONE',  ( -0.000000000000000000, -1.000000000000000000, 0.000000000000000000 ) ) ;
#1495 = DIRECTION ( 'NONE',  ( -0.000000000000000000, -1.000000000000000000, 0.000000000000000000 ) ) ;
#1496 = CYLINDRICAL_SURFACE ( 'NONE', #1649, 9.000000000000001776 ) ;
#1497 = ORIENTED_EDGE ( 'NONE', *, *, #1461, .F. ) ;
#1498 = VERTEX_POINT ( 'NONE', #674 ) ;
#1499 = EDGE_CURVE ( 'NONE', #425, #1370, #1277, .T. ) ;
#1500 = VERTEX_POINT ( 'NONE', #344 ) ;
#1501 = EDGE_CURVE ( 'NONE', #1209, #598, #622, .T. ) ;
#1502 = DIRECTION ( 'NONE',  ( 0.000000000000000000, 0.000000000000000000, 1.000000000000000000 ) ) ;
#1503 = LINE ( 'NONE', #147, #1300 ) ;
#1504 = APPLICATION_PROTOCOL_DEFINITION ( 'international standard', 'config_control_design', 1994, #877 ) ;
#1505 = CARTESIAN_POINT ( 'NONE',  ( -8.249999999999992895, -2.999999999999999112, -7.275816105427624692 ) ) ;
#1506 = AXIS2_PLACEMENT_3D ( 'NONE', #1009, #781, #626 ) ;
#1507 = DIRECTION ( 'NONE',  ( -0.7499999999999995559, 0.000000000000000000, -0.6614378277661481231 ) ) ;
#1508 = VERTEX_POINT ( 'NONE', #336 ) ;
#1509 = ORIENTED_EDGE ( 'NONE', *, *, #1406, .T. ) ;
#1510 = EDGE_CURVE ( 'NONE', #1160, #1508, #1022, .T. ) ;
#1511 = DIRECTION ( 'NONE',  ( 0.000000000000000000, 0.000000000000000000, 1.000000000000000000 ) ) ;
#1512 = DIRECTION ( 'NONE',  ( -1.423276643803382108E-16, -0.000000000000000000, -1.000000000000000000 ) ) ;
#1513 = AXIS2_PLACEMENT_3D ( 'NONE', #1057, #463, #606 ) ;
#1514 = EDGE_CURVE ( 'NONE', #1466, #900, #1117, .T. ) ;
#1515 = AXIS2_PLACEMENT_3D ( 'NONE', #1410, #96, #690 ) ;
#1516 = COORDINATED_UNIVERSAL_TIME_OFFSET ( 5, 30, .AHEAD. ) ;
#1517 = DIRECTION ( 'NONE',  ( 1.000000000000000000, 0.000000000000000000, 0.000000000000000000 ) ) ;
#1518 = AXIS2_PLACEMENT_3D ( 'NONE', #41, #624, #1213 ) ;
#1519 = LINE ( 'NONE', #822, #420 ) ;
#1520 = ORIENTED_EDGE ( 'NONE', *, *, #1861, .F. ) ;
#1521 = ORIENTED_EDGE ( 'NONE', *, *, #108, .F. ) ;
#1522 = VERTEX_POINT ( 'NONE', #233 ) ;
#1523 = VECTOR ( 'NONE', #1721, 1000.000000000000000 ) ;
#1524 = CARTESIAN_POINT ( 'NONE',  ( -8.249999999999992895, 2.999999999999995559, -7.275816105427624692 ) ) ;
#1525 = ADVANCED_FACE ( 'NONE', ( #924 ), #53, .F. ) ;
#1526 = DIRECTION ( 'NONE',  ( 0.000000000000000000, 1.000000000000000000, 0.000000000000000000 ) ) ;
#1527 = AXIS2_PLACEMENT_3D ( 'NONE', #985, #1573, #837 ) ;
#1528 = CARTESIAN_POINT ( 'NONE',  ( -13.49999999999999467, -6.999999999999999112, -17.99999999999999645 ) ) ;
#1529 = EDGE_CURVE ( 'NONE', #1362, #621, #535, .T. ) ;
#1530 = LINE ( 'NONE', #928, #905 ) ;
#1531 = VERTEX_POINT ( 'NONE', #1659 ) ;
#1532 = DIRECTION ( 'NONE',  ( -0.000000000000000000, -1.000000000000000000, -0.000000000000000000 ) ) ;
#1533 = ORIENTED_EDGE ( 'NONE', *, *, #1693, .F. ) ;
#1534 = CARTESIAN_POINT ( 'NONE',  ( -13.50000000000000178, 6.999999999999995559, -17.99999999999999645 ) ) ;
#1535 = DIRECTION ( 'NONE',  ( 0.000000000000000000, 1.000000000000000000, 0.000000000000000000 ) ) ;
#1536 = CC_DESIGN_PERSON_AND_ORGANIZATION_ASSIGNMENT ( #1037, #186, ( #1085 ) ) ;
#1537 = CARTESIAN_POINT ( 'NONE',  ( 0.000000000000000000, -2.999999999999999112, 14.99999999999999645 ) ) ;
#1538 = ORIENTED_EDGE ( 'NONE', *, *, #444, .F. ) ;
#1539 = EDGE_CURVE ( 'NONE', #340, #1404, #775, .T. ) ;
#1540 = LINE ( 'NONE', #1549, #1212 ) ;
#1541 = ORIENTED_EDGE ( 'NONE', *, *, #126, .F. ) ;
#1542 = LINE ( 'NONE', #546, #1607 ) ;
#1543 = FACE_OUTER_BOUND ( 'NONE', #555, .T. ) ;
#1544 = DIRECTION ( 'NONE',  ( -1.000000000000000000, 0.000000000000000000, -2.891205793294678819E-16 ) ) ;
#1545 = CARTESIAN_POINT ( 'NONE',  ( 13.99999999999997513, -6.999999999999995559, -18.00000000000000355 ) ) ;
#1546 = AXIS2_PLACEMENT_3D ( 'NONE', #24, #1462, #1907 ) ;
#1547 = DIRECTION ( 'NONE',  ( -0.7500000000000003331, 0.000000000000000000, 0.6614378277661473460 ) ) ;
#1548 = ORIENTED_EDGE ( 'NONE', *, *, #779, .F. ) ;
#1549 = CARTESIAN_POINT ( 'NONE',  ( 13.50000000000000178, 6.999999999999995559, -11.90588089979065956 ) ) ;
#1550 = VECTOR ( 'NONE', #809, 1000.000000000000000 ) ;
#1551 = VECTOR ( 'NONE', #1268, 1000.000000000000000 ) ;
#1552 = ORIENTED_EDGE ( 'NONE', *, *, #126, .T. ) ;
#1553 = AXIS2_PLACEMENT_3D ( 'NONE', #894, #1495, #475 ) ;
#1554 = ADVANCED_FACE ( 'NONE', ( #369 ), #1893, .T. ) ;
#1555 = ORIENTED_EDGE ( 'NONE', *, *, #957, .T. ) ;
#1556 = LINE ( 'NONE', #355, #1058 ) ;
#1557 = FACE_OUTER_BOUND ( 'NONE', #1045, .T. ) ;
#1558 = ORIENTED_EDGE ( 'NONE', *, *, #711, .T. ) ;
#1559 = CIRCLE ( 'NONE', #452, 4.000000000000000000 ) ;
#1560 = CARTESIAN_POINT ( 'NONE',  ( 10.49999999999999822, 2.999999999999995559, -18.00000000000000355 ) ) ;
#1561 = DIRECTION ( 'NONE',  ( 0.000000000000000000, 1.000000000000000000, 0.000000000000000000 ) ) ;
#1562 = AXIS2_PLACEMENT_3D ( 'NONE', #1664, #1244, #372 ) ;
#1563 = ORIENTED_EDGE ( 'NONE', *, *, #613, .T. ) ;
#1564 = EDGE_LOOP ( 'NONE', ( #243, #245, #747, #938 ) ) ;
#1565 = ADVANCED_FACE ( 'NONE', ( #1251 ), #1844, .F. ) ;
#1566 = CARTESIAN_POINT ( 'NONE',  ( 0.000000000000000000, -2.999999999999999112, 10.99999999999999822 ) ) ;
#1567 = DIRECTION ( 'NONE',  ( 0.7499999999999996669, 0.000000000000000000, 0.6614378277661480121 ) ) ;
#1568 = ORIENTED_EDGE ( 'NONE', *, *, #764, .F. ) ;
#1569 = CARTESIAN_POINT ( 'NONE',  ( -13.49999999999999822, 2.999999999999995559, -11.90588089979066311 ) ) ;
#1570 = LINE ( 'NONE', #261, #1193 ) ;
#1571 = EDGE_LOOP ( 'NONE', ( #288, #125, #736, #940, #314, #296, #1633, #1458, #1101, #1233, #132, #601, #1308, #74, #1323, #76 ) ) ;
#1572 = EDGE_CURVE ( 'NONE', #1657, #1404, #806, .T. ) ;
#1573 = DIRECTION ( 'NONE',  ( -0.000000000000000000, -1.000000000000000000, 0.000000000000000000 ) ) ;
#1574 = DIRECTION ( 'NONE',  ( 0.000000000000000000, -1.000000000000000000, 0.000000000000000000 ) ) ;
#1575 = ORIENTED_EDGE ( 'NONE', *, *, #1415, .T. ) ;
#1576 = CARTESIAN_POINT ( 'NONE',  ( -18.00000000000000355, 8.999999999999996447, 4.460717509654657295E-15 ) ) ;
#1577 = DIRECTION ( 'NONE',  ( 2.478176394252586564E-16, 0.000000000000000000, 1.000000000000000000 ) ) ;
#1578 = ORIENTED_EDGE ( 'NONE', *, *, #1686, .T. ) ;
#1579 = AXIS2_PLACEMENT_3D ( 'NONE', #625, #1222, #1544 ) ;
#1580 = CIRCLE ( 'NONE', #993, 14.99999999999999822 ) ;
#1581 = ORIENTED_EDGE ( 'NONE', *, *, #995, .T. ) ;
#1582 = DIRECTION ( 'NONE',  ( -0.000000000000000000, -1.000000000000000000, -0.000000000000000000 ) ) ;
#1583 = LINE ( 'NONE', #1591, #1835 ) ;
#1584 = LINE ( 'NONE', #571, #1751 ) ;
#1585 = DIRECTION ( 'NONE',  ( 0.000000000000000000, -1.000000000000000000, 0.000000000000000000 ) ) ;
#1586 = ADVANCED_FACE ( 'NONE', ( #1803 ), #810, .T. ) ;
#1587 = ORIENTED_EDGE ( 'NONE', *, *, #676, .T. ) ;
#1588 = AXIS2_PLACEMENT_3D ( 'NONE', #450, #918, #1507 ) ;
#1589 = AXIS2_PLACEMENT_3D ( 'NONE', #1430, #1139, #113 ) ;
#1590 = VERTEX_POINT ( 'NONE', #361 ) ;
#1591 = CARTESIAN_POINT ( 'NONE',  ( 18.00000000000000000, 6.999999999999995559, -13.99999999999997513 ) ) ;
#1592 = LINE ( 'NONE', #847, #930 ) ;
#1593 = CC_DESIGN_PERSON_AND_ORGANIZATION_ASSIGNMENT ( #1610, #1830, ( #352 ) ) ;
#1594 = DIRECTION ( 'NONE',  ( -1.000000000000000000, 0.000000000000000000, 0.000000000000000000 ) ) ;
#1595 = ORIENTED_EDGE ( 'NONE', *, *, #561, .F. ) ;
#1596 = ADVANCED_FACE ( 'NONE', ( #1543 ), #1229, .T. ) ;
#1597 = ORIENTED_EDGE ( 'NONE', *, *, #1039, .F. ) ;
#1598 = EDGE_CURVE ( 'NONE', #1449, #1500, #469, .T. ) ;
#1599 = ORIENTED_EDGE ( 'NONE', *, *, #914, .T. ) ;
#1600 = PLANE ( 'NONE',  #547 ) ;
#1601 = LINE ( 'NONE', #403, #1650 ) ;
#1602 = DIRECTION ( 'NONE',  ( 0.000000000000000000, 0.000000000000000000, -1.000000000000000000 ) ) ;
#1603 = ORIENTED_EDGE ( 'NONE', *, *, #454, .T. ) ;
#1604 = ORIENTED_EDGE ( 'NONE', *, *, #187, .T. ) ;
#1605 = VECTOR ( 'NONE', #90, 1000.000000000000000 ) ;
#1606 = ORGANIZATION ( 'UNSPECIFIED', 'UNSPECIFIED', '' ) ;
#1607 = VECTOR ( 'NONE', #975, 1000.000000000000000 ) ;
#1608 = ADVANCED_FACE ( 'NONE', ( #70 ), #653, .T. ) ;
#1609 = AXIS2_PLACEMENT_3D ( 'NONE', #947, #75, #1881 ) ;
#1610 = PERSON_AND_ORGANIZATION ( #1038, #1606 ) ;
#1611 = DIRECTION ( 'NONE',  ( -0.7499999999999996669, 0.000000000000000000, -0.6614378277661480121 ) ) ;
#1612 = CLOSED_SHELL ( 'NONE', ( #860, #1525, #1191, #1865, #1848, #944, #1608, #285, #1317, #857, #1380, #1888, #998, #308, #364, #200, #297, #1554, #725, #185, #32, #478, #299, #1087, #42, #280, #1758, #1195, #101, #678, #1656, #244, #640, #77, #1378, #334, #531, #1798, #1265, #984, #713, #1344, #935, #1596, #704, #1314, #500, #544, #22, #1641, #474, #1586, #1776, #1565, #974, #1345, #627, #838, #1713, #287, #1822, #1785 ) ) ;
#1613 = DIRECTION ( 'NONE',  ( -0.000000000000000000, -1.000000000000000000, -0.000000000000000000 ) ) ;
#1614 = EDGE_LOOP ( 'NONE', ( #230, #728, #1476, #575 ) ) ;
#1615 = ORIENTED_EDGE ( 'NONE', *, *, #1748, .F. ) ;
#1616 = CIRCLE ( 'NONE', #872, 3.000000000000006217 ) ;
#1617 = CALENDAR_DATE ( 2026, 12, 8 ) ;
#1618 = EDGE_CURVE ( 'NONE', #1485, #999, #382, .T. ) ;
#1619 = CARTESIAN_POINT ( 'NONE',  ( 10.49999999999999467, 8.999999999999996447, -11.90588089979065956 ) ) ;
#1620 = DIRECTION ( 'NONE',  ( -0.000000000000000000, -1.000000000000000000, -0.000000000000000000 ) ) ;
#1621 = DIRECTION ( 'NONE',  ( -1.000000000000000000, 0.000000000000000000, 1.423276643803382108E-16 ) ) ;
#1622 = PLANE ( 'NONE',  #859 ) ;
#1623 = EDGE_LOOP ( 'NONE', ( #489, #1114, #376 ) ) ;
#1624 = LINE ( 'NONE', #1456, #827 ) ;
#1625 = ORIENTED_EDGE ( 'NONE', *, *, #1074, .F. ) ;
#1626 = TOROIDAL_SURFACE ( 'NONE', #1320, 3.000000000000003997, 5.999999999999999112 ) ;
#1627 = PERSON_AND_ORGANIZATION ( #1038, #1606 ) ;
#1628 = DIRECTION ( 'NONE',  ( -2.478176394252586564E-16, 0.000000000000000000, -1.000000000000000000 ) ) ;
#1629 = DIRECTION ( 'NONE',  ( 0.000000000000000000, 0.000000000000000000, 1.000000000000000000 ) ) ;
#1630 = DIRECTION ( 'NONE',  ( 0.000000000000000000, 0.000000000000000000, 1.000000000000000000 ) ) ;
#1631 = PLANE ( 'NONE',  #569 ) ;
#1632 = CARTESIAN_POINT ( 'NONE',  ( -4.500000000000000000, -2.999999999999998224, -18.00000000000000000 ) ) ;
#1633 = ORIENTED_EDGE ( 'NONE', *, *, #311, .T. ) ;
#1634 = VERTEX_POINT ( 'NONE', #1524 ) ;
#1635 = ORIENTED_EDGE ( 'NONE', *, *, #1472, .T. ) ;
#1636 = AXIS2_PLACEMENT_3D ( 'NONE', #1754, #427, #1013 ) ;
#1637 = AXIS2_PLACEMENT_3D ( 'NONE', #1679, #1221, #1511 ) ;
#1638 = TOROIDAL_SURFACE ( 'NONE', #651, 14.99999999999999645, 4.000000000000000000 ) ;
#1639 = DIRECTION ( 'NONE',  ( 0.000000000000000000, 0.000000000000000000, 1.000000000000000000 ) ) ;
#1640 = DIRECTION ( 'NONE',  ( -0.6614378277661472350, 0.000000000000000000, -0.7500000000000003331 ) ) ;
#1641 = ADVANCED_FACE ( 'NONE', ( #62 ), #1820, .T. ) ;
#1642 = CARTESIAN_POINT ( 'NONE',  ( 0.000000000000000000, -6.999999999999999112, 14.99999999999999645 ) ) ;
#1643 = CARTESIAN_POINT ( 'NONE',  ( 13.50000000000000533, -9.000000000000003553, -11.90588089979064534 ) ) ;
#1644 = ORIENTED_EDGE ( 'NONE', *, *, #432, .T. ) ;
#1645 = CIRCLE ( 'NONE', #136, 17.99999999999999645 ) ;
#1646 = EDGE_CURVE ( 'NONE', #1267, #1724, #808, .T. ) ;
#1647 = ORIENTED_EDGE ( 'NONE', *, *, #1450, .F. ) ;
#1648 = DIRECTION ( 'NONE',  ( 0.000000000000000000, 1.000000000000000000, 0.000000000000000000 ) ) ;
#1649 = AXIS2_PLACEMENT_3D ( 'NONE', #476, #908, #761 ) ;
#1650 = VECTOR ( 'NONE', #1133, 1000.000000000000000 ) ;
#1651 = CARTESIAN_POINT ( 'NONE',  ( 4.500000000000000888, 2.999999999999996447, -11.90588089979066133 ) ) ;
#1652 = DIRECTION ( 'NONE',  ( 0.000000000000000000, -0.000000000000000000, -1.000000000000000000 ) ) ;
#1653 = CARTESIAN_POINT ( 'NONE',  ( -13.49999999999999822, -2.999999999999998224, -11.90588089979066311 ) ) ;
#1654 = ORIENTED_EDGE ( 'NONE', *, *, #1491, .F. ) ;
#1655 = EDGE_LOOP ( 'NONE', ( #69, #196, #1685 ) ) ;
#1656 = ADVANCED_FACE ( 'NONE', ( #138 ), #309, .T. ) ;
#1657 = VERTEX_POINT ( 'NONE', #880 ) ;
#1658 = EDGE_CURVE ( 'NONE', #1391, #104, #605, .T. ) ;
#1659 = CARTESIAN_POINT ( 'NONE',  ( 10.49999999999999822, 6.999999999999997335, -11.90588089979065956 ) ) ;
#1660 = CARTESIAN_POINT ( 'NONE',  ( 10.49999999999999822, 2.999999999999995559, -11.90588089979066133 ) ) ;
#1661 = DIRECTION ( 'NONE',  ( 1.423276643803382108E-16, 0.000000000000000000, 1.000000000000000000 ) ) ;
#1662 = CYLINDRICAL_SURFACE ( 'NONE', #38, 4.000000000000001776 ) ;
#1663 = AXIS2_PLACEMENT_3D ( 'NONE', #1447, #1157, #1756 ) ;
#1664 = CARTESIAN_POINT ( 'NONE',  ( 0.000000000000000000, 2.999999999999995559, 0.000000000000000000 ) ) ;
#1665 = VERTEX_POINT ( 'NONE', #871 ) ;
#1666 = CARTESIAN_POINT ( 'NONE',  ( -10.49999999999999467, -2.999999999999999112, -17.99999999999999645 ) ) ;
#1667 = VERTEX_POINT ( 'NONE', #1794 ) ;
#1668 = EDGE_CURVE ( 'NONE', #1866, #1004, #1321, .T. ) ;
#1669 = DIRECTION ( 'NONE',  ( 0.000000000000000000, -0.000000000000000000, -1.000000000000000000 ) ) ;
#1670 = CARTESIAN_POINT ( 'NONE',  ( -18.00000000000000355, -6.999999999999995559, 4.460717509654657295E-15 ) ) ;
#1671 = AXIS2_PLACEMENT_3D ( 'NONE', #1329, #437, #1611 ) ;
#1672 = APPROVAL_PERSON_ORGANIZATION ( #754, #647, #208 ) ;
#1673 = CARTESIAN_POINT ( 'NONE',  ( 10.49999999999999467, -2.999999999999999112, -11.90588089979065956 ) ) ;
#1674 = APPROVAL_PERSON_ORGANIZATION ( #1627, #1049, #298 ) ;
#1675 = DIRECTION ( 'NONE',  ( 0.000000000000000000, 0.000000000000000000, 1.000000000000000000 ) ) ;
#1676 = ORIENTED_EDGE ( 'NONE', *, *, #137, .T. ) ;
#1677 = DIRECTION ( 'NONE',  ( 2.478176394252586564E-16, 0.000000000000000000, 1.000000000000000000 ) ) ;
#1678 = VERTEX_POINT ( 'NONE', #327 ) ;
#1679 = CARTESIAN_POINT ( 'NONE',  ( 0.000000000000000000, 0.000000000000000000, 0.000000000000000000 ) ) ;
#1680 = DIRECTION ( 'NONE',  ( -1.423276643803382108E-16, -0.000000000000000000, -1.000000000000000000 ) ) ;
#1681 = EDGE_CURVE ( 'NONE', #675, #18, #864, .T. ) ;
#1682 = VECTOR ( 'NONE', #936, 1000.000000000000000 ) ;
#1683 = DIRECTION ( 'NONE',  ( 0.000000000000000000, -1.000000000000000000, 0.000000000000000000 ) ) ;
#1684 = DIRECTION ( 'NONE',  ( 0.000000000000000000, 0.000000000000000000, 1.000000000000000000 ) ) ;
#1686 = EDGE_CURVE ( 'NONE', #1370, #1256, #40, .T. ) ;
#1685 = ORIENTED_EDGE ( 'NONE', *, *, #1028, .T. ) ;
#1687 = CARTESIAN_POINT ( 'NONE',  ( 0.000000000000000000, 8.999999999999996447, 18.00000000000000711 ) ) ;
#1688 = EDGE_LOOP ( 'NONE', ( #1538, #1325, #118, #1092, #791, #1842, #1419, #60, #963, #1541, #1766, #911 ) ) ;
#1689 = DIRECTION ( 'NONE',  ( -1.423276643803382108E-16, 0.000000000000000000, -1.000000000000000000 ) ) ;
#1690 = DIRECTION ( 'NONE',  ( -0.000000000000000000, -1.000000000000000000, 0.000000000000000000 ) ) ;
#1691 = PLANE ( 'NONE',  #511 ) ;
#1692 = UNCERTAINTY_MEASURE_WITH_UNIT (LENGTH_MEASURE( 1.000000000000000082E-05 ), #926, 'distance_accuracy_value', 'NONE');
#1693 = EDGE_CURVE ( 'NONE', #425, #386, #1335, .T. ) ;
#1694 = CIRCLE ( 'NONE', #492, 10.99999999999999822 ) ;
#1695 = DIRECTION ( 'NONE',  ( 0.7499999999999997780, -0.000000000000000000, 0.6614378277661480121 ) ) ;
#1696 = VERTEX_POINT ( 'NONE', #1200 ) ;
#1697 = LINE ( 'NONE', #1708, #565 ) ;
#1698 = DIRECTION ( 'NONE',  ( 0.000000000000000000, 1.000000000000000000, 0.000000000000000000 ) ) ;
#1699 = EDGE_CURVE ( 'NONE', #521, #1449, #502, .T. ) ;
#1700 = ORIENTED_EDGE ( 'NONE', *, *, #119, .F. ) ;
#1701 = ORIENTED_EDGE ( 'NONE', *, *, #842, .T. ) ;
#1702 = CARTESIAN_POINT ( 'NONE',  ( 6.499999999999995559, 2.999999999999995559, -11.90588089979066133 ) ) ;
#1703 = DIRECTION ( 'NONE',  ( 0.000000000000000000, 0.000000000000000000, -1.000000000000000000 ) ) ;
#1704 = DIRECTION ( 'NONE',  ( -1.000000000000000000, 0.000000000000000000, 0.000000000000000000 ) ) ;
#1705 = VECTOR ( 'NONE', #447, 1000.000000000000000 ) ;
#1706 = CARTESIAN_POINT ( 'NONE',  ( 10.49999999999999467, -2.999999999999999112, -11.90588089979065956 ) ) ;
#1707 = ORIENTED_EDGE ( 'NONE', *, *, #1270, .T. ) ;
#1708 = CARTESIAN_POINT ( 'NONE',  ( 10.49999999999999467, -9.000000000000003553, -18.00000000000000355 ) ) ;
#1709 = CARTESIAN_POINT ( 'NONE',  ( -13.49999999999999822, -2.999999999999999112, -11.90588089979066311 ) ) ;
#1710 = AXIS2_PLACEMENT_3D ( 'NONE', #212, #915, #664 ) ;
#1711 = AXIS2_PLACEMENT_3D ( 'NONE', #1569, #1851, #529 ) ;
#1712 = ORIENTED_EDGE ( 'NONE', *, *, #158, .T. ) ;
#1713 = ADVANCED_FACE ( 'NONE', ( #1760 ), #594, .T. ) ;
#1714 = LINE ( 'NONE', #408, #1605 ) ;
#1715 = CIRCLE ( 'NONE', #867, 3.000000000000002665 ) ;
#1716 = CARTESIAN_POINT ( 'NONE',  ( 13.99999999999997513, -6.999999999999995559, -18.00000000000000355 ) ) ;
#1717 = DIRECTION ( 'NONE',  ( -0.7500000000000003331, -0.000000000000000000, 0.6614378277661472350 ) ) ;
#1718 = ORIENTED_EDGE ( 'NONE', *, *, #1876, .F. ) ;
#1719 = CIRCLE ( 'NONE', #304, 15.00000000000000178 ) ;
#1720 = FACE_OUTER_BOUND ( 'NONE', #619, .T. ) ;
#1721 = DIRECTION ( 'NONE',  ( 1.000000000000000000, 0.000000000000000000, -1.423276643803383094E-16 ) ) ;
#1722 = CC_DESIGN_DATE_AND_TIME_ASSIGNMENT ( #1333, #879, ( #1085 ) ) ;
#1723 = ORIENTED_EDGE ( 'NONE', *, *, #1011, .F. ) ;
#1724 = VERTEX_POINT ( 'NONE', #472 ) ;
#1725 = LINE ( 'NONE', #379, #1360 ) ;
#1726 = DIRECTION ( 'NONE',  ( 1.000000000000000000, 0.000000000000000000, 0.000000000000000000 ) ) ;
#1727 = DIRECTION ( 'NONE',  ( -1.000000000000000000, 0.000000000000000000, 1.423276643803383094E-16 ) ) ;
#1728 = EDGE_LOOP ( 'NONE', ( #1285, #1904, #1474, #1211 ) ) ;
#1729 = DIRECTION ( 'NONE',  ( -1.000000000000000000, 0.000000000000000000, 0.000000000000000000 ) ) ;
#1730 = DIRECTION ( 'NONE',  ( 0.000000000000000000, 1.000000000000000000, 0.000000000000000000 ) ) ;
#1731 = ORIENTED_EDGE ( 'NONE', *, *, #1239, .T. ) ;
#1732 = DIRECTION ( 'NONE',  ( 0.6614378277661480121, -0.000000000000000000, -0.7499999999999997780 ) ) ;
#1733 = EDGE_CURVE ( 'NONE', #8, #1004, #1825, .T. ) ;
#1734 = DIRECTION ( 'NONE',  ( 0.000000000000000000, -1.000000000000000000, -0.000000000000000000 ) ) ;
#1735 = DIRECTION ( 'NONE',  ( 0.000000000000000000, 1.000000000000000000, 0.000000000000000000 ) ) ;
#1736 = PLANE ( 'NONE',  #10 ) ;
#1737 = CARTESIAN_POINT ( 'NONE',  ( -18.00000000000000711, -6.999999999999995559, -13.99999999999996803 ) ) ;
#1738 = CIRCLE ( 'NONE', #1579, 5.999999999999999112 ) ;
#1739 = ORIENTED_EDGE ( 'NONE', *, *, #1129, .T. ) ;
#1740 = TOROIDAL_SURFACE ( 'NONE', #1513, 14.99999999999999645, 5.999999999999999112 ) ;
#1741 = LOCAL_TIME ( 10, 35, 6.000000000000000000, #1460 ) ;
#1742 = CARTESIAN_POINT ( 'NONE',  ( -11.24999999999999467, -2.999999999999999112, -9.921567416492218072 ) ) ;
#1743 = CIRCLE ( 'NONE', #1177, 9.000000000000003553 ) ;
#1744 = CARTESIAN_POINT ( 'NONE',  ( 8.250000000000000000, 2.999999999999995559, -7.275816105427617586 ) ) ;
#1745 = EDGE_CURVE ( 'NONE', #823, #972, #1580, .T. ) ;
#1746 = LINE ( 'NONE', #1454, #1249 ) ;
#1747 = DIRECTION ( 'NONE',  ( -1.423276643803382108E-16, -0.000000000000000000, -1.000000000000000000 ) ) ;
#1748 = EDGE_CURVE ( 'NONE', #580, #1391, #623, .T. ) ;
#1749 = ORIENTED_EDGE ( 'NONE', *, *, #1011, .T. ) ;
#1750 = AXIS2_PLACEMENT_3D ( 'NONE', #282, #687, #139 ) ;
#1751 = VECTOR ( 'NONE', #1717, 1000.000000000000000 ) ;
#1752 = EDGE_LOOP ( 'NONE', ( #804, #150, #175, #549, #1581, #800, #868, #254, #1319, #1731, #1309, #843, #320, #66, #813, #1552 ) ) ;
#1753 = CARTESIAN_POINT ( 'NONE',  ( -13.49999999999999822, -7.000000000000000000, -11.90588089979066311 ) ) ;
#1754 = CARTESIAN_POINT ( 'NONE',  ( 13.50000000000000000, 0.000000000000000000, -11.90588089979065956 ) ) ;
#1755 = EDGE_CURVE ( 'NONE', #682, #8, #1048, .T. ) ;
#1756 = DIRECTION ( 'NONE',  ( 0.000000000000000000, 0.000000000000000000, -1.000000000000000000 ) ) ;
#1757 = ORIENTED_EDGE ( 'NONE', *, *, #1417, .F. ) ;
#1758 = ADVANCED_FACE ( 'NONE', ( #462 ), #743, .T. ) ;
#1759 = ORIENTED_EDGE ( 'NONE', *, *, #1201, .T. ) ;
#1760 = FACE_OUTER_BOUND ( 'NONE', #1799, .T. ) ;
#1761 = DIRECTION ( 'NONE',  ( 0.000000000000000000, 1.000000000000000000, -0.000000000000000000 ) ) ;
#1762 = FACE_OUTER_BOUND ( 'NONE', #19, .T. ) ;
#1763 = EDGE_CURVE ( 'NONE', #1801, #826, #1420, .T. ) ;
#1764 = ORIENTED_EDGE ( 'NONE', *, *, #869, .T. ) ;
#1765 = EDGE_CURVE ( 'NONE', #1001, #710, #1697, .T. ) ;
#1766 = ORIENTED_EDGE ( 'NONE', *, *, #1487, .T. ) ;
#1767 = AXIS2_PLACEMENT_3D ( 'NONE', #916, #1494, #595 ) ;
#1768 = LOCAL_TIME ( 10, 35, 6.000000000000000000, #1516 ) ;
#1769 = SECURITY_CLASSIFICATION_LEVEL ( 'unclassified' ) ;
#1770 = DIRECTION ( 'NONE',  ( -0.7499999999999995559, 0.000000000000000000, -0.6614378277661481231 ) ) ;
#1771 = LINE ( 'NONE', #1315, #835 ) ;
#1772 = FACE_OUTER_BOUND ( 'NONE', #1623, .T. ) ;
#1773 = VERTEX_POINT ( 'NONE', #228 ) ;
#1774 = ORIENTED_EDGE ( 'NONE', *, *, #1293, .T. ) ;
#1775 = CIRCLE ( 'NONE', #845, 9.000000000000003553 ) ;
#1776 = ADVANCED_FACE ( 'NONE', ( #958 ), #1736, .T. ) ;
#1777 = CARTESIAN_POINT ( 'NONE',  ( -10.49999999999999645, 2.999999999999995559, -11.90588089979066488 ) ) ;
#1778 = CARTESIAN_POINT ( 'NONE',  ( 13.50000000000000000, -2.999999999999998224, -11.90588089979065956 ) ) ;
#1779 = PLANE ( 'NONE',  #1207 ) ;
#1780 = CARTESIAN_POINT ( 'NONE',  ( -6.499999999999994671, -2.999999999999999112, -18.00000000000000000 ) ) ;
#1781 = DIRECTION ( 'NONE',  ( 1.000000000000000000, 0.000000000000000000, 0.000000000000000000 ) ) ;
#1782 = ORIENTED_EDGE ( 'NONE', *, *, #311, .F. ) ;
#1783 = DIRECTION ( 'NONE',  ( 0.000000000000000000, 1.000000000000000000, 0.000000000000000000 ) ) ;
#1784 = EDGE_LOOP ( 'NONE', ( #987, #1035, #1875 ) ) ;
#1785 = ADVANCED_FACE ( 'NONE', ( #801 ), #374, .F. ) ;
#1786 = DIRECTION ( 'NONE',  ( 1.423276643803383094E-16, 0.000000000000000000, 1.000000000000000000 ) ) ;
#1787 = LINE ( 'NONE', #1651, #1019 ) ;
#1788 = EDGE_CURVE ( 'NONE', #226, #1080, #1118, .T. ) ;
#1789 = DIRECTION ( 'NONE',  ( 0.000000000000000000, 0.000000000000000000, -1.000000000000000000 ) ) ;
#1790 = DIRECTION ( 'NONE',  ( -0.7500000000000004441, 0.000000000000000000, 0.6614378277661470129 ) ) ;
#1791 = ORIENTED_EDGE ( 'NONE', *, *, #323, .F. ) ;
#1792 = VERTEX_POINT ( 'NONE', #387 ) ;
#1793 = AXIS2_PLACEMENT_3D ( 'NONE', #1365, #514, #1067 ) ;
#1794 = CARTESIAN_POINT ( 'NONE',  ( -18.00000000000000355, -6.999999999999995559, 2.222611617547480103E-15 ) ) ;
#1795 = VECTOR ( 'NONE', #1185, 1000.000000000000000 ) ;
#1796 = FACE_OUTER_BOUND ( 'NONE', #331, .T. ) ;
#1797 = CARTESIAN_POINT ( 'NONE',  ( 13.99999999999997513, 6.999999999999995559, -18.00000000000000355 ) ) ;
#1798 = ADVANCED_FACE ( 'NONE', ( #1720 ), #252, .T. ) ;
#1799 = EDGE_LOOP ( 'NONE', ( #832, #969, #89, #1749 ) ) ;
#1800 = DIRECTION ( 'NONE',  ( 1.423276643803382847E-16, 0.000000000000000000, 1.000000000000000000 ) ) ;
#1801 = VERTEX_POINT ( 'NONE', #541 ) ;
#1802 = CIRCLE ( 'NONE', #696, 4.000000000000000000 ) ;
#1803 = FACE_OUTER_BOUND ( 'NONE', #1752, .T. ) ;
#1804 = FACE_OUTER_BOUND ( 'NONE', #1061, .T. ) ;
#1805 = CARTESIAN_POINT ( 'NONE',  ( -18.00000000000000355, 6.999999999999995559, 4.460717509654657295E-15 ) ) ;
#1806 = DIRECTION ( 'NONE',  ( -1.423276643803382108E-16, 0.000000000000000000, -1.000000000000000000 ) ) ;
#1807 = FACE_OUTER_BOUND ( 'NONE', #787, .T. ) ;
#1808 = ORIENTED_EDGE ( 'NONE', *, *, #663, .T. ) ;
#1809 = ORIENTED_EDGE ( 'NONE', *, *, #444, .T. ) ;
#1810 = EDGE_CURVE ( 'NONE', #1665, #1801, #970, .T. ) ;
#1811 = AXIS2_PLACEMENT_3D ( 'NONE', #141, #1890, #1434 ) ;
#1812 = DIRECTION ( 'NONE',  ( 0.000000000000000000, 0.000000000000000000, -1.000000000000000000 ) ) ;
#1813 = DIRECTION ( 'NONE',  ( 2.478176394252587057E-16, 0.000000000000000000, 1.000000000000000000 ) ) ;
#1814 = DIRECTION ( 'NONE',  ( 0.000000000000000000, -1.000000000000000000, 0.000000000000000000 ) ) ;
#1815 = CARTESIAN_POINT ( 'NONE',  ( 0.000000000000000000, -2.999999999999999112, 0.000000000000000000 ) ) ;
#1816 = EDGE_LOOP ( 'NONE', ( #359, #840, #293, #1189 ) ) ;
#1817 = ORIENTED_EDGE ( 'NONE', *, *, #732, .F. ) ;
#1818 = CC_DESIGN_DATE_AND_TIME_ASSIGNMENT ( #171, #50, ( #994 ) ) ;
#1819 = ORIENTED_EDGE ( 'NONE', *, *, #7, .T. ) ;
#1820 = PLANE ( 'NONE',  #1451 ) ;
#1821 = ADVANCED_BREP_SHAPE_REPRESENTATION ( 'CSWA_10_3', ( #192, #776 ), #295 ) ;
#1822 = ADVANCED_FACE ( 'NONE', ( #1401 ), #240, .T. ) ;
#1823 = DIRECTION ( 'NONE',  ( -1.000000000000000000, 2.891205793294679312E-16, 1.423276643803383094E-16 ) ) ;
#1824 = VECTOR ( 'NONE', #1823, 1000.000000000000000 ) ;
#1825 = CIRCLE ( 'NONE', #1170, 4.000000000000001776 ) ;
#1826 = DIRECTION ( 'NONE',  ( 0.000000000000000000, 1.000000000000000000, 0.000000000000000000 ) ) ;
#1827 = CARTESIAN_POINT ( 'NONE',  ( -18.00000000000000711, -6.999999999999995559, -13.99999999999996803 ) ) ;
#1828 = ORIENTED_EDGE ( 'NONE', *, *, #1845, .T. ) ;
#1829 = CARTESIAN_POINT ( 'NONE',  ( 6.499999999999994671, -2.999999999999999112, -18.00000000000000000 ) ) ;
#1830 = PERSON_AND_ORGANIZATION_ROLE ( 'creator' ) ;
#1831 = ORIENTED_EDGE ( 'NONE', *, *, #961, .F. ) ;
#1832 = CIRCLE ( 'NONE', #167, 15.00000000000000178 ) ;
#1833 = EDGE_CURVE ( 'NONE', #441, #583, #1327, .T. ) ;
#1834 = CARTESIAN_POINT ( 'NONE',  ( -10.49999999999999822, 2.999999999999995559, -17.99999999999999645 ) ) ;
#1835 = VECTOR ( 'NONE', #272, 1000.000000000000000 ) ;
#1836 = DIRECTION ( 'NONE',  ( -1.000000000000000000, 0.000000000000000000, 2.478176394252586564E-16 ) ) ;
#1837 = EDGE_CURVE ( 'NONE', #1004, #1634, #162, .T. ) ;
#1838 = CIRCLE ( 'NONE', #78, 4.000000000000000000 ) ;
#1839 = DIRECTION ( 'NONE',  ( -1.000000000000000000, 0.000000000000000000, 0.000000000000000000 ) ) ;
#1840 = ORIENTED_EDGE ( 'NONE', *, *, #604, .T. ) ;
#1841 = CARTESIAN_POINT ( 'NONE',  ( 10.49999999999999822, 6.999999999999997335, -11.90588089979066133 ) ) ;
#1842 = ORIENTED_EDGE ( 'NONE', *, *, #1354, .F. ) ;
#1843 = CARTESIAN_POINT ( 'NONE',  ( 11.25000000000000355, -7.000000000000000000, -9.921567416492202085 ) ) ;
#1844 = PLANE ( 'NONE',  #442 ) ;
#1845 = EDGE_CURVE ( 'NONE', #1237, #1590, #1290, .T. ) ;
#1846 = DIRECTION ( 'NONE',  ( -0.000000000000000000, -1.000000000000000000, 0.000000000000000000 ) ) ;
#1847 = LINE ( 'NONE', #392, #1459 ) ;
#1848 = ADVANCED_FACE ( 'NONE', ( #1124 ), #1112, .T. ) ;
#1849 = DIRECTION ( 'NONE',  ( 0.000000000000000000, -1.000000000000000000, 0.000000000000000000 ) ) ;
#1850 = ORIENTED_EDGE ( 'NONE', *, *, #1463, .T. ) ;
#1851 = DIRECTION ( 'NONE',  ( -0.000000000000000000, -1.000000000000000000, 0.000000000000000000 ) ) ;
#1852 = DIRECTION ( 'NONE',  ( 0.000000000000000000, 1.000000000000000000, 0.000000000000000000 ) ) ;
#1853 = ORIENTED_EDGE ( 'NONE', *, *, #1296, .F. ) ;
#1854 = ORIENTED_EDGE ( 'NONE', *, *, #1042, .F. ) ;
#1855 = CARTESIAN_POINT ( 'NONE',  ( 11.25000000000000355, 8.999999999999996447, -9.921567416492202085 ) ) ;
#1856 = CIRCLE ( 'NONE', #351, 4.000000000000000000 ) ;
#1857 = DIRECTION ( 'NONE',  ( 0.000000000000000000, 0.000000000000000000, -1.000000000000000000 ) ) ;
#1858 = EDGE_LOOP ( 'NONE', ( #210, #142, #669, #909 ) ) ;
#1859 = AXIS2_PLACEMENT_3D ( 'NONE', #1052, #1640, #55 ) ;
#1860 = DIRECTION ( 'NONE',  ( -1.423276643803382108E-16, 0.000000000000000000, -1.000000000000000000 ) ) ;
#1861 = EDGE_CURVE ( 'NONE', #1531, #636, #964, .T. ) ;
#1862 = DIRECTION ( 'NONE',  ( -0.000000000000000000, -1.000000000000000000, 0.000000000000000000 ) ) ;
#1863 = CIRCLE ( 'NONE', #39, 5.999999999999999112 ) ;
#1864 = ORIENTED_EDGE ( 'NONE', *, *, #1180, .T. ) ;
#1865 = ADVANCED_FACE ( 'NONE', ( #405 ), #1638, .F. ) ;
#1866 = VERTEX_POINT ( 'NONE', #276 ) ;
#1867 = DIRECTION ( 'NONE',  ( 0.000000000000000000, 1.000000000000000000, 0.000000000000000000 ) ) ;
#1868 = AXIS2_PLACEMENT_3D ( 'NONE', #691, #671, #1259 ) ;
#1869 = CARTESIAN_POINT ( 'NONE',  ( 13.99999999999997513, -8.999999999999996447, -18.00000000000000355 ) ) ;
#1870 = VERTEX_POINT ( 'NONE', #433 ) ;
#1871 = VECTOR ( 'NONE', #1734, 1000.000000000000000 ) ;
#1872 = CARTESIAN_POINT ( 'NONE',  ( 10.49999999999999822, 2.999999999999995559, -11.90588089979065956 ) ) ;
#1873 = DIRECTION ( 'NONE',  ( -0.7500000000000013323, 0.000000000000000000, 0.6614378277661460137 ) ) ;
#1874 = EDGE_CURVE ( 'NONE', #29, #1362, #145, .T. ) ;
#1875 = ORIENTED_EDGE ( 'NONE', *, *, #764, .T. ) ;
#1876 = EDGE_CURVE ( 'NONE', #533, #1522, #717, .T. ) ;
#1877 = ORIENTED_EDGE ( 'NONE', *, *, #949, .F. ) ;
#1878 = CARTESIAN_POINT ( 'NONE',  ( -13.99999999999997691, -6.999999999999995559, -17.99999999999999645 ) ) ;
#1879 = DIRECTION ( 'NONE',  ( -0.6614378277661480121, 0.000000000000000000, 0.7499999999999997780 ) ) ;
#1880 = VERTEX_POINT ( 'NONE', #25 ) ;
#1881 = DIRECTION ( 'NONE',  ( 0.000000000000000000, 0.000000000000000000, 1.000000000000000000 ) ) ;
#1882 = FACE_OUTER_BOUND ( 'NONE', #1728, .T. ) ;
#1883 = TOROIDAL_SURFACE ( 'NONE', #1040, 15.00000000000000178, 4.000000000000001776 ) ;
#1884 = ORIENTED_EDGE ( 'NONE', *, *, #68, .F. ) ;
#1885 = CC_DESIGN_PERSON_AND_ORGANIZATION_ASSIGNMENT ( #434, #1190, ( #352 ) ) ;
#1886 = ORIENTED_EDGE ( 'NONE', *, *, #1066, .T. ) ;
#1887 = DIRECTION ( 'NONE',  ( 8.673617379884035472E-16, 0.000000000000000000, 1.000000000000000000 ) ) ;
#1888 = ADVANCED_FACE ( 'NONE', ( #1032 ), #1779, .T. ) ;
#1889 = CYLINDRICAL_SURFACE ( 'NONE', #1589, 4.000000000000000000 ) ;
#1890 = DIRECTION ( 'NONE',  ( 0.000000000000000000, 1.000000000000000000, 0.000000000000000000 ) ) ;
#1891 = AXIS2_PLACEMENT_3D ( 'NONE', #942, #1526, #654 ) ;
#1892 = ORIENTED_EDGE ( 'NONE', *, *, #1745, .F. ) ;
#1893 = TOROIDAL_SURFACE ( 'NONE', #563, 3.000000000000000444, 5.999999999999999112 ) ;
#1894 = VECTOR ( 'NONE', #1348, 1000.000000000000000 ) ;
#1895 = ORIENTED_EDGE ( 'NONE', *, *, #1501, .F. ) ;
#1896 = ORIENTED_EDGE ( 'NONE', *, *, #637, .F. ) ;
#1897 = DIRECTION ( 'NONE',  ( 0.7499999999999997780, 0.000000000000000000, 0.6614378277661479011 ) ) ;
#1898 = DIRECTION ( 'NONE',  ( -1.423276643803382108E-16, -0.000000000000000000, -1.000000000000000000 ) ) ;
#1899 = EDGE_CURVE ( 'NONE', #1665, #1773, #1482, .T. ) ;
#1900 = FACE_OUTER_BOUND ( 'NONE', #1010, .T. ) ;
#1901 = ORIENTED_EDGE ( 'NONE', *, *, #1097, .T. ) ;
#1902 = CIRCLE ( 'NONE', #939, 7.000000000000004441 ) ;
#1903 = AXIS2_PLACEMENT_3D ( 'NONE', #1100, #1398, #1547 ) ;
#1904 = ORIENTED_EDGE ( 'NONE', *, *, #616, .F. ) ;
#1905 = DIRECTION ( 'NONE',  ( 1.000000000000000000, 0.000000000000000000, -2.478176394252586564E-16 ) ) ;
#1906 = EDGE_CURVE ( 'NONE', #1485, #727, #268, .T. ) ;
#1907 = DIRECTION ( 'NONE',  ( 0.000000000000000000, 0.000000000000000000, 1.000000000000000000 ) ) ;
#1908 = CARTESIAN_POINT ( 'NONE',  ( 0.000000000000000000, 2.999999999999995559, 0.000000000000000000 ) ) ;
#1909 = ORIENTED_EDGE ( 'NONE', *, *, #137, .F. ) ;
ENDSEC;
END-ISO-10303-21;
