ISO-10303-21;
HEADER;
FILE_DESCRIPTION (( 'STEP AP203' ),
    '1' );
FILE_NAME ('CSWA_10_4.STEP',
    '2026-08-14T14:19:24',
    ( '' ),
    ( '' ),
    'SwSTEP 2.0',
    'SolidWorks 2026',
    '' );
FILE_SCHEMA (( 'CONFIG_CONTROL_DESIGN' ));
ENDSEC;

DATA;
#1 = LINE ( 'NONE', #1018, #1065 ) ;
#2 = ORIENTED_EDGE ( 'NONE', *, *, #1157, .T. ) ;
#3 = VERTEX_POINT ( 'NONE', #264 ) ;
#4 = B_SPLINE_CURVE_WITH_KNOTS ( 'NONE', 3,
 ( #1675, #2746, #3253, #951 ),
 .UNSPECIFIED., .F., .F.,
 ( 4, 4 ),
 ( 1.734723475976807094E-18, 0.002783541466112407839 ),
 .UNSPECIFIED. ) ;
#5 = LINE ( 'NONE', #3109, #3205 ) ;
#6 = CIRCLE ( 'NONE', #1659, 5.000000000000000000 ) ;
#7 = FACE_OUTER_BOUND ( 'NONE', #18, .T. ) ;
#8 = VERTEX_POINT ( 'NONE', #2357 ) ;
#9 = CONICAL_SURFACE ( 'NONE', #842, 2.000000000000001776, 0.7853981633974485010 ) ;
#10 = VECTOR ( 'NONE', #964, 1000.000000000000000 ) ;
#11 =( BOUNDED_CURVE ( )  B_SPLINE_CURVE ( 3, ( #2955, #2631, #38, #585 ),
 .UNSPECIFIED., .F., .T. ) 
 B_SPLINE_CURVE_WITH_KNOTS ( ( 4, 4 ),
 ( 4.526708474675131377, 4.573481159439054089 ),
 .UNSPECIFIED. ) 
 CURVE ( )  GEOMETRIC_REPRESENTATION_ITEM ( )  RATIONAL_B_SPLINE_CURVE ( ( 1.000000000000000000, 0.9998177013054739826, 0.9998177013054739826, 1.000000000000000000 ) ) 
 REPRESENTATION_ITEM ( '' )  );
#12 = AXIS2_PLACEMENT_3D ( 'NONE', #875, #2123, #2155 ) ;
#13 = AXIS2_PLACEMENT_3D ( 'NONE', #804, #1072, #1852 ) ;
#14 = VERTEX_POINT ( 'NONE', #2881 ) ;
#15 = AXIS2_PLACEMENT_3D ( 'NONE', #2701, #3237, #904 ) ;
#16 = CARTESIAN_POINT ( 'NONE',  ( -8.999999999999984013, 30.00000000000000000, -14.03834313463983641 ) ) ;
#17 = LINE ( 'NONE', #2855, #2967 ) ;
#18 = EDGE_LOOP ( 'NONE', ( #542, #1212, #3262, #973, #822, #1858 ) ) ;
#19 = DIRECTION ( 'NONE',  ( 1.000000000000000000, 0.000000000000000000, 0.000000000000000000 ) ) ;
#20 = DIRECTION ( 'NONE',  ( 0.000000000000000000, -1.000000000000000000, 0.000000000000000000 ) ) ;
#21 = ADVANCED_FACE ( 'NONE', ( #556 ), #9, .T. ) ;
#22 = PERSON_AND_ORGANIZATION ( #44, #3182 ) ;
#23 = VECTOR ( 'NONE', #1637, 1000.000000000000000 ) ;
#24 = DIRECTION ( 'NONE',  ( -1.017203577148497449E-16, -0.000000000000000000, -1.000000000000000000 ) ) ;
#25 = ORIENTED_EDGE ( 'NONE', *, *, #2303, .T. ) ;
#26 = DIRECTION ( 'NONE',  ( -0.000000000000000000, -1.000000000000000000, -0.000000000000000000 ) ) ;
#27 = CARTESIAN_POINT ( 'NONE',  ( 12.00000000000000178, 59.00000000000000000, -49.79540843217468193 ) ) ;
#28 = EDGE_CURVE ( 'NONE', #2998, #1601, #243, .T. ) ;
#29 = VECTOR ( 'NONE', #992, 1000.000000000000000 ) ;
#30 = EDGE_CURVE ( 'NONE', #455, #2206, #790, .T. ) ;
#31 = CARTESIAN_POINT ( 'NONE',  ( 0.000000000000000000, 4.999999999999912070, -52.00000000000000000 ) ) ;
#32 = ORIENTED_EDGE ( 'NONE', *, *, #267, .T. ) ;
#33 = AXIS2_PLACEMENT_3D ( 'NONE', #94, #686, #378 ) ;
#34 = CARTESIAN_POINT ( 'NONE',  ( 12.00000000000000178, 43.00000000000000000, -49.79540843217468193 ) ) ;
#35 = ORIENTED_EDGE ( 'NONE', *, *, #47, .F. ) ;
#36 = CARTESIAN_POINT ( 'NONE',  ( 5.204170427930421283E-15, 62.00000000000000000, -81.00000000000002842 ) ) ;
#37 = ORIENTED_EDGE ( 'NONE', *, *, #1908, .T. ) ;
#38 = CARTESIAN_POINT ( 'NONE',  ( -10.00373832829014198, 28.99626167170983848, -24.76642308856527208 ) ) ;
#39 = DIRECTION ( 'NONE',  ( -1.000000000000000000, 0.000000000000000000, 0.000000000000000000 ) ) ;
#40 = DIRECTION ( 'NONE',  ( 0.000000000000000000, 1.000000000000000000, 0.000000000000000000 ) ) ;
#41 = ORIENTED_EDGE ( 'NONE', *, *, #3096, .F. ) ;
#42 = LINE ( 'NONE', #2960, #3068 ) ;
#43 = CARTESIAN_POINT ( 'NONE',  ( 9.000000000000000000, 62.00000000000000000, -49.00000000000000000 ) ) ;
#44 = PERSON ( 'UNSPECIFIED', 'UNSPECIFIED', 'UNSPECIFIED', ('UNSPECIFIED'), ('UNSPECIFIED'), ('UNSPECIFIED') ) ;
#45 = EDGE_CURVE ( 'NONE', #2132, #1607, #2376, .T. ) ;
#46 = ORIENTED_EDGE ( 'NONE', *, *, #2040, .F. ) ;
#47 = EDGE_CURVE ( 'NONE', #1370, #2629, #2733, .T. ) ;
#48 = CYLINDRICAL_SURFACE ( 'NONE', #2659, 5.000000000000004441 ) ;
#49 = ORIENTED_EDGE ( 'NONE', *, *, #849, .T. ) ;
#50 = CARTESIAN_POINT ( 'NONE',  ( -10.49999999999998579, 44.50000000000000000, -37.05050529600890030 ) ) ;
#51 = ORIENTED_EDGE ( 'NONE', *, *, #1433, .F. ) ;
#52 = LINE ( 'NONE', #2924, #1225 ) ;
#53 = LINE ( 'NONE', #2134, #894 ) ;
#54 = CARTESIAN_POINT ( 'NONE',  ( 12.00000000000000711, 20.99999999999982592, -66.87564434701793914 ) ) ;
#55 = VERTEX_POINT ( 'NONE', #2604 ) ;
#56 = DIRECTION ( 'NONE',  ( -0.7071067811865475727, -0.7071067811865475727, 7.192715472489159949E-17 ) ) ;
#57 = LINE ( 'NONE', #2408, #1856 ) ;
#58 = VERTEX_POINT ( 'NONE', #1543 ) ;
#59 = EDGE_CURVE ( 'NONE', #2348, #1593, #1062, .T. ) ;
#60 = EDGE_CURVE ( 'NONE', #2206, #560, #2342, .T. ) ;
#61 = ADVANCED_FACE ( 'NONE', ( #3142 ), #1003, .F. ) ;
#62 = CIRCLE ( 'NONE', #3127, 45.00000000000001421 ) ;
#63 = DIRECTION ( 'NONE',  ( 0.000000000000000000, -1.000000000000000000, 0.000000000000000000 ) ) ;
#64 = ORIENTED_EDGE ( 'NONE', *, *, #3373, .F. ) ;
#65 = CC_DESIGN_APPROVAL ( #1877, ( #2471 ) ) ;
#66 = EDGE_CURVE ( 'NONE', #1272, #1702, #1583, .T. ) ;
#67 = AXIS2_PLACEMENT_3D ( 'NONE', #818, #343, #2403 ) ;
#68 = CARTESIAN_POINT ( 'NONE',  ( -12.00000000000000711, 20.99999999999982592, -84.00000000000002842 ) ) ;
#69 = ORIENTED_EDGE ( 'NONE', *, *, #1865, .T. ) ;
#70 = DIRECTION ( 'NONE',  ( 0.000000000000000000, 1.000000000000000000, 0.000000000000000000 ) ) ;
#71 = DIRECTION ( 'NONE',  ( -0.6123724356957931381, -0.7071067811865483499, -0.3535533905932741749 ) ) ;
#72 = AXIS2_PLACEMENT_3D ( 'NONE', #367, #622, #1105 ) ;
#73 = CARTESIAN_POINT ( 'NONE',  ( 8.601411599008557118, 11.92842919326905360, -84.00000000000002842 ) ) ;
#74 = EDGE_LOOP ( 'NONE', ( #2784, #877, #2325, #2730 ) ) ;
#75 = CARTESIAN_POINT ( 'NONE',  ( 12.00000000000000178, 20.99999999999982592, -67.75842791103261220 ) ) ;
#76 = DIRECTION ( 'NONE',  ( -0.000000000000000000, 1.000000000000000000, -0.000000000000000000 ) ) ;
#77 = ORIENTED_EDGE ( 'NONE', *, *, #3033, .T. ) ;
#78 = ORIENTED_EDGE ( 'NONE', *, *, #2612, .T. ) ;
#79 = VECTOR ( 'NONE', #257, 1000.000000000000000 ) ;
#80 = DIRECTION ( 'NONE',  ( 0.000000000000000000, 0.000000000000000000, -1.000000000000000000 ) ) ;
#81 = EDGE_CURVE ( 'NONE', #1982, #1742, #2322, .T. ) ;
#82 = DIRECTION ( 'NONE',  ( -0.000000000000000000, -0.000000000000000000, 1.000000000000000000 ) ) ;
#83 = ORIENTED_EDGE ( 'NONE', *, *, #2863, .T. ) ;
#84 = DIRECTION ( 'NONE',  ( -0.000000000000000000, 1.000000000000000000, -0.000000000000000000 ) ) ;
#85 = CARTESIAN_POINT ( 'NONE',  ( 12.00000000000000000, 12.99999999999981704, -66.87564434701793914 ) ) ;
#86 = EDGE_CURVE ( 'NONE', #58, #2583, #2088, .T. ) ;
#87 = FACE_OUTER_BOUND ( 'NONE', #767, .T. ) ;
#88 = ORIENTED_EDGE ( 'NONE', *, *, #650, .F. ) ;
#89 = CARTESIAN_POINT ( 'NONE',  ( 6.000000000000007105, 62.00000000000000000, -78.60769515458676437 ) ) ;
#90 = CARTESIAN_POINT ( 'NONE',  ( 12.00000000000000711, 27.00000000000001066, -5.000000000000004441 ) ) ;
#91 = ORIENTED_EDGE ( 'NONE', *, *, #45, .T. ) ;
#92 = ORIENTED_EDGE ( 'NONE', *, *, #1768, .T. ) ;
#93 = DIRECTION ( 'NONE',  ( 0.000000000000000000, 0.000000000000000000, 1.000000000000000000 ) ) ;
#94 = CARTESIAN_POINT ( 'NONE',  ( 2.434699615406045218E-16, 54.00000000000000000, -89.00000000000000000 ) ) ;
#95 = CARTESIAN_POINT ( 'NONE',  ( 9.000000000000003553, 30.00000000000000000, -0.4174243050441631131 ) ) ;
#96 = ORIENTED_EDGE ( 'NONE', *, *, #3246, .T. ) ;
#97 = CARTESIAN_POINT ( 'NONE',  ( 11.33012701892218921, 62.00000000000000000, -69.37564434701793914 ) ) ;
#98 = CARTESIAN_POINT ( 'NONE',  ( 0.000000000000000000, 4.999999999999775291, -89.00000000000000000 ) ) ;
#99 = EDGE_CURVE ( 'NONE', #1953, #1176, #2364, .T. ) ;
#100 = EDGE_CURVE ( 'NONE', #627, #1449, #2680, .T. ) ;
#101 = CARTESIAN_POINT ( 'NONE',  ( 0.000000000000000000, 62.00000000000000000, -89.00000000000000000 ) ) ;
#102 = ORIENTED_EDGE ( 'NONE', *, *, #1364, .T. ) ;
#103 = CARTESIAN_POINT ( 'NONE',  ( 11.33012701892218921, 21.21121013963641389, -69.37564434701793914 ) ) ;
#104 = CARTESIAN_POINT ( 'NONE',  ( -9.502145026535437466, 29.49785497346454122, -11.58106126454902451 ) ) ;
#105 = ORIENTED_EDGE ( 'NONE', *, *, #2728, .T. ) ;
#106 = ORIENTED_EDGE ( 'NONE', *, *, #2239, .T. ) ;
#107 = DIRECTION ( 'NONE',  ( 0.000000000000000000, 0.000000000000000000, -1.000000000000000000 ) ) ;
#108 = VECTOR ( 'NONE', #805, 1000.000000000000000 ) ;
#109 = CARTESIAN_POINT ( 'NONE',  ( 12.00000000000000533, 43.00000000000000000, -25.11729498526224447 ) ) ;
#110 = DIRECTION ( 'NONE',  ( 0.000000000000000000, -1.000000000000000000, 0.000000000000000000 ) ) ;
#111 = EDGE_LOOP ( 'NONE', ( #641, #237, #1781, #208 ) ) ;
#112 = AXIS2_PLACEMENT_3D ( 'NONE', #1077, #489, #2861 ) ;
#113 = CARTESIAN_POINT ( 'NONE',  ( -12.00000000000000000, 54.49951719922318460, -50.84260561377536192 ) ) ;
#114 = AXIS2_PLACEMENT_3D ( 'NONE', #329, #3173, #2638 ) ;
#115 = AXIS2_PLACEMENT_3D ( 'NONE', #2878, #2859, #1557 ) ;
#116 = CIRCLE ( 'NONE', #2627, 45.00000000000000000 ) ;
#117 = DIRECTION ( 'NONE',  ( -0.000000000000000000, 1.000000000000000000, -0.000000000000000000 ) ) ;
#118 = ORIENTED_EDGE ( 'NONE', *, *, #2695, .F. ) ;
#119 = ADVANCED_FACE ( 'NONE', ( #591 ), #1424, .F. ) ;
#120 = LINE ( 'NONE', #435, #2785 ) ;
#121 = CARTESIAN_POINT ( 'NONE',  ( 5.204170427930421283E-15, 62.00000000000000000, -81.00000000000002842 ) ) ;
#122 = VECTOR ( 'NONE', #1857, 1000.000000000000000 ) ;
#123 = DIRECTION ( 'NONE',  ( 0.000000000000000000, -1.000000000000000000, 0.000000000000000000 ) ) ;
#124 = VERTEX_POINT ( 'NONE', #1954 ) ;
#125 = VERTEX_POINT ( 'NONE', #1154 ) ;
#126 = EDGE_CURVE ( 'NONE', #1803, #1673, #3239, .T. ) ;
#127 = VECTOR ( 'NONE', #550, 1000.000000000000000 ) ;
#128 = CARTESIAN_POINT ( 'NONE',  ( 12.00000000000000178, 62.00000000000000000, -62.59924243511181885 ) ) ;
#129 = VECTOR ( 'NONE', #3076, 1000.000000000000000 ) ;
#130 = CARTESIAN_POINT ( 'NONE',  ( 7.760605024106769255E-16, 36.50000000000000000, -89.00000000000000000 ) ) ;
#131 = CARTESIAN_POINT ( 'NONE',  ( -12.00000000000000000, 62.00000000000000000, -68.21539030917351454 ) ) ;
#132 = ORIENTED_EDGE ( 'NONE', *, *, #3075, .T. ) ;
#133 = CIRCLE ( 'NONE', #359, 61.00000000000000000 ) ;
#134 = DIRECTION ( 'NONE',  ( -0.000000000000000000, 1.000000000000000000, -0.000000000000000000 ) ) ;
#135 = CONICAL_SURFACE ( 'NONE', #1363, 2.000000000000001776, 0.7853981633974482790 ) ;
#136 = CARTESIAN_POINT ( 'NONE',  ( -8.601411599008553566, 22.07157080673059113, -0.2633893034617229012 ) ) ;
#137 = ORIENTED_EDGE ( 'NONE', *, *, #1421, .T. ) ;
#138 = DIRECTION ( 'NONE',  ( 1.000000000000000000, 4.505775262277420984E-17, 0.000000000000000000 ) ) ;
#139 = CARTESIAN_POINT ( 'NONE',  ( -10.00217401554111873, 28.99782598445885995, -12.14822292021589334 ) ) ;
#140 = ORIENTED_EDGE ( 'NONE', *, *, #3345, .F. ) ;
#141 = ORIENTED_EDGE ( 'NONE', *, *, #1959, .T. ) ;
#142 = EDGE_CURVE ( 'NONE', #1761, #471, #3015, .T. ) ;
#143 =( BOUNDED_CURVE ( )  B_SPLINE_CURVE ( 3, ( #2018, #3120, #2600, #3048 ),
 .UNSPECIFIED., .F., .F. ) 
 B_SPLINE_CURVE_WITH_KNOTS ( ( 4, 4 ),
 ( 3.141592653589794004, 5.017821599483699657 ),
 .UNSPECIFIED. ) 
 CURVE ( )  GEOMETRIC_REPRESENTATION_ITEM ( )  RATIONAL_B_SPLINE_CURVE ( ( 1.000000000000000000, 0.7275397655757211979, 0.7275397655757211979, 1.000000000000000000 ) ) 
 REPRESENTATION_ITEM ( '' )  );
#144 = EDGE_CURVE ( 'NONE', #2210, #301, #285, .T. ) ;
#145 = DIRECTION ( 'NONE',  ( 6.071532165918819308E-15, 0.000000000000000000, -1.000000000000000000 ) ) ;
#146 = CARTESIAN_POINT ( 'NONE',  ( 12.00000000000000178, 4.999999999999942268, -57.18805255882626426 ) ) ;
#147 = LINE ( 'NONE', #3001, #562 ) ;
#148 = FACE_OUTER_BOUND ( 'NONE', #1149, .T. ) ;
#149 = DIRECTION ( 'NONE',  ( -0.7071067811865459074, -0.7071067811865491270, 7.192715472489143925E-17 ) ) ;
#150 = ORIENTED_EDGE ( 'NONE', *, *, #1648, .T. ) ;
#151 = CYLINDRICAL_SURFACE ( 'NONE', #912, 74.00000000000000000 ) ;
#152 = DIRECTION ( 'NONE',  ( -0.4939001359591769225, 0.1557261146950947583, 0.8554601293464685341 ) ) ;
#153 = DIRECTION ( 'NONE',  ( 3.043374519257556522E-17, -1.000000000000000000, 0.000000000000000000 ) ) ;
#154 = ORIENTED_EDGE ( 'NONE', *, *, #1707, .F. ) ;
#155 = CARTESIAN_POINT ( 'NONE',  ( 10.00373832829014731, 28.99626167170985269, -24.76642308856527208 ) ) ;
#156 = CARTESIAN_POINT ( 'NONE',  ( 8.000000000000007105, 13.83586309476550902, -84.00000000000002842 ) ) ;
#157 = ORIENTED_EDGE ( 'NONE', *, *, #3339, .T. ) ;
#158 = EDGE_LOOP ( 'NONE', ( #698, #873, #2689, #3311 ) ) ;
#159 = DIRECTION ( 'NONE',  ( -0.000000000000000000, 1.000000000000000000, -0.000000000000000000 ) ) ;
#160 = CARTESIAN_POINT ( 'NONE',  ( -11.00392066022352466, 43.99607933977645047, -24.93018719020940210 ) ) ;
#161 = VECTOR ( 'NONE', #2426, 1000.000000000000000 ) ;
#162 = PLANE ( 'NONE',  #1009 ) ;
#163 = VERTEX_POINT ( 'NONE', #886 ) ;
#164 = DIRECTION ( 'NONE',  ( -0.000000000000000000, 1.000000000000000000, -0.000000000000000000 ) ) ;
#165 = EDGE_CURVE ( 'NONE', #424, #3385, #2169, .T. ) ;
#166 = EDGE_CURVE ( 'NONE', #1642, #803, #857, .T. ) ;
#167 = AXIS2_PLACEMENT_3D ( 'NONE', #3359, #2832, #1836 ) ;
#168 = PERSON_AND_ORGANIZATION ( #44, #3182 ) ;
#169 = AXIS2_PLACEMENT_3D ( 'NONE', #838, #1891, #2914 ) ;
#170 = LINE ( 'NONE', #2729, #1997 ) ;
#171 = ORIENTED_EDGE ( 'NONE', *, *, #3075, .F. ) ;
#172 = CARTESIAN_POINT ( 'NONE',  ( -7.107640315951980980, 22.54255508314053102, -84.00000000000002842 ) ) ;
#173 = FACE_OUTER_BOUND ( 'NONE', #1931, .T. ) ;
#174 = CIRCLE ( 'NONE', #67, 37.00000000000000711 ) ;
#175 = ORIENTED_EDGE ( 'NONE', *, *, #1881, .T. ) ;
#176 = VECTOR ( 'NONE', #2152, 1000.000000000000000 ) ;
#177 = ORIENTED_EDGE ( 'NONE', *, *, #468, .F. ) ;
#178 = AXIS2_PLACEMENT_3D ( 'NONE', #101, #640, #3170 ) ;
#179 = CARTESIAN_POINT ( 'NONE',  ( -10.87779991155307613, 28.12220008844690966, -1.236963375013041988 ) ) ;
#180 = DIRECTION ( 'NONE',  ( -0.000000000000000000, 1.000000000000000000, -0.000000000000000000 ) ) ;
#181 = CARTESIAN_POINT ( 'NONE',  ( -11.01027901700194711, 59.98972098299804401, -49.49246810500841320 ) ) ;
#182 = ORIENTED_EDGE ( 'NONE', *, *, #2286, .T. ) ;
#183 = CARTESIAN_POINT ( 'NONE',  ( -12.00000000000000355, 4.999999999999831246, -37.37636200343875714 ) ) ;
#184 = VECTOR ( 'NONE', #110, 1000.000000000000000 ) ;
#185 = ADVANCED_FACE ( 'NONE', ( #1909 ), #1922, .F. ) ;
#186 = CYLINDRICAL_SURFACE ( 'NONE', #679, 5.000000000000004441 ) ;
#187 = ORIENTED_EDGE ( 'NONE', *, *, #1098, .F. ) ;
#188 = EDGE_CURVE ( 'NONE', #2144, #2277, #1161, .T. ) ;
#189 = LINE ( 'NONE', #3289, #616 ) ;
#190 = CARTESIAN_POINT ( 'NONE',  ( -6.000000000000009770, 21.64207601349135501, -78.60769515458673595 ) ) ;
#191 = ORIENTED_EDGE ( 'NONE', *, *, #2630, .T. ) ;
#192 = ORIENTED_EDGE ( 'NONE', *, *, #3241, .F. ) ;
#193 = CIRCLE ( 'NONE', #2872, 69.00000000000000000 ) ;
#194 = CARTESIAN_POINT ( 'NONE',  ( -10.70529049636947860, 21.40822033844463590, -0.9746945563095911202 ) ) ;
#195 = DIRECTION ( 'NONE',  ( -0.000000000000000000, 1.000000000000000000, -0.000000000000000000 ) ) ;
#196 = LINE ( 'NONE', #1252, #129 ) ;
#197 = ORIENTED_EDGE ( 'NONE', *, *, #2503, .F. ) ;
#198 = DIRECTION ( 'NONE',  ( 0.6123724356957948034, -0.7071067811865473507, -0.3535533905932736753 ) ) ;
#199 = DIRECTION ( 'NONE',  ( -3.043374519257556522E-17, 1.000000000000000000, -0.000000000000000000 ) ) ;
#200 = ORIENTED_EDGE ( 'NONE', *, *, #1200, .T. ) ;
#201 = EDGE_CURVE ( 'NONE', #1070, #821, #2619, .T. ) ;
#202 = PERSON_AND_ORGANIZATION ( #44, #3182 ) ;
#203 = CARTESIAN_POINT ( 'NONE',  ( 0.000000000000000000, 62.00000000000000000, 0.000000000000000000 ) ) ;
#204 = ORIENTED_EDGE ( 'NONE', *, *, #406, .F. ) ;
#205 = DIRECTION ( 'NONE',  ( 3.043374519257556522E-17, -1.000000000000000000, 0.000000000000000000 ) ) ;
#206 = FACE_OUTER_BOUND ( 'NONE', #885, .T. ) ;
#207 = EDGE_CURVE ( 'NONE', #3164, #3363, #1644, .T. ) ;
#208 = ORIENTED_EDGE ( 'NONE', *, *, #2539, .F. ) ;
#209 = ORIENTED_EDGE ( 'NONE', *, *, #3162, .F. ) ;
#210 = ADVANCED_FACE ( 'NONE', ( #3210 ), #328, .T. ) ;
#211 = ORIENTED_EDGE ( 'NONE', *, *, #360, .F. ) ;
#212 = DIRECTION ( 'NONE',  ( -0.000000000000000000, 1.000000000000000000, -0.000000000000000000 ) ) ;
#213 = CARTESIAN_POINT ( 'NONE',  ( 7.250515984962559557, 11.97636571451812948, -0.004506826588476041569 ) ) ;
#214 = ORIENTED_EDGE ( 'NONE', *, *, #2770, .F. ) ;
#215 = CARTESIAN_POINT ( 'NONE',  ( 11.33012701892218921, 12.78878986036322729, -69.37564434701793914 ) ) ;
#216 = CARTESIAN_POINT ( 'NONE',  ( -7.000000000000000000, 21.89618771280301246, 0.000000000000000000 ) ) ;
#217 = DIRECTION ( 'NONE',  ( -0.000000000000000000, 1.000000000000000000, -0.000000000000000000 ) ) ;
#218 = ORIENTED_EDGE ( 'NONE', *, *, #2504, .F. ) ;
#219 = CARTESIAN_POINT ( 'NONE',  ( -12.00000000000000000, 53.00047176382123126, -50.31879973651135884 ) ) ;
#220 = DIRECTION ( 'NONE',  ( -0.000000000000000000, -1.000000000000000000, -0.000000000000000000 ) ) ;
#221 = EDGE_CURVE ( 'NONE', #323, #2034, #42, .T. ) ;
#222 = CARTESIAN_POINT ( 'NONE',  ( -8.999999999999984013, 30.00000000000000000, -11.01763019758890394 ) ) ;
#223 = ORIENTED_EDGE ( 'NONE', *, *, #1730, .T. ) ;
#224 = AXIS2_PLACEMENT_3D ( 'NONE', #3187, #1340, #277 ) ;
#225 = ORIENTED_EDGE ( 'NONE', *, *, #3224, .F. ) ;
#226 = DIRECTION ( 'NONE',  ( -0.000000000000000000, 1.000000000000000000, -0.000000000000000000 ) ) ;
#227 = CIRCLE ( 'NONE', #2096, 2.000000000000001776 ) ;
#228 = CC_DESIGN_APPROVAL ( #1312, ( #2365 ) ) ;
#229 = CONICAL_SURFACE ( 'NONE', #2366, 40.99999999999999289, 0.7853981633974437271 ) ;
#230 = ORIENTED_EDGE ( 'NONE', *, *, #440, .T. ) ;
#231 = EDGE_CURVE ( 'NONE', #1080, #125, #1318, .T. ) ;
#232 = CARTESIAN_POINT ( 'NONE',  ( -12.00000000000000000, 4.999999999999942268, -57.18805255882626426 ) ) ;
#233 = VECTOR ( 'NONE', #2683, 1000.000000000000000 ) ;
#234 = ORIENTED_EDGE ( 'NONE', *, *, #407, .F. ) ;
#235 = FACE_OUTER_BOUND ( 'NONE', #1208, .T. ) ;
#236 = CARTESIAN_POINT ( 'NONE',  ( 7.191876019289935584, 11.48400433210193938, -76.54330533285366300 ) ) ;
#237 = ORIENTED_EDGE ( 'NONE', *, *, #3034, .F. ) ;
#238 = DIRECTION ( 'NONE',  ( -1.017203577148497449E-16, -0.000000000000000000, -1.000000000000000000 ) ) ;
#239 = CARTESIAN_POINT ( 'NONE',  ( 0.000000000000000000, 0.000000000000000000, -89.00000000000000000 ) ) ;
#240 =( NAMED_UNIT ( * ) PLANE_ANGLE_UNIT ( ) SI_UNIT ( $, .RADIAN. ) );
#241 = CARTESIAN_POINT ( 'NONE',  ( 0.000000000000000000, 62.00000000000000000, -89.00000000000000000 ) ) ;
#242 = ORIENTED_EDGE ( 'NONE', *, *, #2245, .T. ) ;
#243 = LINE ( 'NONE', #750, #338 ) ;
#244 = CARTESIAN_POINT ( 'NONE',  ( 12.00000000000000533, -3.400058012914541905E-13, -12.94081252077432254 ) ) ;
#245 = CONICAL_SURFACE ( 'NONE', #1181, 64.99999999999998579, 0.7853981633974482790 ) ;
#246 = DIRECTION ( 'NONE',  ( 1.000000000000000000, 3.043374519257556522E-17, 0.000000000000000000 ) ) ;
#247 = ORIENTED_EDGE ( 'NONE', *, *, #47, .T. ) ;
#248 = DIRECTION ( 'NONE',  ( -0.000000000000000000, 1.000000000000000000, -0.000000000000000000 ) ) ;
#249 = ADVANCED_FACE ( 'NONE', ( #605 ), #2425, .T. ) ;
#250 = FACE_OUTER_BOUND ( 'NONE', #2754, .T. ) ;
#251 = ADVANCED_FACE ( 'NONE', ( #2137 ), #3172, .F. ) ;
#252 = CIRCLE ( 'NONE', #2708, 25.99999999999999645 ) ;
#253 = CARTESIAN_POINT ( 'NONE',  ( 7.304098846218135653E-16, 38.00000000000000000, -89.00000000000000000 ) ) ;
#254 = ORIENTED_EDGE ( 'NONE', *, *, #1453, .F. ) ;
#255 = FACE_OUTER_BOUND ( 'NONE', #1873, .T. ) ;
#256 = VERTEX_POINT ( 'NONE', #1969 ) ;
#257 = DIRECTION ( 'NONE',  ( 0.000000000000000000, -1.000000000000000000, 0.000000000000000000 ) ) ;
#258 = EDGE_LOOP ( 'NONE', ( #2443, #3208, #1899, #3227 ) ) ;
#259 = CARTESIAN_POINT ( 'NONE',  ( 12.00000000000000000, 4.999999999999997335, -68.21539030917354296 ) ) ;
#260 = DIRECTION ( 'NONE',  ( 0.000000000000000000, 0.000000000000000000, -1.000000000000000000 ) ) ;
#261 = CARTESIAN_POINT ( 'NONE',  ( -12.00000000000000000, 12.99999999999982414, -4.999999999999999112 ) ) ;
#262 = DIRECTION ( 'NONE',  ( 0.000000000000000000, 0.000000000000000000, 1.000000000000000000 ) ) ;
#263 = VERTEX_POINT ( 'NONE', #692 ) ;
#264 = CARTESIAN_POINT ( 'NONE',  ( -11.99999999999999822, 4.999999999999886313, -48.75077640500379061 ) ) ;
#265 = CARTESIAN_POINT ( 'NONE',  ( 0.000000000000000000, 4.999999999999831246, -89.00000000000000000 ) ) ;
#266 = ORIENTED_EDGE ( 'NONE', *, *, #3092, .F. ) ;
#267 = EDGE_CURVE ( 'NONE', #1682, #2144, #1714, .T. ) ;
#268 = CARTESIAN_POINT ( 'NONE',  ( -12.00000000000000000, 4.999999999999720224, -21.05149008256324095 ) ) ;
#269 = ORIENTED_EDGE ( 'NONE', *, *, #1290, .F. ) ;
#270 = DIRECTION ( 'NONE',  ( -0.000000000000000000, 0.000000000000000000, 1.000000000000000000 ) ) ;
#271 = EDGE_CURVE ( 'NONE', #471, #1560, #1810, .T. ) ;
#272 = ORIENTED_EDGE ( 'NONE', *, *, #2840, .F. ) ;
#273 = EDGE_CURVE ( 'NONE', #1171, #2948, #227, .T. ) ;
#274 = CARTESIAN_POINT ( 'NONE',  ( 6.000000000000007105, 13.83586309476550724, -78.60769515458676437 ) ) ;
#275 = ORIENTED_EDGE ( 'NONE', *, *, #2944, .T. ) ;
#276 = DIRECTION ( 'NONE',  ( -1.017203577148497449E-16, -3.095731447591375110E-33, -1.000000000000000000 ) ) ;
#277 = DIRECTION ( 'NONE',  ( 0.000000000000000000, 0.000000000000000000, 1.000000000000000000 ) ) ;
#278 = EDGE_CURVE ( 'NONE', #2917, #498, #3234, .T. ) ;
#279 = APPLICATION_PROTOCOL_DEFINITION ( 'international standard', 'config_control_design', 1994, #2026 ) ;
#280 = LINE ( 'NONE', #2634, #565 ) ;
#281 = ORIENTED_EDGE ( 'NONE', *, *, #231, .T. ) ;
#282 = ORIENTED_EDGE ( 'NONE', *, *, #1058, .T. ) ;
#283 = PLANE ( 'NONE',  #114 ) ;
#284 = ORIENTED_EDGE ( 'NONE', *, *, #2181, .T. ) ;
#285 = CIRCLE ( 'NONE', #785, 45.00000000000000000 ) ;
#286 = VECTOR ( 'NONE', #1493, 1000.000000000000000 ) ;
#287 = CARTESIAN_POINT ( 'NONE',  ( 0.000000000000000000, 30.00000000000000000, 0.000000000000000000 ) ) ;
#288 = ORIENTED_EDGE ( 'NONE', *, *, #28, .F. ) ;
#289 = PLANE ( 'NONE',  #2918 ) ;
#290 = ORIENTED_EDGE ( 'NONE', *, *, #3034, .T. ) ;
#291 = DIRECTION ( 'NONE',  ( -0.9537169507482262665, 0.3007057995042748400, 0.000000000000000000 ) ) ;
#292 = DIRECTION ( 'NONE',  ( -1.017203577148497449E-16, -3.095731447591375794E-33, -1.000000000000000000 ) ) ;
#293 = EDGE_CURVE ( 'NONE', #1295, #256, #1056, .T. ) ;
#294 = EDGE_CURVE ( 'NONE', #2929, #3118, #120, .T. ) ;
#295 = AXIS2_PLACEMENT_3D ( 'NONE', #253, #493, #1045 ) ;
#296 = LINE ( 'NONE', #1597, #2046 ) ;
#297 = ORIENTED_EDGE ( 'NONE', *, *, #737, .T. ) ;
#298 = CARTESIAN_POINT ( 'NONE',  ( 9.000000000000005329, 62.00000000000000000, -9.154832194336482093E-16 ) ) ;
#299 = CARTESIAN_POINT ( 'NONE',  ( 11.01027901700195955, 59.98972098299802980, -49.49246810500841320 ) ) ;
#300 = VECTOR ( 'NONE', #1271, 1000.000000000000000 ) ;
#301 = VERTEX_POINT ( 'NONE', #1172 ) ;
#303 = DIRECTION ( 'NONE',  ( -3.043374519257556522E-17, 1.000000000000000000, -0.000000000000000000 ) ) ;
#302 = VECTOR ( 'NONE', #1476, 1000.000000000000000 ) ;
#304 = VECTOR ( 'NONE', #2682, 1000.000000000000000 ) ;
#305 = ORIENTED_EDGE ( 'NONE', *, *, #739, .T. ) ;
#306 = DIRECTION ( 'NONE',  ( 0.000000000000000000, 0.000000000000000000, 1.000000000000000000 ) ) ;
#307 = VERTEX_POINT ( 'NONE', #3063 ) ;
#308 = CARTESIAN_POINT ( 'NONE',  ( 2.434699615406045218E-16, 54.00000000000000000, -89.00000000000000000 ) ) ;
#309 = DIRECTION ( 'NONE',  ( -0.000000000000000000, 1.000000000000000000, 0.000000000000000000 ) ) ;
#310 = AXIS2_PLACEMENT_3D ( 'NONE', #2274, #1974, #107 ) ;
#311 = CARTESIAN_POINT ( 'NONE',  ( -12.00000000000000000, 42.99999999999998579, -49.79540843217468193 ) ) ;
#312 = ORIENTED_EDGE ( 'NONE', *, *, #1316, .T. ) ;
#313 = DIRECTION ( 'NONE',  ( -3.043374519257556522E-17, 1.000000000000000000, -0.000000000000000000 ) ) ;
#314 = DIRECTION ( 'NONE',  ( 0.7071067811865474617, -0.7071067811865474617, 0.000000000000000000 ) ) ;
#315 = B_SPLINE_CURVE_WITH_KNOTS ( 'NONE', 3,
 ( #3371, #2937, #829, #2129 ),
 .UNSPECIFIED., .F., .F.,
 ( 4, 4 ),
 ( 0.02909571311803988217, 0.03126803589879171424 ),
 .UNSPECIFIED. ) ;
#316 = EDGE_CURVE ( 'NONE', #3118, #2624, #2201, .T. ) ;
#317 = FACE_OUTER_BOUND ( 'NONE', #1839, .T. ) ;
#318 = ORIENTED_EDGE ( 'NONE', *, *, #1976, .T. ) ;
#319 = EDGE_CURVE ( 'NONE', #3387, #2824, #2625, .T. ) ;
#320 = DIRECTION ( 'NONE',  ( 1.000000000000000000, 3.043374519257556522E-17, 0.000000000000000000 ) ) ;
#321 = VERTEX_POINT ( 'NONE', #403 ) ;
#322 = CARTESIAN_POINT ( 'NONE',  ( 12.00000000000000355, -2.289834988289385365E-13, -32.25495616355557615 ) ) ;
#323 = VERTEX_POINT ( 'NONE', #3047 ) ;
#324 = DIRECTION ( 'NONE',  ( -1.000000000000000000, 0.000000000000000000, 0.000000000000000000 ) ) ;
#325 = LINE ( 'NONE', #2941, #393 ) ;
#326 = CARTESIAN_POINT ( 'NONE',  ( 0.000000000000000000, 0.000000000000000000, -89.00000000000000000 ) ) ;
#327 = ORIENTED_EDGE ( 'NONE', *, *, #2965, .F. ) ;
#328 = CYLINDRICAL_SURFACE ( 'NONE', #1832, 65.00000000000000000 ) ;
#329 = CARTESIAN_POINT ( 'NONE',  ( 0.000000000000000000, 4.999999999999690026, -19.99999999999999645 ) ) ;
#330 = CARTESIAN_POINT ( 'NONE',  ( 0.000000000000000000, 0.000000000000000000, -63.00000000000000000 ) ) ;
#331 = ORIENTED_EDGE ( 'NONE', *, *, #3285, .F. ) ;
#332 = EDGE_CURVE ( 'NONE', #2629, #1348, #3012, .T. ) ;
#333 = ORIENTED_EDGE ( 'NONE', *, *, #1316, .F. ) ;
#334 = AXIS2_PLACEMENT_3D ( 'NONE', #997, #2802, #982 ) ;
#335 = ADVANCED_FACE ( 'NONE', ( #2511 ), #1443, .T. ) ;
#336 = ADVANCED_FACE ( 'NONE', ( #2483 ), #1436, .F. ) ;
#337 = DIRECTION ( 'NONE',  ( -3.043374519257556522E-17, 1.000000000000000000, -0.000000000000000000 ) ) ;
#338 = VECTOR ( 'NONE', #2122, 1000.000000000000000 ) ;
#339 =( BOUNDED_CURVE ( )  B_SPLINE_CURVE ( 3, ( #2772, #439, #3314, #974 ),
 .UNSPECIFIED., .F., .T. ) 
 B_SPLINE_CURVE_WITH_KNOTS ( ( 4, 4 ),
 ( 3.141592653589793116, 3.665191429188092265 ),
 .UNSPECIFIED. ) 
 CURVE ( )  GEOMETRIC_REPRESENTATION_ITEM ( )  RATIONAL_B_SPLINE_CURVE ( ( 1.000000000000000000, 0.9772838841927120601, 0.9772838841927120601, 1.000000000000000000 ) ) 
 REPRESENTATION_ITEM ( '' )  );
#340 = VECTOR ( 'NONE', #180, 1000.000000000000000 ) ;
#341 = CARTESIAN_POINT ( 'NONE',  ( -12.00000000000000000, 59.00000000000000000, 1.469576158976823947E-15 ) ) ;
#342 = ORIENTED_EDGE ( 'NONE', *, *, #970, .F. ) ;
#343 = DIRECTION ( 'NONE',  ( 0.000000000000000000, 1.000000000000000000, 0.000000000000000000 ) ) ;
#344 = DIRECTION ( 'NONE',  ( 0.000000000000000000, 0.000000000000000000, 1.000000000000000000 ) ) ;
#345 = AXIS2_PLACEMENT_3D ( 'NONE', #1000, #747, #2320 ) ;
#346 = DIRECTION ( 'NONE',  ( -0.7071067811865459074, -0.7071067811865491270, 7.192715472489143925E-17 ) ) ;
#347 = ORIENTED_EDGE ( 'NONE', *, *, #2691, .F. ) ;
#348 = VECTOR ( 'NONE', #3255, 1000.000000000000000 ) ;
#349 = DIRECTION ( 'NONE',  ( 0.000000000000000000, 0.000000000000000000, -1.000000000000000000 ) ) ;
#350 = CARTESIAN_POINT ( 'NONE',  ( 9.000000000000000000, 62.00000000000000000, -49.00000000000000000 ) ) ;
#351 = CIRCLE ( 'NONE', #862, 5.000000000000004441 ) ;
#352 = PLANE ( 'NONE',  #1774 ) ;
#353 = ORIENTED_EDGE ( 'NONE', *, *, #1818, .T. ) ;
#354 = EDGE_LOOP ( 'NONE', ( #2397, #106, #2282, #2442 ) ) ;
#355 = VECTOR ( 'NONE', #1148, 1000.000000000000000 ) ;
#356 = CARTESIAN_POINT ( 'NONE',  ( 0.000000000000000000, 62.00000000000000000, -89.00000000000000000 ) ) ;
#357 = DIRECTION ( 'NONE',  ( 3.043374519257556522E-17, -1.000000000000000000, 0.000000000000000000 ) ) ;
#358 = EDGE_CURVE ( 'NONE', #1487, #3110, #939, .T. ) ;
#359 = AXIS2_PLACEMENT_3D ( 'NONE', #2712, #2758, #3003 ) ;
#360 = EDGE_CURVE ( 'NONE', #1010, #1727, #1983, .T. ) ;
#361 = DIRECTION ( 'NONE',  ( -0.000000000000000000, 1.000000000000000000, -0.000000000000000000 ) ) ;
#362 = DIRECTION ( 'NONE',  ( 0.000000000000000000, 0.000000000000000000, 1.000000000000000000 ) ) ;
#363 = EDGE_LOOP ( 'NONE', ( #209, #2939, #2173, #809 ) ) ;
#364 = AXIS2_PLACEMENT_3D ( 'NONE', #2079, #1534, #2812 ) ;
#365 = CARTESIAN_POINT ( 'NONE',  ( 12.00000000000000711, 27.00000000000001066, -2.951152325077770033 ) ) ;
#366 = CIRCLE ( 'NONE', #1791, 5.000000000000004441 ) ;
#367 = CARTESIAN_POINT ( 'NONE',  ( 0.000000000000000000, 4.999999999999886313, -89.00000000000000000 ) ) ;
#368 = ORIENTED_EDGE ( 'NONE', *, *, #1820, .F. ) ;
#369 = VECTOR ( 'NONE', #879, 1000.000000000000000 ) ;
#370 = DIRECTION ( 'NONE',  ( 0.000000000000000000, -1.000000000000000000, 0.000000000000000000 ) ) ;
#371 = DIRECTION ( 'NONE',  ( -3.043374519257556522E-17, 1.000000000000000000, -0.000000000000000000 ) ) ;
#372 = CARTESIAN_POINT ( 'NONE',  ( 9.000000000000000000, 30.00000000000000000, -24.62609224227567495 ) ) ;
#373 = ORIENTED_EDGE ( 'NONE', *, *, #611, .T. ) ;
#374 = ORIENTED_EDGE ( 'NONE', *, *, #3367, .T. ) ;
#375 = DIRECTION ( 'NONE',  ( -0.000000000000000000, -0.000000000000000000, 1.000000000000000000 ) ) ;
#376 = CARTESIAN_POINT ( 'NONE',  ( -6.000000000000007105, 13.83586309476550724, -78.60769515458673595 ) ) ;
#377 = EDGE_CURVE ( 'NONE', #742, #2228, #3049, .T. ) ;
#378 = DIRECTION ( 'NONE',  ( -1.000000000000000000, 0.000000000000000000, 0.000000000000000000 ) ) ;
#379 = CARTESIAN_POINT ( 'NONE',  ( 11.99999999999999822, -6.938893903907228378E-15, -62.59924243511181885 ) ) ;
#380 = ORIENTED_EDGE ( 'NONE', *, *, #987, .F. ) ;
#381 = CARTESIAN_POINT ( 'NONE',  ( -7.000000000000000000, 62.00000000000000000, -66.87564434701789651 ) ) ;
#382 = EDGE_CURVE ( 'NONE', #1249, #2210, #189, .T. ) ;
#383 = CARTESIAN_POINT ( 'NONE',  ( 4.059751785371162214, 10.49644935452882777, -81.96830364161870364 ) ) ;
#384 = VERTEX_POINT ( 'NONE', #2248 ) ;
#385 = EDGE_CURVE ( 'NONE', #980, #3164, #2002, .T. ) ;
#386 = CARTESIAN_POINT ( 'NONE',  ( 0.000000000000000000, 62.00000000000000000, -31.00000000000000000 ) ) ;
#387 = CARTESIAN_POINT ( 'NONE',  ( -8.601411599008557118, 11.92842919326905360, -0.2633893034617307283 ) ) ;
#388 = DIRECTION ( 'NONE',  ( 1.000000000000000000, 0.000000000000000000, 0.000000000000000000 ) ) ;
#389 = ORIENTED_EDGE ( 'NONE', *, *, #3054, .F. ) ;
#390 = EDGE_LOOP ( 'NONE', ( #813, #454, #1383, #3087 ) ) ;
#391 = LINE ( 'NONE', #1183, #1739 ) ;
#392 = CARTESIAN_POINT ( 'NONE',  ( 12.00000000000000178, 62.00000000000000000, -57.18805255882626426 ) ) ;
#393 = VECTOR ( 'NONE', #292, 1000.000000000000000 ) ;
#394 = DIRECTION ( 'NONE',  ( -1.017203577148497449E-16, -0.000000000000000000, -1.000000000000000000 ) ) ;
#395 = DIRECTION ( 'NONE',  ( 1.000000000000000000, 0.000000000000000000, 0.000000000000000000 ) ) ;
#396 = VERTEX_POINT ( 'NONE', #2267 ) ;
#397 = AXIS2_PLACEMENT_3D ( 'NONE', #526, #1129, #2670 ) ;
#398 = CARTESIAN_POINT ( 'NONE',  ( 12.00000000000000178, 53.00046432671106800, -50.31879195881226252 ) ) ;
#399 = AXIS2_PLACEMENT_3D ( 'NONE', #1038, #1800, #1819 ) ;
#400 = VECTOR ( 'NONE', #3392, 1000.000000000000000 ) ;
#401 = LINE ( 'NONE', #383, #3192 ) ;
#402 = ORIENTED_EDGE ( 'NONE', *, *, #953, .F. ) ;
#403 = CARTESIAN_POINT ( 'NONE',  ( 12.00000000000000711, 4.999999999999831246, -37.37636200343875714 ) ) ;
#404 = CARTESIAN_POINT ( 'NONE',  ( 10.70529049636948393, 21.40822033844463590, -0.9746945563095933407 ) ) ;
#405 = CIRCLE ( 'NONE', #2854, 2.000000000000001776 ) ;
#406 = EDGE_CURVE ( 'NONE', #2220, #742, #968, .T. ) ;
#407 = EDGE_CURVE ( 'NONE', #1916, #2163, #2904, .T. ) ;
#408 = ORIENTED_EDGE ( 'NONE', *, *, #2795, .F. ) ;
#409 = ORIENTED_EDGE ( 'NONE', *, *, #66, .F. ) ;
#410 = AXIS2_PLACEMENT_3D ( 'NONE', #2433, #1915, #306 ) ;
#411 = CARTESIAN_POINT ( 'NONE',  ( -12.00000000000000000, 4.999999999999664269, -15.97945494588526216 ) ) ;
#412 = DIRECTION ( 'NONE',  ( 7.993605777301127091E-15, 0.000000000000000000, -1.000000000000000000 ) ) ;
#413 = CARTESIAN_POINT ( 'NONE',  ( -12.00000000000000000, 62.00000000000000000, -48.75077640500378351 ) ) ;
#414 = CARTESIAN_POINT ( 'NONE',  ( 12.00000000000000000, 59.00000000000000000, -66.87564434701793914 ) ) ;
#415 = ORIENTED_EDGE ( 'NONE', *, *, #611, .F. ) ;
#416 = CARTESIAN_POINT ( 'NONE',  ( -12.00000000000000000, 0.000000000000000000, -21.05149008256324095 ) ) ;
#417 = CARTESIAN_POINT ( 'NONE',  ( 12.00000000000000533, 43.00000000000000000, -25.11729498526224447 ) ) ;
#418 = DIRECTION ( 'NONE',  ( 1.000000000000000000, 3.043374519257556522E-17, 0.000000000000000000 ) ) ;
#419 = ORIENTED_EDGE ( 'NONE', *, *, #2432, .T. ) ;
#420 = CARTESIAN_POINT ( 'NONE',  ( -7.250515984962551563, 11.97636571451813481, -0.004506826588470722039 ) ) ;
#421 = AXIS2_PLACEMENT_3D ( 'NONE', #847, #303, #1414 ) ;
#422 = ADVANCED_FACE ( 'NONE', ( #2579 ), #1797, .T. ) ;
#423 = ORIENTED_EDGE ( 'NONE', *, *, #1030, .T. ) ;
#424 = VERTEX_POINT ( 'NONE', #466 ) ;
#425 = ADVANCED_FACE ( 'NONE', ( #1302 ), #2352, .F. ) ;
#426 = EDGE_CURVE ( 'NONE', #1896, #1653, #1778, .T. ) ;
#427 = CARTESIAN_POINT ( 'NONE',  ( 0.000000000000000000, 4.999999999999998224, -89.00000000000000000 ) ) ;
#428 = CARTESIAN_POINT ( 'NONE',  ( 0.000000000000000000, 62.00000000000000000, -89.00000000000000000 ) ) ;
#429 = DIRECTION ( 'NONE',  ( -0.000000000000000000, 1.000000000000000000, -0.000000000000000000 ) ) ;
#430 = EDGE_LOOP ( 'NONE', ( #2001, #1869, #2478, #967, #1033, #3114 ) ) ;
#431 = DIRECTION ( 'NONE',  ( -1.000000000000000000, -4.419677645800783274E-17, 0.000000000000000000 ) ) ;
#432 = APPROVAL_ROLE ( '' ) ;
#433 = DIRECTION ( 'NONE',  ( 3.043374519257556522E-17, -1.000000000000000000, 0.000000000000000000 ) ) ;
#434 = ORIENTED_EDGE ( 'NONE', *, *, #654, .T. ) ;
#435 = CARTESIAN_POINT ( 'NONE',  ( 0.000000000000000000, 62.00000000000000000, -60.00000000000000000 ) ) ;
#436 = CARTESIAN_POINT ( 'NONE',  ( 12.00000000000000711, 20.99999999999982236, -2.779130445638558822 ) ) ;
#437 = VERTEX_POINT ( 'NONE', #2101 ) ;
#438 = ORIENTED_EDGE ( 'NONE', *, *, #678, .T. ) ;
#439 = CARTESIAN_POINT ( 'NONE',  ( -12.00000000000000178, 12.99999999999981881, -67.75842791103256957 ) ) ;
#440 = EDGE_CURVE ( 'NONE', #905, #1822, #1538, .T. ) ;
#441 = DIRECTION ( 'NONE',  ( -0.000000000000000000, 1.000000000000000000, -0.000000000000000000 ) ) ;
#442 = EDGE_CURVE ( 'NONE', #2410, #1921, #563, .T. ) ;
#443 = CARTESIAN_POINT ( 'NONE',  ( -12.00000000000000000, 0.000000000000000000, 1.469576158976823947E-15 ) ) ;
#444 = DIRECTION ( 'NONE',  ( -0.000000000000000000, 1.000000000000000000, -0.000000000000000000 ) ) ;
#445 = ORIENTED_EDGE ( 'NONE', *, *, #1265, .F. ) ;
#446 = CARTESIAN_POINT ( 'NONE',  ( 0.000000000000000000, 4.999999999999664269, -15.00000000000000000 ) ) ;
#447 = VECTOR ( 'NONE', #2107, 1000.000000000000000 ) ;
#448 = FACE_OUTER_BOUND ( 'NONE', #1712, .T. ) ;
#449 = ORIENTED_EDGE ( 'NONE', *, *, #2084, .T. ) ;
#450 = DIRECTION ( 'NONE',  ( 0.000000000000000000, -1.000000000000000000, 0.000000000000000000 ) ) ;
#451 = LOCAL_TIME ( 19, 49, 24.00000000000000000, #2763 ) ;
#452 = FACE_OUTER_BOUND ( 'NONE', #2645, .T. ) ;
#453 = VECTOR ( 'NONE', #2750, 1000.000000000000000 ) ;
#454 = ORIENTED_EDGE ( 'NONE', *, *, #1036, .T. ) ;
#455 = VERTEX_POINT ( 'NONE', #2336 ) ;
#456 = CARTESIAN_POINT ( 'NONE',  ( 0.000000000000000000, 0.000000000000000000, -89.00000000000000000 ) ) ;
#457 = EDGE_CURVE ( 'NONE', #1883, #1024, #996, .T. ) ;
#458 = CARTESIAN_POINT ( 'NONE',  ( 9.000000000000005329, 62.00000000000000000, -9.154832194336482093E-16 ) ) ;
#459 = AXIS2_PLACEMENT_3D ( 'NONE', #933, #2725, #2241 ) ;
#460 = CARTESIAN_POINT ( 'NONE',  ( -10.49999999999998579, 44.50000000000000000, -37.05050529600890030 ) ) ;
#461 = EDGE_LOOP ( 'NONE', ( #266, #2843, #808, #928 ) ) ;
#462 = ADVANCED_FACE ( 'NONE', ( #2615 ), #229, .T. ) ;
#463 = VECTOR ( 'NONE', #198, 999.9999999999998863 ) ;
#464 = CARTESIAN_POINT ( 'NONE',  ( 0.000000000000000000, 4.999999999999775291, -31.00000000000000000 ) ) ;
#465 = ORIENTED_EDGE ( 'NONE', *, *, #457, .T. ) ;
#466 = CARTESIAN_POINT ( 'NONE',  ( -12.00000000000000000, 0.000000000000000000, -29.19197378277727495 ) ) ;
#467 = CARTESIAN_POINT ( 'NONE',  ( 7.000000000000000000, 62.00000000000000000, -66.87564434701793914 ) ) ;
#468 = EDGE_CURVE ( 'NONE', #2827, #125, #764, .T. ) ;
#469 = APPROVAL_STATUS ( 'not_yet_approved' ) ;
#470 = CARTESIAN_POINT ( 'NONE',  ( 12.00000000000000533, 38.00000000000000000, -26.64416627131027582 ) ) ;
#471 = VERTEX_POINT ( 'NONE', #743 ) ;
#472 = ORIENTED_EDGE ( 'NONE', *, *, #1799, .F. ) ;
#473 = CIRCLE ( 'NONE', #2388, 40.99999999999999289 ) ;
#474 = AXIS2_PLACEMENT_3D ( 'NONE', #287, #357, #320 ) ;
#475 = CARTESIAN_POINT ( 'NONE',  ( 9.000000000000001776, 30.00000000000000000, -14.03834313463984884 ) ) ;
#476 = CARTESIAN_POINT ( 'NONE',  ( 0.000000000000000000, 4.999999999999831246, -89.00000000000000000 ) ) ;
#477 = LINE ( 'NONE', #1530, #2803 ) ;
#478 = ORIENTED_EDGE ( 'NONE', *, *, #2207, .F. ) ;
#479 = LINE ( 'NONE', #1533, #2480 ) ;
#480 = EDGE_CURVE ( 'NONE', #8, #2348, #1258, .T. ) ;
#481 = CARTESIAN_POINT ( 'NONE',  ( 0.000000000000000000, 4.999999999999997335, -89.00000000000000000 ) ) ;
#482 = ORIENTED_EDGE ( 'NONE', *, *, #2109, .F. ) ;
#483 = CARTESIAN_POINT ( 'NONE',  ( 0.000000000000000000, 30.00000000000000000, 0.000000000000000000 ) ) ;
#484 = FACE_OUTER_BOUND ( 'NONE', #158, .T. ) ;
#485 =( NAMED_UNIT ( * ) SI_UNIT ( $, .STERADIAN. ) SOLID_ANGLE_UNIT ( ) );
#486 = EDGE_CURVE ( 'NONE', #821, #3256, #3341, .T. ) ;
#487 = CARTESIAN_POINT ( 'NONE',  ( 9.000000000000001776, 30.00000000000000000, -11.01763019758891815 ) ) ;
#488 = ORIENTED_EDGE ( 'NONE', *, *, #3054, .T. ) ;
#489 = DIRECTION ( 'NONE',  ( -0.000000000000000000, -1.000000000000000000, -0.000000000000000000 ) ) ;
#490 = FACE_OUTER_BOUND ( 'NONE', #390, .T. ) ;
#491 = EDGE_LOOP ( 'NONE', ( #275, #2913, #2330, #3146, #941, #1440, #171, #415, #41, #2126 ) ) ;
#492 = CARTESIAN_POINT ( 'NONE',  ( 0.000000000000000000, 62.00000000000000000, -89.00000000000000000 ) ) ;
#493 = DIRECTION ( 'NONE',  ( -3.043374519257556522E-17, 1.000000000000000000, -0.000000000000000000 ) ) ;
#494 = ORIENTED_EDGE ( 'NONE', *, *, #201, .F. ) ;
#495 = CARTESIAN_POINT ( 'NONE',  ( -6.000000000000007105, 0.000000000000000000, 0.000000000000000000 ) ) ;
#496 = CARTESIAN_POINT ( 'NONE',  ( 7.000000000000007105, 30.00000000000000000, -8.572527594031481078E-16 ) ) ;
#497 = CARTESIAN_POINT ( 'NONE',  ( -12.00000000000000178, -1.179611963664228824E-13, -48.75077640500378351 ) ) ;
#498 = VERTEX_POINT ( 'NONE', #3334 ) ;
#499 = DIRECTION ( 'NONE',  ( -1.017203577148497449E-16, -0.000000000000000000, -1.000000000000000000 ) ) ;
#500 = CARTESIAN_POINT ( 'NONE',  ( 8.601411599008553566, 22.07157080673059113, -74.10191809370498106 ) ) ;
#501 = DIRECTION ( 'NONE',  ( -0.000000000000000000, -0.000000000000000000, -1.000000000000000000 ) ) ;
#502 = CARTESIAN_POINT ( 'NONE',  ( 0.000000000000000000, 0.000000000000000000, -19.99999999999998934 ) ) ;
#503 = ORIENTED_EDGE ( 'NONE', *, *, #2103, .F. ) ;
#504 = VECTOR ( 'NONE', #2909, 1000.000000000000114 ) ;
#505 = ADVANCED_FACE ( 'NONE', ( #3358 ), #1555, .T. ) ;
#506 = CARTESIAN_POINT ( 'NONE',  ( 0.000000000000000000, 0.000000000000000000, -89.00000000000000000 ) ) ;
#507 = CARTESIAN_POINT ( 'NONE',  ( 7.000000000000000000, 62.00000000000000000, -66.87564434701793914 ) ) ;
#508 = VECTOR ( 'NONE', #2074, 1000.000000000000000 ) ;
#509 = EDGE_CURVE ( 'NONE', #301, #1822, #116, .T. ) ;
#510 = CIRCLE ( 'NONE', #1064, 65.00000000000000000 ) ;
#511 = DIRECTION ( 'NONE',  ( -0.000000000000000000, 1.000000000000000000, 0.000000000000000000 ) ) ;
#512 = ORIENTED_EDGE ( 'NONE', *, *, #732, .F. ) ;
#513 = DIRECTION ( 'NONE',  ( 0.000000000000000000, 1.000000000000000000, 0.000000000000000000 ) ) ;
#514 = CIRCLE ( 'NONE', #1894, 69.00000000000000000 ) ;
#515 = DIRECTION ( 'NONE',  ( 3.043374519257556522E-17, -1.000000000000000000, 0.000000000000000000 ) ) ;
#516 = EDGE_LOOP ( 'NONE', ( #2363, #1299, #1788, #1657 ) ) ;
#517 = CYLINDRICAL_SURFACE ( 'NONE', #2643, 66.00000000000000000 ) ;
#518 = ORIENTED_EDGE ( 'NONE', *, *, #2266, .F. ) ;
#519 = VERTEX_POINT ( 'NONE', #1578 ) ;
#520 = AXIS2_PLACEMENT_3D ( 'NONE', #1256, #1553, #3332 ) ;
#521 = DIRECTION ( 'NONE',  ( 0.000000000000000000, 0.000000000000000000, 1.000000000000000000 ) ) ;
#522 = DIRECTION ( 'NONE',  ( 0.6123724356957926940, -0.7071067811865501263, -0.3535533905932717880 ) ) ;
#523 = CONICAL_SURFACE ( 'NONE', #1509, 52.99999999999998579, 0.7853981633974529419 ) ;
#524 = CARTESIAN_POINT ( 'NONE',  ( 0.000000000000000000, 4.999999999999942268, -89.00000000000000000 ) ) ;
#525 = ORIENTED_EDGE ( 'NONE', *, *, #3178, .F. ) ;
#526 = CARTESIAN_POINT ( 'NONE',  ( 0.000000000000000000, 4.999999999999664269, -89.00000000000000000 ) ) ;
#527 = CARTESIAN_POINT ( 'NONE',  ( 0.000000000000000000, 62.00000000000000000, -36.00000000000000000 ) ) ;
#528 = DIRECTION ( 'NONE',  ( 0.000000000000000000, 0.000000000000000000, -1.000000000000000000 ) ) ;
#529 = ORIENTED_EDGE ( 'NONE', *, *, #650, .T. ) ;
#530 = VECTOR ( 'NONE', #3272, 1000.000000000000000 ) ;
#531 = ADVANCED_FACE ( 'NONE', ( #2369 ), #1594, .F. ) ;
#532 = VECTOR ( 'NONE', #248, 1000.000000000000000 ) ;
#533 = ADVANCED_FACE ( 'NONE', ( #2875 ), #538, .F. ) ;
#534 = ORIENTED_EDGE ( 'NONE', *, *, #86, .F. ) ;
#535 = CYLINDRICAL_SURFACE ( 'NONE', #3360, 41.99999999999999289 ) ;
#536 = CARTESIAN_POINT ( 'NONE',  ( 0.000000000000000000, 62.00000000000000000, -89.00000000000000000 ) ) ;
#537 = ORIENTED_EDGE ( 'NONE', *, *, #99, .T. ) ;
#538 = PLANE ( 'NONE',  #1941 ) ;
#539 = DIRECTION ( 'NONE',  ( 0.000000000000000000, 0.000000000000000000, 1.000000000000000000 ) ) ;
#540 = DIRECTION ( 'NONE',  ( 0.000000000000000000, 0.000000000000000000, 1.000000000000000000 ) ) ;
#541 = CARTESIAN_POINT ( 'NONE',  ( 12.00000000000000000, 0.000000000000000000, -68.21539030917354296 ) ) ;
#542 = ORIENTED_EDGE ( 'NONE', *, *, #30, .F. ) ;
#543 = ORIENTED_EDGE ( 'NONE', *, *, #1980, .T. ) ;
#544 = DIRECTION ( 'NONE',  ( 0.000000000000000000, 0.000000000000000000, -1.000000000000000000 ) ) ;
#545 = ORIENTED_EDGE ( 'NONE', *, *, #1901, .T. ) ;
#546 = LINE ( 'NONE', #1603, #2338 ) ;
#547 = ADVANCED_FACE ( 'NONE', ( #2148 ), #2133, .T. ) ;
#548 = ORIENTED_EDGE ( 'NONE', *, *, #2695, .T. ) ;
#549 = EDGE_CURVE ( 'NONE', #1176, #799, #2043, .T. ) ;
#550 = DIRECTION ( 'NONE',  ( -0.000000000000000000, 1.000000000000000000, -0.000000000000000000 ) ) ;
#551 = VERTEX_POINT ( 'NONE', #834 ) ;
#552 = CARTESIAN_POINT ( 'NONE',  ( 0.000000000000000000, 62.00000000000000000, -15.00000000000000000 ) ) ;
#553 = DIRECTION ( 'NONE',  ( 0.000000000000000000, 0.000000000000000000, -1.000000000000000000 ) ) ;
#554 = CARTESIAN_POINT ( 'NONE',  ( 12.00000000000000888, 12.99999999999982414, -84.00000000000002842 ) ) ;
#555 = ORIENTED_EDGE ( 'NONE', *, *, #1121, .T. ) ;
#556 = FACE_OUTER_BOUND ( 'NONE', #1907, .T. ) ;
#557 = CARTESIAN_POINT ( 'NONE',  ( -12.00000000000000000, 62.00000000000000000, 1.469576158976823947E-15 ) ) ;
#558 = AXIS2_PLACEMENT_3D ( 'NONE', #1144, #823, #3143 ) ;
#559 = CARTESIAN_POINT ( 'NONE',  ( 12.00000000000000000, 0.000000000000000000, -68.21539030917354296 ) ) ;
#560 = VERTEX_POINT ( 'NONE', #1639 ) ;
#561 = VECTOR ( 'NONE', #1408, 1000.000000000000000 ) ;
#562 = VECTOR ( 'NONE', #663, 1000.000000000000000 ) ;
#563 = CIRCLE ( 'NONE', #1617, 34.00000000000000000 ) ;
#564 = EDGE_CURVE ( 'NONE', #1889, #1171, #52, .T. ) ;
#565 = VECTOR ( 'NONE', #2340, 999.9999999999998863 ) ;
#566 = CARTESIAN_POINT ( 'NONE',  ( -12.00000000000000000, 4.999999999999664269, -12.94081252077432254 ) ) ;
#567 = ORIENTED_EDGE ( 'NONE', *, *, #2411, .F. ) ;
#568 = DIRECTION ( 'NONE',  ( -1.000000000000000000, -4.505775262277420984E-17, 0.000000000000000000 ) ) ;
#569 = ORIENTED_EDGE ( 'NONE', *, *, #2545, .T. ) ;
#570 = EDGE_CURVE ( 'NONE', #1860, #2722, #2891, .T. ) ;
#571 = ADVANCED_FACE ( 'NONE', ( #1654 ), #3168, .F. ) ;
#572 = CARTESIAN_POINT ( 'NONE',  ( 0.000000000000000000, 62.00000000000000000, -89.00000000000000000 ) ) ;
#573 = CARTESIAN_POINT ( 'NONE',  ( 0.000000000000000000, 0.000000000000000000, 0.000000000000000000 ) ) ;
#574 = AXIS2_PLACEMENT_3D ( 'NONE', #2988, #2460, #900 ) ;
#575 = FACE_OUTER_BOUND ( 'NONE', #3228, .T. ) ;
#576 = VERTEX_POINT ( 'NONE', #1150 ) ;
#577 = EDGE_CURVE ( 'NONE', #2465, #675, #1884, .T. ) ;
#578 = DIRECTION ( 'NONE',  ( 0.5000000000000009992, 0.000000000000000000, -0.8660254037844380415 ) ) ;
#579 = DIRECTION ( 'NONE',  ( 0.000000000000000000, 0.000000000000000000, -1.000000000000000000 ) ) ;
#580 = VERTEX_POINT ( 'NONE', #1624 ) ;
#581 = CARTESIAN_POINT ( 'NONE',  ( 4.330127018922191873, 59.00000000000000000, -81.50000000000002842 ) ) ;
#582 = ORIENTED_EDGE ( 'NONE', *, *, #273, .F. ) ;
#583 = CARTESIAN_POINT ( 'NONE',  ( -9.998469512778564550, 45.00153048722142302, -37.46080853049393511 ) ) ;
#584 = ORIENTED_EDGE ( 'NONE', *, *, #426, .F. ) ;
#585 = CARTESIAN_POINT ( 'NONE',  ( -8.999999999999984013, 30.00000000000000000, -24.62609224227566074 ) ) ;
#586 = DIRECTION ( 'NONE',  ( 1.017203577148497449E-16, 0.000000000000000000, 1.000000000000000000 ) ) ;
#587 = VECTOR ( 'NONE', #3039, 1000.000000000000000 ) ;
#588 = EDGE_CURVE ( 'NONE', #2583, #1468, #2473, .T. ) ;
#589 = CARTESIAN_POINT ( 'NONE',  ( 0.000000000000000000, 4.999999999999997335, -89.00000000000000000 ) ) ;
#590 = ORIENTED_EDGE ( 'NONE', *, *, #188, .F. ) ;
#591 = FACE_OUTER_BOUND ( 'NONE', #3077, .T. ) ;
#592 = FACE_OUTER_BOUND ( 'NONE', #2561, .T. ) ;
#593 = EDGE_CURVE ( 'NONE', #1306, #1249, #2648, .T. ) ;
#594 = ADVANCED_FACE ( 'NONE', ( #2940 ), #1115, .T. ) ;
#595 = CARTESIAN_POINT ( 'NONE',  ( 0.000000000000000000, 4.999999999999942268, -89.00000000000000000 ) ) ;
#596 = EDGE_LOOP ( 'NONE', ( #1754, #3151, #3157, #3129 ) ) ;
#597 = ORIENTED_EDGE ( 'NONE', *, *, #273, .T. ) ;
#598 = LINE ( 'NONE', #2430, #1134 ) ;
#599 = LINE ( 'NONE', #68, #733 ) ;
#600 = ORIENTED_EDGE ( 'NONE', *, *, #2949, .T. ) ;
#601 = DIRECTION ( 'NONE',  ( -3.043374519257556522E-17, 1.000000000000000000, -0.000000000000000000 ) ) ;
#602 = PLANE ( 'NONE',  #1216 ) ;
#603 = LINE ( 'NONE', #589, #176 ) ;
#604 = ORIENTED_EDGE ( 'NONE', *, *, #1840, .F. ) ;
#605 = FACE_OUTER_BOUND ( 'NONE', #2673, .T. ) ;
#606 = FACE_OUTER_BOUND ( 'NONE', #596, .T. ) ;
#607 = EDGE_CURVE ( 'NONE', #2077, #762, #1773, .T. ) ;
#608 = DIRECTION ( 'NONE',  ( 0.000000000000000000, 0.000000000000000000, -1.000000000000000000 ) ) ;
#609 = ORIENTED_EDGE ( 'NONE', *, *, #913, .T. ) ;
#610 = ORIENTED_EDGE ( 'NONE', *, *, #2454, .F. ) ;
#611 = EDGE_CURVE ( 'NONE', #3124, #2132, #1608, .T. ) ;
#612 = CIRCLE ( 'NONE', #2199, 65.00000000000000000 ) ;
#613 = AXIS2_PLACEMENT_3D ( 'NONE', #709, #957, #1243 ) ;
#614 = VECTOR ( 'NONE', #1184, 1000.000000000000000 ) ;
#615 = CARTESIAN_POINT ( 'NONE',  ( 9.498441682677233544, 45.50155831732275402, -37.87474137099725624 ) ) ;
#616 = VECTOR ( 'NONE', #925, 1000.000000000000000 ) ;
#617 = CIRCLE ( 'NONE', #1002, 75.49999999999998579 ) ;
#618 = CARTESIAN_POINT ( 'NONE',  ( 12.00000000000000355, 37.50010890737505775, -26.13510268441640960 ) ) ;
#619 = ORIENTED_EDGE ( 'NONE', *, *, #3008, .F. ) ;
#620 = DIRECTION ( 'NONE',  ( -0.5000000000000015543, 0.000000000000000000, -0.8660254037844378194 ) ) ;
#621 = FACE_OUTER_BOUND ( 'NONE', #1586, .T. ) ;
#622 = DIRECTION ( 'NONE',  ( -0.000000000000000000, 1.000000000000000000, -0.000000000000000000 ) ) ;
#623 = ORIENTED_EDGE ( 'NONE', *, *, #1093, .F. ) ;
#624 = CARTESIAN_POINT ( 'NONE',  ( -12.00000000000000000, 62.00000000000000000, -29.19197378277727495 ) ) ;
#625 = LINE ( 'NONE', #3014, #2467 ) ;
#626 = CARTESIAN_POINT ( 'NONE',  ( 8.999999999999989342, 46.00000000000000000, -24.62609224227566074 ) ) ;
#627 = VERTEX_POINT ( 'NONE', #1373 ) ;
#628 = EDGE_LOOP ( 'NONE', ( #373, #91, #2416, #1795 ) ) ;
#629 = CIRCLE ( 'NONE', #459, 57.99999999999999289 ) ;
#630 = EDGE_CURVE ( 'NONE', #2669, #2424, #174, .T. ) ;
#631 = VECTOR ( 'NONE', #344, 1000.000000000000000 ) ;
#632 = DIRECTION ( 'NONE',  ( -0.000000000000000000, 1.000000000000000000, -0.000000000000000000 ) ) ;
#633 = DIRECTION ( 'NONE',  ( -0.000000000000000000, 1.000000000000000000, -0.000000000000000000 ) ) ;
#634 = EDGE_CURVE ( 'NONE', #627, #1722, #1103, .T. ) ;
#635 = CARTESIAN_POINT ( 'NONE',  ( 12.00000000000000711, 62.00000000000000000, -5.000000000000004441 ) ) ;
#636 = CARTESIAN_POINT ( 'NONE',  ( -12.00000000000000000, 42.99999999999998579, 1.469576158976823947E-15 ) ) ;
#637 = ORIENTED_EDGE ( 'NONE', *, *, #2470, .F. ) ;
#638 = CARTESIAN_POINT ( 'NONE',  ( 11.33012701892218921, 12.78878986036322729, -69.37564434701793914 ) ) ;
#639 = PERSON_AND_ORGANIZATION_ROLE ( 'creator' ) ;
#640 = DIRECTION ( 'NONE',  ( -0.000000000000000000, 1.000000000000000000, -0.000000000000000000 ) ) ;
#641 = ORIENTED_EDGE ( 'NONE', *, *, #3178, .T. ) ;
#642 = CIRCLE ( 'NONE', #2124, 51.49999999999997158 ) ;
#643 = DIRECTION ( 'NONE',  ( -0.000000000000000000, -1.000000000000000000, -0.000000000000000000 ) ) ;
#644 = CARTESIAN_POINT ( 'NONE',  ( -7.515893278474464090, 11.89033039698905725, -0.02490558586595091953 ) ) ;
#645 = ORIENTED_EDGE ( 'NONE', *, *, #382, .T. ) ;
#646 = ORIENTED_EDGE ( 'NONE', *, *, #2327, .F. ) ;
#647 = CIRCLE ( 'NONE', #33, 39.49999999999999289 ) ;
#648 = LINE ( 'NONE', #1429, #2756 ) ;
#649 = DIRECTION ( 'NONE',  ( 0.000000000000000000, 0.000000000000000000, 1.000000000000000000 ) ) ;
#650 = EDGE_CURVE ( 'NONE', #14, #551, #11, .T. ) ;
#651 = CYLINDRICAL_SURFACE ( 'NONE', #3145, 45.00000000000000000 ) ;
#652 = ORIENTED_EDGE ( 'NONE', *, *, #607, .T. ) ;
#653 = CARTESIAN_POINT ( 'NONE',  ( 12.00000000000000178, 52.49999999999998579, -49.79540843217468193 ) ) ;
#654 = EDGE_CURVE ( 'NONE', #1465, #1389, #510, .T. ) ;
#655 = FACE_OUTER_BOUND ( 'NONE', #3340, .T. ) ;
#656 = ORIENTED_EDGE ( 'NONE', *, *, #2991, .T. ) ;
#657 = DIRECTION ( 'NONE',  ( -0.000000000000000000, 1.000000000000000000, -0.000000000000000000 ) ) ;
#658 = CARTESIAN_POINT ( 'NONE',  ( 9.000000000000001776, 30.00000000000000000, -14.03834313463984884 ) ) ;
#659 = VERTEX_POINT ( 'NONE', #3203 ) ;
#660 = EDGE_LOOP ( 'NONE', ( #1128, #3333, #2994, #2890 ) ) ;
#661 = DIRECTION ( 'NONE',  ( -0.000000000000000000, 1.000000000000000000, -0.000000000000000000 ) ) ;
#662 = CARTESIAN_POINT ( 'NONE',  ( 12.00000000000000355, -1.179611963664228824E-13, -45.62950311559711736 ) ) ;
#663 = DIRECTION ( 'NONE',  ( 0.000000000000000000, -1.000000000000000000, 0.000000000000000000 ) ) ;
#664 = CIRCLE ( 'NONE', #2037, 34.00000000000000000 ) ;
#665 = CARTESIAN_POINT ( 'NONE',  ( 10.00373832829014908, 44.99626167170984559, -24.76642308856528629 ) ) ;
#666 = EDGE_CURVE ( 'NONE', #1010, #2929, #952, .T. ) ;
#667 = CARTESIAN_POINT ( 'NONE',  ( 0.000000000000000000, 62.00000000000000000, -89.00000000000000000 ) ) ;
#668 = ORIENTED_EDGE ( 'NONE', *, *, #1564, .T. ) ;
#669 = CARTESIAN_POINT ( 'NONE',  ( 8.999999999999989342, 46.00000000000000000, -24.62609224227566074 ) ) ;
#670 = VECTOR ( 'NONE', #2986, 1000.000000000000114 ) ;
#671 = EDGE_CURVE ( 'NONE', #1663, #2596, #2164, .T. ) ;
#672 = AXIS2_PLACEMENT_3D ( 'NONE', #1321, #3377, #1015 ) ;
#673 = ADVANCED_FACE ( 'NONE', ( #7 ), #2345, .T. ) ;
#674 = CARTESIAN_POINT ( 'NONE',  ( 0.000000000000000000, 46.00000000000000000, 0.000000000000000000 ) ) ;
#675 = VERTEX_POINT ( 'NONE', #2897 ) ;
#676 = CARTESIAN_POINT ( 'NONE',  ( -12.00000000000000000, 37.00010718882703031, -25.62614894293761481 ) ) ;
#677 = LINE ( 'NONE', #1729, #3230 ) ;
#678 = EDGE_CURVE ( 'NONE', #2669, #1995, #2842, .T. ) ;
#679 = AXIS2_PLACEMENT_3D ( 'NONE', #2029, #2495, #3029 ) ;
#680 = CARTESIAN_POINT ( 'NONE',  ( -12.00000000000000000, 4.999999999999913847, 1.469576158976823947E-15 ) ) ;
#681 = ORIENTED_EDGE ( 'NONE', *, *, #3343, .F. ) ;
#682 = ORIENTED_EDGE ( 'NONE', *, *, #1142, .F. ) ;
#683 = AXIS2_PLACEMENT_3D ( 'NONE', #203, #2334, #3150 ) ;
#684 = CARTESIAN_POINT ( 'NONE',  ( 8.999999999999985789, 46.00000000000000000, -48.99999999999999289 ) ) ;
#685 = CARTESIAN_POINT ( 'NONE',  ( 12.00000000000000178, 52.49999999999998579, -49.79540843217468193 ) ) ;
#686 = DIRECTION ( 'NONE',  ( -3.043374519257556522E-17, 1.000000000000000000, -0.000000000000000000 ) ) ;
#687 = DIRECTION ( 'NONE',  ( 0.7071067811865475727, -0.7071067811865475727, 0.000000000000000000 ) ) ;
#688 = ORIENTED_EDGE ( 'NONE', *, *, #2589, .F. ) ;
#689 = LINE ( 'NONE', #1432, #530 ) ;
#690 = LINE ( 'NONE', #2993, #1232 ) ;
#691 = ORIENTED_EDGE ( 'NONE', *, *, #1980, .F. ) ;
#692 = CARTESIAN_POINT ( 'NONE',  ( 0.000000000000000000, 0.000000000000000000, -44.00000000000000000 ) ) ;
#693 = CARTESIAN_POINT ( 'NONE',  ( -12.00000000000000000, 62.00000000000000000, 1.469576158976823947E-15 ) ) ;
#694 = CC_DESIGN_PERSON_AND_ORGANIZATION_ASSIGNMENT ( #3059, #1775, ( #2365 ) ) ;
#695 = CIRCLE ( 'NONE', #364, 2.000000000000001776 ) ;
#696 = EDGE_LOOP ( 'NONE', ( #35, #646, #225, #1733, #2292, #1851 ) ) ;
#697 = ADVANCED_FACE ( 'NONE', ( #2125 ), #1752, .F. ) ;
#698 = ORIENTED_EDGE ( 'NONE', *, *, #2789, .F. ) ;
#699 = EDGE_CURVE ( 'NONE', #1503, #2077, #812, .T. ) ;
#700 = DIRECTION ( 'NONE',  ( -0.000000000000000000, 1.000000000000000000, -0.000000000000000000 ) ) ;
#701 = CARTESIAN_POINT ( 'NONE',  ( 12.00000000000000533, 39.50000000000001421, -25.11729498526224447 ) ) ;
#702 = LINE ( 'NONE', #1751, #1769 ) ;
#703 = DIRECTION ( 'NONE',  ( 0.000000000000000000, 0.000000000000000000, -1.000000000000000000 ) ) ;
#704 = DIRECTION ( 'NONE',  ( -1.224646799147353207E-16, 0.000000000000000000, -1.000000000000000000 ) ) ;
#705 = ORIENTED_EDGE ( 'NONE', *, *, #2885, .T. ) ;
#706 = COORDINATED_UNIVERSAL_TIME_OFFSET ( 5, 30, .AHEAD. ) ;
#707 = CARTESIAN_POINT ( 'NONE',  ( -7.931020162306070098, 22.16772114709405272, -0.08547110135615254567 ) ) ;
#708 = ORIENTED_EDGE ( 'NONE', *, *, #2984, .T. ) ;
#709 = CARTESIAN_POINT ( 'NONE',  ( 0.000000000000000000, 0.000000000000000000, -89.00000000000000000 ) ) ;
#710 = DIRECTION ( 'NONE',  ( -3.043374519257556522E-17, 1.000000000000000000, -0.000000000000000000 ) ) ;
#711 = ORIENTED_EDGE ( 'NONE', *, *, #826, .T. ) ;
#712 = ADVANCED_FACE ( 'NONE', ( #2396 ), #3128, .F. ) ;
#713 = ORIENTED_EDGE ( 'NONE', *, *, #2411, .T. ) ;
#714 = EDGE_CURVE ( 'NONE', #3326, #911, #2090, .T. ) ;
#715 = CARTESIAN_POINT ( 'NONE',  ( 0.000000000000000000, 62.00000000000000000, -89.00000000000000000 ) ) ;
#716 = CYLINDRICAL_SURFACE ( 'NONE', #1114, 40.99999999999999289 ) ;
#717 = DIRECTION ( 'NONE',  ( 0.000000000000000000, 0.000000000000000000, 1.000000000000000000 ) ) ;
#718 = DIRECTION ( 'NONE',  ( -0.000000000000000000, 1.000000000000000000, -0.000000000000000000 ) ) ;
#719 = ORIENTED_EDGE ( 'NONE', *, *, #377, .T. ) ;
#720 = AXIS2_PLACEMENT_3D ( 'NONE', #2377, #1092, #839 ) ;
#721 = AXIS2_PLACEMENT_3D ( 'NONE', #1485, #2232, #3307 ) ;
#722 = APPROVAL_STATUS ( 'not_yet_approved' ) ;
#723 = CARTESIAN_POINT ( 'NONE',  ( 8.601411599008555342, 22.07157080673059468, -0.2633893034617211804 ) ) ;
#724 = ORIENTED_EDGE ( 'NONE', *, *, #732, .T. ) ;
#725 = DIRECTION ( 'NONE',  ( 0.000000000000000000, 0.000000000000000000, 1.000000000000000000 ) ) ;
#726 = CIRCLE ( 'NONE', #1278, 2.000000000000000000 ) ;
#727 = DIRECTION ( 'NONE',  ( 0.000000000000000000, 0.000000000000000000, 1.000000000000000000 ) ) ;
#728 = AXIS2_PLACEMENT_3D ( 'NONE', #1439, #876, #1110 ) ;
#729 = EDGE_LOOP ( 'NONE', ( #801, #1681, #2368, #140 ) ) ;
#730 = ORIENTED_EDGE ( 'NONE', *, *, #811, .F. ) ;
#731 = DIRECTION ( 'NONE',  ( 0.000000000000000000, 0.000000000000000000, -1.000000000000000000 ) ) ;
#732 = EDGE_CURVE ( 'NONE', #1449, #2917, #3316, .T. ) ;
#733 = VECTOR ( 'NONE', #82, 1000.000000000000000 ) ;
#734 = CARTESIAN_POINT ( 'NONE',  ( 0.000000000000000000, 4.999999999999664269, -89.00000000000000000 ) ) ;
#735 = VERTEX_POINT ( 'NONE', #2520 ) ;
#736 = CARTESIAN_POINT ( 'NONE',  ( -11.33012701892219454, 21.21121013963640678, -69.37564434701789651 ) ) ;
#737 = EDGE_CURVE ( 'NONE', #1822, #2063, #2275, .T. ) ;
#738 = AXIS2_PLACEMENT_3D ( 'NONE', #2811, #2312, #3115 ) ;
#739 = EDGE_CURVE ( 'NONE', #2095, #576, #976, .T. ) ;
#740 = PERSON_AND_ORGANIZATION_ROLE ( 'classification_officer' ) ;
#741 = CARTESIAN_POINT ( 'NONE',  ( 8.071088216351647304, 22.16747916451353717, -0.1140881301527489899 ) ) ;
#742 = VERTEX_POINT ( 'NONE', #372 ) ;
#743 = CARTESIAN_POINT ( 'NONE',  ( -12.00000000000000000, 36.49999999999998579, -25.11729498526224447 ) ) ;
#744 = CYLINDRICAL_SURFACE ( 'NONE', #334, 4.999999999999999112 ) ;
#745 = AXIS2_PLACEMENT_3D ( 'NONE', #3027, #1188, #1420 ) ;
#746 = CYLINDRICAL_SURFACE ( 'NONE', #115, 65.00000000000000000 ) ;
#747 = DIRECTION ( 'NONE',  ( 0.000000000000000000, -1.000000000000000000, 0.000000000000000000 ) ) ;
#748 = ORIENTED_EDGE ( 'NONE', *, *, #871, .F. ) ;
#749 = VECTOR ( 'NONE', #1286, 1000.000000000000000 ) ;
#750 = CARTESIAN_POINT ( 'NONE',  ( 8.601411599008553566, 22.07157080673059113, -84.00000000000002842 ) ) ;
#751 = EDGE_LOOP ( 'NONE', ( #1458, #985, #51, #2068 ) ) ;
#752 = AXIS2_PLACEMENT_3D ( 'NONE', #2806, #3348, #1311 ) ;
#753 = DIRECTION ( 'NONE',  ( 0.000000000000000000, -1.000000000000000000, 0.000000000000000000 ) ) ;
#754 = CARTESIAN_POINT ( 'NONE',  ( 12.00000000000000000, 62.00000000000000000, -68.21539030917354296 ) ) ;
#755 = DIRECTION ( 'NONE',  ( -0.000000000000000000, -0.000000000000000000, 1.000000000000000000 ) ) ;
#756 = ORIENTED_EDGE ( 'NONE', *, *, #1943, .F. ) ;
#757 = CARTESIAN_POINT ( 'NONE',  ( -10.49999999999998401, 28.49999999999999645, -12.71926848803821208 ) ) ;
#758 = DIRECTION ( 'NONE',  ( 0.000000000000000000, 0.000000000000000000, 1.000000000000000000 ) ) ;
#759 = VERTEX_POINT ( 'NONE', #626 ) ;
#760 = COORDINATED_UNIVERSAL_TIME_OFFSET ( 5, 30, .AHEAD. ) ;
#761 = DIRECTION ( 'NONE',  ( 1.000000000000000000, 0.000000000000000000, -1.224646799147353207E-16 ) ) ;
#762 = VERTEX_POINT ( 'NONE', #330 ) ;
#763 = ADVANCED_FACE ( 'NONE', ( #1956 ), #3195, .F. ) ;
#764 = LINE ( 'NONE', #2049, #3071 ) ;
#765 = FACE_OUTER_BOUND ( 'NONE', #660, .T. ) ;
#766 = CARTESIAN_POINT ( 'NONE',  ( -11.01027901700194356, 43.98972098299803690, -49.49246810500840610 ) ) ;
#767 = EDGE_LOOP ( 'NONE', ( #2578, #860, #3312, #1985, #214, #2871, #2193 ) ) ;
#768 = ORIENTED_EDGE ( 'NONE', *, *, #3268, .T. ) ;
#769 = DIRECTION ( 'NONE',  ( -0.5000000000000009992, 0.000000000000000000, 0.8660254037844380415 ) ) ;
#770 = VERTEX_POINT ( 'NONE', #2934 ) ;
#771 = CARTESIAN_POINT ( 'NONE',  ( -12.00000000000000000, 20.99999999999982236, -2.779130445638555269 ) ) ;
#772 = DIRECTION ( 'NONE',  ( -1.000000000000000000, 0.000000000000000000, 1.017203577148497449E-16 ) ) ;
#773 = CARTESIAN_POINT ( 'NONE',  ( -12.00000000000000000, -2.289834988289385365E-13, -32.25495616355557615 ) ) ;
#774 = ORIENTED_EDGE ( 'NONE', *, *, #2449, .T. ) ;
#775 = DIRECTION ( 'NONE',  ( -0.000000000000000000, -0.000000000000000000, 1.000000000000000000 ) ) ;
#776 = ORIENTED_EDGE ( 'NONE', *, *, #1157, .F. ) ;
#777 = EDGE_CURVE ( 'NONE', #1727, #3118, #1346, .T. ) ;
#778 = CARTESIAN_POINT ( 'NONE',  ( 7.191876019289935584, 22.51599566789771245, -76.54330533285366300 ) ) ;
#779 = ORIENTED_EDGE ( 'NONE', *, *, #671, .T. ) ;
#780 = DIRECTION ( 'NONE',  ( 1.000000000000000000, 3.043374519257556522E-17, 0.000000000000000000 ) ) ;
#781 = DIRECTION ( 'NONE',  ( 0.000000000000000000, -1.000000000000000000, 0.000000000000000000 ) ) ;
#782 = ADVANCED_FACE ( 'NONE', ( #2979 ), #2171, .T. ) ;
#783 = VECTOR ( 'NONE', #1387, 1000.000000000000000 ) ;
#784 = EDGE_CURVE ( 'NONE', #2250, #1916, #2576, .T. ) ;
#785 = AXIS2_PLACEMENT_3D ( 'NONE', #2685, #2407, #1390 ) ;
#786 = DIRECTION ( 'NONE',  ( 0.000000000000000000, -1.000000000000000000, 0.000000000000000000 ) ) ;
#787 = ORIENTED_EDGE ( 'NONE', *, *, #2181, .F. ) ;
#788 = DIRECTION ( 'NONE',  ( -0.000000000000000000, 1.000000000000000000, -0.000000000000000000 ) ) ;
#789 = CARTESIAN_POINT ( 'NONE',  ( 0.000000000000000000, 62.00000000000000000, -89.00000000000000000 ) ) ;
#790 = CIRCLE ( 'NONE', #112, 42.00000000000000711 ) ;
#791 = EDGE_CURVE ( 'NONE', #2618, #437, #1426, .T. ) ;
#792 = ADVANCED_FACE ( 'NONE', ( #889 ), #352, .T. ) ;
#793 = VECTOR ( 'NONE', #1863, 1000.000000000000000 ) ;
#794 = DIRECTION ( 'NONE',  ( 0.000000000000000000, -1.000000000000000000, 0.000000000000000000 ) ) ;
#795 = ORIENTED_EDGE ( 'NONE', *, *, #1401, .T. ) ;
#796 = AXIS2_PLACEMENT_3D ( 'NONE', #1410, #2271, #1248 ) ;
#797 = CIRCLE ( 'NONE', #1004, 66.00000000000000000 ) ;
#798 = CYLINDRICAL_SURFACE ( 'NONE', #2585, 49.99999999999999289 ) ;
#799 = VERTEX_POINT ( 'NONE', #1939 ) ;
#800 = DIRECTION ( 'NONE',  ( 0.000000000000000000, 0.000000000000000000, 1.000000000000000000 ) ) ;
#801 = ORIENTED_EDGE ( 'NONE', *, *, #2675, .F. ) ;
#802 = CARTESIAN_POINT ( 'NONE',  ( -12.00000000000000000, 62.00000000000000000, -24.10007704164818421 ) ) ;
#803 = VERTEX_POINT ( 'NONE', #3243 ) ;
#804 = CARTESIAN_POINT ( 'NONE',  ( 0.000000000000000000, 62.00000000000000000, -89.00000000000000000 ) ) ;
#805 = DIRECTION ( 'NONE',  ( -0.000000000000000000, -0.000000000000000000, 1.000000000000000000 ) ) ;
#806 = CARTESIAN_POINT ( 'NONE',  ( 0.000000000000000000, 0.000000000000000000, 0.000000000000000000 ) ) ;
#807 = CARTESIAN_POINT ( 'NONE',  ( -8.000000000000007105, 20.16413690523414104, -84.00000000000002842 ) ) ;
#808 = ORIENTED_EDGE ( 'NONE', *, *, #1497, .F. ) ;
#809 = ORIENTED_EDGE ( 'NONE', *, *, #1730, .F. ) ;
#810 = CARTESIAN_POINT ( 'NONE',  ( 11.33012701892218921, 59.00000000000000000, -69.37564434701793914 ) ) ;
#811 = EDGE_CURVE ( 'NONE', #2140, #1527, #3189, .T. ) ;
#812 = LINE ( 'NONE', #559, #1837 ) ;
#813 = ORIENTED_EDGE ( 'NONE', *, *, #1474, .F. ) ;
#814 = ADVANCED_FACE ( 'NONE', ( #317 ), #1379, .F. ) ;
#815 = AXIS2_PLACEMENT_3D ( 'NONE', #492, #1547, #1529 ) ;
#816 = CARTESIAN_POINT ( 'NONE',  ( -11.33012701892219454, 12.78878986036323440, -69.37564434701789651 ) ) ;
#817 = VERTEX_POINT ( 'NONE', #470 ) ;
#818 = CARTESIAN_POINT ( 'NONE',  ( 0.000000000000000000, 0.000000000000000000, -89.00000000000000000 ) ) ;
#819 = FACE_OUTER_BOUND ( 'NONE', #2981, .T. ) ;
#820 = CARTESIAN_POINT ( 'NONE',  ( -6.999999999999999112, 4.999999999999824141, 8.572527594031472204E-16 ) ) ;
#821 = VERTEX_POINT ( 'NONE', #2499 ) ;
#822 = ORIENTED_EDGE ( 'NONE', *, *, #593, .F. ) ;
#823 = DIRECTION ( 'NONE',  ( -0.000000000000000000, 1.000000000000000000, -0.000000000000000000 ) ) ;
#824 = CARTESIAN_POINT ( 'NONE',  ( 0.000000000000000000, 0.000000000000000000, 0.000000000000000000 ) ) ;
#825 = ORIENTED_EDGE ( 'NONE', *, *, #791, .F. ) ;
#826 = EDGE_CURVE ( 'NONE', #2596, #1722, #846, .T. ) ;
#827 = EDGE_CURVE ( 'NONE', #1995, #3, #3016, .T. ) ;
#828 = B_SPLINE_CURVE_WITH_KNOTS ( 'NONE', 3,
 ( #1173, #926, #1970, #658 ),
 .UNSPECIFIED., .F., .F.,
 ( 4, 4 ),
 ( 0.000000000000000000, 0.002497990777266256412 ),
 .UNSPECIFIED. ) ;
#829 = CARTESIAN_POINT ( 'NONE',  ( 12.00000000000000178, 54.49950948108300253, -50.84261371479708203 ) ) ;
#830 = EDGE_LOOP ( 'NONE', ( #2799, #1019, #2390, #1760 ) ) ;
#831 = ADVANCED_FACE ( 'NONE', ( #1581 ), #1324, .F. ) ;
#832 = CARTESIAN_POINT ( 'NONE',  ( 0.000000000000000000, 62.00000000000000000, -44.00000000000000000 ) ) ;
#833 = ORIENTED_EDGE ( 'NONE', *, *, #207, .T. ) ;
#834 = CARTESIAN_POINT ( 'NONE',  ( -8.999999999999984013, 30.00000000000000000, -24.62609224227566074 ) ) ;
#835 = CARTESIAN_POINT ( 'NONE',  ( -2.862431644456014279, 25.68610669729349283, -93.95787704139071650 ) ) ;
#836 = CARTESIAN_POINT ( 'NONE',  ( -12.00000000000000000, 0.000000000000000000, -62.59924243511183306 ) ) ;
#837 = VERTEX_POINT ( 'NONE', #487 ) ;
#838 = CARTESIAN_POINT ( 'NONE',  ( -12.00000000000000000, 26.99999999999998224, 1.469576158976823947E-15 ) ) ;
#839 = DIRECTION ( 'NONE',  ( 1.000000000000000000, 4.419677645800783890E-17, 0.000000000000000000 ) ) ;
#840 = CONICAL_SURFACE ( 'NONE', #1273, 2.000000000000001776, 0.7853981633974485010 ) ;
#841 = ORIENTED_EDGE ( 'NONE', *, *, #358, .F. ) ;
#842 = AXIS2_PLACEMENT_3D ( 'NONE', #1021, #1841, #1874 ) ;
#843 = AXIS2_PLACEMENT_3D ( 'NONE', #3040, #2570, #3350 ) ;
#844 = AXIS2_PLACEMENT_3D ( 'NONE', #572, #2179, #1355 ) ;
#845 = EDGE_CURVE ( 'NONE', #762, #2866, #1541, .T. ) ;
#846 = CIRCLE ( 'NONE', #2962, 74.00000000000000000 ) ;
#847 = CARTESIAN_POINT ( 'NONE',  ( 7.304098846218135653E-16, 38.00000000000000000, -89.00000000000000000 ) ) ;
#848 = ORIENTED_EDGE ( 'NONE', *, *, #2166, .F. ) ;
#849 = EDGE_CURVE ( 'NONE', #2063, #455, #2893, .T. ) ;
#850 = DIRECTION ( 'NONE',  ( 0.000000000000000000, 0.000000000000000000, -1.000000000000000000 ) ) ;
#851 = ORIENTED_EDGE ( 'NONE', *, *, #714, .T. ) ;
#852 = DIRECTION ( 'NONE',  ( 0.000000000000000000, -1.000000000000000000, 0.000000000000000000 ) ) ;
#853 = DIRECTION ( 'NONE',  ( 0.000000000000000000, 1.000000000000000000, 0.000000000000000000 ) ) ;
#854 = EDGE_CURVE ( 'NONE', #384, #2461, #296, .T. ) ;
#855 = DIRECTION ( 'NONE',  ( 0.000000000000000000, -1.000000000000000000, 0.000000000000000000 ) ) ;
#856 = ORIENTED_EDGE ( 'NONE', *, *, #1416, .T. ) ;
#857 = LINE ( 'NONE', #89, #3291 ) ;
#858 = DIRECTION ( 'NONE',  ( -0.000000000000000000, 1.000000000000000000, -0.000000000000000000 ) ) ;
#859 = VERTEX_POINT ( 'NONE', #1821 ) ;
#860 = ORIENTED_EDGE ( 'NONE', *, *, #1293, .F. ) ;
#861 =( BOUNDED_CURVE ( )  B_SPLINE_CURVE ( 3, ( #3384, #194, #771, #2567 ),
 .UNSPECIFIED., .F., .F. ) 
 B_SPLINE_CURVE_WITH_KNOTS ( ( 4, 4 ),
 ( 5.038416471465612112, 6.283185307179586232 ),
 .UNSPECIFIED. ) 
 CURVE ( )  GEOMETRIC_REPRESENTATION_ITEM ( )  RATIONAL_B_SPLINE_CURVE ( ( 1.000000000000000000, 0.8749938091547161401, 0.8749938091547161401, 1.000000000000000000 ) ) 
 REPRESENTATION_ITEM ( '' )  );
#862 = AXIS2_PLACEMENT_3D ( 'NONE', #2170, #1409, #2932 ) ;
#863 = CARTESIAN_POINT ( 'NONE',  ( 11.01027901700194711, 43.98972098299804401, -49.49246810500841320 ) ) ;
#864 = CIRCLE ( 'NONE', #919, 69.00000000000000000 ) ;
#865 = VECTOR ( 'NONE', #2920, 1000.000000000000000 ) ;
#866 = LINE ( 'NONE', #2678, #23 ) ;
#867 = ORIENTED_EDGE ( 'NONE', *, *, #2161, .F. ) ;
#868 = CARTESIAN_POINT ( 'NONE',  ( -12.00000000000000000, 4.999999999999691802, 1.469576158976823947E-15 ) ) ;
#869 = DIRECTION ( 'NONE',  ( -1.017203577148497449E-16, -0.000000000000000000, -1.000000000000000000 ) ) ;
#870 = EDGE_CURVE ( 'NONE', #1593, #1527, #2355, .T. ) ;
#871 = EDGE_CURVE ( 'NONE', #3221, #1692, #280, .T. ) ;
#872 = LINE ( 'NONE', #1656, #233 ) ;
#873 = ORIENTED_EDGE ( 'NONE', *, *, #3144, .T. ) ;
#874 = DIRECTION ( 'NONE',  ( -3.043374519257556522E-17, 1.000000000000000000, -0.000000000000000000 ) ) ;
#875 = CARTESIAN_POINT ( 'NONE',  ( 0.000000000000000000, 4.999999999999775291, -89.00000000000000000 ) ) ;
#876 = DIRECTION ( 'NONE',  ( -0.000000000000000000, 1.000000000000000000, -0.000000000000000000 ) ) ;
#877 = ORIENTED_EDGE ( 'NONE', *, *, #486, .F. ) ;
#878 = ORIENTED_EDGE ( 'NONE', *, *, #2304, .T. ) ;
#879 = DIRECTION ( 'NONE',  ( -0.000000000000000000, 1.000000000000000000, -0.000000000000000000 ) ) ;
#880 = CARTESIAN_POINT ( 'NONE',  ( 12.00000000000000000, 4.999999999999824141, -68.21539030917354296 ) ) ;
#881 = ORIENTED_EDGE ( 'NONE', *, *, #2327, .T. ) ;
#882 = DIRECTION ( 'NONE',  ( 1.000000000000000000, 0.000000000000000000, 0.000000000000000000 ) ) ;
#883 = DIRECTION ( 'NONE',  ( 1.000000000000000000, 0.000000000000000000, 0.000000000000000000 ) ) ;
#884 = LINE ( 'NONE', #73, #2738 ) ;
#885 = EDGE_LOOP ( 'NONE', ( #1484, #991, #3233, #2663 ) ) ;
#886 = CARTESIAN_POINT ( 'NONE',  ( -12.00000000000000000, 42.99999999999998579, -25.11729498526224447 ) ) ;
#887 = DIRECTION ( 'NONE',  ( 0.000000000000000000, 1.000000000000000000, -0.000000000000000000 ) ) ;
#888 = EDGE_CURVE ( 'NONE', #1823, #55, #1561, .T. ) ;
#889 = FACE_OUTER_BOUND ( 'NONE', #1456, .T. ) ;
#890 = ORIENTED_EDGE ( 'NONE', *, *, #1335, .T. ) ;
#891 = ADVANCED_FACE ( 'NONE', ( #2086 ), #2820, .F. ) ;
#892 = ORIENTED_EDGE ( 'NONE', *, *, #3264, .F. ) ;
#893 = ADVANCED_FACE ( 'NONE', ( #2300 ), #2120, .F. ) ;
#894 = VECTOR ( 'NONE', #71, 1000.000000000000114 ) ;
#895 = AXIS2_PLACEMENT_3D ( 'NONE', #2703, #1679, #1658 ) ;
#896 = LOCAL_TIME ( 19, 49, 24.00000000000000000, #706 ) ;
#897 = CARTESIAN_POINT ( 'NONE',  ( -4.330127018922182991, 59.00000000000000000, -81.50000000000002842 ) ) ;
#898 = FACE_OUTER_BOUND ( 'NONE', #1427, .T. ) ;
#899 = AXIS2_PLACEMENT_3D ( 'NONE', #2105, #1074, #1343 ) ;
#900 = DIRECTION ( 'NONE',  ( 0.000000000000000000, 0.000000000000000000, -1.000000000000000000 ) ) ;
#901 = VERTEX_POINT ( 'NONE', #222 ) ;
#902 = CARTESIAN_POINT ( 'NONE',  ( 12.00000000000000000, 43.00000000000000000, -68.21539030917354296 ) ) ;
#903 = VECTOR ( 'NONE', #2509, 1000.000000000000000 ) ;
#904 = DIRECTION ( 'NONE',  ( 0.000000000000000000, 0.000000000000000000, 1.000000000000000000 ) ) ;
#905 = VERTEX_POINT ( 'NONE', #1281 ) ;
#906 = DIRECTION ( 'NONE',  ( 0.000000000000000000, 0.000000000000000000, -1.000000000000000000 ) ) ;
#907 = CARTESIAN_POINT ( 'NONE',  ( -8.999999999999984013, 30.00000000000000000, -11.01763019758890394 ) ) ;
#908 = AXIS2_PLACEMENT_3D ( 'NONE', #1294, #2826, #1787 ) ;
#909 = CC_DESIGN_PERSON_AND_ORGANIZATION_ASSIGNMENT ( #1304, #2339, ( #1971 ) ) ;
#910 = ORIENTED_EDGE ( 'NONE', *, *, #1959, .F. ) ;
#911 = VERTEX_POINT ( 'NONE', #3336 ) ;
#912 = AXIS2_PLACEMENT_3D ( 'NONE', #1204, #164, #1222 ) ;
#913 = EDGE_CURVE ( 'NONE', #1642, #3108, #1, .T. ) ;
#914 = DIRECTION ( 'NONE',  ( 0.000000000000000000, 1.000000000000000000, 0.000000000000000000 ) ) ;
#915 = LINE ( 'NONE', #392, #614 ) ;
#916 = DIRECTION ( 'NONE',  ( 0.000000000000000000, -1.000000000000000000, 0.000000000000000000 ) ) ;
#917 = DIRECTION ( 'NONE',  ( 1.017203577148497449E-16, 3.095731447591375110E-33, 1.000000000000000000 ) ) ;
#918 = ORIENTED_EDGE ( 'NONE', *, *, #407, .T. ) ;
#919 = AXIS2_PLACEMENT_3D ( 'NONE', #2313, #3354, #758 ) ;
#920 = DIRECTION ( 'NONE',  ( 0.000000000000000000, 0.000000000000000000, -1.000000000000000000 ) ) ;
#921 = DATE_AND_TIME ( #1482, #451 ) ;
#922 = CARTESIAN_POINT ( 'NONE',  ( -8.999999999999982236, 46.00000000000000000, -38.29250548488914774 ) ) ;
#923 = VERTEX_POINT ( 'NONE', #820 ) ;
#924 = VECTOR ( 'NONE', #2076, 1000.000000000000000 ) ;
#925 = DIRECTION ( 'NONE',  ( -0.000000000000000000, 1.000000000000000000, -0.000000000000000000 ) ) ;
#926 = CARTESIAN_POINT ( 'NONE',  ( 9.998795415464041270, 29.00120458453596228, -13.15620851484452558 ) ) ;
#927 = ORIENTED_EDGE ( 'NONE', *, *, #426, .T. ) ;
#928 = ORIENTED_EDGE ( 'NONE', *, *, #2398, .T. ) ;
#929 = EDGE_CURVE ( 'NONE', #3110, #2556, #2790, .T. ) ;
#930 = CARTESIAN_POINT ( 'NONE',  ( 0.000000000000000000, 4.999999999999997335, -89.00000000000000000 ) ) ;
#931 = EDGE_CURVE ( 'NONE', #1070, #2356, #1047, .T. ) ;
#932 = CARTESIAN_POINT ( 'NONE',  ( 5.204170427930421283E-15, 59.00000000000000000, -84.00000000000002842 ) ) ;
#933 = CARTESIAN_POINT ( 'NONE',  ( 0.000000000000000000, 0.000000000000000000, -89.00000000000000000 ) ) ;
#934 = ORIENTED_EDGE ( 'NONE', *, *, #827, .F. ) ;
#935 = LINE ( 'NONE', #1151, #2652 ) ;
#936 = EDGE_CURVE ( 'NONE', #2722, #2348, #958, .T. ) ;
#937 = CARTESIAN_POINT ( 'NONE',  ( -7.000000000000000000, 21.89618771280301246, 0.000000000000000000 ) ) ;
#938 = ORIENTED_EDGE ( 'NONE', *, *, #714, .F. ) ;
#939 = LINE ( 'NONE', #3275, #453 ) ;
#940 = DIRECTION ( 'NONE',  ( 1.000000000000000000, 0.000000000000000000, 0.000000000000000000 ) ) ;
#941 = ORIENTED_EDGE ( 'NONE', *, *, #2060, .T. ) ;
#942 = VERTEX_POINT ( 'NONE', #502 ) ;
#943 = VECTOR ( 'NONE', #769, 1000.000000000000114 ) ;
#944 = LINE ( 'NONE', #1563, #1213 ) ;
#945 = CARTESIAN_POINT ( 'NONE',  ( 12.00000000000000000, 27.00000000000001066, -68.21539030917354296 ) ) ;
#946 = AXIS2_PLACEMENT_3D ( 'NONE', #2649, #853, #553 ) ;
#947 = DIRECTION ( 'NONE',  ( 0.000000000000000000, 0.000000000000000000, 1.000000000000000000 ) ) ;
#948 = PLANE ( 'NONE',  #1732 ) ;
#949 = ORIENTED_EDGE ( 'NONE', *, *, #2839, .F. ) ;
#950 = AXIS2_PLACEMENT_3D ( 'NONE', #3193, #1360, #2392 ) ;
#951 = CARTESIAN_POINT ( 'NONE',  ( 10.49999999999999289, 44.50000000000000000, -37.05050529600890030 ) ) ;
#952 = CIRCLE ( 'NONE', #2787, 28.99999999999999645 ) ;
#953 = EDGE_CURVE ( 'NONE', #1807, #2220, #617, .T. ) ;
#954 = CARTESIAN_POINT ( 'NONE',  ( 0.000000000000000000, 62.00000000000000000, -89.00000000000000000 ) ) ;
#955 = ORIENTED_EDGE ( 'NONE', *, *, #3345, .T. ) ;
#956 = EDGE_CURVE ( 'NONE', #3213, #2080, #2688, .T. ) ;
#957 = DIRECTION ( 'NONE',  ( 0.000000000000000000, 1.000000000000000000, 0.000000000000000000 ) ) ;
#958 = CIRCLE ( 'NONE', #345, 4.999999999999997335 ) ;
#959 = ORIENTED_EDGE ( 'NONE', *, *, #2657, .T. ) ;
#960 = ORIENTED_EDGE ( 'NONE', *, *, #1605, .T. ) ;
#961 = AXIS2_PLACEMENT_3D ( 'NONE', #1606, #1135, #1902 ) ;
#962 = DIRECTION ( 'NONE',  ( -0.000000000000000000, 1.000000000000000000, -0.000000000000000000 ) ) ;
#963 = CARTESIAN_POINT ( 'NONE',  ( 12.00000000000000355, 38.49989023414094902, -26.13510355865271251 ) ) ;
#964 = DIRECTION ( 'NONE',  ( -1.017203577148497449E-16, 0.000000000000000000, -1.000000000000000000 ) ) ;
#965 = ORIENTED_EDGE ( 'NONE', *, *, #570, .F. ) ;
#966 = CARTESIAN_POINT ( 'NONE',  ( 8.999999999999985789, 46.00000000000000000, -38.29250548488914774 ) ) ;
#967 = ORIENTED_EDGE ( 'NONE', *, *, #3002, .F. ) ;
#968 = LINE ( 'NONE', #2528, #2957 ) ;
#969 = DIRECTION ( 'NONE',  ( 0.000000000000000000, 0.000000000000000000, 1.000000000000000000 ) ) ;
#970 = EDGE_CURVE ( 'NONE', #1995, #2902, #3242, .T. ) ;
#971 = AXIS2_PLACEMENT_3D ( 'NONE', #2536, #2044, #1297 ) ;
#972 = EDGE_LOOP ( 'NONE', ( #1159, #3201, #2288, #1935 ) ) ;
#973 = ORIENTED_EDGE ( 'NONE', *, *, #3225, .F. ) ;
#974 = CARTESIAN_POINT ( 'NONE',  ( -11.33012701892219454, 12.78878986036323440, -69.37564434701789651 ) ) ;
#975 = CARTESIAN_POINT ( 'NONE',  ( 7.122679767086633973, 12.03298309064504856, -4.358266857939098805E-15 ) ) ;
#976 = LINE ( 'NONE', #1844, #2098 ) ;
#977 = DIRECTION ( 'NONE',  ( -0.000000000000000000, 1.000000000000000000, -0.000000000000000000 ) ) ;
#978 = ORIENTED_EDGE ( 'NONE', *, *, #1587, .T. ) ;
#979 = CARTESIAN_POINT ( 'NONE',  ( 7.107640315951980980, 22.54255508314053102, -84.00000000000002842 ) ) ;
#980 = VERTEX_POINT ( 'NONE', #2718 ) ;
#981 = CARTESIAN_POINT ( 'NONE',  ( -12.00000000000000000, 36.49999999999998579, -25.11729498526224447 ) ) ;
#982 = DIRECTION ( 'NONE',  ( 0.000000000000000000, 0.000000000000000000, -1.000000000000000000 ) ) ;
#983 = EDGE_CURVE ( 'NONE', #1359, #2793, #2911, .T. ) ;
#984 = B_SPLINE_CURVE_WITH_KNOTS ( 'NONE', 3,
 ( #2269, #1303, #2858, #2070 ),
 .UNSPECIFIED., .F., .F.,
 ( 4, 4 ),
 ( 7.152448122690996019E-18, 0.002719480257608662514 ),
 .UNSPECIFIED. ) ;
#985 = ORIENTED_EDGE ( 'NONE', *, *, #2182, .T. ) ;
#986 = ORIENTED_EDGE ( 'NONE', *, *, #2565, .T. ) ;
#987 = EDGE_CURVE ( 'NONE', #1727, #2250, #1641, .T. ) ;
#988 = ADVANCED_FACE ( 'NONE', ( #87 ), #2437, .F. ) ;
#989 = CARTESIAN_POINT ( 'NONE',  ( 0.000000000000000000, 4.999999999999775291, -89.00000000000000000 ) ) ;
#990 = CARTESIAN_POINT ( 'NONE',  ( 0.000000000000000000, 62.00000000000000000, -89.00000000000000000 ) ) ;
#991 = ORIENTED_EDGE ( 'NONE', *, *, #2789, .T. ) ;
#992 = DIRECTION ( 'NONE',  ( 0.000000000000000000, -1.000000000000000000, 0.000000000000000000 ) ) ;
#993 = CIRCLE ( 'NONE', #720, 78.49999999999997158 ) ;
#994 = CARTESIAN_POINT ( 'NONE',  ( 12.00000000000000533, -1.734723475976807094E-13, -40.46135560195359915 ) ) ;
#995 = ORIENTED_EDGE ( 'NONE', *, *, #2470, .T. ) ;
#996 = LINE ( 'NONE', #2069, #400 ) ;
#997 = CARTESIAN_POINT ( 'NONE',  ( -7.000000000000000000, 62.00000000000000000, -4.999999999999999112 ) ) ;
#998 = AXIS2_PLACEMENT_3D ( 'NONE', #2386, #1674, #882 ) ;
#999 = APPROVAL_ROLE ( '' ) ;
#1000 = CARTESIAN_POINT ( 'NONE',  ( 7.000000000000000000, 4.999999999999997335, -66.87564434701793914 ) ) ;
#1001 = ORIENTED_EDGE ( 'NONE', *, *, #956, .F. ) ;
#1002 = AXIS2_PLACEMENT_3D ( 'NONE', #3086, #1802, #1559 ) ;
#1003 = PLANE ( 'NONE',  #1938 ) ;
#1004 = AXIS2_PLACEMENT_3D ( 'NONE', #3009, #2464, #3305 ) ;
#1005 = ORIENTED_EDGE ( 'NONE', *, *, #468, .T. ) ;
#1006 = LINE ( 'NONE', #2059, #532 ) ;
#1007 = ADVANCED_FACE ( 'NONE', ( #1691 ), #1388, .T. ) ;
#1008 = EDGE_CURVE ( 'NONE', #560, #1803, #3349, .T. ) ;
#1009 = AXIS2_PLACEMENT_3D ( 'NONE', #131, #1186, #1219 ) ;
#1010 = VERTEX_POINT ( 'NONE', #836 ) ;
#1011 = CARTESIAN_POINT ( 'NONE',  ( 8.732050807568871420, 62.00000000000000000, -67.87564434701793914 ) ) ;
#1012 = ORIENTED_EDGE ( 'NONE', *, *, #827, .T. ) ;
#1013 = CARTESIAN_POINT ( 'NONE',  ( -12.00000000000000000, 0.000000000000000000, -45.62950311559711736 ) ) ;
#1014 = VERTEX_POINT ( 'NONE', #1906 ) ;
#1015 = DIRECTION ( 'NONE',  ( 0.000000000000000000, 0.000000000000000000, -1.000000000000000000 ) ) ;
#1016 = PLANE ( 'NONE',  #2622 ) ;
#1017 = FACE_OUTER_BOUND ( 'NONE', #1599, .T. ) ;
#1018 = CARTESIAN_POINT ( 'NONE',  ( 6.000000000000007105, 20.16413690523414459, -84.00000000000002842 ) ) ;
#1019 = ORIENTED_EDGE ( 'NONE', *, *, #3053, .T. ) ;
#1020 = AXIS2_PLACEMENT_3D ( 'NONE', #507, #1214, #145 ) ;
#1021 = CARTESIAN_POINT ( 'NONE',  ( 5.204170427930421283E-15, 62.00000000000000000, -79.00000000000002842 ) ) ;
#1022 = CARTESIAN_POINT ( 'NONE',  ( -12.00000000000000000, 4.999999999999997335, -68.21539030917351454 ) ) ;
#1023 = AXIS2_PLACEMENT_3D ( 'NONE', #265, #159, #3364 ) ;
#1024 = VERTEX_POINT ( 'NONE', #3207 ) ;
#1025 = CARTESIAN_POINT ( 'NONE',  ( 0.000000000000000000, 0.000000000000000000, -47.00000000000000000 ) ) ;
#1026 = ADVANCED_FACE ( 'NONE', ( #1422 ), #1627, .T. ) ;
#1027 = ORIENTED_EDGE ( 'NONE', *, *, #1865, .F. ) ;
#1028 = CARTESIAN_POINT ( 'NONE',  ( 12.00000000000000000, 4.999999999999886313, -48.75077640500379061 ) ) ;
#1029 = EDGE_CURVE ( 'NONE', #2356, #2698, #2157, .T. ) ;
#1030 = EDGE_CURVE ( 'NONE', #2250, #1921, #2974, .T. ) ;
#1031 = EDGE_CURVE ( 'NONE', #942, #3164, #514, .T. ) ;
#1032 = DIRECTION ( 'NONE',  ( 0.000000000000000000, 0.000000000000000000, 1.000000000000000000 ) ) ;
#1033 = ORIENTED_EDGE ( 'NONE', *, *, #1118, .F. ) ;
#1034 = CARTESIAN_POINT ( 'NONE',  ( 12.00000000000000000, 4.999999999999858780, -68.21539030917354296 ) ) ;
#1035 = DIRECTION ( 'NONE',  ( 0.000000000000000000, -1.000000000000000000, 0.000000000000000000 ) ) ;
#1036 = EDGE_CURVE ( 'NONE', #263, #2063, #1944, .T. ) ;
#1037 = PRODUCT_DEFINITION_SHAPE ( 'NONE', 'NONE',  #1919 ) ;
#1038 = CARTESIAN_POINT ( 'NONE',  ( 0.000000000000000000, 4.999999999999857003, -44.00000000000000000 ) ) ;
#1039 = DIRECTION ( 'NONE',  ( 1.000000000000000000, 0.000000000000000000, 0.000000000000000000 ) ) ;
#1040 = ORIENTED_EDGE ( 'NONE', *, *, #2239, .F. ) ;
#1041 = CARTESIAN_POINT ( 'NONE',  ( -12.00000000000000000, 0.000000000000000000, 1.469576158976823947E-15 ) ) ;
#1042 = CARTESIAN_POINT ( 'NONE',  ( -12.00000000000000000, 4.999999999999802824, 1.469576158976823947E-15 ) ) ;
#1043 = EDGE_LOOP ( 'NONE', ( #2019, #1488, #1376, #3370 ) ) ;
#1044 = CARTESIAN_POINT ( 'NONE',  ( 0.000000000000000000, 0.000000000000000000, -89.00000000000000000 ) ) ;
#1045 = DIRECTION ( 'NONE',  ( -1.000000000000000000, 0.000000000000000000, 0.000000000000000000 ) ) ;
#1046 = ORIENTED_EDGE ( 'NONE', *, *, #294, .T. ) ;
#1047 =( BOUNDED_CURVE ( )  B_SPLINE_CURVE ( 3, ( #3380, #766, #2835, #1059 ),
 .UNSPECIFIED., .F., .T. ) 
 B_SPLINE_CURVE_WITH_KNOTS ( ( 4, 4 ),
 ( 4.415357548956671430, 4.491074538036898822 ),
 .UNSPECIFIED. ) 
 CURVE ( )  GEOMETRIC_REPRESENTATION_ITEM ( )  RATIONAL_B_SPLINE_CURVE ( ( 1.000000000000000000, 0.9995223018568344386, 0.9995223018568344386, 1.000000000000000000 ) ) 
 REPRESENTATION_ITEM ( '' )  );
#1048 = CARTESIAN_POINT ( 'NONE',  ( -12.00000000000000178, 20.99999999999982592, -67.75842791103256957 ) ) ;
#1049 = ORIENTED_EDGE ( 'NONE', *, *, #1569, .T. ) ;
#1050 = CONICAL_SURFACE ( 'NONE', #2268, 2.000000000000001776, 0.7853981633974485010 ) ;
#1051 = DIRECTION ( 'NONE',  ( 0.000000000000000000, 0.000000000000000000, -1.000000000000000000 ) ) ;
#1052 = ORIENTED_EDGE ( 'NONE', *, *, #1707, .T. ) ;
#1053 = DIRECTION ( 'NONE',  ( -3.043374519257556522E-17, 1.000000000000000000, -0.000000000000000000 ) ) ;
#1054 = DIRECTION ( 'NONE',  ( 0.000000000000000000, 0.000000000000000000, -1.000000000000000000 ) ) ;
#1055 = CONICAL_SURFACE ( 'NONE', #2783, 54.49999999999999289, 0.7853981633974506105 ) ;
#1056 = CIRCLE ( 'NONE', #1766, 5.000000000000004441 ) ;
#1057 = LINE ( 'NONE', #2298, #1396 ) ;
#1058 = EDGE_CURVE ( 'NONE', #2948, #2465, #405, .T. ) ;
#1059 = CARTESIAN_POINT ( 'NONE',  ( -8.999999999999984013, 46.00000000000000000, -48.99999999999999289 ) ) ;
#1060 = ORIENTED_EDGE ( 'NONE', *, *, #3343, .T. ) ;
#1061 = CIRCLE ( 'NONE', #2626, 76.99999999999998579 ) ;
#1062 = LINE ( 'NONE', #2563, #1552 ) ;
#1063 = DIRECTION ( 'NONE',  ( 0.000000000000000000, -1.000000000000000000, 0.000000000000000000 ) ) ;
#1064 = AXIS2_PLACEMENT_3D ( 'NONE', #1087, #2666, #324 ) ;
#1065 = VECTOR ( 'NONE', #2581, 1000.000000000000000 ) ;
#1066 = VERTEX_POINT ( 'NONE', #2668 ) ;
#1067 = VERTEX_POINT ( 'NONE', #1140 ) ;
#1068 = CARTESIAN_POINT ( 'NONE',  ( 12.00000000000000533, 36.49999999999998579, -25.11729498526224447 ) ) ;
#1069 = CARTESIAN_POINT ( 'NONE',  ( 8.601411599008557118, 11.92842919326905360, -74.10191809370498106 ) ) ;
#1070 = VERTEX_POINT ( 'NONE', #311 ) ;
#1071 = AXIS2_PLACEMENT_3D ( 'NONE', #2417, #1371, #362 ) ;
#1072 = DIRECTION ( 'NONE',  ( -0.000000000000000000, 1.000000000000000000, -0.000000000000000000 ) ) ;
#1073 = CARTESIAN_POINT ( 'NONE',  ( -6.000000000000007105, 20.16413690523414459, -78.60769515458675016 ) ) ;
#1074 = DIRECTION ( 'NONE',  ( -3.043374519257556522E-17, 1.000000000000000000, -0.000000000000000000 ) ) ;
#1075 = EDGE_LOOP ( 'NONE', ( #1804, #197, #88, #3383, #482, #688, #1380 ) ) ;
#1076 = EDGE_CURVE ( 'NONE', #659, #2140, #884, .T. ) ;
#1077 = CARTESIAN_POINT ( 'NONE',  ( 0.000000000000000000, 0.000000000000000000, -89.00000000000000000 ) ) ;
#1078 = CARTESIAN_POINT ( 'NONE',  ( 12.00000000000000711, 20.99999999999982592, -5.000000000000004441 ) ) ;
#1079 = ADVANCED_FACE ( 'NONE', ( #575 ), #1375, .F. ) ;
#1080 = VERTEX_POINT ( 'NONE', #54 ) ;
#1081 = EDGE_CURVE ( 'NONE', #2722, #1394, #603, .T. ) ;
#1082 = AXIS2_PLACEMENT_3D ( 'NONE', #1369, #3198, #93 ) ;
#1083 = CARTESIAN_POINT ( 'NONE',  ( 8.999999999999985789, 46.00000000000000000, -38.29250548488914774 ) ) ;
#1084 = EDGE_LOOP ( 'NONE', ( #1329, #2400, #1102, #2247, #892 ) ) ;
#1085 = CARTESIAN_POINT ( 'NONE',  ( 0.000000000000000000, 0.000000000000000000, -22.99999999999999289 ) ) ;
#1086 = ORIENTED_EDGE ( 'NONE', *, *, #1908, .F. ) ;
#1087 = CARTESIAN_POINT ( 'NONE',  ( 6.847592668329498107E-16, 39.50000000000001421, -89.00000000000000000 ) ) ;
#1088 = CARTESIAN_POINT ( 'NONE',  ( 0.000000000000000000, 4.999999999999745093, -27.99999999999999645 ) ) ;
#1089 = CARTESIAN_POINT ( 'NONE',  ( -12.00000000000000000, 62.00000000000000000, -57.18805255882626426 ) ) ;
#1090 = EDGE_LOOP ( 'NONE', ( #3277, #1331, #2860, #637, #503, #938, #1678 ) ) ;
#1091 = CARTESIAN_POINT ( 'NONE',  ( 0.000000000000000000, 62.00000000000000000, -89.00000000000000000 ) ) ;
#1092 = DIRECTION ( 'NONE',  ( 3.043374519257556522E-17, -1.000000000000000000, 0.000000000000000000 ) ) ;
#1093 = EDGE_CURVE ( 'NONE', #1080, #2768, #3190, .T. ) ;
#1094 = DIRECTION ( 'NONE',  ( 3.043374519257556522E-17, -1.000000000000000000, 0.000000000000000000 ) ) ;
#1095 = ORIENTED_EDGE ( 'NONE', *, *, #2927, .T. ) ;
#1096 = EDGE_CURVE ( 'NONE', #803, #2204, #872, .T. ) ;
#1097 = ADVANCED_FACE ( 'NONE', ( #1434 ), #3273, .T. ) ;
#1098 = EDGE_CURVE ( 'NONE', #3363, #2556, #1776, .T. ) ;
#1099 = DIRECTION ( 'NONE',  ( 1.000000000000000000, 0.000000000000000000, 0.000000000000000000 ) ) ;
#1100 = EDGE_LOOP ( 'NONE', ( #2438, #600, #272, #488 ) ) ;
#1101 = CARTESIAN_POINT ( 'NONE',  ( -7.000000000000000000, 12.10381228719663405, 0.000000000000000000 ) ) ;
#1102 = ORIENTED_EDGE ( 'NONE', *, *, #1818, .F. ) ;
#1103 = LINE ( 'NONE', #552, #1991 ) ;
#1104 = DIRECTION ( 'NONE',  ( 0.000000000000000000, 0.000000000000000000, -1.000000000000000000 ) ) ;
#1105 = DIRECTION ( 'NONE',  ( 0.000000000000000000, 0.000000000000000000, 1.000000000000000000 ) ) ;
#1106 = ORIENTED_EDGE ( 'NONE', *, *, #607, .F. ) ;
#1107 = DIRECTION ( 'NONE',  ( -1.017203577148497449E-16, 0.000000000000000000, -1.000000000000000000 ) ) ;
#1108 = FACE_OUTER_BOUND ( 'NONE', #1614, .T. ) ;
#1109 = VECTOR ( 'NONE', #2667, 1000.000000000000000 ) ;
#1110 = DIRECTION ( 'NONE',  ( 0.000000000000000000, 0.000000000000000000, 1.000000000000000000 ) ) ;
#1111 = ORIENTED_EDGE ( 'NONE', *, *, #1200, .F. ) ;
#1112 = VECTOR ( 'NONE', #2655, 1000.000000000000000 ) ;
#1113 = VECTOR ( 'NONE', #1660, 1000.000000000000000 ) ;
#1114 = AXIS2_PLACEMENT_3D ( 'NONE', #1827, #1268, #2847 ) ;
#1115 = CONICAL_SURFACE ( 'NONE', #2156, 39.49999999999999289, 0.7853981633974437271 ) ;
#1116 = VECTOR ( 'NONE', #2879, 1000.000000000000000 ) ;
#1117 = CARTESIAN_POINT ( 'NONE',  ( -12.00000000000000000, 62.00000000000000000, -25.11729498526224447 ) ) ;
#1118 = EDGE_CURVE ( 'NONE', #2752, #1066, #170, .T. ) ;
#1119 = B_SPLINE_CURVE_WITH_KNOTS ( 'NONE', 3,
 ( #1996, #113, #2727, #2956 ),
 .UNSPECIFIED., .F., .F.,
 ( 4, 4 ),
 ( 0.03036570175595606699, 0.03253736302014329645 ),
 .UNSPECIFIED. ) ;
#1120 = ORIENTED_EDGE ( 'NONE', *, *, #2328, .F. ) ;
#1121 = EDGE_CURVE ( 'NONE', #659, #1860, #401, .T. ) ;
#1122 = LINE ( 'NONE', #1622, #355 ) ;
#1123 = EDGE_LOOP ( 'NONE', ( #3372, #1353, #529, #1734, #719, #1940 ) ) ;
#1124 = DIRECTION ( 'NONE',  ( 3.552713678800500929E-15, 0.000000000000000000, -1.000000000000000000 ) ) ;
#1125 = DIRECTION ( 'NONE',  ( 0.000000000000000000, -1.000000000000000000, -0.000000000000000000 ) ) ;
#1126 = AXIS2_PLACEMENT_3D ( 'NONE', #2597, #2798, #2350 ) ;
#1127 = CARTESIAN_POINT ( 'NONE',  ( -12.00000000000000000, 4.999999999999969802, 1.469576158976823947E-15 ) ) ;
#1128 = ORIENTED_EDGE ( 'NONE', *, *, #1499, .T. ) ;
#1129 = DIRECTION ( 'NONE',  ( -0.000000000000000000, 1.000000000000000000, -0.000000000000000000 ) ) ;
#1130 = CARTESIAN_POINT ( 'NONE',  ( 0.000000000000000000, 0.000000000000000000, -89.00000000000000000 ) ) ;
#1131 = ORIENTED_EDGE ( 'NONE', *, *, #577, .F. ) ;
#1132 = ORIENTED_EDGE ( 'NONE', *, *, #3304, .T. ) ;
#1133 = CARTESIAN_POINT ( 'NONE',  ( 12.00000000000000178, 43.00000000000000000, -49.79540843217468193 ) ) ;
#1134 = VECTOR ( 'NONE', #1898, 1000.000000000000000 ) ;
#1135 = DIRECTION ( 'NONE',  ( -0.000000000000000000, 1.000000000000000000, -0.000000000000000000 ) ) ;
#1136 = ORIENTED_EDGE ( 'NONE', *, *, #870, .F. ) ;
#1137 = DIRECTION ( 'NONE',  ( 0.3007057995042748955, 0.9537169507482263775, 0.000000000000000000 ) ) ;
#1138 = DIRECTION ( 'NONE',  ( 0.000000000000000000, -1.000000000000000000, 0.000000000000000000 ) ) ;
#1139 = EDGE_CURVE ( 'NONE', #1560, #1465, #1399, .T. ) ;
#1140 = CARTESIAN_POINT ( 'NONE',  ( -11.99999999999999822, 4.999999999999997335, -65.93487481065839972 ) ) ;
#1141 = VERTEX_POINT ( 'NONE', #966 ) ;
#1142 = EDGE_CURVE ( 'NONE', #2410, #1916, #1227, .T. ) ;
#1143 = CARTESIAN_POINT ( 'NONE',  ( 0.000000000000000000, 0.000000000000000000, 0.000000000000000000 ) ) ;
#1144 = CARTESIAN_POINT ( 'NONE',  ( 0.000000000000000000, 62.00000000000000000, -89.00000000000000000 ) ) ;
#1145 = ORIENTED_EDGE ( 'NONE', *, *, #870, .T. ) ;
#1146 = ORIENTED_EDGE ( 'NONE', *, *, #2539, .T. ) ;
#1147 = FACE_OUTER_BOUND ( 'NONE', #2402, .T. ) ;
#1148 = DIRECTION ( 'NONE',  ( 0.000000000000000000, -1.000000000000000000, 0.000000000000000000 ) ) ;
#1149 = EDGE_LOOP ( 'NONE', ( #652, #2874, #449, #2020 ) ) ;
#1150 = CARTESIAN_POINT ( 'NONE',  ( -12.00000000000000000, 12.99999999999982414, -4.999999999999999112 ) ) ;
#1151 = CARTESIAN_POINT ( 'NONE',  ( -12.00000000000000000, 62.00000000000000000, -32.25495616355557615 ) ) ;
#1152 = CARTESIAN_POINT ( 'NONE',  ( 4.869399230812090436E-16, 46.00000000000000000, -89.00000000000000000 ) ) ;
#1153 = ORIENTED_EDGE ( 'NONE', *, *, #3241, .T. ) ;
#1154 = CARTESIAN_POINT ( 'NONE',  ( 11.33012701892218921, 21.21121013963641389, -69.37564434701793914 ) ) ;
#1155 = FACE_OUTER_BOUND ( 'NONE', #1590, .T. ) ;
#1156 = ADVANCED_FACE ( 'NONE', ( #655 ), #2015, .F. ) ;
#1157 = EDGE_CURVE ( 'NONE', #2769, #3110, #797, .T. ) ;
#1158 = ORIENTED_EDGE ( 'NONE', *, *, #2610, .T. ) ;
#1159 = ORIENTED_EDGE ( 'NONE', *, *, #1799, .T. ) ;
#1160 = AXIS2_PLACEMENT_3D ( 'NONE', #2632, #3393, #1104 ) ;
#1161 = CIRCLE ( 'NONE', #950, 52.99999999999999289 ) ;
#1162 = AXIS2_PLACEMENT_3D ( 'NONE', #476, #441, #1491 ) ;
#1163 = CARTESIAN_POINT ( 'NONE',  ( 12.00000000000000533, 38.99989281117294837, -25.62614894293762902 ) ) ;
#1164 = VECTOR ( 'NONE', #499, 1000.000000000000000 ) ;
#1165 = CYLINDRICAL_SURFACE ( 'NONE', #3098, 25.99999999999999645 ) ;
#1166 = AXIS2_PLACEMENT_3D ( 'NONE', #2705, #123, #1695 ) ;
#1167 = PLANE ( 'NONE',  #1235 ) ;
#1168 = VERTEX_POINT ( 'NONE', #1741 ) ;
#1169 = CYLINDRICAL_SURFACE ( 'NONE', #3149, 25.99999999999999645 ) ;
#1170 = CARTESIAN_POINT ( 'NONE',  ( 8.472892501125738107, 22.11209272264086323, -0.2199379862162327282 ) ) ;
#1171 = VERTEX_POINT ( 'NONE', #3319 ) ;
#1172 = CARTESIAN_POINT ( 'NONE',  ( 0.000000000000000000, 4.999999999999886313, -44.00000000000000000 ) ) ;
#1173 = CARTESIAN_POINT ( 'NONE',  ( 10.50000000000001066, 28.49999999999999645, -12.71926848803821208 ) ) ;
#1174 = EDGE_CURVE ( 'NONE', #396, #2542, #1511, .T. ) ;
#1175 = AXIS2_PLACEMENT_3D ( 'NONE', #2041, #718, #2572 ) ;
#1176 = VERTEX_POINT ( 'NONE', #2748 ) ;
#1177 =( BOUNDED_CURVE ( )  B_SPLINE_CURVE ( 3, ( #1275, #778, #2316, #1336 ),
 .UNSPECIFIED., .F., .F. ) 
 B_SPLINE_CURVE_WITH_KNOTS ( ( 4, 4 ),
 ( 1.265363707695887019, 3.141592653589791340 ),
 .UNSPECIFIED. ) 
 CURVE ( )  GEOMETRIC_REPRESENTATION_ITEM ( )  RATIONAL_B_SPLINE_CURVE ( ( 1.000000000000000000, 0.7275397655757214199, 0.7275397655757214199, 1.000000000000000000 ) ) 
 REPRESENTATION_ITEM ( '' )  );
#1178 = EDGE_LOOP ( 'NONE', ( #681, #774, #1711, #534, #1495, #3217 ) ) ;
#1179 = EDGE_CURVE ( 'NONE', #1942, #2827, #1756, .T. ) ;
#1180 = AXIS2_PLACEMENT_3D ( 'NONE', #1723, #2745, #431 ) ;
#1181 = AXIS2_PLACEMENT_3D ( 'NONE', #130, #1447, #1478 ) ;
#1182 = ADVANCED_FACE ( 'NONE', ( #2526 ), #186, .T. ) ;
#1183 = CARTESIAN_POINT ( 'NONE',  ( 12.00000000000000533, 62.00000000000000000, -12.94081252077432254 ) ) ;
#1184 = DIRECTION ( 'NONE',  ( -0.000000000000000000, 1.000000000000000000, -0.000000000000000000 ) ) ;
#1185 = LINE ( 'NONE', #413, #1246 ) ;
#1186 = DIRECTION ( 'NONE',  ( 0.8660254037844380415, -0.000000000000000000, 0.5000000000000009992 ) ) ;
#1187 = ORIENTED_EDGE ( 'NONE', *, *, #28, .T. ) ;
#1188 = DIRECTION ( 'NONE',  ( -0.000000000000000000, -1.000000000000000000, -0.000000000000000000 ) ) ;
#1189 = CARTESIAN_POINT ( 'NONE',  ( -8.341183905509685914, 22.13949188217875985, -0.1812252077189336064 ) ) ;
#1190 = ORIENTED_EDGE ( 'NONE', *, *, #3162, .T. ) ;
#1191 = CIRCLE ( 'NONE', #2933, 61.00000000000000000 ) ;
#1192 = DIRECTION ( 'NONE',  ( -0.3007057995042730081, 0.9537169507482269326, 0.000000000000000000 ) ) ;
#1193 = CARTESIAN_POINT ( 'NONE',  ( 4.869399230812090436E-16, 46.00000000000000000, -89.00000000000000000 ) ) ;
#1194 = EDGE_LOOP ( 'NONE', ( #567, #3026, #92, #955, #604, #2087 ) ) ;
#1195 = VERTEX_POINT ( 'NONE', #922 ) ;
#1196 = ADVANCED_FACE ( 'NONE', ( #448 ), #1207, .T. ) ;
#1197 = CARTESIAN_POINT ( 'NONE',  ( 0.000000000000000000, 62.00000000000000000, -27.99999999999999645 ) ) ;
#1198 = CARTESIAN_POINT ( 'NONE',  ( 0.000000000000000000, 0.000000000000000000, -36.00000000000000000 ) ) ;
#1199 = EDGE_CURVE ( 'NONE', #2453, #1389, #690, .T. ) ;
#1200 = EDGE_CURVE ( 'NONE', #455, #1803, #1483, .T. ) ;
#1201 = CARTESIAN_POINT ( 'NONE',  ( -8.999999999999984013, 46.00000000000000000, -48.99999999999999289 ) ) ;
#1202 = CARTESIAN_POINT ( 'NONE',  ( -10.00980109055420009, 60.99019890944578748, -49.22720524537469089 ) ) ;
#1203 = VERTEX_POINT ( 'NONE', #3061 ) ;
#1204 = CARTESIAN_POINT ( 'NONE',  ( 0.000000000000000000, 62.00000000000000000, -89.00000000000000000 ) ) ;
#1205 =( BOUNDED_CURVE ( )  B_SPLINE_CURVE ( 3, ( #2050, #3322, #190, #1244 ),
 .UNSPECIFIED., .F., .T. ) 
 B_SPLINE_CURVE_WITH_KNOTS ( ( 4, 4 ),
 ( 1.265363707695887463, 3.141592653589791340 ),
 .UNSPECIFIED. ) 
 CURVE ( )  GEOMETRIC_REPRESENTATION_ITEM ( )  RATIONAL_B_SPLINE_CURVE ( ( 1.000000000000000000, 0.7275397655757217530, 0.7275397655757217530, 1.000000000000000000 ) ) 
 REPRESENTATION_ITEM ( '' )  );
#1206 = DIRECTION ( 'NONE',  ( 0.000000000000000000, 0.000000000000000000, 1.000000000000000000 ) ) ;
#1207 = CYLINDRICAL_SURFACE ( 'NONE', #1671, 37.00000000000000000 ) ;
#1208 = EDGE_LOOP ( 'NONE', ( #78, #2513, #1005, #192, #312, #1780, #2429, #555, #2760, #1911 ) ) ;
#1209 = CARTESIAN_POINT ( 'NONE',  ( 11.00392066022354420, 27.99607933977646113, -24.93018719020940210 ) ) ;
#1210 = PLANE ( 'NONE',  #2421 ) ;
#1211 = ORIENTED_EDGE ( 'NONE', *, *, #1843, .F. ) ;
#1212 = ORIENTED_EDGE ( 'NONE', *, *, #849, .F. ) ;
#1213 = VECTOR ( 'NONE', #1715, 1000.000000000000000 ) ;
#1214 = DIRECTION ( 'NONE',  ( 0.000000000000000000, 1.000000000000000000, 0.000000000000000000 ) ) ;
#1215 = CARTESIAN_POINT ( 'NONE',  ( 12.00000000000000000, 0.000000000000000000, -65.93487481065839972 ) ) ;
#1216 = AXIS2_PLACEMENT_3D ( 'NONE', #1088, #309, #539 ) ;
#1217 = AXIS2_PLACEMENT_3D ( 'NONE', #2185, #643, #349 ) ;
#1218 = EDGE_CURVE ( 'NONE', #1601, #58, #2280, .T. ) ;
#1219 = DIRECTION ( 'NONE',  ( 0.5000000000000009992, 0.000000000000000000, -0.8660254037844380415 ) ) ;
#1220 = ORIENTED_EDGE ( 'NONE', *, *, #1904, .T. ) ;
#1221 = VECTOR ( 'NONE', #238, 1000.000000000000000 ) ;
#1222 = DIRECTION ( 'NONE',  ( 0.000000000000000000, 0.000000000000000000, 1.000000000000000000 ) ) ;
#1223 = LINE ( 'NONE', #1498, #2978 ) ;
#1224 = ADVANCED_FACE ( 'NONE', ( #2294 ), #1319, .F. ) ;
#1225 = VECTOR ( 'NONE', #620, 1000.000000000000000 ) ;
#1226 = SHAPE_DEFINITION_REPRESENTATION ( #1037, #1328 ) ;
#1227 = LINE ( 'NONE', #1451, #348 ) ;
#1228 = ORIENTED_EDGE ( 'NONE', *, *, #1008, .T. ) ;
#1229 = DIRECTION ( 'NONE',  ( -1.776356839400248887E-15, 0.000000000000000000, 1.000000000000000000 ) ) ;
#1230 = LINE ( 'NONE', #2529, #2150 ) ;
#1231 = AXIS2_PLACEMENT_3D ( 'NONE', #2452, #346, #1934 ) ;
#1232 = VECTOR ( 'NONE', #433, 1000.000000000000000 ) ;
#1233 = EDGE_LOOP ( 'NONE', ( #1598, #3293, #3010, #3346, #1027, #537, #2702 ) ) ;
#1234 = VERTEX_POINT ( 'NONE', #816 ) ;
#1235 = AXIS2_PLACEMENT_3D ( 'NONE', #636, #687, #1964 ) ;
#1236 = DIRECTION ( 'NONE',  ( -3.043374519257556522E-17, 1.000000000000000000, -0.000000000000000000 ) ) ;
#1237 = DIRECTION ( 'NONE',  ( 0.000000000000000000, -1.000000000000000000, -0.000000000000000000 ) ) ;
#1238 = FACE_OUTER_BOUND ( 'NONE', #1480, .T. ) ;
#1239 = ORIENTED_EDGE ( 'NONE', *, *, #59, .T. ) ;
#1240 = CARTESIAN_POINT ( 'NONE',  ( 12.00000000000000533, 4.999999999999720224, -24.10007704164818421 ) ) ;
#1241 = DIRECTION ( 'NONE',  ( 0.000000000000000000, 0.000000000000000000, 1.000000000000000000 ) ) ;
#1242 = ORIENTED_EDGE ( 'NONE', *, *, #970, .T. ) ;
#1243 = DIRECTION ( 'NONE',  ( 0.000000000000000000, 0.000000000000000000, -1.000000000000000000 ) ) ;
#1244 = CARTESIAN_POINT ( 'NONE',  ( -6.000000000000007105, 20.16413690523414459, -78.60769515458675016 ) ) ;
#1245 = VECTOR ( 'NONE', #1645, 1000.000000000000000 ) ;
#1246 = VECTOR ( 'NONE', #1700, 1000.000000000000000 ) ;
#1247 = EDGE_CURVE ( 'NONE', #1883, #2744, #2796, .T. ) ;
#1248 = DIRECTION ( 'NONE',  ( -0.5000000000000009992, 0.000000000000000000, 0.8660254037844380415 ) ) ;
#1249 = VERTEX_POINT ( 'NONE', #1013 ) ;
#1250 = ORIENTED_EDGE ( 'NONE', *, *, #784, .T. ) ;
#1251 = FACE_OUTER_BOUND ( 'NONE', #2684, .T. ) ;
#1252 = CARTESIAN_POINT ( 'NONE',  ( -8.999999999999998224, 62.00000000000000000, 0.000000000000000000 ) ) ;
#1253 = EDGE_LOOP ( 'NONE', ( #182, #3051, #2894, #825 ) ) ;
#1254 = DIRECTION ( 'NONE',  ( 0.000000000000000000, 0.000000000000000000, 1.000000000000000000 ) ) ;
#1255 = DIRECTION ( 'NONE',  ( -1.000000000000000000, 0.000000000000000000, 0.000000000000000000 ) ) ;
#1256 = CARTESIAN_POINT ( 'NONE',  ( 0.000000000000000000, 62.00000000000000000, -89.00000000000000000 ) ) ;
#1257 = ORIENTED_EDGE ( 'NONE', *, *, #271, .T. ) ;
#1258 = LINE ( 'NONE', #259, #1221 ) ;
#1259 = CARTESIAN_POINT ( 'NONE',  ( 0.000000000000000000, 0.000000000000000000, -89.00000000000000000 ) ) ;
#1260 = B_SPLINE_CURVE_WITH_KNOTS ( 'NONE', 3,
 ( #1929, #2662, #615, #1083 ),
 .UNSPECIFIED., .F., .F.,
 ( 4, 4 ),
 ( 0.000000000000000000, 0.002458162823976188776 ),
 .UNSPECIFIED. ) ;
#1261 = PLANE ( 'NONE',  #399 ) ;
#1262 = EDGE_LOOP ( 'NONE', ( #402, #175, #2566, #2111 ) ) ;
#1263 = EDGE_CURVE ( 'NONE', #2769, #1982, #1850, .T. ) ;
#1264 = DIRECTION ( 'NONE',  ( -0.000000000000000000, 1.000000000000000000, -0.000000000000000000 ) ) ;
#1265 = EDGE_CURVE ( 'NONE', #1067, #2866, #1508, .T. ) ;
#1266 = EDGE_LOOP ( 'NONE', ( #83, #2735, #472, #3035 ) ) ;
#1267 = DIRECTION ( 'NONE',  ( 0.000000000000000000, 0.000000000000000000, 1.000000000000000000 ) ) ;
#1268 = DIRECTION ( 'NONE',  ( -3.043374519257556522E-17, 1.000000000000000000, -0.000000000000000000 ) ) ;
#1269 = DIRECTION ( 'NONE',  ( -0.000000000000000000, 1.000000000000000000, -0.000000000000000000 ) ) ;
#1270 = ORIENTED_EDGE ( 'NONE', *, *, #1475, .F. ) ;
#1271 = DIRECTION ( 'NONE',  ( 3.043374519257556522E-17, -1.000000000000000000, 0.000000000000000000 ) ) ;
#1272 = VERTEX_POINT ( 'NONE', #3136 ) ;
#1273 = AXIS2_PLACEMENT_3D ( 'NONE', #467, #2032, #2297 ) ;
#1274 = AXIS2_PLACEMENT_3D ( 'NONE', #506, #26, #2895 ) ;
#1275 = CARTESIAN_POINT ( 'NONE',  ( 8.601411599008553566, 22.07157080673059113, -74.10191809370498106 ) ) ;
#1276 = ORIENTED_EDGE ( 'NONE', *, *, #1433, .T. ) ;
#1277 = CARTESIAN_POINT ( 'NONE',  ( 0.000000000000000000, 4.999999999999942268, -89.00000000000000000 ) ) ;
#1278 = AXIS2_PLACEMENT_3D ( 'NONE', #1323, #501, #2544 ) ;
#1279 = DIRECTION ( 'NONE',  ( 0.000000000000000000, 0.000000000000000000, -1.000000000000000000 ) ) ;
#1280 = CARTESIAN_POINT ( 'NONE',  ( 12.00000000000000533, -2.844946500601963635E-13, -24.10007704164818421 ) ) ;
#1281 = CARTESIAN_POINT ( 'NONE',  ( 12.00000000000000178, 4.999999999999831246, -40.46135560195361336 ) ) ;
#1282 = ORIENTED_EDGE ( 'NONE', *, *, #2207, .T. ) ;
#1283 = EDGE_CURVE ( 'NONE', #437, #980, #3389, .T. ) ;
#1284 = AXIS2_PLACEMENT_3D ( 'NONE', #1920, #40, #2653 ) ;
#1285 = CARTESIAN_POINT ( 'NONE',  ( -8.601411599008557118, 11.92842919326905360, -84.00000000000002842 ) ) ;
#1286 = DIRECTION ( 'NONE',  ( -0.000000000000000000, 1.000000000000000000, -0.000000000000000000 ) ) ;
#1287 = ORIENTED_EDGE ( 'NONE', *, *, #2905, .T. ) ;
#1288 = EDGE_CURVE ( 'NONE', #1395, #14, #2367, .T. ) ;
#1289 = FACE_OUTER_BOUND ( 'NONE', #696, .T. ) ;
#1290 = EDGE_CURVE ( 'NONE', #2210, #1883, #17, .T. ) ;
#1291 = PLANE ( 'NONE',  #2517 ) ;
#1292 = CIRCLE ( 'NONE', #3081, 77.00000000000000000 ) ;
#1293 = EDGE_CURVE ( 'NONE', #1141, #2698, #1592, .T. ) ;
#1294 = CARTESIAN_POINT ( 'NONE',  ( -7.000000000000000000, 4.999999999999997335, -66.87564434701789651 ) ) ;
#1295 = VERTEX_POINT ( 'NONE', #3117 ) ;
#1296 =( BOUNDED_CURVE ( )  B_SPLINE_CURVE ( 3, ( #1749, #2009, #160, #2711 ),
 .UNSPECIFIED., .F., .T. ) 
 B_SPLINE_CURVE_WITH_KNOTS ( ( 4, 4 ),
 ( 1.709704147740531921, 1.756476832504455077 ),
 .UNSPECIFIED. ) 
 CURVE ( )  GEOMETRIC_REPRESENTATION_ITEM ( )  RATIONAL_B_SPLINE_CURVE ( ( 1.000000000000000000, 0.9998177013054739826, 0.9998177013054739826, 1.000000000000000000 ) ) 
 REPRESENTATION_ITEM ( '' )  );
#1297 = DIRECTION ( 'NONE',  ( 0.5000000000000015543, 0.000000000000000000, 0.8660254037844378194 ) ) ;
#1298 = FACE_OUTER_BOUND ( 'NONE', #2130, .T. ) ;
#1299 = ORIENTED_EDGE ( 'NONE', *, *, #2660, .T. ) ;
#1300 = DIRECTION ( 'NONE',  ( 0.000000000000000000, 0.000000000000000000, 1.000000000000000000 ) ) ;
#1301 = VERTEX_POINT ( 'NONE', #2116 ) ;
#1302 = FACE_OUTER_BOUND ( 'NONE', #2231, .T. ) ;
#1303 = CARTESIAN_POINT ( 'NONE',  ( 9.502145026535457006, 29.49785497346454832, -11.58106126454902984 ) ) ;
#1304 = PERSON_AND_ORGANIZATION ( #44, #3182 ) ;
#1305 = DIRECTION ( 'NONE',  ( -0.000000000000000000, 1.000000000000000000, -0.000000000000000000 ) ) ;
#1306 = VERTEX_POINT ( 'NONE', #497 ) ;
#1307 = DIRECTION ( 'NONE',  ( -0.000000000000000000, -0.000000000000000000, 1.000000000000000000 ) ) ;
#1308 = LINE ( 'NONE', #2489, #2807 ) ;
#1309 = VECTOR ( 'NONE', #1236, 1000.000000000000000 ) ;
#1310 = ORIENTED_EDGE ( 'NONE', *, *, #2591, .F. ) ;
#1311 = DIRECTION ( 'NONE',  ( 0.000000000000000000, 0.000000000000000000, -1.000000000000000000 ) ) ;
#1312 = APPROVAL ( #2014, 'UNSPECIFIED' ) ;
#1313 = PLANE ( 'NONE',  #2747 ) ;
#1314 = ORIENTED_EDGE ( 'NONE', *, *, #2899, .F. ) ;
#1315 = DIRECTION ( 'NONE',  ( -0.000000000000000000, 1.000000000000000000, -0.000000000000000000 ) ) ;
#1316 = EDGE_CURVE ( 'NONE', #2998, #1642, #1177, .T. ) ;
#1317 = EDGE_CURVE ( 'NONE', #803, #659, #1772, .T. ) ;
#1318 =( BOUNDED_CURVE ( )  B_SPLINE_CURVE ( 3, ( #2945, #75, #2439, #103 ),
 .UNSPECIFIED., .F., .T. ) 
 B_SPLINE_CURVE_WITH_KNOTS ( ( 4, 4 ),
 ( 0.000000000000000000, 0.5235987755982997038 ),
 .UNSPECIFIED. ) 
 CURVE ( )  GEOMETRIC_REPRESENTATION_ITEM ( )  RATIONAL_B_SPLINE_CURVE ( ( 1.000000000000000000, 0.9772838841927120601, 0.9772838841927120601, 1.000000000000000000 ) ) 
 REPRESENTATION_ITEM ( '' )  );
#1319 = CYLINDRICAL_SURFACE ( 'NONE', #1349, 33.99999999999999289 ) ;
#1320 = ORIENTED_EDGE ( 'NONE', *, *, #888, .T. ) ;
#1321 = CARTESIAN_POINT ( 'NONE',  ( 0.000000000000000000, 0.000000000000000000, 0.000000000000000000 ) ) ;
#1322 = CARTESIAN_POINT ( 'NONE',  ( -12.00000000000000000, 54.00000000000000000, -51.36690286463257138 ) ) ;
#1323 = CARTESIAN_POINT ( 'NONE',  ( -8.000000000000007105, 13.83586309476550902, 0.000000000000000000 ) ) ;
#1324 = CYLINDRICAL_SURFACE ( 'NONE', #3020, 33.99999999999999289 ) ;
#1325 = ORIENTED_EDGE ( 'NONE', *, *, #826, .F. ) ;
#1326 = DIRECTION ( 'NONE',  ( 1.017203577148497449E-16, 0.000000000000000000, 1.000000000000000000 ) ) ;
#1327 = DIRECTION ( 'NONE',  ( 0.000000000000000000, 0.000000000000000000, -1.000000000000000000 ) ) ;
#1328 = ADVANCED_BREP_SHAPE_REPRESENTATION ( 'CSWA_10_4', ( #2409, #3342 ), #1444 ) ;
#1329 = ORIENTED_EDGE ( 'NONE', *, *, #3096, .T. ) ;
#1330 = FACE_OUTER_BOUND ( 'NONE', #2980, .T. ) ;
#1331 = ORIENTED_EDGE ( 'NONE', *, *, #3053, .F. ) ;
#1332 = CARTESIAN_POINT ( 'NONE',  ( 10.50000000000001066, 28.49999999999999645, -12.71926848803821208 ) ) ;
#1333 = ORIENTED_EDGE ( 'NONE', *, *, #1602, .T. ) ;
#1334 = PERSON_AND_ORGANIZATION ( #44, #3182 ) ;
#1335 = EDGE_CURVE ( 'NONE', #923, #2080, #3355, .T. ) ;
#1336 = CARTESIAN_POINT ( 'NONE',  ( 6.000000000000007105, 20.16413690523414459, -78.60769515458676437 ) ) ;
#1337 = ORIENTED_EDGE ( 'NONE', *, *, #2503, .T. ) ;
#1338 = ADVANCED_FACE ( 'NONE', ( #2541 ), #1814, .F. ) ;
#1339 = CARTESIAN_POINT ( 'NONE',  ( 0.000000000000000000, 4.999999999999824141, -11.99999999999999645 ) ) ;
#1340 = DIRECTION ( 'NONE',  ( -0.000000000000000000, 1.000000000000000000, -0.000000000000000000 ) ) ;
#1341 = CIRCLE ( 'NONE', #2841, 52.99999999999998579 ) ;
#1342 = MECHANICAL_CONTEXT ( 'NONE', #2026, 'mechanical' ) ;
#1343 = DIRECTION ( 'NONE',  ( 1.000000000000000000, 0.000000000000000000, 4.510281037539698445E-15 ) ) ;
#1344 = ORIENTED_EDGE ( 'NONE', *, *, #480, .F. ) ;
#1345 = ORIENTED_EDGE ( 'NONE', *, *, #100, .F. ) ;
#1346 = CIRCLE ( 'NONE', #728, 28.99999999999999645 ) ;
#1347 = AXIS2_PLACEMENT_3D ( 'NONE', #3123, #786, #1838 ) ;
#1348 = VERTEX_POINT ( 'NONE', #464 ) ;
#1349 = AXIS2_PLACEMENT_3D ( 'NONE', #536, #2815, #1300 ) ;
#1350 = DIRECTION ( 'NONE',  ( -0.000000000000000000, -0.000000000000000000, 1.000000000000000000 ) ) ;
#1351 = ORIENTED_EDGE ( 'NONE', *, *, #316, .T. ) ;
#1352 = FACE_OUTER_BOUND ( 'NONE', #2030, .T. ) ;
#1353 = ORIENTED_EDGE ( 'NONE', *, *, #2128, .F. ) ;
#1354 = CIRCLE ( 'NONE', #3249, 2.000000000000000000 ) ;
#1355 = DIRECTION ( 'NONE',  ( 0.000000000000000000, 0.000000000000000000, 1.000000000000000000 ) ) ;
#1356 = CARTESIAN_POINT ( 'NONE',  ( 5.204170427930421283E-15, 59.00000000000000000, -79.00000000000002842 ) ) ;
#1357 = ADVANCED_FACE ( 'NONE', ( #2829 ), #1576, .T. ) ;
#1358 = DIRECTION ( 'NONE',  ( 0.000000000000000000, 1.000000000000000000, 0.000000000000000000 ) ) ;
#1359 = VERTEX_POINT ( 'NONE', #994 ) ;
#1360 = DIRECTION ( 'NONE',  ( 0.000000000000000000, 1.000000000000000000, 0.000000000000000000 ) ) ;
#1361 = CARTESIAN_POINT ( 'NONE',  ( 5.204170427930421283E-15, 62.00000000000000000, -84.00000000000002842 ) ) ;
#1362 = EDGE_CURVE ( 'NONE', #1653, #2236, #2047, .T. ) ;
#1363 = AXIS2_PLACEMENT_3D ( 'NONE', #381, #1138, #920 ) ;
#1364 = EDGE_CURVE ( 'NONE', #1673, #2752, #1122, .T. ) ;
#1365 = AXIS2_PLACEMENT_3D ( 'NONE', #1461, #2237, #1327 ) ;
#1366 = ORIENTED_EDGE ( 'NONE', *, *, #2771, .T. ) ;
#1367 = CIRCLE ( 'NONE', #2658, 42.00000000000000711 ) ;
#1368 = AXIS2_PLACEMENT_3D ( 'NONE', #456, #2533, #703 ) ;
#1369 = CARTESIAN_POINT ( 'NONE',  ( 0.000000000000000000, 62.00000000000000000, -89.00000000000000000 ) ) ;
#1370 = VERTEX_POINT ( 'NONE', #322 ) ;
#1371 = DIRECTION ( 'NONE',  ( -0.000000000000000000, 1.000000000000000000, -0.000000000000000000 ) ) ;
#1372 = ORIENTED_EDGE ( 'NONE', *, *, #666, .T. ) ;
#1373 = CARTESIAN_POINT ( 'NONE',  ( 0.000000000000000000, 0.000000000000000000, -15.00000000000000000 ) ) ;
#1374 = PLANE ( 'NONE',  #3066 ) ;
#1375 = PLANE ( 'NONE',  #3188 ) ;
#1376 = ORIENTED_EDGE ( 'NONE', *, *, #144, .F. ) ;
#1377 = DIRECTION ( 'NONE',  ( -1.000000000000000000, 0.000000000000000000, 0.000000000000000000 ) ) ;
#1378 = DIRECTION ( 'NONE',  ( 0.000000000000000000, 0.000000000000000000, 1.000000000000000000 ) ) ;
#1379 = PLANE ( 'NONE',  #796 ) ;
#1380 = ORIENTED_EDGE ( 'NONE', *, *, #2949, .F. ) ;
#1381 = ADVANCED_FACE ( 'NONE', ( #1417 ), #1402, .T. ) ;
#1382 = FACE_OUTER_BOUND ( 'NONE', #2830, .T. ) ;
#1383 = ORIENTED_EDGE ( 'NONE', *, *, #737, .F. ) ;
#1384 = FACE_OUTER_BOUND ( 'NONE', #3101, .T. ) ;
#1385 = ORIENTED_EDGE ( 'NONE', *, *, #278, .T. ) ;
#1386 = CARTESIAN_POINT ( 'NONE',  ( 0.000000000000000000, 0.000000000000000000, -89.00000000000000000 ) ) ;
#1387 = DIRECTION ( 'NONE',  ( -0.000000000000000000, 1.000000000000000000, -0.000000000000000000 ) ) ;
#1388 = CYLINDRICAL_SURFACE ( 'NONE', #15, 28.99999999999999645 ) ;
#1389 = VERTEX_POINT ( 'NONE', #1652 ) ;
#1390 = DIRECTION ( 'NONE',  ( 0.000000000000000000, 0.000000000000000000, 1.000000000000000000 ) ) ;
#1391 = LINE ( 'NONE', #2946, #161 ) ;
#1392 = VECTOR ( 'NONE', #586, 1000.000000000000000 ) ;
#1393 = CARTESIAN_POINT ( 'NONE',  ( 8.000000000000007105, 20.16413690523414104, -84.00000000000002842 ) ) ;
#1394 = VERTEX_POINT ( 'NONE', #3184 ) ;
#1395 = VERTEX_POINT ( 'NONE', #2646 ) ;
#1396 = VECTOR ( 'NONE', #2834, 1000.000000000000000 ) ;
#1397 = ADVANCED_FACE ( 'NONE', ( #3216 ), #1868, .F. ) ;
#1398 = AXIS2_PLACEMENT_3D ( 'NONE', #824, #1237, #528 ) ;
#1399 = B_SPLINE_CURVE_WITH_KNOTS ( 'NONE', 3,
 ( #2264, #1502, #2481, #3287 ),
 .UNSPECIFIED., .F., .F.,
 ( 4, 4 ),
 ( 0.06476492500755715032, 0.06690483238043895553 ),
 .UNSPECIFIED. ) ;
#1400 = VECTOR ( 'NONE', #24, 1000.000000000000000 ) ;
#1401 = EDGE_CURVE ( 'NONE', #3213, #799, #2922, .T. ) ;
#1402 = CYLINDRICAL_SURFACE ( 'NONE', #961, 53.00000000000000000 ) ;
#1403 = ORIENTED_EDGE ( 'NONE', *, *, #3247, .F. ) ;
#1404 = DIRECTION ( 'NONE',  ( 0.000000000000000000, 0.000000000000000000, 1.000000000000000000 ) ) ;
#1405 = VECTOR ( 'NONE', #761, 1000.000000000000000 ) ;
#1406 = DIRECTION ( 'NONE',  ( 0.3007057995042748955, -0.9537169507482263775, 0.000000000000000000 ) ) ;
#1407 = ORIENTED_EDGE ( 'NONE', *, *, #549, .F. ) ;
#1408 = DIRECTION ( 'NONE',  ( -1.017203577148497449E-16, -0.000000000000000000, -1.000000000000000000 ) ) ;
#1409 = DIRECTION ( 'NONE',  ( 0.000000000000000000, -1.000000000000000000, 0.000000000000000000 ) ) ;
#1410 = CARTESIAN_POINT ( 'NONE',  ( -35.94005425705426404, 62.00000000000000000, -20.75000000000008882 ) ) ;
#1411 = ORIENTED_EDGE ( 'NONE', *, *, #1421, .F. ) ;
#1412 = ORIENTED_EDGE ( 'NONE', *, *, #165, .T. ) ;
#1413 = CC_DESIGN_DATE_AND_TIME_ASSIGNMENT ( #1519, #2540, ( #2471 ) ) ;
#1414 = DIRECTION ( 'NONE',  ( -1.000000000000000000, 0.000000000000000000, 0.000000000000000000 ) ) ;
#1415 = CIRCLE ( 'NONE', #1469, 28.99999999999999645 ) ;
#1416 = EDGE_CURVE ( 'NONE', #1195, #580, #2127, .T. ) ;
#1417 = FACE_OUTER_BOUND ( 'NONE', #729, .T. ) ;
#1418 = ORIENTED_EDGE ( 'NONE', *, *, #360, .T. ) ;
#1419 = DIRECTION ( 'NONE',  ( -1.000000000000000000, 0.000000000000000000, 0.000000000000000000 ) ) ;
#1420 = DIRECTION ( 'NONE',  ( 0.000000000000000000, 0.000000000000000000, -1.000000000000000000 ) ) ;
#1421 = EDGE_CURVE ( 'NONE', #2379, #1697, #599, .T. ) ;
#1422 = FACE_OUTER_BOUND ( 'NONE', #2935, .T. ) ;
#1423 = ORIENTED_EDGE ( 'NONE', *, *, #1142, .T. ) ;
#1424 = CYLINDRICAL_SURFACE ( 'NONE', #1661, 66.00000000000000000 ) ;
#1425 = CARTESIAN_POINT ( 'NONE',  ( -10.49999999999998401, 28.49999999999999645, -12.71926848803821208 ) ) ;
#1426 = LINE ( 'NONE', #1926, #3073 ) ;
#1427 = EDGE_LOOP ( 'NONE', ( #910, #3283, #3261, #254 ) ) ;
#1428 = ORIENTED_EDGE ( 'NONE', *, *, #3033, .F. ) ;
#1429 = CARTESIAN_POINT ( 'NONE',  ( -11.33012701892219454, 62.00000000000000000, -69.37564434701789651 ) ) ;
#1430 = CARTESIAN_POINT ( 'NONE',  ( 12.00000000000000711, 12.99999999999983125, -5.000000000000004441 ) ) ;
#1431 = ORIENTED_EDGE ( 'NONE', *, *, #1247, .F. ) ;
#1432 = CARTESIAN_POINT ( 'NONE',  ( -12.00000000000000000, 62.00000000000000000, -12.94081252077432254 ) ) ;
#1433 = EDGE_CURVE ( 'NONE', #1067, #2532, #866, .T. ) ;
#1434 = FACE_OUTER_BOUND ( 'NONE', #2805, .T. ) ;
#1435 = ORIENTED_EDGE ( 'NONE', *, *, #2944, .F. ) ;
#1436 = PLANE ( 'NONE',  #2903 ) ;
#1437 = CARTESIAN_POINT ( 'NONE',  ( 0.000000000000000000, 0.000000000000000000, -60.00000000000000000 ) ) ;
#1438 = EDGE_CURVE ( 'NONE', #770, #1880, #1292, .T. ) ;
#1439 = CARTESIAN_POINT ( 'NONE',  ( 0.000000000000000000, 4.999999999999997335, -89.00000000000000000 ) ) ;
#1440 = ORIENTED_EDGE ( 'NONE', *, *, #2488, .F. ) ;
#1441 = ORIENTED_EDGE ( 'NONE', *, *, #2562, .T. ) ;
#1442 = VECTOR ( 'NONE', #1984, 1000.000000000000000 ) ;
#1443 = CONICAL_SURFACE ( 'NONE', #1887, 77.00000000000000000, 0.7853981633974482790 ) ;
#1444 =( GEOMETRIC_REPRESENTATION_CONTEXT ( 3 ) GLOBAL_UNCERTAINTY_ASSIGNED_CONTEXT ( ( #2992 ) ) GLOBAL_UNIT_ASSIGNED_CONTEXT ( ( #3105, #240, #485 ) ) REPRESENTATION_CONTEXT ( 'NONE', 'WORKASPACE' ) );
#1445 = LINE ( 'NONE', #1698, #1309 ) ;
#1446 = VECTOR ( 'NONE', #3218, 999.9999999999998863 ) ;
#1447 = DIRECTION ( 'NONE',  ( 3.043374519257556522E-17, -1.000000000000000000, 0.000000000000000000 ) ) ;
#1448 = CARTESIAN_POINT ( 'NONE',  ( -6.000000000000007105, 13.83586309476550724, 0.000000000000000000 ) ) ;
#1449 = VERTEX_POINT ( 'NONE', #2192 ) ;
#1450 = CARTESIAN_POINT ( 'NONE',  ( 10.87779991155308856, 28.12220008844692387, -1.236963375013054867 ) ) ;
#1451 = CARTESIAN_POINT ( 'NONE',  ( 0.000000000000000000, 62.00000000000000000, -55.00000000000000000 ) ) ;
#1452 = ORIENTED_EDGE ( 'NONE', *, *, #739, .F. ) ;
#1453 = EDGE_CURVE ( 'NONE', #817, #1761, #1806, .T. ) ;
#1454 = DIRECTION ( 'NONE',  ( -3.043374519257556522E-17, 1.000000000000000000, -0.000000000000000000 ) ) ;
#1455 = CARTESIAN_POINT ( 'NONE',  ( 0.000000000000000000, 4.999999999999942268, -52.00000000000000000 ) ) ;
#1456 = EDGE_LOOP ( 'NONE', ( #2147, #1554, #590, #2654, #3271, #2265 ) ) ;
#1457 = ADVANCED_FACE ( 'NONE', ( #1384 ), #289, .F. ) ;
#1458 = ORIENTED_EDGE ( 'NONE', *, *, #845, .F. ) ;
#1459 = CIRCLE ( 'NONE', #2381, 37.00000000000000000 ) ;
#1460 = ADVANCED_FACE ( 'NONE', ( #1352 ), #2162, .T. ) ;
#1461 = CARTESIAN_POINT ( 'NONE',  ( 7.000000000000006217, 62.00000000000000000, -5.000000000000004441 ) ) ;
#1462 = CARTESIAN_POINT ( 'NONE',  ( -12.00000000000000000, 26.99999999999998224, -4.999999999999999112 ) ) ;
#1463 = CARTESIAN_POINT ( 'NONE',  ( 12.00000000000000355, 62.00000000000000000, -40.46135560195360625 ) ) ;
#1464 = CARTESIAN_POINT ( 'NONE',  ( -12.00000000000000000, 38.00000000000000000, -26.64416627131027582 ) ) ;
#1465 = VERTEX_POINT ( 'NONE', #2628 ) ;
#1466 = LINE ( 'NONE', #902, #304 ) ;
#1467 = CARTESIAN_POINT ( 'NONE',  ( 12.00000000000000533, 62.00000000000000000, -24.10007704164818421 ) ) ;
#1468 = VERTEX_POINT ( 'NONE', #95 ) ;
#1469 = AXIS2_PLACEMENT_3D ( 'NONE', #1044, #513, #731 ) ;
#1470 = CARTESIAN_POINT ( 'NONE',  ( 9.000000000000000000, 30.00000000000000000, -24.62609224227567495 ) ) ;
#1471 = CARTESIAN_POINT ( 'NONE',  ( -8.067229819791423395, 11.81797762365089355, -0.1072987892152270084 ) ) ;
#1472 = VERTEX_POINT ( 'NONE', #1101 ) ;
#1473 = ORIENTED_EDGE ( 'NONE', *, *, #777, .F. ) ;
#1474 = EDGE_CURVE ( 'NONE', #263, #301, #2889, .T. ) ;
#1475 = EDGE_CURVE ( 'NONE', #2948, #3274, #2384, .T. ) ;
#1476 = DIRECTION ( 'NONE',  ( 0.000000000000000000, 0.000000000000000000, 1.000000000000000000 ) ) ;
#1477 = DIRECTION ( 'NONE',  ( -1.017203577148497449E-16, -0.000000000000000000, -1.000000000000000000 ) ) ;
#1478 = DIRECTION ( 'NONE',  ( 1.000000000000000000, 0.000000000000000000, 0.000000000000000000 ) ) ;
#1479 = CARTESIAN_POINT ( 'NONE',  ( -8.999999999999998224, 62.00000000000000000, -66.87564434701789651 ) ) ;
#1480 = EDGE_LOOP ( 'NONE', ( #1628, #1738, #318, #890, #2821, #2321, #1638, #118, #2531, #1158, #2923, #353 ) ) ;
#1481 = FACE_OUTER_BOUND ( 'NONE', #3197, .T. ) ;
#1482 = CALENDAR_DATE ( 2026, 14, 8 ) ;
#1483 = LINE ( 'NONE', #2281, #2378 ) ;
#1484 = ORIENTED_EDGE ( 'NONE', *, *, #2650, .T. ) ;
#1485 = CARTESIAN_POINT ( 'NONE',  ( 0.000000000000000000, 4.999999999999997335, -89.00000000000000000 ) ) ;
#1486 = CYLINDRICAL_SURFACE ( 'NONE', #2900, 2.000000000000000000 ) ;
#1487 = VERTEX_POINT ( 'NONE', #1085 ) ;
#1488 = ORIENTED_EDGE ( 'NONE', *, *, #1474, .T. ) ;
#1489 = CARTESIAN_POINT ( 'NONE',  ( -12.00000000000000000, 26.99999999999998934, -2.951152325077760707 ) ) ;
#1490 = AXIS2_PLACEMENT_3D ( 'NONE', #2200, #2498, #2186 ) ;
#1491 = DIRECTION ( 'NONE',  ( 0.000000000000000000, 0.000000000000000000, 1.000000000000000000 ) ) ;
#1492 = VECTOR ( 'NONE', #2590, 1000.000000000000000 ) ;
#1493 = DIRECTION ( 'NONE',  ( -0.000000000000000000, -0.000000000000000000, 1.000000000000000000 ) ) ;
#1494 = DIRECTION ( 'NONE',  ( 3.043374519257556522E-17, -1.000000000000000000, 0.000000000000000000 ) ) ;
#1495 = ORIENTED_EDGE ( 'NONE', *, *, #1218, .F. ) ;
#1496 = CARTESIAN_POINT ( 'NONE',  ( -12.00000000000000355, 4.999999999999997335, -62.59924243511183306 ) ) ;
#1497 = EDGE_CURVE ( 'NONE', #2765, #3326, #1950, .T. ) ;
#1498 = CARTESIAN_POINT ( 'NONE',  ( 12.00000000000000000, 0.000000000000000000, -68.21539030917354296 ) ) ;
#1499 = EDGE_CURVE ( 'NONE', #307, #2236, #2146, .T. ) ;
#1500 = AXIS2_PLACEMENT_3D ( 'NONE', #524, #2602, #262 ) ;
#1501 = CALENDAR_DATE ( 2026, 14, 8 ) ;
#1502 = CARTESIAN_POINT ( 'NONE',  ( -12.00000000000000000, 38.49989109262494225, -26.13510268441641315 ) ) ;
#1503 = VERTEX_POINT ( 'NONE', #379 ) ;
#1504 = DIRECTION ( 'NONE',  ( -1.687538997430233839E-14, 0.000000000000000000, -1.000000000000000000 ) ) ;
#1505 = DIRECTION ( 'NONE',  ( 0.7071067811865475727, -0.7071067811865475727, 0.000000000000000000 ) ) ;
#1506 = ORIENTED_EDGE ( 'NONE', *, *, #2966, .F. ) ;
#1507 = ORIENTED_EDGE ( 'NONE', *, *, #777, .T. ) ;
#1508 = CIRCLE ( 'NONE', #3357, 25.99999999999999645 ) ;
#1509 = AXIS2_PLACEMENT_3D ( 'NONE', #2436, #3219, #883 ) ;
#1510 = CARTESIAN_POINT ( 'NONE',  ( -12.00000000000000000, 4.999999999999886313, -45.62950311559711736 ) ) ;
#1511 = B_SPLINE_CURVE_WITH_KNOTS ( 'NONE', 3,
 ( #136, #2764, #1189, #2230, #707, #2000, #1726, #937 ),
 .UNSPECIFIED., .F., .F.,
 ( 4, 2, 2, 4 ),
 ( 1.084202172485504434E-19, 0.0004191714845713046065, 0.0008383429691426091046, 0.001676685938285217992 ),
 .UNSPECIFIED. ) ;
#1512 = CARTESIAN_POINT ( 'NONE',  ( 0.000000000000000000, 4.999999999999775291, -89.00000000000000000 ) ) ;
#1513 = CARTESIAN_POINT ( 'NONE',  ( -9.503538830217982181, 45.49646116978200183, -35.84311497138097025 ) ) ;
#1514 = ORIENTED_EDGE ( 'NONE', *, *, #3264, .T. ) ;
#1515 = CARTESIAN_POINT ( 'NONE',  ( -9.998795415464016401, 29.00120458453596228, -13.15620851484452736 ) ) ;
#1516 = DIRECTION ( 'NONE',  ( -1.017203577148497449E-16, -0.000000000000000000, -1.000000000000000000 ) ) ;
#1517 = SECURITY_CLASSIFICATION_LEVEL ( 'unclassified' ) ;
#1518 = EDGE_CURVE ( 'NONE', #1742, #1663, #2260, .T. ) ;
#1519 = DATE_AND_TIME ( #2279, #1662 ) ;
#1520 = ORIENTED_EDGE ( 'NONE', *, *, #2795, .T. ) ;
#1521 = ADVANCED_FACE ( 'NONE', ( #1737 ), #1167, .F. ) ;
#1522 = CARTESIAN_POINT ( 'NONE',  ( -12.00000000000000000, 62.00000000000000000, -49.79540843217468193 ) ) ;
#1523 = FACE_OUTER_BOUND ( 'NONE', #1266, .T. ) ;
#1524 = CARTESIAN_POINT ( 'NONE',  ( -8.601411599008557118, 11.92842919326905360, -0.2633893034617307283 ) ) ;
#1525 = VECTOR ( 'NONE', #2238, 1000.000000000000000 ) ;
#1526 = ORIENTED_EDGE ( 'NONE', *, *, #1098, .T. ) ;
#1527 = VERTEX_POINT ( 'NONE', #1430 ) ;
#1528 = VERTEX_POINT ( 'NONE', #2492 ) ;
#1529 = DIRECTION ( 'NONE',  ( 0.000000000000000000, 0.000000000000000000, 1.000000000000000000 ) ) ;
#1530 = CARTESIAN_POINT ( 'NONE',  ( 0.000000000000000000, 62.00000000000000000, -11.99999999999999645 ) ) ;
#1531 = ORIENTED_EDGE ( 'NONE', *, *, #1602, .F. ) ;
#1532 =( BOUNDED_CURVE ( )  B_SPLINE_CURVE ( 3, ( #2623, #2952, #863, #1133 ),
 .UNSPECIFIED., .F., .T. ) 
 B_SPLINE_CURVE_WITH_KNOTS ( ( 4, 4 ),
 ( 1.792110769142687632, 1.867827758222915024 ),
 .UNSPECIFIED. ) 
 CURVE ( )  GEOMETRIC_REPRESENTATION_ITEM ( )  RATIONAL_B_SPLINE_CURVE ( ( 1.000000000000000000, 0.9995223018568344386, 0.9995223018568344386, 1.000000000000000000 ) ) 
 REPRESENTATION_ITEM ( '' )  );
#1533 = CARTESIAN_POINT ( 'NONE',  ( -12.00000000000000888, 12.99999999999982414, -84.00000000000002842 ) ) ;
#1534 = DIRECTION ( 'NONE',  ( 0.000000000000000000, 1.000000000000000000, 0.000000000000000000 ) ) ;
#1535 = PERSON_AND_ORGANIZATION ( #44, #3182 ) ;
#1536 = DIRECTION ( 'NONE',  ( -1.017203577148497449E-16, -0.000000000000000000, -1.000000000000000000 ) ) ;
#1537 = ORIENTED_EDGE ( 'NONE', *, *, #2991, .F. ) ;
#1538 = LINE ( 'NONE', #1034, #1164 ) ;
#1539 = CARTESIAN_POINT ( 'NONE',  ( 0.000000000000000000, 4.999999999999720224, -22.99999999999999289 ) ) ;
#1540 = ADVANCED_FACE ( 'NONE', ( #2276 ), #2209, .F. ) ;
#1541 = LINE ( 'NONE', #1872, #122 ) ;
#1542 = ORIENTED_EDGE ( 'NONE', *, *, #2182, .F. ) ;
#1543 = CARTESIAN_POINT ( 'NONE',  ( 7.000000000000006217, 21.89618771280301601, 0.000000000000000000 ) ) ;
#1544 = CYLINDRICAL_SURFACE ( 'NONE', #2112, 45.00000000000000000 ) ;
#1545 = EDGE_CURVE ( 'NONE', #2424, #2752, #2270, .T. ) ;
#1546 = ORIENTED_EDGE ( 'NONE', *, *, #678, .F. ) ;
#1547 = DIRECTION ( 'NONE',  ( -0.000000000000000000, 1.000000000000000000, -0.000000000000000000 ) ) ;
#1548 = CYLINDRICAL_SURFACE ( 'NONE', #1175, 77.00000000000000000 ) ;
#1549 = ORIENTED_EDGE ( 'NONE', *, *, #231, .F. ) ;
#1550 = DIRECTION ( 'NONE',  ( -1.017203577148497449E-16, -0.000000000000000000, -1.000000000000000000 ) ) ;
#1551 = CIRCLE ( 'NONE', #946, 61.00000000000000000 ) ;
#1552 = VECTOR ( 'NONE', #1615, 1000.000000000000000 ) ;
#1553 = DIRECTION ( 'NONE',  ( -3.043374519257556522E-17, 1.000000000000000000, -0.000000000000000000 ) ) ;
#1554 = ORIENTED_EDGE ( 'NONE', *, *, #2545, .F. ) ;
#1555 = PLANE ( 'NONE',  #672 ) ;
#1556 = CYLINDRICAL_SURFACE ( 'NONE', #2361, 5.000000000000004441 ) ;
#1557 = DIRECTION ( 'NONE',  ( -1.000000000000000000, 0.000000000000000000, 0.000000000000000000 ) ) ;
#1558 = B_SPLINE_CURVE_WITH_KNOTS ( 'NONE', 3,
 ( #460, #2809, #1513, #2534 ),
 .UNSPECIFIED., .F., .F.,
 ( 4, 4 ),
 ( 0.000000000000000000, 0.002783541466112400033 ),
 .UNSPECIFIED. ) ;
#1559 = DIRECTION ( 'NONE',  ( 1.000000000000000000, 4.595293976097502902E-17, 8.822964434107205967E-15 ) ) ;
#1560 = VERTEX_POINT ( 'NONE', #1464 ) ;
#1561 = CIRCLE ( 'NONE', #899, 5.000000000000000000 ) ;
#1562 = EDGE_LOOP ( 'NONE', ( #2523, #2614, #105, #2045, #2603, #1344, #2493, #445, #1086, #150 ) ) ;
#1563 = CARTESIAN_POINT ( 'NONE',  ( 0.000000000000000000, 62.00000000000000000, -39.00000000000000000 ) ) ;
#1564 = EDGE_CURVE ( 'NONE', #3387, #1653, #1565, .T. ) ;
#1565 =( BOUNDED_CURVE ( )  B_SPLINE_CURVE ( 3, ( #3042, #1202, #181, #1688 ),
 .UNSPECIFIED., .F., .F. ) 
 B_SPLINE_CURVE_WITH_KNOTS ( ( 4, 4 ),
 ( 1.792110769142687854, 1.867827758222915024 ),
 .UNSPECIFIED. ) 
 CURVE ( )  GEOMETRIC_REPRESENTATION_ITEM ( )  RATIONAL_B_SPLINE_CURVE ( ( 1.000000000000000000, 0.9995223018568344386, 0.9995223018568344386, 1.000000000000000000 ) ) 
 REPRESENTATION_ITEM ( '' )  );
#1566 = ADVANCED_FACE ( 'NONE', ( #2759 ), #651, .T. ) ;
#1567 = DIRECTION ( 'NONE',  ( 0.000000000000000000, 0.000000000000000000, 1.000000000000000000 ) ) ;
#1568 = ORIENTED_EDGE ( 'NONE', *, *, #2675, .T. ) ;
#1569 = EDGE_CURVE ( 'NONE', #2629, #1665, #629, .T. ) ;
#1570 = CARTESIAN_POINT ( 'NONE',  ( 12.00000000000000355, 62.00000000000000000, -37.37636200343877135 ) ) ;
#1571 = CARTESIAN_POINT ( 'NONE',  ( 8.344373707774064286, 11.84738545746670546, -0.1764867719303624127 ) ) ;
#1572 = DIRECTION ( 'NONE',  ( 0.000000000000000000, 0.000000000000000000, -1.000000000000000000 ) ) ;
#1573 = ORIENTED_EDGE ( 'NONE', *, *, #3285, .T. ) ;
#1574 = DIRECTION ( 'NONE',  ( 0.000000000000000000, 0.000000000000000000, 1.000000000000000000 ) ) ;
#1575 = ORIENTED_EDGE ( 'NONE', *, *, #3304, .F. ) ;
#1576 = CYLINDRICAL_SURFACE ( 'NONE', #520, 40.99999999999999289 ) ;
#1577 = EDGE_LOOP ( 'NONE', ( #2964, #2375, #2153, #1120 ) ) ;
#1578 = CARTESIAN_POINT ( 'NONE',  ( 12.00000000000000178, 55.50000000000001421, -49.79540843217468193 ) ) ;
#1579 = DIRECTION ( 'NONE',  ( 0.000000000000000000, 0.000000000000000000, 1.000000000000000000 ) ) ;
#1580 = APPLICATION_CONTEXT ( 'configuration controlled 3d designs of mechanical parts and assemblies' ) ;
#1581 = FACE_OUTER_BOUND ( 'NONE', #2737, .T. ) ;
#1582 = ORIENTED_EDGE ( 'NONE', *, *, #2266, .T. ) ;
#1583 = LINE ( 'NONE', #1285, #508 ) ;
#1584 = LINE ( 'NONE', #1022, #943 ) ;
#1585 = DIRECTION ( 'NONE',  ( 0.000000000000000000, 1.000000000000000000, -0.000000000000000000 ) ) ;
#1586 = EDGE_LOOP ( 'NONE', ( #756, #856, #2317, #3067 ) ) ;
#1587 = EDGE_CURVE ( 'NONE', #3252, #519, #3004, .T. ) ;
#1588 = ADVANCED_FACE ( 'NONE', ( #1238 ), #948, .F. ) ;
#1589 = CARTESIAN_POINT ( 'NONE',  ( -12.00000000000000000, 0.000000000000000000, -37.37636200343877135 ) ) ;
#1590 = EDGE_LOOP ( 'NONE', ( #1696, #960, #1132, #2025, #2042 ) ) ;
#1591 = FACE_OUTER_BOUND ( 'NONE', #628, .T. ) ;
#1592 = LINE ( 'NONE', #2613, #3028 ) ;
#1593 = VERTEX_POINT ( 'NONE', #1947 ) ;
#1594 = CYLINDRICAL_SURFACE ( 'NONE', #13, 49.99999999999999289 ) ;
#1595 = CARTESIAN_POINT ( 'NONE',  ( -8.601411599008553566, 22.07157080673059113, -74.10191809370495264 ) ) ;
#1596 = DIRECTION ( 'NONE',  ( 1.000000000000000000, 0.000000000000000000, 0.000000000000000000 ) ) ;
#1597 = CARTESIAN_POINT ( 'NONE',  ( 12.00000000000000533, 62.00000000000000000, -29.19197378277727495 ) ) ;
#1598 = ORIENTED_EDGE ( 'NONE', *, *, #1401, .F. ) ;
#1599 = EDGE_LOOP ( 'NONE', ( #2187, #2535, #2598, #434, #2500, #2012 ) ) ;
#1600 = CARTESIAN_POINT ( 'NONE',  ( 12.00000000000000178, -6.245004513516505540E-14, -54.00000000000000000 ) ) ;
#1601 = VERTEX_POINT ( 'NONE', #3300 ) ;
#1602 = EDGE_CURVE ( 'NONE', #2596, #1449, #1753, .T. ) ;
#1603 = CARTESIAN_POINT ( 'NONE',  ( -6.000000000000007105, 20.16413690523414459, -84.00000000000002842 ) ) ;
#1604 = ORIENTED_EDGE ( 'NONE', *, *, #2487, .T. ) ;
#1605 = EDGE_CURVE ( 'NONE', #2204, #2810, #2160, .T. ) ;
#1606 = CARTESIAN_POINT ( 'NONE',  ( 0.000000000000000000, 62.00000000000000000, -89.00000000000000000 ) ) ;
#1607 = VERTEX_POINT ( 'NONE', #1448 ) ;
#1608 = LINE ( 'NONE', #1870, #3018 ) ;
#1609 = LINE ( 'NONE', #2892, #1109 ) ;
#1610 = ADVANCED_FACE ( 'NONE', ( #2477 ), #162, .F. ) ;
#1611 = VECTOR ( 'NONE', #869, 1000.000000000000000 ) ;
#1612 = AXIS2_PLACEMENT_3D ( 'NONE', #1693, #1454, #1708 ) ;
#1613 = DIRECTION ( 'NONE',  ( -0.000000000000000000, -0.000000000000000000, 1.000000000000000000 ) ) ;
#1614 = EDGE_LOOP ( 'NONE', ( #705, #2341, #2287, #1257, #2587, #1220, #995, #2611, #1847, #2184, #927, #2448, #1520, #137 ) ) ;
#1615 = DIRECTION ( 'NONE',  ( -0.000000000000000000, 1.000000000000000000, -0.000000000000000000 ) ) ;
#1616 = LINE ( 'NONE', #1361, #1113 ) ;
#1617 = AXIS2_PLACEMENT_3D ( 'NONE', #1816, #2599, #2543 ) ;
#1618 = ORIENTED_EDGE ( 'NONE', *, *, #2145, .T. ) ;
#1619 = CARTESIAN_POINT ( 'NONE',  ( -4.330127018922182991, 62.00000000000000000, -81.50000000000002842 ) ) ;
#1620 = ORIENTED_EDGE ( 'NONE', *, *, #3224, .T. ) ;
#1621 = VECTOR ( 'NONE', #1536, 1000.000000000000000 ) ;
#1622 = CARTESIAN_POINT ( 'NONE',  ( 12.00000000000000178, 62.00000000000000000, -54.00000000000000000 ) ) ;
#1623 = ORIENTED_EDGE ( 'NONE', *, *, #1768, .F. ) ;
#1624 = CARTESIAN_POINT ( 'NONE',  ( -10.49999999999998579, 44.50000000000000000, -37.05050529600890030 ) ) ;
#1625 = LINE ( 'NONE', #2404, #1392 ) ;
#1626 = ADVANCED_FACE ( 'NONE', ( #2227 ), #3270, .T. ) ;
#1627 = CYLINDRICAL_SURFACE ( 'NONE', #178, 53.00000000000000000 ) ;
#1628 = ORIENTED_EDGE ( 'NONE', *, *, #1748, .T. ) ;
#1629 = DIRECTION ( 'NONE',  ( -1.017203577148497449E-16, -0.000000000000000000, -1.000000000000000000 ) ) ;
#1630 = LINE ( 'NONE', #2656, #3176 ) ;
#1631 = CARTESIAN_POINT ( 'NONE',  ( 12.00000000000000711, 12.99999999999983125, -5.000000000000004441 ) ) ;
#1632 = ORIENTED_EDGE ( 'NONE', *, *, #1263, .T. ) ;
#1633 = VECTOR ( 'NONE', #375, 1000.000000000000000 ) ;
#1634 = VECTOR ( 'NONE', #1687, 1000.000000000000000 ) ;
#1635 = CARTESIAN_POINT ( 'NONE',  ( 12.00000000000000355, 62.00000000000000000, -32.25495616355557615 ) ) ;
#1636 = VERTEX_POINT ( 'NONE', #414 ) ;
#1637 = DIRECTION ( 'NONE',  ( 0.000000000000000000, -1.000000000000000000, 0.000000000000000000 ) ) ;
#1638 = ORIENTED_EDGE ( 'NONE', *, *, #3281, .F. ) ;
#1639 = CARTESIAN_POINT ( 'NONE',  ( 0.000000000000000000, 4.999999999999886313, -47.00000000000000000 ) ) ;
#1640 = CARTESIAN_POINT ( 'NONE',  ( 0.000000000000000000, 62.00000000000000000, -52.00000000000000000 ) ) ;
#1641 = LINE ( 'NONE', #1127, #1669 ) ;
#1642 = VERTEX_POINT ( 'NONE', #3025 ) ;
#1643 = EDGE_CURVE ( 'NONE', #1665, #424, #1828, .T. ) ;
#1644 = LINE ( 'NONE', #2976, #561 ) ;
#1645 = DIRECTION ( 'NONE',  ( -1.017203577148497449E-16, -3.095731447591375794E-33, -1.000000000000000000 ) ) ;
#1646 = EDGE_CURVE ( 'NONE', #2168, #821, #2800, .T. ) ;
#1647 = ORIENTED_EDGE ( 'NONE', *, *, #166, .F. ) ;
#1648 = EDGE_CURVE ( 'NONE', #1203, #859, #2380, .T. ) ;
#1649 = ORIENTED_EDGE ( 'NONE', *, *, #2650, .F. ) ;
#1650 = ADVANCED_FACE ( 'NONE', ( #3113 ), #1313, .T. ) ;
#1651 = DIRECTION ( 'NONE',  ( -3.043374519257556522E-17, 1.000000000000000000, -0.000000000000000000 ) ) ;
#1652 = CARTESIAN_POINT ( 'NONE',  ( 12.00000000000000533, 39.50000000000001421, -25.11729498526224447 ) ) ;
#1653 = VERTEX_POINT ( 'NONE', #3317 ) ;
#1654 = FACE_OUTER_BOUND ( 'NONE', #2837, .T. ) ;
#1655 = CYLINDRICAL_SURFACE ( 'NONE', #224, 57.99999999999999289 ) ;
#1656 = CARTESIAN_POINT ( 'NONE',  ( 6.000000000000007105, 13.83586309476550724, -84.00000000000002842 ) ) ;
#1657 = ORIENTED_EDGE ( 'NONE', *, *, #165, .F. ) ;
#1658 = DIRECTION ( 'NONE',  ( 1.000000000000000000, 0.000000000000000000, 0.000000000000000000 ) ) ;
#1659 = AXIS2_PLACEMENT_3D ( 'NONE', #2337, #781, #727 ) ;
#1660 = DIRECTION ( 'NONE',  ( 0.000000000000000000, -1.000000000000000000, 0.000000000000000000 ) ) ;
#1661 = AXIS2_PLACEMENT_3D ( 'NONE', #1936, #2154, #2637 ) ;
#1662 = LOCAL_TIME ( 19, 49, 24.00000000000000000, #760 ) ;
#1663 = VERTEX_POINT ( 'NONE', #268 ) ;
#1664 = VECTOR ( 'NONE', #852, 1000.000000000000000 ) ;
#1665 = VERTEX_POINT ( 'NONE', #773 ) ;
#1666 = AXIS2_PLACEMENT_3D ( 'NONE', #326, #1677, #2958 ) ;
#1667 = ADVANCED_FACE ( 'NONE', ( #2592 ), #1782, .T. ) ;
#1668 = ADVANCED_FACE ( 'NONE', ( #3131 ), #798, .F. ) ;
#1669 = VECTOR ( 'NONE', #2195, 1000.000000000000000 ) ;
#1670 = LINE ( 'NONE', #1619, #865 ) ;
#1671 = AXIS2_PLACEMENT_3D ( 'NONE', #954, #117, #1241 ) ;
#1672 = CARTESIAN_POINT ( 'NONE',  ( 12.00000000000000533, 36.49999999999998579, -25.11729498526224447 ) ) ;
#1673 = VERTEX_POINT ( 'NONE', #2607 ) ;
#1674 = DIRECTION ( 'NONE',  ( -3.043374519257556522E-17, 1.000000000000000000, -0.000000000000000000 ) ) ;
#1675 = CARTESIAN_POINT ( 'NONE',  ( 8.999999999999985789, 46.00000000000000000, -35.24825584225197161 ) ) ;
#1676 = VECTOR ( 'NONE', #1494, 1000.000000000000000 ) ;
#1677 = DIRECTION ( 'NONE',  ( -0.000000000000000000, -1.000000000000000000, -0.000000000000000000 ) ) ;
#1678 = ORIENTED_EDGE ( 'NONE', *, *, #1699, .F. ) ;
#1679 = DIRECTION ( 'NONE',  ( 3.043374519257556522E-17, -1.000000000000000000, 0.000000000000000000 ) ) ;
#1680 = DIRECTION ( 'NONE',  ( -0.000000000000000000, 1.000000000000000000, -0.000000000000000000 ) ) ;
#1681 = ORIENTED_EDGE ( 'NONE', *, *, #188, .T. ) ;
#1682 = VERTEX_POINT ( 'NONE', #1589 ) ;
#1683 = CARTESIAN_POINT ( 'NONE',  ( 12.00000000000000000, 4.999999999999969802, -68.21539030917354296 ) ) ;
#1684 = ADVANCED_FACE ( 'NONE', ( #1330 ), #1548, .T. ) ;
#1685 = EDGE_CURVE ( 'NONE', #1722, #437, #2642, .T. ) ;
#1686 = AXIS2_PLACEMENT_3D ( 'NONE', #2575, #3353, #270 ) ;
#1687 = DIRECTION ( 'NONE',  ( -0.000000000000000000, 1.000000000000000000, -0.000000000000000000 ) ) ;
#1688 = CARTESIAN_POINT ( 'NONE',  ( -12.00000000000000000, 59.00000000000000000, -49.79540843217468193 ) ) ;
#1689 = EDGE_LOOP ( 'NONE', ( #347, #2302, #1745, #1986 ) ) ;
#1690 = FACE_OUTER_BOUND ( 'NONE', #751, .T. ) ;
#1691 = FACE_OUTER_BOUND ( 'NONE', #354, .T. ) ;
#1692 = VERTEX_POINT ( 'NONE', #3057 ) ;
#1693 = CARTESIAN_POINT ( 'NONE',  ( 0.000000000000000000, 62.00000000000000000, -89.00000000000000000 ) ) ;
#1694 = CARTESIAN_POINT ( 'NONE',  ( -7.654911859393882523, 11.86101890318628804, -0.04112244424285379368 ) ) ;
#1695 = DIRECTION ( 'NONE',  ( 0.000000000000000000, 0.000000000000000000, -1.000000000000000000 ) ) ;
#1696 = ORIENTED_EDGE ( 'NONE', *, *, #1096, .T. ) ;
#1697 = VERTEX_POINT ( 'NONE', #1770 ) ;
#1698 = CARTESIAN_POINT ( 'NONE',  ( -12.00000000000000000, 62.00000000000000000, -25.11729498526224447 ) ) ;
#1699 = EDGE_CURVE ( 'NONE', #580, #3326, #1558, .T. ) ;
#1700 = DIRECTION ( 'NONE',  ( 0.000000000000000000, -1.000000000000000000, 0.000000000000000000 ) ) ;
#1701 = DIRECTION ( 'NONE',  ( 0.000000000000000000, 0.000000000000000000, 1.000000000000000000 ) ) ;
#1702 = VERTEX_POINT ( 'NONE', #2792 ) ;
#1703 = CARTESIAN_POINT ( 'NONE',  ( 12.00000000000000178, 53.50048280077682250, -50.84260561377535481 ) ) ;
#1704 = EDGE_CURVE ( 'NONE', #307, #3387, #196, .T. ) ;
#1705 = DIRECTION ( 'NONE',  ( -0.000000000000000000, 1.000000000000000000, -0.000000000000000000 ) ) ;
#1706 = ORIENTED_EDGE ( 'NONE', *, *, #1843, .T. ) ;
#1707 = EDGE_CURVE ( 'NONE', #498, #1176, #477, .T. ) ;
#1708 = DIRECTION ( 'NONE',  ( -1.000000000000000000, 0.000000000000000000, 0.000000000000000000 ) ) ;
#1709 = LINE ( 'NONE', #3223, #1442 ) ;
#1710 = DIRECTION ( 'NONE',  ( -0.000000000000000000, 1.000000000000000000, -0.000000000000000000 ) ) ;
#1711 = ORIENTED_EDGE ( 'NONE', *, *, #588, .F. ) ;
#1712 = EDGE_LOOP ( 'NONE', ( #2007, #1190, #342, #1546 ) ) ;
#1713 = AXIS2_PLACEMENT_3D ( 'NONE', #1356, #20, #260 ) ;
#1714 = CIRCLE ( 'NONE', #2569, 52.99999999999999289 ) ;
#1715 = DIRECTION ( 'NONE',  ( -0.000000000000000000, 1.000000000000000000, -0.000000000000000000 ) ) ;
#1716 = CARTESIAN_POINT ( 'NONE',  ( 8.601411599008557118, 11.92842919326905360, -0.2633893034617211804 ) ) ;
#1717 = AXIS2_PLACEMENT_3D ( 'NONE', #1277, #3102, #2801 ) ;
#1718 = CARTESIAN_POINT ( 'NONE',  ( 0.000000000000000000, 0.000000000000000000, -89.00000000000000000 ) ) ;
#1719 = DIRECTION ( 'NONE',  ( -0.000000000000000000, 1.000000000000000000, -0.000000000000000000 ) ) ;
#1720 = AXIS2_PLACEMENT_3D ( 'NONE', #3156, #2072, #2560 ) ;
#1721 = DIRECTION ( 'NONE',  ( 0.000000000000000000, 0.000000000000000000, 1.000000000000000000 ) ) ;
#1722 = VERTEX_POINT ( 'NONE', #446 ) ;
#1723 = CARTESIAN_POINT ( 'NONE',  ( 9.738798461624180871E-16, 30.00000000000000000, -89.00000000000000000 ) ) ;
#1724 = CARTESIAN_POINT ( 'NONE',  ( 12.00000000000000178, 54.00000000000000000, -51.36690286463257138 ) ) ;
#1725 = VECTOR ( 'NONE', #1967, 1000.000000000000000 ) ;
#1726 = CARTESIAN_POINT ( 'NONE',  ( -7.245492553200816310, 22.03792290447756130, 7.394597629530040974E-16 ) ) ;
#1727 = VERTEX_POINT ( 'NONE', #1496 ) ;
#1728 = DIRECTION ( 'NONE',  ( -0.000000000000000000, 1.000000000000000000, -0.000000000000000000 ) ) ;
#1729 = CARTESIAN_POINT ( 'NONE',  ( -12.00000000000000000, 0.000000000000000000, 1.469576158976823947E-15 ) ) ;
#1730 = EDGE_CURVE ( 'NONE', #2902, #1673, #1459, .T. ) ;
#1731 = ADVANCED_FACE ( 'NONE', ( #2524 ), #2058, .F. ) ;
#1732 = AXIS2_PLACEMENT_3D ( 'NONE', #1994, #704, #1977 ) ;
#1733 = ORIENTED_EDGE ( 'NONE', *, *, #2371, .F. ) ;
#1734 = ORIENTED_EDGE ( 'NONE', *, *, #2899, .T. ) ;
#1735 = CARTESIAN_POINT ( 'NONE',  ( 5.204170427930421283E-15, 62.00000000000000000, -79.00000000000002842 ) ) ;
#1736 = CARTESIAN_POINT ( 'NONE',  ( 0.000000000000000000, 4.999999999999886313, -89.00000000000000000 ) ) ;
#1737 = FACE_OUTER_BOUND ( 'NONE', #1090, .T. ) ;
#1738 = ORIENTED_EDGE ( 'NONE', *, *, #3373, .T. ) ;
#1739 = VECTOR ( 'NONE', #2519, 1000.000000000000000 ) ;
#1740 = DESIGN_CONTEXT ( 'detailed design', #1580, 'design' ) ;
#1741 = CARTESIAN_POINT ( 'NONE',  ( -6.000000000000007105, 20.16413690523414459, 0.000000000000000000 ) ) ;
#1742 = VERTEX_POINT ( 'NONE', #416 ) ;
#1743 = CARTESIAN_POINT ( 'NONE',  ( 5.204170427930421283E-15, 62.00000000000000000, -79.00000000000002842 ) ) ;
#1744 = FACE_OUTER_BOUND ( 'NONE', #461, .T. ) ;
#1745 = ORIENTED_EDGE ( 'NONE', *, *, #457, .F. ) ;
#1746 = ORIENTED_EDGE ( 'NONE', *, *, #931, .T. ) ;
#1747 = ADVANCED_FACE ( 'NONE', ( #1481 ), #151, .F. ) ;
#1748 = EDGE_CURVE ( 'NONE', #1168, #1607, #3302, .T. ) ;
#1749 = CARTESIAN_POINT ( 'NONE',  ( -8.999999999999984013, 46.00000000000000000, -24.62609224227566074 ) ) ;
#1750 =( BOUNDED_CURVE ( )  B_SPLINE_CURVE ( 3, ( #85, #2180, #2462, #638 ),
 .UNSPECIFIED., .F., .T. ) 
 B_SPLINE_CURVE_WITH_KNOTS ( ( 4, 4 ),
 ( 3.141592653589793116, 3.665191429188092265 ),
 .UNSPECIFIED. ) 
 CURVE ( )  GEOMETRIC_REPRESENTATION_ITEM ( )  RATIONAL_B_SPLINE_CURVE ( ( 1.000000000000000000, 0.9772838841927120601, 0.9772838841927120601, 1.000000000000000000 ) ) 
 REPRESENTATION_ITEM ( '' )  );
#1751 = CARTESIAN_POINT ( 'NONE',  ( 12.00000000000000711, 62.00000000000000000, -5.000000000000004441 ) ) ;
#1752 = PLANE ( 'NONE',  #3294 ) ;
#1753 = LINE ( 'NONE', #2971, #184 ) ;
#1754 = ORIENTED_EDGE ( 'NONE', *, *, #2951, .F. ) ;
#1755 = CARTESIAN_POINT ( 'NONE',  ( -11.99999999999999645, -6.938893903907228378E-15, -65.93487481065839972 ) ) ;
#1756 = LINE ( 'NONE', #1981, #1725 ) ;
#1757 = ORIENTED_EDGE ( 'NONE', *, *, #3122, .T. ) ;
#1758 = CARTESIAN_POINT ( 'NONE',  ( 12.00000000000000533, 62.00000000000000000, -21.05149008256324095 ) ) ;
#1759 = DIRECTION ( 'NONE',  ( -1.000000000000000000, 0.000000000000000000, 0.000000000000000000 ) ) ;
#1760 = ORIENTED_EDGE ( 'NONE', *, *, #1293, .T. ) ;
#1761 = VERTEX_POINT ( 'NONE', #1068 ) ;
#1762 = DIRECTION ( 'NONE',  ( -0.000000000000000000, 1.000000000000000000, -0.000000000000000000 ) ) ;
#1763 = B_SPLINE_CURVE_WITH_KNOTS ( 'NONE', 3,
 ( #1425, #139, #104, #907 ),
 .UNSPECIFIED., .F., .F.,
 ( 4, 4 ),
 ( 0.000000000000000000, 0.002719480257608657744 ),
 .UNSPECIFIED. ) ;
#1764 = VECTOR ( 'NONE', #3103, 1000.000000000000000 ) ;
#1765 = ADVANCED_FACE ( 'NONE', ( #255 ), #517, .F. ) ;
#1766 = AXIS2_PLACEMENT_3D ( 'NONE', #2031, #2720, #1229 ) ;
#1767 = LINE ( 'NONE', #2791, #1492 ) ;
#1768 = EDGE_CURVE ( 'NONE', #2553, #1528, #1951, .T. ) ;
#1769 = VECTOR ( 'NONE', #2773, 1000.000000000000000 ) ;
#1770 = CARTESIAN_POINT ( 'NONE',  ( -12.00000000000000711, 20.99999999999982592, -5.000000000000004441 ) ) ;
#1771 = ORIENTED_EDGE ( 'NONE', *, *, #1587, .F. ) ;
#1772 =( BOUNDED_CURVE ( )  B_SPLINE_CURVE ( 3, ( #274, #2577, #236, #1069 ),
 .UNSPECIFIED., .F., .F. ) 
 B_SPLINE_CURVE_WITH_KNOTS ( ( 4, 4 ),
 ( 3.141592653589794004, 5.017821599483699657 ),
 .UNSPECIFIED. ) 
 CURVE ( )  GEOMETRIC_REPRESENTATION_ITEM ( )  RATIONAL_B_SPLINE_CURVE ( ( 1.000000000000000000, 0.7275397655757211979, 0.7275397655757211979, 1.000000000000000000 ) ) 
 REPRESENTATION_ITEM ( '' )  );
#1773 = CIRCLE ( 'NONE', #2427, 25.99999999999999645 ) ;
#1774 = AXIS2_PLACEMENT_3D ( 'NONE', #2203, #2947, #608 ) ;
#1775 = PERSON_AND_ORGANIZATION_ROLE ( 'design_supplier' ) ;
#1776 = LINE ( 'NONE', #1467, #903 ) ;
#1777 = EDGE_LOOP ( 'NONE', ( #1864, #934, #1242, #223, #2690, #3320 ) ) ;
#1778 = LINE ( 'NONE', #1522, #2574 ) ;
#1779 = DIRECTION ( 'NONE',  ( 0.000000000000000000, 0.000000000000000000, 1.000000000000000000 ) ) ;
#1780 = ORIENTED_EDGE ( 'NONE', *, *, #166, .T. ) ;
#1781 = ORIENTED_EDGE ( 'NONE', *, *, #1499, .F. ) ;
#1782 = CONICAL_SURFACE ( 'NONE', #295, 63.49999999999998579, 0.7853981633974482790 ) ;
#1783 = VECTOR ( 'NONE', #1550, 1000.000000000000000 ) ;
#1784 = LINE ( 'NONE', #1570, #2013 ) ;
#1785 = EDGE_CURVE ( 'NONE', #1014, #576, #479, .T. ) ;
#1786 = FACE_OUTER_BOUND ( 'NONE', #2959, .T. ) ;
#1787 = DIRECTION ( 'NONE',  ( -1.734723475976808080E-15, 0.000000000000000000, 1.000000000000000000 ) ) ;
#1788 = ORIENTED_EDGE ( 'NONE', *, *, #2771, .F. ) ;
#1789 = DIRECTION ( 'NONE',  ( -0.000000000000000000, 1.000000000000000000, -0.000000000000000000 ) ) ;
#1790 = ADVANCED_FACE ( 'NONE', ( #2293 ), #535, .F. ) ;
#1791 = AXIS2_PLACEMENT_3D ( 'NONE', #2838, #1063, #2255 ) ;
#1792 = VECTOR ( 'NONE', #3235, 1000.000000000000000 ) ;
#1793 = AXIS2_PLACEMENT_3D ( 'NONE', #356, #632, #3266 ) ;
#1794 = CARTESIAN_POINT ( 'NONE',  ( 7.518540529701914110, 22.12490943345119376, -0.01916803415733745256 ) ) ;
#1795 = ORIENTED_EDGE ( 'NONE', *, *, #2035, .F. ) ;
#1796 = AXIS2_PLACEMENT_3D ( 'NONE', #557, #2440, #579 ) ;
#1797 = CYLINDRICAL_SURFACE ( 'NONE', #3133, 5.000000000000004441 ) ;
#1798 = CARTESIAN_POINT ( 'NONE',  ( -8.999999999999984013, 46.00000000000000000, 0.000000000000000000 ) ) ;
#1799 = EDGE_CURVE ( 'NONE', #1889, #2827, #2064, .T. ) ;
#1800 = DIRECTION ( 'NONE',  ( -0.000000000000000000, 1.000000000000000000, 0.000000000000000000 ) ) ;
#1801 = VECTOR ( 'NONE', #394, 1000.000000000000000 ) ;
#1802 = DIRECTION ( 'NONE',  ( -3.043374519257556522E-17, 1.000000000000000000, -0.000000000000000000 ) ) ;
#1803 = VERTEX_POINT ( 'NONE', #1028 ) ;
#1804 = ORIENTED_EDGE ( 'NONE', *, *, #1881, .F. ) ;
#1805 = DIRECTION ( 'NONE',  ( 0.000000000000000000, -1.000000000000000000, 0.000000000000000000 ) ) ;
#1806 = B_SPLINE_CURVE_WITH_KNOTS ( 'NONE', 3,
 ( #2938, #618, #3200, #1672 ),
 .UNSPECIFIED., .F., .F.,
 ( 4, 4 ),
 ( 0.06476492500755720583, 0.06690483238043901104 ),
 .UNSPECIFIED. ) ;
#1807 = VERTEX_POINT ( 'NONE', #3386 ) ;
#1808 = FACE_OUTER_BOUND ( 'NONE', #1253, .T. ) ;
#1809 = FACE_OUTER_BOUND ( 'NONE', #2496, .T. ) ;
#1810 = B_SPLINE_CURVE_WITH_KNOTS ( 'NONE', 3,
 ( #981, #676, #2216, #3321 ),
 .UNSPECIFIED., .F., .F.,
 ( 4, 4 ),
 ( 0.06288339278780057107, 0.06502368299776574434 ),
 .UNSPECIFIED. ) ;
#1811 = DIRECTION ( 'NONE',  ( 1.000000000000000000, 0.000000000000000000, 0.000000000000000000 ) ) ;
#1812 = ORIENTED_EDGE ( 'NONE', *, *, #1263, .F. ) ;
#1813 = DIRECTION ( 'NONE',  ( -1.000000000000000000, 0.000000000000000000, 0.000000000000000000 ) ) ;
#1814 = PLANE ( 'NONE',  #683 ) ;
#1815 = ORIENTED_EDGE ( 'NONE', *, *, #1096, .F. ) ;
#1816 = CARTESIAN_POINT ( 'NONE',  ( 0.000000000000000000, 0.000000000000000000, -89.00000000000000000 ) ) ;
#1817 = LINE ( 'NONE', #2319, #2568 ) ;
#1818 = EDGE_CURVE ( 'NONE', #2542, #1168, #1354, .T. ) ;
#1819 = DIRECTION ( 'NONE',  ( 0.000000000000000000, 0.000000000000000000, 1.000000000000000000 ) ) ;
#1820 = EDGE_CURVE ( 'NONE', #2379, #1692, #2919, .T. ) ;
#1821 = CARTESIAN_POINT ( 'NONE',  ( -11.33012701892219631, 4.999999999999997335, -69.37564434701789651 ) ) ;
#1822 = VERTEX_POINT ( 'NONE', #1831 ) ;
#1823 = VERTEX_POINT ( 'NONE', #1866 ) ;
#1824 = CARTESIAN_POINT ( 'NONE',  ( 12.00000000000000000, 4.999999999999997335, -62.59924243511181885 ) ) ;
#1825 = ORIENTED_EDGE ( 'NONE', *, *, #2488, .T. ) ;
#1826 = CARTESIAN_POINT ( 'NONE',  ( 12.00000000000000711, 27.00000000000001066, -25.11729498526224447 ) ) ;
#1827 = CARTESIAN_POINT ( 'NONE',  ( 0.000000000000000000, 62.00000000000000000, -89.00000000000000000 ) ) ;
#1828 = LINE ( 'NONE', #3093, #2969 ) ;
#1829 = EDGE_LOOP ( 'NONE', ( #3171, #1423, #918, #2779 ) ) ;
#1830 = AXIS2_PLACEMENT_3D ( 'NONE', #1259, #3064, #2284 ) ;
#1831 = CARTESIAN_POINT ( 'NONE',  ( 12.00000000000000355, 4.999999999999886313, -45.62950311559711736 ) ) ;
#1832 = AXIS2_PLACEMENT_3D ( 'NONE', #1091, #874, #1377 ) ;
#1833 = DIRECTION ( 'NONE',  ( 0.000000000000000000, 0.000000000000000000, 1.000000000000000000 ) ) ;
#1834 = ORIENTED_EDGE ( 'NONE', *, *, #406, .T. ) ;
#1835 = CARTESIAN_POINT ( 'NONE',  ( 0.000000000000000000, 4.999999999999886313, -89.00000000000000000 ) ) ;
#1836 = DIRECTION ( 'NONE',  ( 0.000000000000000000, 0.000000000000000000, -1.000000000000000000 ) ) ;
#1837 = VECTOR ( 'NONE', #2640, 1000.000000000000000 ) ;
#1838 = DIRECTION ( 'NONE',  ( -8.673617379884035472E-16, 0.000000000000000000, 1.000000000000000000 ) ) ;
#1839 = EDGE_LOOP ( 'NONE', ( #768, #1957, #525, #1131 ) ) ;
#1840 = EDGE_CURVE ( 'NONE', #2385, #321, #2870, .T. ) ;
#1841 = DIRECTION ( 'NONE',  ( 0.000000000000000000, -1.000000000000000000, 0.000000000000000000 ) ) ;
#1842 = LINE ( 'NONE', #527, #2412 ) ;
#1843 = EDGE_CURVE ( 'NONE', #2168, #1958, #1848, .T. ) ;
#1844 = CARTESIAN_POINT ( 'NONE',  ( -12.00000000000000000, 62.00000000000000000, -4.999999999999999112 ) ) ;
#1845 = ORIENTED_EDGE ( 'NONE', *, *, #2886, .F. ) ;
#1846 = AXIS2_PLACEMENT_3D ( 'NONE', #3251, #149, #917 ) ;
#1847 = ORIENTED_EDGE ( 'NONE', *, *, #486, .T. ) ;
#1848 = LINE ( 'NONE', #2349, #300 ) ;
#1849 = APPROVAL_DATE_TIME ( #3374, #1312 ) ;
#1850 = LINE ( 'NONE', #802, #79 ) ;
#1851 = ORIENTED_EDGE ( 'NONE', *, *, #1569, .F. ) ;
#1852 = DIRECTION ( 'NONE',  ( 0.000000000000000000, 0.000000000000000000, 1.000000000000000000 ) ) ;
#1853 = FACE_OUTER_BOUND ( 'NONE', #1562, .T. ) ;
#1854 = CIRCLE ( 'NONE', #2595, 57.99999999999999289 ) ;
#1855 = CARTESIAN_POINT ( 'NONE',  ( -10.70529049636948393, 12.59177966155500172, -0.9746945563095998910 ) ) ;
#1856 = VECTOR ( 'NONE', #76, 1000.000000000000000 ) ;
#1857 = DIRECTION ( 'NONE',  ( -0.000000000000000000, 1.000000000000000000, -0.000000000000000000 ) ) ;
#1858 = ORIENTED_EDGE ( 'NONE', *, *, #2755, .F. ) ;
#1859 = CIRCLE ( 'NONE', #1020, 2.000000000000001776 ) ;
#1860 = VERTEX_POINT ( 'NONE', #215 ) ;
#1861 = DIRECTION ( 'NONE',  ( 0.000000000000000000, -1.000000000000000000, 0.000000000000000000 ) ) ;
#1862 = VECTOR ( 'NONE', #1477, 1000.000000000000000 ) ;
#1863 = DIRECTION ( 'NONE',  ( -0.000000000000000000, -0.000000000000000000, 1.000000000000000000 ) ) ;
#1864 = ORIENTED_EDGE ( 'NONE', *, *, #2304, .F. ) ;
#1865 = EDGE_CURVE ( 'NONE', #1953, #2095, #3134, .T. ) ;
#1866 = CARTESIAN_POINT ( 'NONE',  ( -8.999999999999984013, 30.00000000000000000, -0.4174243050441518443 ) ) ;
#1867 = ORIENTED_EDGE ( 'NONE', *, *, #1648, .F. ) ;
#1868 = CYLINDRICAL_SURFACE ( 'NONE', #410, 57.99999999999999289 ) ;
#1869 = ORIENTED_EDGE ( 'NONE', *, *, #2905, .F. ) ;
#1870 = CARTESIAN_POINT ( 'NONE',  ( -6.000000000000007105, 62.00000000000000000, -78.60769515458675016 ) ) ;
#1871 = DIRECTION ( 'NONE',  ( 0.000000000000000000, 1.000000000000000000, 0.000000000000000000 ) ) ;
#1872 = CARTESIAN_POINT ( 'NONE',  ( 0.000000000000000000, 62.00000000000000000, -63.00000000000000000 ) ) ;
#1873 = EDGE_LOOP ( 'NONE', ( #419, #2314, #1978, #187 ) ) ;
#1874 = DIRECTION ( 'NONE',  ( 0.000000000000000000, 0.000000000000000000, -1.000000000000000000 ) ) ;
#1875 = CARTESIAN_POINT ( 'NONE',  ( 7.000000000000000000, 59.00000000000000000, -66.87564434701793914 ) ) ;
#1876 = ORIENTED_EDGE ( 'NONE', *, *, #1976, .F. ) ;
#1877 = APPROVAL ( #722, 'UNSPECIFIED' ) ;
#1878 = CARTESIAN_POINT ( 'NONE',  ( -12.00000000000000000, -6.245004513516505540E-14, -57.18805255882626426 ) ) ;
#1879 = ADVANCED_FACE ( 'NONE', ( #1591 ), #2609, .T. ) ;
#1880 = VERTEX_POINT ( 'NONE', #1332 ) ;
#1881 = EDGE_CURVE ( 'NONE', #1807, #770, #2639, .T. ) ;
#1882 = DIRECTION ( 'NONE',  ( 3.043374519257556522E-17, -1.000000000000000000, 0.000000000000000000 ) ) ;
#1883 = VERTEX_POINT ( 'NONE', #2078 ) ;
#1884 = LINE ( 'NONE', #3152, #1446 ) ;
#1885 = CARTESIAN_POINT ( 'NONE',  ( 4.869399230812090436E-16, 46.00000000000000000, -89.00000000000000000 ) ) ;
#1886 = AXIS2_PLACEMENT_3D ( 'NONE', #1875, #1861, #544 ) ;
#1887 = AXIS2_PLACEMENT_3D ( 'NONE', #2780, #2283, #138 ) ;
#1888 = DIRECTION ( 'NONE',  ( 0.000000000000000000, 1.000000000000000000, 0.000000000000000000 ) ) ;
#1889 = VERTEX_POINT ( 'NONE', #2362 ) ;
#1890 = APPROVAL_PERSON_ORGANIZATION ( #1535, #1877, #432 ) ;
#1891 = DIRECTION ( 'NONE',  ( 0.7071067811865475727, -0.7071067811865475727, 0.000000000000000000 ) ) ;
#1892 =( BOUNDED_CURVE ( )  B_SPLINE_CURVE ( 3, ( #3248, #179, #1489, #1462 ),
 .UNSPECIFIED., .F., .T. ) 
 B_SPLINE_CURVE_WITH_KNOTS ( ( 4, 4 ),
 ( 5.123905826452174850, 6.283185307179586232 ),
 .UNSPECIFIED. ) 
 CURVE ( )  GEOMETRIC_REPRESENTATION_ITEM ( )  RATIONAL_B_SPLINE_CURVE ( ( 1.000000000000000000, 0.8911066843560497830, 0.8911066843560497830, 1.000000000000000000 ) ) 
 REPRESENTATION_ITEM ( '' )  );
#1893 = DIRECTION ( 'NONE',  ( 0.000000000000000000, 0.000000000000000000, -1.000000000000000000 ) ) ;
#1894 = AXIS2_PLACEMENT_3D ( 'NONE', #2928, #1358, #2389 ) ;
#1895 = CARTESIAN_POINT ( 'NONE',  ( 10.70529049636948216, 12.59177966155501238, -0.9746945563095945619 ) ) ;
#1896 = VERTEX_POINT ( 'NONE', #2828 ) ;
#1897 = ADVANCED_FACE ( 'NONE', ( #235 ), #3331, .F. ) ;
#1898 = DIRECTION ( 'NONE',  ( 0.000000000000000000, -1.000000000000000000, 0.000000000000000000 ) ) ;
#1899 = ORIENTED_EDGE ( 'NONE', *, *, #2354, .T. ) ;
#1900 = AXIS2_PLACEMENT_3D ( 'NONE', #2849, #515, #1811 ) ;
#1901 = EDGE_CURVE ( 'NONE', #519, #2235, #315, .T. ) ;
#1902 = DIRECTION ( 'NONE',  ( 0.000000000000000000, 0.000000000000000000, 1.000000000000000000 ) ) ;
#1903 = ORIENTED_EDGE ( 'NONE', *, *, #2951, .T. ) ;
#1904 = EDGE_CURVE ( 'NONE', #1465, #163, #2331, .T. ) ;
#1905 = CARTESIAN_POINT ( 'NONE',  ( 0.000000000000000000, 0.000000000000000000, -89.00000000000000000 ) ) ;
#1906 = CARTESIAN_POINT ( 'NONE',  ( -12.00000000000000888, 12.99999999999982414, -66.87564434701789651 ) ) ;
#1907 = EDGE_LOOP ( 'NONE', ( #1270, #582, #2606, #2582 ) ) ;
#1908 = EDGE_CURVE ( 'NONE', #1203, #1067, #1913, .T. ) ;
#1909 = FACE_OUTER_BOUND ( 'NONE', #2856, .T. ) ;
#1910 = CARTESIAN_POINT ( 'NONE',  ( 11.33012701892218921, 4.999999999999997335, -69.37564434701793914 ) ) ;
#1911 = ORIENTED_EDGE ( 'NONE', *, *, #1081, .T. ) ;
#1912 = ORIENTED_EDGE ( 'NONE', *, *, #654, .F. ) ;
#1913 = LINE ( 'NONE', #2159, #3369 ) ;
#1914 =( BOUNDED_CURVE ( )  B_SPLINE_CURVE ( 3, ( #2229, #365, #1450, #2451 ),
 .UNSPECIFIED., .F., .F. ) 
 B_SPLINE_CURVE_WITH_KNOTS ( ( 4, 4 ),
 ( 1.017203577148497449E-16, 1.159279480727409384 ),
 .UNSPECIFIED. ) 
 CURVE ( )  GEOMETRIC_REPRESENTATION_ITEM ( )  RATIONAL_B_SPLINE_CURVE ( ( 1.000000000000000000, 0.8911066843560502271, 0.8911066843560502271, 1.000000000000000000 ) ) 
 REPRESENTATION_ITEM ( '' )  );
#1915 = DIRECTION ( 'NONE',  ( -0.000000000000000000, 1.000000000000000000, -0.000000000000000000 ) ) ;
#1916 = VERTEX_POINT ( 'NONE', #3163 ) ;
#1917 = DIRECTION ( 'NONE',  ( -0.000000000000000000, -0.000000000000000000, 1.000000000000000000 ) ) ;
#1918 = CARTESIAN_POINT ( 'NONE',  ( 12.00000000000000178, 59.00000000000000000, -49.79540843217468193 ) ) ;
#1919 = PRODUCT_DEFINITION ( 'UNKNOWN', '', #2365, #1740 ) ;
#1920 = CARTESIAN_POINT ( 'NONE',  ( 0.000000000000000000, 0.000000000000000000, -89.00000000000000000 ) ) ;
#1921 = VERTEX_POINT ( 'NONE', #1878 ) ;
#1922 = PLANE ( 'NONE',  #2422 ) ;
#1923 = CARTESIAN_POINT ( 'NONE',  ( 0.000000000000000000, 0.000000000000000000, -39.00000000000000000 ) ) ;
#1924 = EDGE_CURVE ( 'NONE', #2034, #1295, #1670, .T. ) ;
#1925 = ADVANCED_FACE ( 'NONE', ( #2644 ), #2901, .T. ) ;
#1926 = CARTESIAN_POINT ( 'NONE',  ( 12.00000000000000533, 62.00000000000000000, -15.97945494588526216 ) ) ;
#1927 = ORIENTED_EDGE ( 'NONE', *, *, #480, .T. ) ;
#1928 = ORIENTED_EDGE ( 'NONE', *, *, #2446, .T. ) ;
#1929 = CARTESIAN_POINT ( 'NONE',  ( 10.49999999999999289, 44.50000000000000000, -37.05050529600890030 ) ) ;
#1930 = CARTESIAN_POINT ( 'NONE',  ( -9.498441682677228215, 45.50155831732275402, -37.87474137099724913 ) ) ;
#1931 = EDGE_LOOP ( 'NONE', ( #2100, #380, #1507, #1351, #3196, #234 ) ) ;
#1932 = CARTESIAN_POINT ( 'NONE',  ( 0.000000000000000000, 0.000000000000000000, -89.00000000000000000 ) ) ;
#1933 = DIRECTION ( 'NONE',  ( -0.000000000000000000, 1.000000000000000000, -0.000000000000000000 ) ) ;
#1934 = DIRECTION ( 'NONE',  ( 1.017203577148497449E-16, 3.095731447591375110E-33, 1.000000000000000000 ) ) ;
#1935 = ORIENTED_EDGE ( 'NONE', *, *, #564, .F. ) ;
#1936 = CARTESIAN_POINT ( 'NONE',  ( 0.000000000000000000, 62.00000000000000000, -89.00000000000000000 ) ) ;
#1937 = CARTESIAN_POINT ( 'NONE',  ( 12.00000000000000711, 20.99999999999982592, -5.000000000000004441 ) ) ;
#1938 = AXIS2_PLACEMENT_3D ( 'NONE', #3088, #2822, #1326 ) ;
#1939 = CARTESIAN_POINT ( 'NONE',  ( 12.00000000000000533, 4.999999999999664269, -12.94081252077432254 ) ) ;
#1940 = ORIENTED_EDGE ( 'NONE', *, *, #3325, .F. ) ;
#1941 = AXIS2_PLACEMENT_3D ( 'NONE', #1339, #2118, #725 ) ;
#1942 = VERTEX_POINT ( 'NONE', #581 ) ;
#1943 = EDGE_CURVE ( 'NONE', #1195, #1141, #642, .T. ) ;
#1944 = CIRCLE ( 'NONE', #1284, 45.00000000000001421 ) ;
#1945 = DIRECTION ( 'NONE',  ( 0.000000000000000000, -1.000000000000000000, 0.000000000000000000 ) ) ;
#1946 = CARTESIAN_POINT ( 'NONE',  ( 12.00000000000000355, 4.999999999999775291, -32.25495616355557615 ) ) ;
#1947 = CARTESIAN_POINT ( 'NONE',  ( 12.00000000000000000, 12.99999999999981704, -66.87564434701793914 ) ) ;
#1948 = ORIENTED_EDGE ( 'NONE', *, *, #634, .F. ) ;
#1949 = CARTESIAN_POINT ( 'NONE',  ( -15.76874431179479608, 14.18828051710329596, -61.68773368040875482 ) ) ;
#1950 = CIRCLE ( 'NONE', #2056, 54.49999999999999289 ) ;
#1951 = CIRCLE ( 'NONE', #738, 53.00000000000000000 ) ;
#1952 = DIRECTION ( 'NONE',  ( -1.000000000000000000, 0.000000000000000000, 0.000000000000000000 ) ) ;
#1953 = VERTEX_POINT ( 'NONE', #566 ) ;
#1954 = CARTESIAN_POINT ( 'NONE',  ( 10.49999999999999289, 44.50000000000000000, -37.05050529600890030 ) ) ;
#1955 = CARTESIAN_POINT ( 'NONE',  ( 0.000000000000000000, 62.00000000000000000, -19.99999999999998934 ) ) ;
#1956 = FACE_OUTER_BOUND ( 'NONE', #2706, .T. ) ;
#1957 = ORIENTED_EDGE ( 'NONE', *, *, #221, .F. ) ;
#1958 = VERTEX_POINT ( 'NONE', #34 ) ;
#1959 = EDGE_CURVE ( 'NONE', #1560, #817, #2538, .T. ) ;
#1960 = CARTESIAN_POINT ( 'NONE',  ( 12.00000000000000533, 38.00000000000000000, -26.64416627131027582 ) ) ;
#1961 = AXIS2_PLACEMENT_3D ( 'NONE', #2491, #2696, #947 ) ;
#1962 = ADVANCED_FACE ( 'NONE', ( #1382 ), #48, .T. ) ;
#1963 = CARTESIAN_POINT ( 'NONE',  ( 11.00392066022354420, 43.99607933977645047, -24.93018719020941631 ) ) ;
#1964 = DIRECTION ( 'NONE',  ( 0.000000000000000000, 0.000000000000000000, -1.000000000000000000 ) ) ;
#1965 = ORIENTED_EDGE ( 'NONE', *, *, #60, .F. ) ;
#1966 = CARTESIAN_POINT ( 'NONE',  ( -1.732050807568869866, 62.00000000000000000, -80.00000000000002842 ) ) ;
#1967 = DIRECTION ( 'NONE',  ( 0.5000000000000015543, 0.000000000000000000, 0.8660254037844378194 ) ) ;
#1968 = ORIENTED_EDGE ( 'NONE', *, *, #2432, .F. ) ;
#1969 = CARTESIAN_POINT ( 'NONE',  ( 5.204170427930421283E-15, 4.999999999999997335, -84.00000000000002842 ) ) ;
#1970 = CARTESIAN_POINT ( 'NONE',  ( 9.498772470297252468, 29.50122752970274931, -13.59587200123969630 ) ) ;
#1971 = PRODUCT ( 'CSWA_10_4', 'CSWA_10_4', '', ( #1342 ) ) ;
#1972 = ORIENTED_EDGE ( 'NONE', *, *, #593, .T. ) ;
#1973 = ORIENTED_EDGE ( 'NONE', *, *, #1704, .T. ) ;
#1974 = DIRECTION ( 'NONE',  ( -0.000000000000000000, -1.000000000000000000, -0.000000000000000000 ) ) ;
#1975 = CARTESIAN_POINT ( 'NONE',  ( -12.00000000000000711, 20.99999999999982592, -66.87564434701789651 ) ) ;
#1976 = EDGE_CURVE ( 'NONE', #1472, #923, #598, .T. ) ;
#1977 = DIRECTION ( 'NONE',  ( -1.000000000000000000, 0.000000000000000000, 1.224646799147353207E-16 ) ) ;
#1978 = ORIENTED_EDGE ( 'NONE', *, *, #929, .T. ) ;
#1979 = CARTESIAN_POINT ( 'NONE',  ( 12.00000000000000355, -2.289834988289385365E-13, -29.19197378277728205 ) ) ;
#1980 = EDGE_CURVE ( 'NONE', #1370, #2385, #3177, .T. ) ;
#1981 = CARTESIAN_POINT ( 'NONE',  ( 0.000000000000000000, 59.00000000000000000, -89.00000000000000000 ) ) ;
#1982 = VERTEX_POINT ( 'NONE', #2676 ) ;
#1983 = LINE ( 'NONE', #2466, #3183 ) ;
#1984 = DIRECTION ( 'NONE',  ( -0.000000000000000000, -0.000000000000000000, 1.000000000000000000 ) ) ;
#1985 = ORIENTED_EDGE ( 'NONE', *, *, #2398, .F. ) ;
#1986 = ORIENTED_EDGE ( 'NONE', *, *, #1247, .T. ) ;
#1987 = VECTOR ( 'NONE', #2977, 1000.000000000000000 ) ;
#1988 = VECTOR ( 'NONE', #1264, 1000.000000000000000 ) ;
#1989 = FACE_OUTER_BOUND ( 'NONE', #2997, .T. ) ;
#1990 = LINE ( 'NONE', #2740, #2278 ) ;
#1991 = VECTOR ( 'NONE', #2435, 1000.000000000000000 ) ;
#1992 = EDGE_CURVE ( 'NONE', #2698, #1958, #1532, .T. ) ;
#1993 = VECTOR ( 'NONE', #855, 1000.000000000000000 ) ;
#1994 = CARTESIAN_POINT ( 'NONE',  ( 0.000000000000000000, 62.00000000000000000, 0.000000000000000000 ) ) ;
#1995 = VERTEX_POINT ( 'NONE', #2176 ) ;
#1996 = CARTESIAN_POINT ( 'NONE',  ( -12.00000000000000000, 54.00000000000000000, -51.36690286463257138 ) ) ;
#1997 = VECTOR ( 'NONE', #2214, 1000.000000000000000 ) ;
#1998 = EDGE_CURVE ( 'NONE', #124, #1141, #1260, .T. ) ;
#1999 = B_SPLINE_CURVE_WITH_KNOTS ( 'NONE', 3,
 ( #701, #1163, #963, #1960 ),
 .UNSPECIFIED., .F., .F.,
 ( 4, 4 ),
 ( 0.06288339278780064046, 0.06502368299776579985 ),
 .UNSPECIFIED. ) ;
#2000 = CARTESIAN_POINT ( 'NONE',  ( -7.518540529701908781, 22.12490943345118666, -0.01916803415733182164 ) ) ;
#2001 = ORIENTED_EDGE ( 'NONE', *, *, #630, .F. ) ;
#2002 = LINE ( 'NONE', #1758, #2736 ) ;
#2003 = CARTESIAN_POINT ( 'NONE',  ( 8.601411599008555342, 22.07157080673059468, -0.2633893034617211804 ) ) ;
#2004 = VECTOR ( 'NONE', #1051, 1000.000000000000000 ) ;
#2005 = ADVANCED_FACE ( 'NONE', ( #1147 ), #2692, .F. ) ;
#2006 = ORIENTED_EDGE ( 'NONE', *, *, #332, .T. ) ;
#2007 = ORIENTED_EDGE ( 'NONE', *, *, #630, .T. ) ;
#2008 = DIRECTION ( 'NONE',  ( -1.000000000000000000, -3.043374519257556522E-17, 1.224646799147353207E-16 ) ) ;
#2009 = CARTESIAN_POINT ( 'NONE',  ( -10.00373832829012066, 44.99626167170985980, -24.76642308856526142 ) ) ;
#2010 = CARTESIAN_POINT ( 'NONE',  ( 8.601411599008557118, 11.92842919326905360, -0.2633893034617211804 ) ) ;
#2011 = DIRECTION ( 'NONE',  ( -0.7071067811865474617, -0.7071067811865474617, 0.000000000000000000 ) ) ;
#2012 = ORIENTED_EDGE ( 'NONE', *, *, #2394, .T. ) ;
#2013 = VECTOR ( 'NONE', #753, 1000.000000000000000 ) ;
#2014 = APPROVAL_STATUS ( 'not_yet_approved' ) ;
#2015 = PLANE ( 'NONE',  #2051 ) ;
#2016 = ORIENTED_EDGE ( 'NONE', *, *, #666, .F. ) ;
#2017 = DIRECTION ( 'NONE',  ( -0.000000000000000000, 1.000000000000000000, -0.000000000000000000 ) ) ;
#2018 = CARTESIAN_POINT ( 'NONE',  ( -6.000000000000007105, 13.83586309476550724, -78.60769515458673595 ) ) ;
#2019 = ORIENTED_EDGE ( 'NONE', *, *, #3225, .T. ) ;
#2020 = ORIENTED_EDGE ( 'NONE', *, *, #3367, .F. ) ;
#2021 = ADVANCED_FACE ( 'NONE', ( #2415 ), #2445, .T. ) ;
#2022 = CARTESIAN_POINT ( 'NONE',  ( -8.000000000000007105, 13.83586309476550902, -84.00000000000002842 ) ) ;
#2023 = CARTESIAN_POINT ( 'NONE',  ( 7.515893278474472083, 11.89033039698906080, -0.02490558586595614798 ) ) ;
#2024 = DIRECTION ( 'NONE',  ( 0.000000000000000000, 0.000000000000000000, 1.000000000000000000 ) ) ;
#2025 = ORIENTED_EDGE ( 'NONE', *, *, #1076, .F. ) ;
#2026 = APPLICATION_CONTEXT ( 'configuration controlled 3d designs of mechanical parts and assemblies' ) ;
#2027 = PERSON_AND_ORGANIZATION_ROLE ( 'creator' ) ;
#2028 = CALENDAR_DATE ( 2026, 14, 8 ) ;
#2029 = CARTESIAN_POINT ( 'NONE',  ( 7.000000000000000000, 62.00000000000000000, -66.87564434701793914 ) ) ;
#2030 = EDGE_LOOP ( 'NONE', ( #2474, #1903, #2092, #2679 ) ) ;
#2031 = CARTESIAN_POINT ( 'NONE',  ( 5.204170427930421283E-15, 4.999999999999997335, -79.00000000000002842 ) ) ;
#2032 = DIRECTION ( 'NONE',  ( 0.000000000000000000, -1.000000000000000000, 0.000000000000000000 ) ) ;
#2033 = EDGE_LOOP ( 'NONE', ( #1239, #1145, #2550, #795, #3362, #708, #2172, #2782, #2383, #833, #1526, #3094, #2506, #881, #543, #2219, #242, #569, #3352, #230, #297, #49, #200, #3365, #102, #3214, #2486, #2273, #1618, #2335, #374, #1927 ) ) ;
#2034 = VERTEX_POINT ( 'NONE', #897 ) ;
#2035 = EDGE_CURVE ( 'NONE', #3124, #1168, #546, .T. ) ;
#2036 = CARTESIAN_POINT ( 'NONE',  ( 12.00000000000000178, 54.00000000000000000, -51.36690286463257138 ) ) ;
#2037 = AXIS2_PLACEMENT_3D ( 'NONE', #239, #220, #1279 ) ;
#2038 = VECTOR ( 'NONE', #2017, 1000.000000000000000 ) ;
#2039 = APPROVAL_PERSON_ORGANIZATION ( #168, #1312, #3044 ) ;
#2040 = EDGE_CURVE ( 'NONE', #1742, #942, #2601, .T. ) ;
#2041 = CARTESIAN_POINT ( 'NONE',  ( 0.000000000000000000, 62.00000000000000000, -89.00000000000000000 ) ) ;
#2042 = ORIENTED_EDGE ( 'NONE', *, *, #1317, .F. ) ;
#2043 = CIRCLE ( 'NONE', #3130, 77.00000000000000000 ) ;
#2044 = DIRECTION ( 'NONE',  ( -0.8660254037844378194, 0.000000000000000000, 0.5000000000000015543 ) ) ;
#2045 = ORIENTED_EDGE ( 'NONE', *, *, #1081, .F. ) ;
#2046 = VECTOR ( 'NONE', #3361, 1000.000000000000000 ) ;
#2047 = LINE ( 'NONE', #341, #2324 ) ;
#2048 = ORIENTED_EDGE ( 'NONE', *, *, #953, .T. ) ;
#2049 = CARTESIAN_POINT ( 'NONE',  ( 11.33012701892218921, 62.00000000000000000, -69.37564434701793914 ) ) ;
#2050 = CARTESIAN_POINT ( 'NONE',  ( -8.601411599008553566, 22.07157080673059113, -74.10191809370495264 ) ) ;
#2051 = AXIS2_PLACEMENT_3D ( 'NONE', #674, #153, #418 ) ;
#2052 = COORDINATED_UNIVERSAL_TIME_OFFSET ( 5, 30, .AHEAD. ) ;
#2053 = CARTESIAN_POINT ( 'NONE',  ( 0.000000000000000000, 4.999999999999720224, -89.00000000000000000 ) ) ;
#2054 = ORIENTED_EDGE ( 'NONE', *, *, #1685, .F. ) ;
#2055 = CARTESIAN_POINT ( 'NONE',  ( -6.000000000000007105, 13.83586309476550724, -84.00000000000002842 ) ) ;
#2056 = AXIS2_PLACEMENT_3D ( 'NONE', #3166, #1882, #2906 ) ;
#2057 = ORIENTED_EDGE ( 'NONE', *, *, #1058, .F. ) ;
#2058 = CONICAL_SURFACE ( 'NONE', #1180, 78.49999999999998579, 0.7853981633974437271 ) ;
#2059 = CARTESIAN_POINT ( 'NONE',  ( -12.00000000000000000, 62.00000000000000000, -37.37636200343877135 ) ) ;
#2060 = EDGE_CURVE ( 'NONE', #859, #1234, #648, .T. ) ;
#2061 = CC_DESIGN_DATE_AND_TIME_ASSIGNMENT ( #921, #2508, ( #1919 ) ) ;
#2062 = CARTESIAN_POINT ( 'NONE',  ( -8.999999999999984013, 46.00000000000000000, -35.24825584225197161 ) ) ;
#2063 = VERTEX_POINT ( 'NONE', #662 ) ;
#2064 = LINE ( 'NONE', #1011, #463 ) ;
#2065 = EDGE_CURVE ( 'NONE', #2163, #2624, #2459, .T. ) ;
#2066 = EDGE_CURVE ( 'NONE', #2793, #1024, #2071, .T. ) ;
#2067 = CARTESIAN_POINT ( 'NONE',  ( 12.00000000000000000, 4.999999999999691802, -68.21539030917354296 ) ) ;
#2068 = ORIENTED_EDGE ( 'NONE', *, *, #1265, .T. ) ;
#2069 = CARTESIAN_POINT ( 'NONE',  ( -12.00000000000000000, 62.00000000000000000, -40.46135560195360625 ) ) ;
#2070 = CARTESIAN_POINT ( 'NONE',  ( 10.50000000000001066, 28.49999999999999645, -12.71926848803821208 ) ) ;
#2071 = CIRCLE ( 'NONE', #310, 49.99999999999998579 ) ;
#2072 = DIRECTION ( 'NONE',  ( -0.6123724356957954695, -0.7071067811865457964, 0.3535533905932757293 ) ) ;
#2073 = VERTEX_POINT ( 'NONE', #2983 ) ;
#2074 = DIRECTION ( 'NONE',  ( -0.000000000000000000, -0.000000000000000000, 1.000000000000000000 ) ) ;
#2075 = VERTEX_POINT ( 'NONE', #2757 ) ;
#2076 = DIRECTION ( 'NONE',  ( -0.000000000000000000, -1.000000000000000000, 0.000000000000000000 ) ) ;
#2077 = VERTEX_POINT ( 'NONE', #1215 ) ;
#2078 = CARTESIAN_POINT ( 'NONE',  ( -11.99999999999999822, 4.999999999999831246, -40.46135560195361336 ) ) ;
#2079 = CARTESIAN_POINT ( 'NONE',  ( -7.000000000000000000, 62.00000000000000000, -66.87564434701789651 ) ) ;
#2080 = VERTEX_POINT ( 'NONE', #3023 ) ;
#2081 = EDGE_CURVE ( 'NONE', #1389, #817, #1999, .T. ) ;
#2082 = CARTESIAN_POINT ( 'NONE',  ( 7.931020162306075427, 22.16772114709404917, -0.08547110135615774984 ) ) ;
#2083 = ORIENTED_EDGE ( 'NONE', *, *, #2589, .T. ) ;
#2084 = EDGE_CURVE ( 'NONE', #2866, #8, #2174, .T. ) ;
#2085 = DIRECTION ( 'NONE',  ( 0.000000000000000000, -1.000000000000000000, 0.000000000000000000 ) ) ;
#2086 = FACE_OUTER_BOUND ( 'NONE', #1084, .T. ) ;
#2087 = ORIENTED_EDGE ( 'NONE', *, *, #3347, .F. ) ;
#2088 = LINE ( 'NONE', #3125, #2151 ) ;
#2089 = CARTESIAN_POINT ( 'NONE',  ( 0.000000000000000000, 0.000000000000000000, -31.00000000000000000 ) ) ;
#2090 = LINE ( 'NONE', #2139, #793 ) ;
#2091 = ORIENTED_EDGE ( 'NONE', *, *, #207, .F. ) ;
#2092 = ORIENTED_EDGE ( 'NONE', *, *, #2565, .F. ) ;
#2093 = CIRCLE ( 'NONE', #167, 5.000000000000004441 ) ;
#2094 = DIRECTION ( 'NONE',  ( -0.000000000000000000, -0.000000000000000000, -1.000000000000000000 ) ) ;
#2095 = VERTEX_POINT ( 'NONE', #2256 ) ;
#2096 = AXIS2_PLACEMENT_3D ( 'NONE', #1743, #3031, #1504 ) ;
#2097 = AXIS2_PLACEMENT_3D ( 'NONE', #427, #2240, #2226 ) ;
#2098 = VECTOR ( 'NONE', #1585, 1000.000000000000000 ) ;
#2099 = DIRECTION ( 'NONE',  ( -1.017203577148497449E-16, -3.095731447591375110E-33, -1.000000000000000000 ) ) ;
#2100 = ORIENTED_EDGE ( 'NONE', *, *, #784, .F. ) ;
#2101 = CARTESIAN_POINT ( 'NONE',  ( 12.00000000000000533, 4.999999999999664269, -15.97945494588526216 ) ) ;
#2102 = CARTESIAN_POINT ( 'NONE',  ( 12.00000000000000711, 4.999999999999824141, -5.000000000000004441 ) ) ;
#2103 = EDGE_CURVE ( 'NONE', #911, #163, #1296, .T. ) ;
#2104 = VECTOR ( 'NONE', #2167, 1000.000000000000000 ) ;
#2105 = CARTESIAN_POINT ( 'NONE',  ( -7.000000000000000000, 30.00000000000000000, -4.999999999999999112 ) ) ;
#2106 = EDGE_LOOP ( 'NONE', ( #132, #3089, #327, #64, #2943 ) ) ;
#2107 = DIRECTION ( 'NONE',  ( -0.000000000000000000, -0.000000000000000000, 1.000000000000000000 ) ) ;
#2108 = DIRECTION ( 'NONE',  ( 0.000000000000000000, 0.000000000000000000, 1.000000000000000000 ) ) ;
#2109 = EDGE_CURVE ( 'NONE', #1823, #1395, #1892, .T. ) ;
#2110 = EDGE_CURVE ( 'NONE', #799, #2635, #391, .T. ) ;
#2111 = ORIENTED_EDGE ( 'NONE', *, *, #2966, .T. ) ;
#2112 = AXIS2_PLACEMENT_3D ( 'NONE', #2564, #226, #2323 ) ;
#2113 = AXIS2_PLACEMENT_3D ( 'NONE', #2505, #2775, #395 ) ;
#2114 = ORIENTED_EDGE ( 'NONE', *, *, #929, .F. ) ;
#2115 = CARTESIAN_POINT ( 'NONE',  ( -9.498772470297238257, 29.50122752970274576, -13.59587200123970874 ) ) ;
#2116 = CARTESIAN_POINT ( 'NONE',  ( 0.000000000000000000, 0.000000000000000000, -27.99999999999999645 ) ) ;
#2117 = ORIENTED_EDGE ( 'NONE', *, *, #2391, .F. ) ;
#2118 = DIRECTION ( 'NONE',  ( -0.000000000000000000, 1.000000000000000000, 0.000000000000000000 ) ) ;
#2119 = FACE_OUTER_BOUND ( 'NONE', #2458, .T. ) ;
#2120 = PLANE ( 'NONE',  #1720 ) ;
#2121 = ORIENTED_EDGE ( 'NONE', *, *, #2222, .F. ) ;
#2122 = DIRECTION ( 'NONE',  ( -0.000000000000000000, -0.000000000000000000, 1.000000000000000000 ) ) ;
#2123 = DIRECTION ( 'NONE',  ( -0.000000000000000000, 1.000000000000000000, -0.000000000000000000 ) ) ;
#2124 = AXIS2_PLACEMENT_3D ( 'NONE', #3215, #337, #1099 ) ;
#2125 = FACE_OUTER_BOUND ( 'NONE', #1777, .T. ) ;
#2126 = ORIENTED_EDGE ( 'NONE', *, *, #871, .T. ) ;
#2127 = B_SPLINE_CURVE_WITH_KNOTS ( 'NONE', 3,
 ( #2953, #1930, #583, #50 ),
 .UNSPECIFIED., .F., .F.,
 ( 4, 4 ),
 ( 3.469446951953614189E-18, 0.002458162823976181403 ),
 .UNSPECIFIED. ) ;
#2128 = EDGE_CURVE ( 'NONE', #14, #471, #1445, .T. ) ;
#2129 = CARTESIAN_POINT ( 'NONE',  ( 12.00000000000000178, 54.00000000000000000, -51.36690286463257138 ) ) ;
#2130 = EDGE_LOOP ( 'NONE', ( #1372, #1046, #1473, #211 ) ) ;
#2131 = DIRECTION ( 'NONE',  ( -1.017203577148497449E-16, -0.000000000000000000, -1.000000000000000000 ) ) ;
#2132 = VERTEX_POINT ( 'NONE', #376 ) ;
#2133 = PLANE ( 'NONE',  #2311 ) ;
#2134 = CARTESIAN_POINT ( 'NONE',  ( -8.732050807568885631, 62.00000000000000000, -67.87564434701789651 ) ) ;
#2135 = CARTESIAN_POINT ( 'NONE',  ( 5.204170427930421283E-15, 62.00000000000000000, -79.00000000000002842 ) ) ;
#2136 = ORIENTED_EDGE ( 'NONE', *, *, #2141, .T. ) ;
#2137 = FACE_OUTER_BOUND ( 'NONE', #1075, .T. ) ;
#2138 = CARTESIAN_POINT ( 'NONE',  ( 8.999999999999984013, 46.00000000000000000, -68.21539030917354296 ) ) ;
#2139 = CARTESIAN_POINT ( 'NONE',  ( -8.999999999999984013, 46.00000000000000000, 1.469576158976823947E-15 ) ) ;
#2140 = VERTEX_POINT ( 'NONE', #1716 ) ;
#2141 = EDGE_CURVE ( 'NONE', #1080, #1636, #1990, .T. ) ;
#2142 = AXIS2_PLACEMENT_3D ( 'NONE', #789, #962, #2108 ) ;
#2143 = CARTESIAN_POINT ( 'NONE',  ( 7.000000000000000000, 62.00000000000000000, -66.87564434701793914 ) ) ;
#2144 = VERTEX_POINT ( 'NONE', #1198 ) ;
#2145 = EDGE_CURVE ( 'NONE', #2624, #1503, #2476, .T. ) ;
#2146 = LINE ( 'NONE', #1479, #2694 ) ;
#2147 = ORIENTED_EDGE ( 'NONE', *, *, #983, .F. ) ;
#2148 = FACE_OUTER_BOUND ( 'NONE', #2515, .T. ) ;
#2149 = CYLINDRICAL_SURFACE ( 'NONE', #1160, 5.000000000000004441 ) ;
#2150 = VECTOR ( 'NONE', #1579, 1000.000000000000000 ) ;
#2151 = VECTOR ( 'NONE', #788, 1000.000000000000000 ) ;
#2152 = DIRECTION ( 'NONE',  ( -0.5000000000000015543, -0.000000000000000000, -0.8660254037844378194 ) ) ;
#2153 = ORIENTED_EDGE ( 'NONE', *, *, #2591, .T. ) ;
#2154 = DIRECTION ( 'NONE',  ( -0.000000000000000000, 1.000000000000000000, -0.000000000000000000 ) ) ;
#2155 = DIRECTION ( 'NONE',  ( 0.000000000000000000, 0.000000000000000000, 1.000000000000000000 ) ) ;
#2156 = AXIS2_PLACEMENT_3D ( 'NONE', #308, #601, #1419 ) ;
#2157 = CIRCLE ( 'NONE', #2315, 40.99999999999999289 ) ;
#2158 = ORIENTED_EDGE ( 'NONE', *, *, #332, .F. ) ;
#2159 = CARTESIAN_POINT ( 'NONE',  ( -12.00000000000000000, 4.999999999999997335, 1.469576158976823947E-15 ) ) ;
#2160 = CIRCLE ( 'NONE', #2113, 2.000000000000000000 ) ;
#2161 = EDGE_CURVE ( 'NONE', #55, #2542, #2224, .T. ) ;
#2162 = CYLINDRICAL_SURFACE ( 'NONE', #1071, 69.00000000000000000 ) ;
#2163 = VERTEX_POINT ( 'NONE', #146 ) ;
#2164 = LINE ( 'NONE', #868, #2851 ) ;
#2165 = LINE ( 'NONE', #3204, #1611 ) ;
#2166 = EDGE_CURVE ( 'NONE', #2228, #2776, #3280, .T. ) ;
#2167 = DIRECTION ( 'NONE',  ( -0.000000000000000000, -0.000000000000000000, 1.000000000000000000 ) ) ;
#2168 = VERTEX_POINT ( 'NONE', #685 ) ;
#2169 = LINE ( 'NONE', #624, #1112 ) ;
#2170 = CARTESIAN_POINT ( 'NONE',  ( 5.204170427930421283E-15, 4.999999999999997335, -79.00000000000002842 ) ) ;
#2171 = CYLINDRICAL_SURFACE ( 'NONE', #1166, 4.999999999999999112 ) ;
#2172 = ORIENTED_EDGE ( 'NONE', *, *, #791, .T. ) ;
#2173 = ORIENTED_EDGE ( 'NONE', *, *, #1364, .F. ) ;
#2174 = CIRCLE ( 'NONE', #2395, 25.99999999999999645 ) ;
#2175 = LINE ( 'NONE', #2710, #1633 ) ;
#2176 = CARTESIAN_POINT ( 'NONE',  ( -12.00000000000000000, 4.999999999999942268, -54.00000000000000000 ) ) ;
#2177 = CARTESIAN_POINT ( 'NONE',  ( 1.019530463951281546E-15, 28.49999999999999645, -89.00000000000000000 ) ) ;
#2178 = EDGE_LOOP ( 'NONE', ( #2136, #96, #978, #545, #1928, #1706, #1604, #3167, #3295, #3062, #3135, #2547, #1060, #623 ) ) ;
#2179 = DIRECTION ( 'NONE',  ( -0.000000000000000000, 1.000000000000000000, -0.000000000000000000 ) ) ;
#2180 = CARTESIAN_POINT ( 'NONE',  ( 12.00000000000000178, 12.99999999999981881, -67.75842791103261220 ) ) ;
#2181 = EDGE_CURVE ( 'NONE', #1014, #1234, #339, .T. ) ;
#2182 = EDGE_CURVE ( 'NONE', #762, #2532, #252, .T. ) ;
#2183 = DIRECTION ( 'NONE',  ( 0.9537169507482262665, 0.3007057995042748400, 0.000000000000000000 ) ) ;
#2184 = ORIENTED_EDGE ( 'NONE', *, *, #2413, .T. ) ;
#2185 = CARTESIAN_POINT ( 'NONE',  ( 0.000000000000000000, 0.000000000000000000, -89.00000000000000000 ) ) ;
#2186 = DIRECTION ( 'NONE',  ( 0.000000000000000000, 0.000000000000000000, 1.000000000000000000 ) ) ;
#2187 = ORIENTED_EDGE ( 'NONE', *, *, #3181, .F. ) ;
#2188 = ORIENTED_EDGE ( 'NONE', *, *, #3121, .T. ) ;
#2189 = CARTESIAN_POINT ( 'NONE',  ( -7.000000000000000000, 62.00000000000000000, -66.87564434701789651 ) ) ;
#2190 = LINE ( 'NONE', #2208, #670 ) ;
#2191 = LINE ( 'NONE', #1463, #1634 ) ;
#2192 = CARTESIAN_POINT ( 'NONE',  ( -12.00000000000000000, -3.400058012914541905E-13, -15.97945494588526216 ) ) ;
#2193 = ORIENTED_EDGE ( 'NONE', *, *, #2487, .F. ) ;
#2194 = DIRECTION ( 'NONE',  ( 0.000000000000000000, -1.000000000000000000, 0.000000000000000000 ) ) ;
#2195 = DIRECTION ( 'NONE',  ( 0.000000000000000000, 0.000000000000000000, 1.000000000000000000 ) ) ;
#2196 = ORIENTED_EDGE ( 'NONE', *, *, #2469, .F. ) ;
#2197 = ADVANCED_FACE ( 'NONE', ( #1808 ), #3328, .F. ) ;
#2198 = DIRECTION ( 'NONE',  ( 0.000000000000000000, -1.000000000000000000, -0.000000000000000000 ) ) ;
#2199 = AXIS2_PLACEMENT_3D ( 'NONE', #2233, #2484, #3032 ) ;
#2200 = CARTESIAN_POINT ( 'NONE',  ( 0.000000000000000000, 4.999999999999968914, -60.00000000000000000 ) ) ;
#2201 = CIRCLE ( 'NONE', #721, 28.99999999999999645 ) ;
#2202 = AXIS2_PLACEMENT_3D ( 'NONE', #1512, #195, #2290 ) ;
#2203 = CARTESIAN_POINT ( 'NONE',  ( 0.000000000000000000, 0.000000000000000000, 0.000000000000000000 ) ) ;
#2204 = VERTEX_POINT ( 'NONE', #3366 ) ;
#2205 = AXIS2_PLACEMENT_3D ( 'NONE', #1393, #2441, #388 ) ;
#2206 = VERTEX_POINT ( 'NONE', #1025 ) ;
#2207 = EDGE_CURVE ( 'NONE', #1014, #1203, #2844, .T. ) ;
#2208 = CARTESIAN_POINT ( 'NONE',  ( -1.732050807568869866, 62.00000000000000000, -80.00000000000002842 ) ) ;
#2209 = PLANE ( 'NONE',  #1846 ) ;
#2210 = VERTEX_POINT ( 'NONE', #1510 ) ;
#2211 = CARTESIAN_POINT ( 'NONE',  ( 0.000000000000000000, 62.00000000000000000, -89.00000000000000000 ) ) ;
#2212 = VECTOR ( 'NONE', #2131, 1000.000000000000000 ) ;
#2213 = VECTOR ( 'NONE', #800, 1000.000000000000000 ) ;
#2214 = DIRECTION ( 'NONE',  ( -1.017203577148497449E-16, -0.000000000000000000, -1.000000000000000000 ) ) ;
#2215 = ORIENTED_EDGE ( 'NONE', *, *, #3339, .F. ) ;
#2216 = CARTESIAN_POINT ( 'NONE',  ( -12.00000000000000000, 37.50010976585903677, -26.13510355865271251 ) ) ;
#2217 = LINE ( 'NONE', #1955, #1987 ) ;
#2218 = CARTESIAN_POINT ( 'NONE',  ( 8.601411599008557118, 11.92842919326905360, -0.2633893034617211804 ) ) ;
#2219 = ORIENTED_EDGE ( 'NONE', *, *, #1840, .T. ) ;
#2220 = VERTEX_POINT ( 'NONE', #475 ) ;
#2221 = CIRCLE ( 'NONE', #745, 66.00000000000000000 ) ;
#2222 = EDGE_CURVE ( 'NONE', #396, #1697, #861, .T. ) ;
#2223 = EDGE_CURVE ( 'NONE', #735, #384, #1191, .T. ) ;
#2224 = LINE ( 'NONE', #3267, #3209 ) ;
#2225 =( BOUNDED_CURVE ( )  B_SPLINE_CURVE ( 3, ( #109, #1963, #665, #669 ),
 .UNSPECIFIED., .F., .T. ) 
 B_SPLINE_CURVE_WITH_KNOTS ( ( 4, 4 ),
 ( 4.526708474675131377, 4.573481159439054089 ),
 .UNSPECIFIED. ) 
 CURVE ( )  GEOMETRIC_REPRESENTATION_ITEM ( )  RATIONAL_B_SPLINE_CURVE ( ( 1.000000000000000000, 0.9998177013054739826, 0.9998177013054739826, 1.000000000000000000 ) ) 
 REPRESENTATION_ITEM ( '' )  );
#2226 = DIRECTION ( 'NONE',  ( 0.000000000000000000, 0.000000000000000000, 1.000000000000000000 ) ) ;
#2227 = FACE_OUTER_BOUND ( 'NONE', #3043, .T. ) ;
#2228 = VERTEX_POINT ( 'NONE', #1826 ) ;
#2229 = CARTESIAN_POINT ( 'NONE',  ( 12.00000000000000711, 27.00000000000001066, -5.000000000000004441 ) ) ;
#2230 = CARTESIAN_POINT ( 'NONE',  ( -8.071088216351645528, 22.16747916451353362, -0.1140881301527442576 ) ) ;
#2231 = EDGE_LOOP ( 'NONE', ( #1314, #1337, #2048, #1834 ) ) ;
#2232 = DIRECTION ( 'NONE',  ( -0.000000000000000000, 1.000000000000000000, -0.000000000000000000 ) ) ;
#2233 = CARTESIAN_POINT ( 'NONE',  ( 9.738798461624180871E-16, 30.00000000000000000, -89.00000000000000000 ) ) ;
#2234 = DIRECTION ( 'NONE',  ( 0.000000000000000000, 0.000000000000000000, 1.000000000000000000 ) ) ;
#2235 = VERTEX_POINT ( 'NONE', #2036 ) ;
#2236 = VERTEX_POINT ( 'NONE', #3072 ) ;
#2237 = DIRECTION ( 'NONE',  ( 0.000000000000000000, -1.000000000000000000, 0.000000000000000000 ) ) ;
#2238 = DIRECTION ( 'NONE',  ( 0.000000000000000000, -1.000000000000000000, 0.000000000000000000 ) ) ;
#2239 = EDGE_CURVE ( 'NONE', #2929, #1503, #1415, .T. ) ;
#2240 = DIRECTION ( 'NONE',  ( -0.000000000000000000, 1.000000000000000000, 0.000000000000000000 ) ) ;
#2241 = DIRECTION ( 'NONE',  ( 0.000000000000000000, 0.000000000000000000, -1.000000000000000000 ) ) ;
#2242 = ORIENTED_EDGE ( 'NONE', *, *, #987, .T. ) ;
#2243 = ADVANCED_FACE ( 'NONE', ( #1251 ), #2289, .T. ) ;
#2244 = CARTESIAN_POINT ( 'NONE',  ( 0.000000000000000000, 0.000000000000000000, -55.00000000000000000 ) ) ;
#2245 = EDGE_CURVE ( 'NONE', #321, #2277, #1784, .T. ) ;
#2246 = DIRECTION ( 'NONE',  ( -0.3007057995042730081, -0.9537169507482269326, 0.000000000000000000 ) ) ;
#2247 = ORIENTED_EDGE ( 'NONE', *, *, #1174, .F. ) ;
#2248 = CARTESIAN_POINT ( 'NONE',  ( 12.00000000000000355, 4.999999999999775291, -29.19197378277728205 ) ) ;
#2249 = CARTESIAN_POINT ( 'NONE',  ( 0.000000000000000000, 4.999999999999997335, -63.00000000000000000 ) ) ;
#2250 = VERTEX_POINT ( 'NONE', #232 ) ;
#2251 = VECTOR ( 'NONE', #887, 1000.000000000000000 ) ;
#2252 = ORIENTED_EDGE ( 'NONE', *, *, #1518, .T. ) ;
#2253 = CIRCLE ( 'NONE', #2202, 57.99999999999999289 ) ;
#2254 = VECTOR ( 'NONE', #1307, 1000.000000000000000 ) ;
#2255 = DIRECTION ( 'NONE',  ( 0.000000000000000000, 0.000000000000000000, -1.000000000000000000 ) ) ;
#2256 = CARTESIAN_POINT ( 'NONE',  ( -12.00000000000000000, 4.999999999999824141, -4.999999999999999112 ) ) ;
#2257 = AXIS2_PLACEMENT_3D ( 'NONE', #2774, #1094, #246 ) ;
#2258 = FACE_OUTER_BOUND ( 'NONE', #2033, .T. ) ;
#2259 = VECTOR ( 'NONE', #1613, 1000.000000000000000 ) ;
#2260 = LINE ( 'NONE', #2522, #2864 ) ;
#2261 = ORIENTED_EDGE ( 'NONE', *, *, #2449, .F. ) ;
#2262 = APPROVAL_DATE_TIME ( #3254, #2651 ) ;
#2263 = ADVANCED_FACE ( 'NONE', ( #1289 ), #2549, .T. ) ;
#2264 = CARTESIAN_POINT ( 'NONE',  ( -12.00000000000000000, 38.00000000000000000, -26.64416627131027582 ) ) ;
#2265 = ORIENTED_EDGE ( 'NONE', *, *, #2066, .F. ) ;
#2266 = EDGE_CURVE ( 'NONE', #1682, #2553, #1006, .T. ) ;
#2267 = CARTESIAN_POINT ( 'NONE',  ( -8.601411599008553566, 22.07157080673059113, -0.2633893034617229012 ) ) ;
#2268 = AXIS2_PLACEMENT_3D ( 'NONE', #1735, #1805, #2823 ) ;
#2269 = CARTESIAN_POINT ( 'NONE',  ( 9.000000000000001776, 30.00000000000000000, -11.01763019758891815 ) ) ;
#2270 = CIRCLE ( 'NONE', #574, 37.00000000000000711 ) ;
#2271 = DIRECTION ( 'NONE',  ( 0.6123724356957954695, -0.7071067811865459074, 0.3535533905932752852 ) ) ;
#2272 = ORIENTED_EDGE ( 'NONE', *, *, #1218, .T. ) ;
#2273 = ORIENTED_EDGE ( 'NONE', *, *, #2065, .T. ) ;
#2274 = CARTESIAN_POINT ( 'NONE',  ( 0.000000000000000000, 0.000000000000000000, -89.00000000000000000 ) ) ;
#2275 = LINE ( 'NONE', #2883, #2687 ) ;
#2276 = FACE_OUTER_BOUND ( 'NONE', #2482, .T. ) ;
#2277 = VERTEX_POINT ( 'NONE', #2326 ) ;
#2278 = VECTOR ( 'NONE', #2724, 1000.000000000000000 ) ;
#2279 = CALENDAR_DATE ( 2026, 14, 8 ) ;
#2280 = B_SPLINE_CURVE_WITH_KNOTS ( 'NONE', 3,
 ( #723, #1170, #3079, #741, #2082, #1794, #2873, #3375 ),
 .UNSPECIFIED., .F., .F.,
 ( 4, 2, 2, 4 ),
 ( 0.000000000000000000, 0.0004191714845713018418, 0.0008383429691426036836, 0.001676685938285211053 ),
 .UNSPECIFIED. ) ;
#2281 = CARTESIAN_POINT ( 'NONE',  ( 12.00000000000000178, 62.00000000000000000, -48.75077640500378351 ) ) ;
#2282 = ORIENTED_EDGE ( 'NONE', *, *, #2145, .F. ) ;
#2283 = DIRECTION ( 'NONE',  ( 3.043374519257556522E-17, -1.000000000000000000, 0.000000000000000000 ) ) ;
#2284 = DIRECTION ( 'NONE',  ( 0.000000000000000000, 0.000000000000000000, -1.000000000000000000 ) ) ;
#2285 = ADVANCED_FACE ( 'NONE', ( #3090 ), #2588, .F. ) ;
#2286 = EDGE_CURVE ( 'NONE', #2618, #627, #3313, .T. ) ;
#2287 = ORIENTED_EDGE ( 'NONE', *, *, #2128, .T. ) ;
#2288 = ORIENTED_EDGE ( 'NONE', *, *, #3011, .F. ) ;
#2289 = CYLINDRICAL_SURFACE ( 'NONE', #815, 61.00000000000000000 ) ;
#2290 = DIRECTION ( 'NONE',  ( 0.000000000000000000, 0.000000000000000000, 1.000000000000000000 ) ) ;
#2291 = CARTESIAN_POINT ( 'NONE',  ( 0.000000000000000000, 0.000000000000000000, 0.000000000000000000 ) ) ;
#2292 = ORIENTED_EDGE ( 'NONE', *, *, #1643, .F. ) ;
#2293 = FACE_OUTER_BOUND ( 'NONE', #2647, .T. ) ;
#2294 = FACE_OUTER_BOUND ( 'NONE', #1829, .T. ) ;
#2295 = ORIENTED_EDGE ( 'NONE', *, *, #442, .T. ) ;
#2296 = DIRECTION ( 'NONE',  ( 3.043374519257556522E-17, -1.000000000000000000, 0.000000000000000000 ) ) ;
#2297 = DIRECTION ( 'NONE',  ( 0.000000000000000000, 0.000000000000000000, -1.000000000000000000 ) ) ;
#2298 = CARTESIAN_POINT ( 'NONE',  ( 12.00000000000000000, 62.00000000000000000, -65.93487481065839972 ) ) ;
#2299 = ADVANCED_FACE ( 'NONE', ( #3231 ), #3041, .F. ) ;
#2300 = FACE_OUTER_BOUND ( 'NONE', #972, .T. ) ;
#2301 = ORIENTED_EDGE ( 'NONE', *, *, #2885, .F. ) ;
#2302 = ORIENTED_EDGE ( 'NONE', *, *, #2066, .T. ) ;
#2303 = EDGE_CURVE ( 'NONE', #3, #1306, #1185, .T. ) ;
#2304 = EDGE_CURVE ( 'NONE', #3, #560, #3154, .T. ) ;
#2305 = EDGE_LOOP ( 'NONE', ( #247, #2006, #3381, #691 ) ) ;
#2306 = ADVANCED_FACE ( 'NONE', ( #148 ), #1165, .F. ) ;
#2307 = DIRECTION ( 'NONE',  ( 0.000000000000000000, 0.000000000000000000, 1.000000000000000000 ) ) ;
#2308 = CLOSED_SHELL ( 'NONE', ( #2713, #3074, #1196, #1790, #1566, #1668, #1684, #2586, #1224, #1460, #2197, #1026, #1397, #1925, #1765, #2306, #2926, #1588, #2021, #3104, #61, #1897, #1962, #2636, #1338, #673, #792, #1650, #505, #2263, #3206, #3309, #1610, #2753, #249, #3265, #2525, #3160, #119, #2243, #2299, #3202, #1381, #2794, #1747, #2817, #2910, #831, #1007, #533, #1626, #3351, #531, #2716, #697, #571, #2672, #712, #3310, #3391, #1156, #425, #210, #462, #594, #2865, #2521, #2373, #1667, #1731, #335, #2005, #1357, #3116, #422, #1182, #3327, #782, #1457, #1097, #1079, #2867, #763, #1879, #336, #891, #2285, #547, #251, #1521, #185, #2985, #893, #21, #814, #2431, #3052, #988, #1540 ) ) ;
#2309 = LOCAL_TIME ( 19, 49, 24.00000000000000000, #2554 ) ;
#2310 = EDGE_LOOP ( 'NONE', ( #2158, #1049, #2196, #713 ) ) ;
#2311 = AXIS2_PLACEMENT_3D ( 'NONE', #2908, #1137, #291 ) ;
#2312 = DIRECTION ( 'NONE',  ( -0.000000000000000000, 1.000000000000000000, -0.000000000000000000 ) ) ;
#2313 = CARTESIAN_POINT ( 'NONE',  ( 0.000000000000000000, 4.999999999999720224, -89.00000000000000000 ) ) ;
#2314 = ORIENTED_EDGE ( 'NONE', *, *, #358, .T. ) ;
#2315 = AXIS2_PLACEMENT_3D ( 'NONE', #1152, #3220, #1952 ) ;
#2316 = CARTESIAN_POINT ( 'NONE',  ( 6.000000000000010658, 21.64207601349135501, -78.60769515458676437 ) ) ;
#2317 = ORIENTED_EDGE ( 'NONE', *, *, #3092, .T. ) ;
#2318 = CARTESIAN_POINT ( 'NONE',  ( -12.00000000000000000, 53.50049051891700458, -50.84261371479708203 ) ) ;
#2319 = CARTESIAN_POINT ( 'NONE',  ( 1.732050807568891848, 62.00000000000000000, -80.00000000000004263 ) ) ;
#2320 = DIRECTION ( 'NONE',  ( -3.469446951953616161E-15, 0.000000000000000000, 1.000000000000000000 ) ) ;
#2321 = ORIENTED_EDGE ( 'NONE', *, *, #1605, .F. ) ;
#2322 = LINE ( 'NONE', #1041, #447 ) ;
#2323 = DIRECTION ( 'NONE',  ( 0.000000000000000000, 0.000000000000000000, 1.000000000000000000 ) ) ;
#2324 = VECTOR ( 'NONE', #850, 1000.000000000000000 ) ;
#2325 = ORIENTED_EDGE ( 'NONE', *, *, #1646, .F. ) ;
#2326 = CARTESIAN_POINT ( 'NONE',  ( 12.00000000000000355, -1.734723475976807094E-13, -37.37636200343877135 ) ) ;
#2327 = EDGE_CURVE ( 'NONE', #2461, #1370, #2987, .T. ) ;
#2328 = EDGE_CURVE ( 'NONE', #1359, #905, #2191, .T. ) ;
#2329 = DIRECTION ( 'NONE',  ( 0.000000000000000000, -1.000000000000000000, -0.000000000000000000 ) ) ;
#2330 = ORIENTED_EDGE ( 'NONE', *, *, #1924, .T. ) ;
#2331 = LINE ( 'NONE', #1117, #2813 ) ;
#2332 = ORIENTED_EDGE ( 'NONE', *, *, #936, .F. ) ;
#2333 = B_SPLINE_CURVE_WITH_KNOTS ( 'NONE', 3,
 ( #3315, #975, #213, #2023, #3368, #2808, #1571, #2010 ),
 .UNSPECIFIED., .F., .F.,
 ( 4, 2, 2, 4 ),
 ( 1.739332775638545892E-18, 0.0004189701505385891984, 0.0008379403010771766620, 0.001675880602154356793 ),
 .UNSPECIFIED. ) ;
#2334 = DIRECTION ( 'NONE',  ( 0.000000000000000000, -1.000000000000000000, -0.000000000000000000 ) ) ;
#2335 = ORIENTED_EDGE ( 'NONE', *, *, #699, .T. ) ;
#2336 = CARTESIAN_POINT ( 'NONE',  ( 12.00000000000000355, -1.179611963664228824E-13, -48.75077640500378351 ) ) ;
#2337 = CARTESIAN_POINT ( 'NONE',  ( -7.000000000000000000, 4.999999999999824141, -4.999999999999999112 ) ) ;
#2338 = VECTOR ( 'NONE', #1350, 1000.000000000000000 ) ;
#2339 = PERSON_AND_ORGANIZATION_ROLE ( 'design_owner' ) ;
#2340 = DIRECTION ( 'NONE',  ( -0.4939001359591770890, -0.1557261146950937869, 0.8554601293464687561 ) ) ;
#2341 = ORIENTED_EDGE ( 'NONE', *, *, #1288, .T. ) ;
#2342 = LINE ( 'NONE', #3382, #1988 ) ;
#2343 = B_SPLINE_CURVE_WITH_KNOTS ( 'NONE', 3,
 ( #1724, #1703, #398, #653 ),
 .UNSPECIFIED., .F., .F.,
 ( 4, 4 ),
 ( 0.03036570175595612597, 0.03253736302014335197 ),
 .UNSPECIFIED. ) ;
#2344 = LINE ( 'NONE', #1042, #302 ) ;
#2345 = PLANE ( 'NONE',  #1398 ) ;
#2346 = ORIENTED_EDGE ( 'NONE', *, *, #3388, .T. ) ;
#2347 = CARTESIAN_POINT ( 'NONE',  ( -12.00000000000000000, 62.00000000000000000, -66.87564434701789651 ) ) ;
#2348 = VERTEX_POINT ( 'NONE', #3024 ) ;
#2349 = CARTESIAN_POINT ( 'NONE',  ( 12.00000000000000178, 62.00000000000000000, -49.79540843217468193 ) ) ;
#2350 = DIRECTION ( 'NONE',  ( 0.000000000000000000, 0.000000000000000000, 1.000000000000000000 ) ) ;
#2351 = ORIENTED_EDGE ( 'NONE', *, *, #2734, .T. ) ;
#2352 = PLANE ( 'NONE',  #3236 ) ;
#2353 = LINE ( 'NONE', #3139, #108 ) ;
#2354 = EDGE_CURVE ( 'NONE', #3256, #2235, #647, .T. ) ;
#2355 = LINE ( 'NONE', #554, #2259 ) ;
#2356 = VERTEX_POINT ( 'NONE', #1201 ) ;
#2357 = CARTESIAN_POINT ( 'NONE',  ( 11.99999999999999822, 4.999999999999997335, -65.93487481065839972 ) ) ;
#2358 = CYLINDRICAL_SURFACE ( 'NONE', #1365, 5.000000000000000888 ) ;
#2359 = ORIENTED_EDGE ( 'NONE', *, *, #2110, .F. ) ;
#2360 = ORIENTED_EDGE ( 'NONE', *, *, #1643, .T. ) ;
#2361 = AXIS2_PLACEMENT_3D ( 'NONE', #3378, #1035, #2580 ) ;
#2362 = CARTESIAN_POINT ( 'NONE',  ( 8.732050807568871420, 62.00000000000000000, -67.87564434701793914 ) ) ;
#2363 = ORIENTED_EDGE ( 'NONE', *, *, #2371, .T. ) ;
#2364 = CIRCLE ( 'NONE', #397, 77.00000000000000000 ) ;
#2365 = PRODUCT_DEFINITION_FORMATION_WITH_SPECIFIED_SOURCE ( 'ANY', '', #1971, .NOT_KNOWN. ) ;
#2366 = AXIS2_PLACEMENT_3D ( 'NONE', #2557, #205, #19 ) ;
#2367 = LINE ( 'NONE', #2555, #2004 ) ;
#2368 = ORIENTED_EDGE ( 'NONE', *, *, #2245, .F. ) ;
#2369 = FACE_OUTER_BOUND ( 'NONE', #1689, .T. ) ;
#2370 = CARTESIAN_POINT ( 'NONE',  ( 0.000000000000000000, 4.999999999999997335, -60.00000000000000000 ) ) ;
#2371 = EDGE_CURVE ( 'NONE', #424, #1301, #133, .T. ) ;
#2372 = APPLICATION_PROTOCOL_DEFINITION ( 'international standard', 'config_control_design', 1994, #1580 ) ;
#2373 = ADVANCED_FACE ( 'NONE', ( #898 ), #245, .T. ) ;
#2374 = DIRECTION ( 'NONE',  ( -0.000000000000000000, -0.000000000000000000, 1.000000000000000000 ) ) ;
#2375 = ORIENTED_EDGE ( 'NONE', *, *, #2691, .T. ) ;
#2376 = LINE ( 'NONE', #2055, #2254 ) ;
#2377 = CARTESIAN_POINT ( 'NONE',  ( 9.738798461624180871E-16, 30.00000000000000000, -89.00000000000000000 ) ) ;
#2378 = VECTOR ( 'NONE', #1705, 1000.000000000000000 ) ;
#2379 = VERTEX_POINT ( 'NONE', #1975 ) ;
#2380 = CIRCLE ( 'NONE', #908, 4.999999999999997335 ) ;
#2381 = AXIS2_PLACEMENT_3D ( 'NONE', #2761, #2507, #3006 ) ;
#2382 = CARTESIAN_POINT ( 'NONE',  ( 0.000000000000000000, 0.000000000000000000, -89.00000000000000000 ) ) ;
#2383 = ORIENTED_EDGE ( 'NONE', *, *, #385, .T. ) ;
#2384 = LINE ( 'NONE', #36, #3303 ) ;
#2385 = VERTEX_POINT ( 'NONE', #1946 ) ;
#2386 = CARTESIAN_POINT ( 'NONE',  ( 7.000000000000006217, 30.00000000000000000, -5.000000000000004441 ) ) ;
#2387 = LINE ( 'NONE', #1640, #783 ) ;
#2388 = AXIS2_PLACEMENT_3D ( 'NONE', #2552, #199, #1255 ) ;
#2389 = DIRECTION ( 'NONE',  ( 0.000000000000000000, 0.000000000000000000, -1.000000000000000000 ) ) ;
#2390 = ORIENTED_EDGE ( 'NONE', *, *, #1943, .T. ) ;
#2391 = EDGE_CURVE ( 'NONE', #1527, #3213, #2970, .T. ) ;
#2392 = DIRECTION ( 'NONE',  ( 0.000000000000000000, 0.000000000000000000, -1.000000000000000000 ) ) ;
#2393 = CARTESIAN_POINT ( 'NONE',  ( 10.00980109055422318, 60.99019890944577327, -49.22720524537469799 ) ) ;
#2394 = EDGE_CURVE ( 'NONE', #2453, #759, #2225, .T. ) ;
#2395 = AXIS2_PLACEMENT_3D ( 'NONE', #930, #633, #2502 ) ;
#2396 = FACE_OUTER_BOUND ( 'NONE', #830, .T. ) ;
#2397 = ORIENTED_EDGE ( 'NONE', *, *, #294, .F. ) ;
#2398 = EDGE_CURVE ( 'NONE', #2765, #124, #4, .T. ) ;
#2399 = DIRECTION ( 'NONE',  ( 0.000000000000000000, 0.000000000000000000, 1.000000000000000000 ) ) ;
#2400 = ORIENTED_EDGE ( 'NONE', *, *, #2035, .T. ) ;
#2401 = DIRECTION ( 'NONE',  ( 0.000000000000000000, -0.7071067811865474617, -0.7071067811865476838 ) ) ;
#2402 = EDGE_LOOP ( 'NONE', ( #2869, #2083, #1320, #3097, #2537, #1757 ) ) ;
#2403 = DIRECTION ( 'NONE',  ( 4.440892098500625373E-15, 0.000000000000000000, -1.000000000000000000 ) ) ;
#2404 = CARTESIAN_POINT ( 'NONE',  ( 12.00000000000000000, 59.00000000000000000, -68.21539030917354296 ) ) ;
#2405 = CARTESIAN_POINT ( 'NONE',  ( -2.643159102015705919, 8.383029669771977055, -84.00000000000002842 ) ) ;
#2406 = ORIENTED_EDGE ( 'NONE', *, *, #2504, .T. ) ;
#2407 = DIRECTION ( 'NONE',  ( -0.000000000000000000, 1.000000000000000000, -0.000000000000000000 ) ) ;
#2408 = CARTESIAN_POINT ( 'NONE',  ( 7.000000000000007105, 62.00000000000000000, -8.572527594031481078E-16 ) ) ;
#2409 = MANIFOLD_SOLID_BREP ( 'Chamfer1', #2308 ) ;
#2410 = VERTEX_POINT ( 'NONE', #2244 ) ;
#2411 = EDGE_CURVE ( 'NONE', #2073, #1348, #1854, .T. ) ;
#2412 = VECTOR ( 'NONE', #700, 1000.000000000000000 ) ;
#2413 = EDGE_CURVE ( 'NONE', #3256, #1896, #1119, .T. ) ;
#2414 = CYLINDRICAL_SURFACE ( 'NONE', #1793, 28.99999999999999645 ) ;
#2415 = FACE_OUTER_BOUND ( 'NONE', #3337, .T. ) ;
#2416 = ORIENTED_EDGE ( 'NONE', *, *, #1748, .F. ) ;
#2417 = CARTESIAN_POINT ( 'NONE',  ( 0.000000000000000000, 62.00000000000000000, -89.00000000000000000 ) ) ;
#2418 = ORIENTED_EDGE ( 'NONE', *, *, #671, .F. ) ;
#2419 = DIRECTION ( 'NONE',  ( -0.000000000000000000, -1.000000000000000000, -0.000000000000000000 ) ) ;
#2420 = CARTESIAN_POINT ( 'NONE',  ( 12.00000000000000533, -2.844946500601963635E-13, -21.05149008256324095 ) ) ;
#2421 = AXIS2_PLACEMENT_3D ( 'NONE', #693, #2767, #2961 ) ;
#2422 = AXIS2_PLACEMENT_3D ( 'NONE', #298, #56, #1107 ) ;
#2423 = CARTESIAN_POINT ( 'NONE',  ( 12.00000000000000711, 20.99999999999982592, -84.00000000000002842 ) ) ;
#2424 = VERTEX_POINT ( 'NONE', #2479 ) ;
#2425 = PLANE ( 'NONE',  #2516 ) ;
#2426 = DIRECTION ( 'NONE',  ( -0.000000000000000000, -1.000000000000000000, 0.000000000000000000 ) ) ;
#2427 = AXIS2_PLACEMENT_3D ( 'NONE', #1932, #2419, #2450 ) ;
#2428 = ORIENTED_EDGE ( 'NONE', *, *, #1121, .F. ) ;
#2429 = ORIENTED_EDGE ( 'NONE', *, *, #1317, .T. ) ;
#2430 = CARTESIAN_POINT ( 'NONE',  ( -6.999999999999999112, 62.00000000000000000, 8.572527594031472204E-16 ) ) ;
#2431 = ADVANCED_FACE ( 'NONE', ( #3284 ), #135, .T. ) ;
#2432 = EDGE_CURVE ( 'NONE', #3363, #1487, #2221, .T. ) ;
#2433 = CARTESIAN_POINT ( 'NONE',  ( 0.000000000000000000, 62.00000000000000000, -89.00000000000000000 ) ) ;
#2434 = ORIENTED_EDGE ( 'NONE', *, *, #3246, .F. ) ;
#2435 = DIRECTION ( 'NONE',  ( -0.000000000000000000, 1.000000000000000000, -0.000000000000000000 ) ) ;
#2436 = CARTESIAN_POINT ( 'NONE',  ( 5.325905408700725023E-16, 44.50000000000000000, -89.00000000000000000 ) ) ;
#2437 = PLANE ( 'NONE',  #1231 ) ;
#2438 = ORIENTED_EDGE ( 'NONE', *, *, #1438, .F. ) ;
#2439 = CARTESIAN_POINT ( 'NONE',  ( 11.77151880092952574, 21.07203984534836039, -68.61113135453788914 ) ) ;
#2440 = DIRECTION ( 'NONE',  ( 1.000000000000000000, -0.000000000000000000, 0.000000000000000000 ) ) ;
#2441 = DIRECTION ( 'NONE',  ( -0.000000000000000000, -0.000000000000000000, 1.000000000000000000 ) ) ;
#2442 = ORIENTED_EDGE ( 'NONE', *, *, #316, .F. ) ;
#2443 = ORIENTED_EDGE ( 'NONE', *, *, #2562, .F. ) ;
#2444 =( BOUNDED_CURVE ( )  B_SPLINE_CURVE ( 3, ( #27, #299, #2393, #43 ),
 .UNSPECIFIED., .F., .T. ) 
 B_SPLINE_CURVE_WITH_KNOTS ( ( 4, 4 ),
 ( 4.415357548956671430, 4.491074538036897934 ),
 .UNSPECIFIED. ) 
 CURVE ( )  GEOMETRIC_REPRESENTATION_ITEM ( )  RATIONAL_B_SPLINE_CURVE ( ( 1.000000000000000000, 0.9995223018568344386, 0.9995223018568344386, 1.000000000000000000 ) ) 
 REPRESENTATION_ITEM ( '' )  );
#2445 = CYLINDRICAL_SURFACE ( 'NONE', #2982, 5.000000000000004441 ) ;
#2446 = EDGE_CURVE ( 'NONE', #2235, #2168, #2343, .T. ) ;
#2447 = DIRECTION ( 'NONE',  ( -0.000000000000000000, 0.000000000000000000, 1.000000000000000000 ) ) ;
#2448 = ORIENTED_EDGE ( 'NONE', *, *, #1362, .T. ) ;
#2449 = EDGE_CURVE ( 'NONE', #2776, #1468, #1914, .T. ) ;
#2450 = DIRECTION ( 'NONE',  ( 0.000000000000000000, 0.000000000000000000, -1.000000000000000000 ) ) ;
#2451 = CARTESIAN_POINT ( 'NONE',  ( 9.000000000000003553, 30.00000000000000000, -0.4174243050441631131 ) ) ;
#2452 = CARTESIAN_POINT ( 'NONE',  ( 12.00000000000000000, 43.00000000000000000, -68.21539030917354296 ) ) ;
#2453 = VERTEX_POINT ( 'NONE', #417 ) ;
#2454 = EDGE_CURVE ( 'NONE', #2917, #1953, #689, .T. ) ;
#2455 = DIRECTION ( 'NONE',  ( -1.000000000000000000, 0.000000000000000000, 0.000000000000000000 ) ) ;
#2456 = DIRECTION ( 'NONE',  ( -0.000000000000000000, 1.000000000000000000, -0.000000000000000000 ) ) ;
#2457 = EDGE_LOOP ( 'NONE', ( #218, #2546, #2332, #965 ) ) ;
#2458 = EDGE_LOOP ( 'NONE', ( #776, #1428, #1366, #2884, #1403, #2114 ) ) ;
#2459 = LINE ( 'NONE', #1683, #1862 ) ;
#2460 = DIRECTION ( 'NONE',  ( 0.000000000000000000, 1.000000000000000000, 0.000000000000000000 ) ) ;
#2461 = VERTEX_POINT ( 'NONE', #1979 ) ;
#2462 = CARTESIAN_POINT ( 'NONE',  ( 11.77151880092952574, 12.92796015465127901, -68.61113135453788914 ) ) ;
#2463 = PRODUCT_RELATED_PRODUCT_CATEGORY ( 'detail', '', ( #1971 ) ) ;
#2464 = DIRECTION ( 'NONE',  ( -0.000000000000000000, 1.000000000000000000, -0.000000000000000000 ) ) ;
#2465 = VERTEX_POINT ( 'NONE', #1966 ) ;
#2466 = CARTESIAN_POINT ( 'NONE',  ( -12.00000000000000000, 62.00000000000000000, -62.59924243511183306 ) ) ;
#2467 = VECTOR ( 'NONE', #1680, 1000.000000000000000 ) ;
#2468 = LINE ( 'NONE', #3308, #1764 ) ;
#2469 = EDGE_CURVE ( 'NONE', #2073, #1665, #935, .T. ) ;
#2470 = EDGE_CURVE ( 'NONE', #163, #1070, #2990, .T. ) ;
#2471 = SECURITY_CLASSIFICATION ( '', '', #1517 ) ;
#2472 = ORIENTED_EDGE ( 'NONE', *, *, #2660, .F. ) ;
#2473 = CIRCLE ( 'NONE', #998, 5.000000000000000888 ) ;
#2474 = ORIENTED_EDGE ( 'NONE', *, *, #2040, .T. ) ;
#2475 = AXIS2_PLACEMENT_3D ( 'NONE', #807, #2374, #1039 ) ;
#2476 = LINE ( 'NONE', #128, #1525 ) ;
#2477 = FACE_OUTER_BOUND ( 'NONE', #491, .T. ) ;
#2478 = ORIENTED_EDGE ( 'NONE', *, *, #442, .F. ) ;
#2479 = CARTESIAN_POINT ( 'NONE',  ( 0.000000000000000000, 0.000000000000000000, -52.00000000000000000 ) ) ;
#2480 = VECTOR ( 'NONE', #775, 1000.000000000000000 ) ;
#2481 = CARTESIAN_POINT ( 'NONE',  ( -12.00000000000000000, 38.99989364986285523, -25.62614808957921397 ) ) ;
#2482 = EDGE_LOOP ( 'NONE', ( #3158, #204, #1506, #389, #3161, #2261, #848 ) ) ;
#2483 = FACE_OUTER_BOUND ( 'NONE', #2975, .T. ) ;
#2484 = DIRECTION ( 'NONE',  ( -3.043374519257556522E-17, 1.000000000000000000, -0.000000000000000000 ) ) ;
#2485 = EDGE_LOOP ( 'NONE', ( #3017, #2548, #2301, #2121, #3132, #867 ) ) ;
#2486 = ORIENTED_EDGE ( 'NONE', *, *, #3269, .T. ) ;
#2487 = EDGE_CURVE ( 'NONE', #1958, #2453, #1466, .T. ) ;
#2488 = EDGE_CURVE ( 'NONE', #1272, #1234, #2494, .T. ) ;
#2489 = CARTESIAN_POINT ( 'NONE',  ( 9.738798461624180871E-16, 30.00000000000000000, -1.192658836356921980E-31 ) ) ;
#2490 = DIRECTION ( 'NONE',  ( 0.000000000000000000, -1.000000000000000000, 0.000000000000000000 ) ) ;
#2491 = CARTESIAN_POINT ( 'NONE',  ( 0.000000000000000000, 4.999999999999801048, -36.00000000000000000 ) ) ;
#2492 = CARTESIAN_POINT ( 'NONE',  ( 0.000000000000000000, 4.999999999999831246, -36.00000000000000000 ) ) ;
#2493 = ORIENTED_EDGE ( 'NONE', *, *, #2084, .F. ) ;
#2494 = LINE ( 'NONE', #1949, #3091 ) ;
#2495 = DIRECTION ( 'NONE',  ( 0.000000000000000000, -1.000000000000000000, 0.000000000000000000 ) ) ;
#2496 = EDGE_LOOP ( 'NONE', ( #2707, #494, #1746, #2963, #2641, #1211 ) ) ;
#2497 = DIRECTION ( 'NONE',  ( 0.000000000000000000, 1.000000000000000000, 0.000000000000000000 ) ) ;
#2498 = DIRECTION ( 'NONE',  ( -0.000000000000000000, 1.000000000000000000, 0.000000000000000000 ) ) ;
#2499 = CARTESIAN_POINT ( 'NONE',  ( -12.00000000000000000, 52.49999999999998579, -49.79540843217468193 ) ) ;
#2500 = ORIENTED_EDGE ( 'NONE', *, *, #1199, .F. ) ;
#2501 = ORIENTED_EDGE ( 'NONE', *, *, #1785, .T. ) ;
#2502 = DIRECTION ( 'NONE',  ( 0.000000000000000000, 0.000000000000000000, 1.000000000000000000 ) ) ;
#2503 = EDGE_CURVE ( 'NONE', #551, #1807, #2973, .T. ) ;
#2504 = EDGE_CURVE ( 'NONE', #1593, #1860, #1750, .T. ) ;
#2505 = CARTESIAN_POINT ( 'NONE',  ( 8.000000000000007105, 13.83586309476550902, 0.000000000000000000 ) ) ;
#2506 = ORIENTED_EDGE ( 'NONE', *, *, #854, .T. ) ;
#2507 = DIRECTION ( 'NONE',  ( -0.000000000000000000, 1.000000000000000000, -0.000000000000000000 ) ) ;
#2508 = DATE_TIME_ROLE ( 'creation_date' ) ;
#2509 = DIRECTION ( 'NONE',  ( -0.000000000000000000, 1.000000000000000000, -0.000000000000000000 ) ) ;
#2510 = ORIENTED_EDGE ( 'NONE', *, *, #1820, .T. ) ;
#2511 = FACE_OUTER_BOUND ( 'NONE', #1262, .T. ) ;
#2512 = CARTESIAN_POINT ( 'NONE',  ( -12.00000000000000000, 62.00000000000000000, -4.999999999999999112 ) ) ;
#2513 = ORIENTED_EDGE ( 'NONE', *, *, #1179, .T. ) ;
#2514 = CIRCLE ( 'NONE', #1886, 5.000000000000004441 ) ;
#2515 = EDGE_LOOP ( 'NONE', ( #1825, #787, #2501, #3185, #409 ) ) ;
#2516 = AXIS2_PLACEMENT_3D ( 'NONE', #1143, #2198, #906 ) ;
#2517 = AXIS2_PLACEMENT_3D ( 'NONE', #754, #772, #3056 ) ;
#2518 = CIRCLE ( 'NONE', #12, 61.00000000000000000 ) ;
#2519 = DIRECTION ( 'NONE',  ( 0.000000000000000000, -1.000000000000000000, 0.000000000000000000 ) ) ;
#2520 = CARTESIAN_POINT ( 'NONE',  ( 0.000000000000000000, 4.999999999999775291, -27.99999999999999645 ) ) ;
#2521 = ADVANCED_FACE ( 'NONE', ( #621 ), #523, .T. ) ;
#2522 = CARTESIAN_POINT ( 'NONE',  ( -12.00000000000000000, 62.00000000000000000, -21.05149008256324095 ) ) ;
#2523 = ORIENTED_EDGE ( 'NONE', *, *, #2693, .F. ) ;
#2524 = FACE_OUTER_BOUND ( 'NONE', #1100, .T. ) ;
#2525 = ADVANCED_FACE ( 'NONE', ( #1690 ), #1169, .F. ) ;
#2526 = FACE_OUTER_BOUND ( 'NONE', #2457, .T. ) ;
#2527 = ORIENTED_EDGE ( 'NONE', *, *, #2060, .F. ) ;
#2528 = CARTESIAN_POINT ( 'NONE',  ( 9.000000000000003553, 30.00000000000000000, -9.154832194336480121E-16 ) ) ;
#2529 = CARTESIAN_POINT ( 'NONE',  ( -12.00000000000000000, 4.999999999999747757, 1.469576158976823947E-15 ) ) ;
#2530 = AXIS2_PLACEMENT_3D ( 'NONE', #667, #2743, #1721 ) ;
#2531 = ORIENTED_EDGE ( 'NONE', *, *, #86, .T. ) ;
#2532 = VERTEX_POINT ( 'NONE', #1755 ) ;
#2533 = DIRECTION ( 'NONE',  ( -0.000000000000000000, -1.000000000000000000, -0.000000000000000000 ) ) ;
#2534 = CARTESIAN_POINT ( 'NONE',  ( -8.999999999999984013, 46.00000000000000000, -35.24825584225197161 ) ) ;
#2535 = ORIENTED_EDGE ( 'NONE', *, *, #2103, .T. ) ;
#2536 = CARTESIAN_POINT ( 'NONE',  ( 0.000000000000000000, 62.00000000000000000, -89.00000000000000000 ) ) ;
#2537 = ORIENTED_EDGE ( 'NONE', *, *, #588, .T. ) ;
#2538 = CIRCLE ( 'NONE', #421, 63.49999999999998579 ) ;
#2539 = EDGE_CURVE ( 'NONE', #675, #307, #695, .T. ) ;
#2540 = DATE_TIME_ROLE ( 'classification_date' ) ;
#2541 = FACE_OUTER_BOUND ( 'NONE', #3390, .T. ) ;
#2542 = VERTEX_POINT ( 'NONE', #216 ) ;
#2543 = DIRECTION ( 'NONE',  ( 0.000000000000000000, 0.000000000000000000, -1.000000000000000000 ) ) ;
#2544 = DIRECTION ( 'NONE',  ( -1.000000000000000000, 0.000000000000000000, 0.000000000000000000 ) ) ;
#2545 = EDGE_CURVE ( 'NONE', #2277, #1359, #1223, .T. ) ;
#2546 = ORIENTED_EDGE ( 'NONE', *, *, #59, .F. ) ;
#2547 = ORIENTED_EDGE ( 'NONE', *, *, #2166, .T. ) ;
#2548 = ORIENTED_EDGE ( 'NONE', *, *, #2109, .T. ) ;
#2549 = PLANE ( 'NONE',  #752 ) ;
#2550 = ORIENTED_EDGE ( 'NONE', *, *, #2391, .T. ) ;
#2551 = CARTESIAN_POINT ( 'NONE',  ( -11.77151880092952574, 21.07203984534836039, -68.61113135453784651 ) ) ;
#2552 = CARTESIAN_POINT ( 'NONE',  ( 1.978193437517407179E-16, 55.50000000000001421, -89.00000000000000000 ) ) ;
#2553 = VERTEX_POINT ( 'NONE', #183 ) ;
#2554 = COORDINATED_UNIVERSAL_TIME_OFFSET ( 5, 30, .AHEAD. ) ;
#2555 = CARTESIAN_POINT ( 'NONE',  ( -12.00000000000000000, 26.99999999999998224, 1.469576158976823947E-15 ) ) ;
#2556 = VERTEX_POINT ( 'NONE', #1240 ) ;
#2557 = CARTESIAN_POINT ( 'NONE',  ( 2.891205793294683257E-16, 52.49999999999998579, -89.00000000000000000 ) ) ;
#2558 = LINE ( 'NONE', #1798, #3286 ) ;
#2559 = CARTESIAN_POINT ( 'NONE',  ( -11.99999999999999822, 4.999999999999775291, -29.19197378277728205 ) ) ;
#2560 = DIRECTION ( 'NONE',  ( -0.5000000000000015543, 0.000000000000000000, -0.8660254037844378194 ) ) ;
#2561 = EDGE_LOOP ( 'NONE', ( #1325, #2418, #986, #2351, #2726, #2054 ) ) ;
#2562 = EDGE_CURVE ( 'NONE', #1896, #519, #473, .T. ) ;
#2563 = CARTESIAN_POINT ( 'NONE',  ( 12.00000000000000000, 62.00000000000000000, -66.87564434701793914 ) ) ;
#2564 = CARTESIAN_POINT ( 'NONE',  ( 0.000000000000000000, 62.00000000000000000, -89.00000000000000000 ) ) ;
#2565 = EDGE_CURVE ( 'NONE', #1663, #3107, #864, .T. ) ;
#2566 = ORIENTED_EDGE ( 'NONE', *, *, #1438, .T. ) ;
#2567 = CARTESIAN_POINT ( 'NONE',  ( -12.00000000000000711, 20.99999999999982592, -5.000000000000004441 ) ) ;
#2568 = VECTOR ( 'NONE', #522, 1000.000000000000000 ) ;
#2569 = AXIS2_PLACEMENT_3D ( 'NONE', #2995, #2497, #2731 ) ;
#2570 = DIRECTION ( 'NONE',  ( 0.000000000000000000, -1.000000000000000000, 0.000000000000000000 ) ) ;
#2571 = CIRCLE ( 'NONE', #1162, 53.00000000000000000 ) ;
#2572 = DIRECTION ( 'NONE',  ( 0.000000000000000000, 0.000000000000000000, 1.000000000000000000 ) ) ;
#2573 = ORIENTED_EDGE ( 'NONE', *, *, #2814, .F. ) ;
#2574 = VECTOR ( 'NONE', #1053, 1000.000000000000000 ) ;
#2575 = CARTESIAN_POINT ( 'NONE',  ( -6.000000000000007105, 0.000000000000000000, -84.00000000000002842 ) ) ;
#2576 = CIRCLE ( 'NONE', #2633, 33.99999999999999289 ) ;
#2577 = CARTESIAN_POINT ( 'NONE',  ( 6.000000000000008882, 12.35792398650829149, -78.60769515458677859 ) ) ;
#2578 = ORIENTED_EDGE ( 'NONE', *, *, #1992, .F. ) ;
#2579 = FACE_OUTER_BOUND ( 'NONE', #3191, .T. ) ;
#2580 = DIRECTION ( 'NONE',  ( 0.000000000000000000, 0.000000000000000000, -1.000000000000000000 ) ) ;
#2581 = DIRECTION ( 'NONE',  ( -0.000000000000000000, -0.000000000000000000, 1.000000000000000000 ) ) ;
#2582 = ORIENTED_EDGE ( 'NONE', *, *, #3144, .F. ) ;
#2583 = VERTEX_POINT ( 'NONE', #496 ) ;
#2584 = DIRECTION ( 'NONE',  ( -0.000000000000000000, 0.000000000000000000, 1.000000000000000000 ) ) ;
#2585 = AXIS2_PLACEMENT_3D ( 'NONE', #990, #3329, #2868 ) ;
#2586 = ADVANCED_FACE ( 'NONE', ( #1298 ), #2414, .T. ) ;
#2587 = ORIENTED_EDGE ( 'NONE', *, *, #1139, .T. ) ;
#2588 = CYLINDRICAL_SURFACE ( 'NONE', #2930, 2.000000000000000000 ) ;
#2589 = EDGE_CURVE ( 'NONE', #901, #1823, #2175, .T. ) ;
#2590 = DIRECTION ( 'NONE',  ( 3.043374519257556522E-17, -1.000000000000000000, 0.000000000000000000 ) ) ;
#2591 = EDGE_CURVE ( 'NONE', #2744, #905, #3259, .T. ) ;
#2592 = FACE_OUTER_BOUND ( 'NONE', #2880, .T. ) ;
#2593 = ORIENTED_EDGE ( 'NONE', *, *, #1785, .F. ) ;
#2594 = CARTESIAN_POINT ( 'NONE',  ( -8.000000000000007105, 20.16413690523414104, 0.000000000000000000 ) ) ;
#2595 = AXIS2_PLACEMENT_3D ( 'NONE', #98, #134, #1206 ) ;
#2596 = VERTEX_POINT ( 'NONE', #411 ) ;
#2597 = CARTESIAN_POINT ( 'NONE',  ( 0.000000000000000000, 4.999999999999831246, -89.00000000000000000 ) ) ;
#2598 = ORIENTED_EDGE ( 'NONE', *, *, #1904, .F. ) ;
#2599 = DIRECTION ( 'NONE',  ( -0.000000000000000000, -1.000000000000000000, -0.000000000000000000 ) ) ;
#2600 = CARTESIAN_POINT ( 'NONE',  ( -7.191876019289935584, 11.48400433210193938, -76.54330533285364879 ) ) ;
#2601 = CIRCLE ( 'NONE', #2877, 69.00000000000000000 ) ;
#2602 = DIRECTION ( 'NONE',  ( -0.000000000000000000, 1.000000000000000000, -0.000000000000000000 ) ) ;
#2603 = ORIENTED_EDGE ( 'NONE', *, *, #936, .T. ) ;
#2604 = CARTESIAN_POINT ( 'NONE',  ( -6.999999999999999112, 30.00000000000000000, 8.572527594031472204E-16 ) ) ;
#2605 = CARTESIAN_POINT ( 'NONE',  ( 8.000000000000007105, 20.16413690523414104, 0.000000000000000000 ) ) ;
#2606 = ORIENTED_EDGE ( 'NONE', *, *, #3011, .T. ) ;
#2607 = CARTESIAN_POINT ( 'NONE',  ( 12.00000000000000178, 4.999999999999942268, -54.00000000000000000 ) ) ;
#2608 = EDGE_LOOP ( 'NONE', ( #2593, #1282, #37, #1276, #1095, #1418, #2242, #423, #1287, #438, #1012, #25, #1972, #645, #2954, #465, #2188, #1582, #959, #3376, #2360, #1412, #77, #1632, #3046, #2252, #779, #1333, #724, #3306, #69, #305 ) ) ;
#2609 = PLANE ( 'NONE',  #1686 ) ;
#2610 = EDGE_CURVE ( 'NONE', #2583, #55, #1308, .T. ) ;
#2611 = ORIENTED_EDGE ( 'NONE', *, *, #201, .T. ) ;
#2612 = EDGE_CURVE ( 'NONE', #1394, #1942, #5, .T. ) ;
#2613 = CARTESIAN_POINT ( 'NONE',  ( 8.999999999999991118, 46.00000000000000000, -9.154832194336466316E-16 ) ) ;
#2614 = ORIENTED_EDGE ( 'NONE', *, *, #293, .T. ) ;
#2615 = FACE_OUTER_BOUND ( 'NONE', #74, .T. ) ;
#2616 = DIRECTION ( 'NONE',  ( -3.043374519257556522E-17, 1.000000000000000000, -0.000000000000000000 ) ) ;
#2617 = DIRECTION ( 'NONE',  ( 0.000000000000000000, 0.000000000000000000, 1.000000000000000000 ) ) ;
#2618 = VERTEX_POINT ( 'NONE', #3126 ) ;
#2619 = LINE ( 'NONE', #2931, #2846 ) ;
#2620 = DIRECTION ( 'NONE',  ( -0.000000000000000000, -1.000000000000000000, -0.000000000000000000 ) ) ;
#2621 = ORIENTED_EDGE ( 'NONE', *, *, #854, .F. ) ;
#2622 = AXIS2_PLACEMENT_3D ( 'NONE', #2781, #1505, #969 ) ;
#2623 = CARTESIAN_POINT ( 'NONE',  ( 8.999999999999985789, 46.00000000000000000, -48.99999999999999289 ) ) ;
#2624 = VERTEX_POINT ( 'NONE', #1824 ) ;
#2625 = CIRCLE ( 'NONE', #1612, 40.99999999999999289 ) ;
#2626 = AXIS2_PLACEMENT_3D ( 'NONE', #1718, #2741, #3112 ) ;
#2627 = AXIS2_PLACEMENT_3D ( 'NONE', #1835, #3138, #521 ) ;
#2628 = CARTESIAN_POINT ( 'NONE',  ( -12.00000000000000000, 39.50000000000001421, -25.11729498526224447 ) ) ;
#2629 = VERTEX_POINT ( 'NONE', #2089 ) ;
#2630 = EDGE_CURVE ( 'NONE', #2075, #1889, #1859, .T. ) ;
#2631 = CARTESIAN_POINT ( 'NONE',  ( -11.00392066022353532, 27.99607933977644336, -24.93018719020940210 ) ) ;
#2632 = CARTESIAN_POINT ( 'NONE',  ( 5.204170427930421283E-15, 62.00000000000000000, -79.00000000000002842 ) ) ;
#2633 = AXIS2_PLACEMENT_3D ( 'NONE', #595, #3226, #3212 ) ;
#2634 = CARTESIAN_POINT ( 'NONE',  ( -8.846560881967636902, 21.99427553471904773, -73.67730708018075347 ) ) ;
#2635 = VERTEX_POINT ( 'NONE', #244 ) ;
#2636 = ADVANCED_FACE ( 'NONE', ( #3297 ), #2358, .T. ) ;
#2637 = DIRECTION ( 'NONE',  ( 0.000000000000000000, 0.000000000000000000, 1.000000000000000000 ) ) ;
#2638 = DIRECTION ( 'NONE',  ( 0.000000000000000000, 0.000000000000000000, 1.000000000000000000 ) ) ;
#2639 = B_SPLINE_CURVE_WITH_KNOTS ( 'NONE', 3,
 ( #16, #2115, #1515, #757 ),
 .UNSPECIFIED., .F., .F.,
 ( 4, 4 ),
 ( 0.000000000000000000, 0.002497990777266240799 ),
 .UNSPECIFIED. ) ;
#2640 = DIRECTION ( 'NONE',  ( -1.017203577148497449E-16, -0.000000000000000000, -1.000000000000000000 ) ) ;
#2641 = ORIENTED_EDGE ( 'NONE', *, *, #1992, .T. ) ;
#2642 = CIRCLE ( 'NONE', #3084, 74.00000000000000000 ) ;
#2643 = AXIS2_PLACEMENT_3D ( 'NONE', #3078, #1789, #1254 ) ;
#2644 = FACE_OUTER_BOUND ( 'NONE', #516, .T. ) ;
#2645 = EDGE_LOOP ( 'NONE', ( #1876, #2850, #2346, #1452, #619 ) ) ;
#2646 = CARTESIAN_POINT ( 'NONE',  ( -12.00000000000000000, 26.99999999999998224, -4.999999999999999112 ) ) ;
#2647 = EDGE_LOOP ( 'NONE', ( #3141, #3065, #1228, #1111 ) ) ;
#2648 = LINE ( 'NONE', #2699, #3344 ) ;
#2649 = CARTESIAN_POINT ( 'NONE',  ( 0.000000000000000000, 0.000000000000000000, -89.00000000000000000 ) ) ;
#2650 = EDGE_CURVE ( 'NONE', #2034, #3274, #366, .T. ) ;
#2651 = APPROVAL ( #469, 'UNSPECIFIED' ) ;
#2652 = VECTOR ( 'NONE', #2194, 1000.000000000000000 ) ;
#2653 = DIRECTION ( 'NONE',  ( 0.000000000000000000, 0.000000000000000000, -1.000000000000000000 ) ) ;
#2654 = ORIENTED_EDGE ( 'NONE', *, *, #267, .F. ) ;
#2655 = DIRECTION ( 'NONE',  ( -0.000000000000000000, 1.000000000000000000, -0.000000000000000000 ) ) ;
#2656 = CARTESIAN_POINT ( 'NONE',  ( 8.999999999999998224, 62.00000000000000000, -66.87564434701793914 ) ) ;
#2657 = EDGE_CURVE ( 'NONE', #2553, #2073, #2344, .T. ) ;
#2658 = AXIS2_PLACEMENT_3D ( 'NONE', #1130, #2620, #1893 ) ;
#2659 = AXIS2_PLACEMENT_3D ( 'NONE', #2143, #1945, #80 ) ;
#2660 = EDGE_CURVE ( 'NONE', #1301, #735, #2739, .T. ) ;
#2661 = ORIENTED_EDGE ( 'NONE', *, *, #1475, .T. ) ;
#2662 = CARTESIAN_POINT ( 'NONE',  ( 9.998469512778569879, 45.00153048722142302, -37.46080853049393511 ) ) ;
#2663 = ORIENTED_EDGE ( 'NONE', *, *, #1924, .F. ) ;
#2664 = DIRECTION ( 'NONE',  ( -3.043374519257556522E-17, 1.000000000000000000, -0.000000000000000000 ) ) ;
#2665 = ORIENTED_EDGE ( 'NONE', *, *, #100, .T. ) ;
#2666 = DIRECTION ( 'NONE',  ( -3.043374519257556522E-17, 1.000000000000000000, -0.000000000000000000 ) ) ;
#2667 = DIRECTION ( 'NONE',  ( -0.000000000000000000, -0.000000000000000000, 1.000000000000000000 ) ) ;
#2668 = CARTESIAN_POINT ( 'NONE',  ( 12.00000000000000178, -6.245004513516505540E-14, -57.18805255882626426 ) ) ;
#2669 = VERTEX_POINT ( 'NONE', #3021 ) ;
#2670 = DIRECTION ( 'NONE',  ( 0.000000000000000000, 0.000000000000000000, 1.000000000000000000 ) ) ;
#2671 = CARTESIAN_POINT ( 'NONE',  ( 8.999999999999985789, 46.00000000000000000, -35.24825584225197161 ) ) ;
#2672 = ADVANCED_FACE ( 'NONE', ( #3038 ), #2862, .T. ) ;
#2673 = EDGE_LOOP ( 'NONE', ( #2016, #2853, #1542, #1106, #3019, #1040 ) ) ;
#2674 = ORIENTED_EDGE ( 'NONE', *, *, #440, .F. ) ;
#2675 = EDGE_CURVE ( 'NONE', #2144, #1528, #1842, .T. ) ;
#2676 = CARTESIAN_POINT ( 'NONE',  ( -12.00000000000000000, -2.844946500601963635E-13, -24.10007704164818421 ) ) ;
#2677 = CIRCLE ( 'NONE', #3338, 65.00000000000000000 ) ;
#2678 = CARTESIAN_POINT ( 'NONE',  ( -12.00000000000000000, 62.00000000000000000, -65.93487481065839972 ) ) ;
#2679 = ORIENTED_EDGE ( 'NONE', *, *, #1518, .F. ) ;
#2680 = CIRCLE ( 'NONE', #1217, 73.99999999999998579 ) ;
#2681 = DIRECTION ( 'NONE',  ( 0.000000000000000000, -1.000000000000000000, 0.000000000000000000 ) ) ;
#2682 = DIRECTION ( 'NONE',  ( 1.017203577148497449E-16, 3.095731447591375110E-33, 1.000000000000000000 ) ) ;
#2683 = DIRECTION ( 'NONE',  ( -0.000000000000000000, -0.000000000000000000, 1.000000000000000000 ) ) ;
#2684 = EDGE_LOOP ( 'NONE', ( #2472, #1620, #2621, #2936 ) ) ;
#2685 = CARTESIAN_POINT ( 'NONE',  ( 0.000000000000000000, 4.999999999999886313, -89.00000000000000000 ) ) ;
#2686 = CARTESIAN_POINT ( 'NONE',  ( 0.000000000000000000, 4.999999999999720224, -89.00000000000000000 ) ) ;
#2687 = VECTOR ( 'NONE', #794, 1000.000000000000000 ) ;
#2688 = CIRCLE ( 'NONE', #1347, 5.000000000000000000 ) ;
#2689 = ORIENTED_EDGE ( 'NONE', *, *, #2612, .F. ) ;
#2690 = ORIENTED_EDGE ( 'NONE', *, *, #126, .F. ) ;
#2691 = EDGE_CURVE ( 'NONE', #2793, #2744, #944, .T. ) ;
#2692 = PLANE ( 'NONE',  #474 ) ;
#2693 = EDGE_CURVE ( 'NONE', #1295, #859, #1584, .T. ) ;
#2694 = VECTOR ( 'NONE', #2011, 1000.000000000000114 ) ;
#2695 = EDGE_CURVE ( 'NONE', #58, #3108, #3000, .T. ) ;
#2696 = DIRECTION ( 'NONE',  ( -0.000000000000000000, 1.000000000000000000, 0.000000000000000000 ) ) ;
#2697 = CARTESIAN_POINT ( 'NONE',  ( 6.000000000000007105, 0.000000000000000000, -84.00000000000002842 ) ) ;
#2698 = VERTEX_POINT ( 'NONE', #684 ) ;
#2699 = CARTESIAN_POINT ( 'NONE',  ( -12.00000000000000000, 0.000000000000000000, 1.469576158976823947E-15 ) ) ;
#2700 = CARTESIAN_POINT ( 'NONE',  ( -8.999999999999984013, 30.00000000000000000, 0.000000000000000000 ) ) ;
#2701 = CARTESIAN_POINT ( 'NONE',  ( 0.000000000000000000, 62.00000000000000000, -89.00000000000000000 ) ) ;
#2702 = ORIENTED_EDGE ( 'NONE', *, *, #549, .T. ) ;
#2703 = CARTESIAN_POINT ( 'NONE',  ( 7.760605024106773199E-16, 36.49999999999998579, -89.00000000000000000 ) ) ;
#2704 = CARTESIAN_POINT ( 'NONE',  ( -7.000000000000000000, 12.10381228719663405, 0.000000000000000000 ) ) ;
#2705 = CARTESIAN_POINT ( 'NONE',  ( -7.000000000000000000, 62.00000000000000000, -4.999999999999999112 ) ) ;
#2706 = EDGE_LOOP ( 'NONE', ( #1187, #2272, #548, #3356, #333 ) ) ;
#2707 = ORIENTED_EDGE ( 'NONE', *, *, #1646, .T. ) ;
#2708 = AXIS2_PLACEMENT_3D ( 'NONE', #3298, #2968, #3111 ) ;
#2709 = CC_DESIGN_PERSON_AND_ORGANIZATION_ASSIGNMENT ( #202, #740, ( #2471 ) ) ;
#2710 = CARTESIAN_POINT ( 'NONE',  ( -8.999999999999984013, 30.00000000000000000, 1.469576158976823947E-15 ) ) ;
#2711 = CARTESIAN_POINT ( 'NONE',  ( -12.00000000000000000, 42.99999999999998579, -25.11729498526224447 ) ) ;
#2712 = CARTESIAN_POINT ( 'NONE',  ( 0.000000000000000000, 0.000000000000000000, -89.00000000000000000 ) ) ;
#2713 = ADVANCED_FACE ( 'NONE', ( #1989 ), #1050, .T. ) ;
#2714 = CARTESIAN_POINT ( 'NONE',  ( 0.000000000000000000, 62.00000000000000000, -89.00000000000000000 ) ) ;
#2715 = ORIENTED_EDGE ( 'NONE', *, *, #319, .F. ) ;
#2716 = ADVANCED_FACE ( 'NONE', ( #490 ), #1544, .T. ) ;
#2717 = PERSON_AND_ORGANIZATION ( #44, #3182 ) ;
#2718 = CARTESIAN_POINT ( 'NONE',  ( 12.00000000000000533, 4.999999999999720224, -21.05149008256324095 ) ) ;
#2719 = ORIENTED_EDGE ( 'NONE', *, *, #2222, .T. ) ;
#2720 = DIRECTION ( 'NONE',  ( 0.000000000000000000, -1.000000000000000000, 0.000000000000000000 ) ) ;
#2721 = CARTESIAN_POINT ( 'NONE',  ( -8.344373707774058957, 11.84738545746670368, -0.1764867719303587212 ) ) ;
#2722 = VERTEX_POINT ( 'NONE', #1910 ) ;
#2723 = ORIENTED_EDGE ( 'NONE', *, *, #81, .F. ) ;
#2724 = DIRECTION ( 'NONE',  ( -0.000000000000000000, 1.000000000000000000, -0.000000000000000000 ) ) ;
#2725 = DIRECTION ( 'NONE',  ( -0.000000000000000000, -1.000000000000000000, -0.000000000000000000 ) ) ;
#2726 = ORIENTED_EDGE ( 'NONE', *, *, #1283, .F. ) ;
#2727 = CARTESIAN_POINT ( 'NONE',  ( -12.00000000000000000, 54.99953567328893200, -50.31879195881226252 ) ) ;
#2728 = EDGE_CURVE ( 'NONE', #256, #1394, #351, .T. ) ;
#2729 = CARTESIAN_POINT ( 'NONE',  ( 12.00000000000000000, 0.000000000000000000, -68.21539030917354296 ) ) ;
#2730 = ORIENTED_EDGE ( 'NONE', *, *, #2446, .F. ) ;
#2731 = DIRECTION ( 'NONE',  ( 6.217248937900877415E-15, 0.000000000000000000, -1.000000000000000000 ) ) ;
#2732 = DIRECTION ( 'NONE',  ( -0.000000000000000000, -0.000000000000000000, 1.000000000000000000 ) ) ;
#2733 = CIRCLE ( 'NONE', #1274, 57.99999999999999289 ) ;
#2734 = EDGE_CURVE ( 'NONE', #3107, #980, #193, .T. ) ;
#2735 = ORIENTED_EDGE ( 'NONE', *, *, #2833, .F. ) ;
#2736 = VECTOR ( 'NONE', #450, 1000.000000000000000 ) ;
#2737 = EDGE_LOOP ( 'NONE', ( #682, #2295, #3324, #1250 ) ) ;
#2738 = VECTOR ( 'NONE', #2912, 1000.000000000000000 ) ;
#2739 = LINE ( 'NONE', #1197, #749 ) ;
#2740 = CARTESIAN_POINT ( 'NONE',  ( 12.00000000000000000, 62.00000000000000000, -66.87564434701793914 ) ) ;
#2741 = DIRECTION ( 'NONE',  ( 0.000000000000000000, 1.000000000000000000, 0.000000000000000000 ) ) ;
#2742 = CARTESIAN_POINT ( 'NONE',  ( 12.00000000000000000, 0.000000000000000000, -68.21539030917354296 ) ) ;
#2743 = DIRECTION ( 'NONE',  ( -0.000000000000000000, 1.000000000000000000, -0.000000000000000000 ) ) ;
#2744 = VERTEX_POINT ( 'NONE', #2896 ) ;
#2745 = DIRECTION ( 'NONE',  ( -3.043374519257556522E-17, 1.000000000000000000, -0.000000000000000000 ) ) ;
#2746 = CARTESIAN_POINT ( 'NONE',  ( 9.503538830217985733, 45.49646116978200183, -35.84311497138096314 ) ) ;
#2747 = AXIS2_PLACEMENT_3D ( 'NONE', #2291, #2329, #1572 ) ;
#2748 = CARTESIAN_POINT ( 'NONE',  ( 0.000000000000000000, 4.999999999999664269, -11.99999999999999645 ) ) ;
#2749 = ORIENTED_EDGE ( 'NONE', *, *, #144, .T. ) ;
#2750 = DIRECTION ( 'NONE',  ( -0.000000000000000000, 1.000000000000000000, -0.000000000000000000 ) ) ;
#2751 = FACE_OUTER_BOUND ( 'NONE', #2608, .T. ) ;
#2752 = VERTEX_POINT ( 'NONE', #1600 ) ;
#2753 = ADVANCED_FACE ( 'NONE', ( #1108 ), #3194, .F. ) ;
#2754 = EDGE_LOOP ( 'NONE', ( #730, #1575, #2573, #1001, #2117 ) ) ;
#2755 = EDGE_CURVE ( 'NONE', #2206, #1306, #1367, .T. ) ;
#2756 = VECTOR ( 'NONE', #2999, 1000.000000000000000 ) ;
#2757 = CARTESIAN_POINT ( 'NONE',  ( 8.999999999999998224, 62.00000000000000000, -66.87564434701793914 ) ) ;
#2758 = DIRECTION ( 'NONE',  ( 0.000000000000000000, 1.000000000000000000, 0.000000000000000000 ) ) ;
#2759 = FACE_OUTER_BOUND ( 'NONE', #1043, .T. ) ;
#2760 = ORIENTED_EDGE ( 'NONE', *, *, #570, .T. ) ;
#2761 = CARTESIAN_POINT ( 'NONE',  ( 0.000000000000000000, 4.999999999999942268, -89.00000000000000000 ) ) ;
#2762 = DIRECTION ( 'NONE',  ( 0.000000000000000000, 0.000000000000000000, 1.000000000000000000 ) ) ;
#2763 = COORDINATED_UNIVERSAL_TIME_OFFSET ( 5, 30, .AHEAD. ) ;
#2764 = CARTESIAN_POINT ( 'NONE',  ( -8.472892501125738107, 22.11209272264086323, -0.2199379862162341714 ) ) ;
#2765 = VERTEX_POINT ( 'NONE', #2671 ) ;
#2766 = DIRECTION ( 'NONE',  ( -0.9537169507482269326, -0.3007057995042730081, 0.000000000000000000 ) ) ;
#2767 = DIRECTION ( 'NONE',  ( 1.000000000000000000, -0.000000000000000000, 0.000000000000000000 ) ) ;
#2768 = VERTEX_POINT ( 'NONE', #1078 ) ;
#2769 = VERTEX_POINT ( 'NONE', #3211 ) ;
#2770 = EDGE_CURVE ( 'NONE', #759, #2765, #2915, .T. ) ;
#2771 = EDGE_CURVE ( 'NONE', #3385, #735, #2518, .T. ) ;
#2772 = CARTESIAN_POINT ( 'NONE',  ( -12.00000000000000888, 12.99999999999982414, -66.87564434701789651 ) ) ;
#2773 = DIRECTION ( 'NONE',  ( 0.000000000000000000, -1.000000000000000000, 0.000000000000000000 ) ) ;
#2774 = CARTESIAN_POINT ( 'NONE',  ( 0.000000000000000000, 46.00000000000000000, 0.000000000000000000 ) ) ;
#2775 = DIRECTION ( 'NONE',  ( -0.000000000000000000, 0.000000000000000000, 1.000000000000000000 ) ) ;
#2776 = VERTEX_POINT ( 'NONE', #90 ) ;
#2777 =( BOUNDED_CURVE ( )  B_SPLINE_CURVE ( 3, ( #2003, #404, #436, #1937 ),
 .UNSPECIFIED., .F., .F. ) 
 B_SPLINE_CURVE_WITH_KNOTS ( ( 4, 4 ),
 ( 5.038416471465611224, 6.283185307179586232 ),
 .UNSPECIFIED. ) 
 CURVE ( )  GEOMETRIC_REPRESENTATION_ITEM ( )  RATIONAL_B_SPLINE_CURVE ( ( 1.000000000000000000, 0.8749938091547158070, 0.8749938091547158070, 1.000000000000000000 ) ) 
 REPRESENTATION_ITEM ( '' )  );
#2778 = DIRECTION ( 'NONE',  ( 0.4939001359591774776, 0.1557261146950949526, 0.8554601293464682010 ) ) ;
#2779 = ORIENTED_EDGE ( 'NONE', *, *, #3269, .F. ) ;
#2780 = CARTESIAN_POINT ( 'NONE',  ( 1.019530463951281546E-15, 28.49999999999999645, -89.00000000000000000 ) ) ;
#2781 = CARTESIAN_POINT ( 'NONE',  ( -8.999999999999998224, 62.00000000000000000, 0.000000000000000000 ) ) ;
#2782 = ORIENTED_EDGE ( 'NONE', *, *, #1283, .T. ) ;
#2783 = AXIS2_PLACEMENT_3D ( 'NONE', #1193, #371, #2455 ) ;
#2784 = ORIENTED_EDGE ( 'NONE', *, *, #2354, .F. ) ;
#2785 = VECTOR ( 'NONE', #657, 1000.000000000000000 ) ;
#2786 = CC_DESIGN_SECURITY_CLASSIFICATION ( #2471, ( #2365 ) ) ;
#2787 = AXIS2_PLACEMENT_3D ( 'NONE', #1386, #70, #1124 ) ;
#2788 = DIRECTION ( 'NONE',  ( 1.000000000000000000, 0.000000000000000000, 0.000000000000000000 ) ) ;
#2789 = EDGE_CURVE ( 'NONE', #3274, #256, #1616, .T. ) ;
#2790 = CIRCLE ( 'NONE', #3296, 66.00000000000000000 ) ;
#2791 = CARTESIAN_POINT ( 'NONE',  ( 12.00000000000000533, 62.00000000000000000, -25.11729498526224447 ) ) ;
#2792 = CARTESIAN_POINT ( 'NONE',  ( -8.601411599008557118, 11.92842919326905360, -0.2633893034617307283 ) ) ;
#2793 = VERTEX_POINT ( 'NONE', #1923 ) ;
#2794 = ADVANCED_FACE ( 'NONE', ( #592 ), #283, .F. ) ;
#2795 = EDGE_CURVE ( 'NONE', #2236, #2379, #1391, .T. ) ;
#2796 = CIRCLE ( 'NONE', #1126, 49.99999999999999289 ) ;
#2797 = DATE_AND_TIME ( #2028, #2309 ) ;
#2798 = DIRECTION ( 'NONE',  ( -0.000000000000000000, 1.000000000000000000, -0.000000000000000000 ) ) ;
#2799 = ORIENTED_EDGE ( 'NONE', *, *, #1029, .F. ) ;
#2800 = CIRCLE ( 'NONE', #1900, 40.99999999999999289 ) ;
#2801 = DIRECTION ( 'NONE',  ( 0.000000000000000000, 0.000000000000000000, 1.000000000000000000 ) ) ;
#2802 = DIRECTION ( 'NONE',  ( 0.000000000000000000, -1.000000000000000000, 0.000000000000000000 ) ) ;
#2803 = VECTOR ( 'NONE', #1269, 1000.000000000000000 ) ;
#2804 = ORIENTED_EDGE ( 'NONE', *, *, #509, .T. ) ;
#2805 = EDGE_LOOP ( 'NONE', ( #1153, #1549, #2950, #1845, #288 ) ) ;
#2806 = CARTESIAN_POINT ( 'NONE',  ( 0.000000000000000000, 0.000000000000000000, 0.000000000000000000 ) ) ;
#2807 = VECTOR ( 'NONE', #2008, 1000.000000000000000 ) ;
#2808 = CARTESIAN_POINT ( 'NONE',  ( 8.067229819791428724, 11.81797762365089355, -0.1072987892152318379 ) ) ;
#2809 = CARTESIAN_POINT ( 'NONE',  ( -10.00360961889210110, 44.99639038110788647, -36.44374695543299225 ) ) ;
#2810 = VERTEX_POINT ( 'NONE', #2882 ) ;
#2811 = CARTESIAN_POINT ( 'NONE',  ( 0.000000000000000000, 4.999999999999831246, -89.00000000000000000 ) ) ;
#2812 = DIRECTION ( 'NONE',  ( -7.806255641895625614E-15, 0.000000000000000000, -1.000000000000000000 ) ) ;
#2813 = VECTOR ( 'NONE', #1651, 1000.000000000000000 ) ;
#2814 = EDGE_CURVE ( 'NONE', #2080, #2810, #57, .T. ) ;
#2815 = DIRECTION ( 'NONE',  ( -0.000000000000000000, 1.000000000000000000, -0.000000000000000000 ) ) ;
#2816 = ORIENTED_EDGE ( 'NONE', *, *, #811, .T. ) ;
#2817 = ADVANCED_FACE ( 'NONE', ( #606 ), #3159, .T. ) ;
#2818 = DIRECTION ( 'NONE',  ( 0.000000000000000000, -1.000000000000000000, 0.000000000000000000 ) ) ;
#2819 = CARTESIAN_POINT ( 'NONE',  ( 6.000000000000007105, 20.16413690523414459, 0.000000000000000000 ) ) ;
#2820 = CYLINDRICAL_SURFACE ( 'NONE', #2475, 2.000000000000000000 ) ;
#2821 = ORIENTED_EDGE ( 'NONE', *, *, #2814, .T. ) ;
#2822 = DIRECTION ( 'NONE',  ( -1.000000000000000000, 0.000000000000000000, 1.017203577148497449E-16 ) ) ;
#2823 = DIRECTION ( 'NONE',  ( 0.000000000000000000, 0.000000000000000000, -1.000000000000000000 ) ) ;
#2824 = VERTEX_POINT ( 'NONE', #350 ) ;
#2825 = CYLINDRICAL_SURFACE ( 'NONE', #843, 5.000000000000000888 ) ;
#2826 = DIRECTION ( 'NONE',  ( 0.000000000000000000, -1.000000000000000000, 0.000000000000000000 ) ) ;
#2827 = VERTEX_POINT ( 'NONE', #810 ) ;
#2828 = CARTESIAN_POINT ( 'NONE',  ( -12.00000000000000000, 55.50000000000001421, -49.79540843217468193 ) ) ;
#2829 = FACE_OUTER_BOUND ( 'NONE', #3179, .T. ) ;
#2830 = EDGE_LOOP ( 'NONE', ( #177, #3080, #2972, #281 ) ) ;
#2831 = CARTESIAN_POINT ( 'NONE',  ( -12.00000000000000000, 52.49999999999998579, -49.79540843217468193 ) ) ;
#2832 = DIRECTION ( 'NONE',  ( 0.000000000000000000, -1.000000000000000000, 0.000000000000000000 ) ) ;
#2833 = EDGE_CURVE ( 'NONE', #2827, #1636, #2514, .T. ) ;
#2834 = DIRECTION ( 'NONE',  ( -0.000000000000000000, 1.000000000000000000, -0.000000000000000000 ) ) ;
#2835 = CARTESIAN_POINT ( 'NONE',  ( -10.00980109055419476, 44.99019890944578748, -49.22720524537467668 ) ) ;
#2836 = ORIENTED_EDGE ( 'NONE', *, *, #1076, .T. ) ;
#2837 = EDGE_LOOP ( 'NONE', ( #1965, #2907, #3278, #878 ) ) ;
#2838 = CARTESIAN_POINT ( 'NONE',  ( 5.204170427930421283E-15, 59.00000000000000000, -79.00000000000002842 ) ) ;
#2839 = EDGE_CURVE ( 'NONE', #3252, #2824, #2444, .T. ) ;
#2840 = EDGE_CURVE ( 'NONE', #837, #901, #993, .T. ) ;
#2841 = AXIS2_PLACEMENT_3D ( 'NONE', #3335, #710, #1759 ) ;
#2842 = LINE ( 'NONE', #3174, #340 ) ;
#2843 = ORIENTED_EDGE ( 'NONE', *, *, #1699, .T. ) ;
#2844 = LINE ( 'NONE', #2347, #924 ) ;
#2845 = CIRCLE ( 'NONE', #1713, 5.000000000000004441 ) ;
#2846 = VECTOR ( 'NONE', #313, 1000.000000000000000 ) ;
#2847 = DIRECTION ( 'NONE',  ( -1.000000000000000000, 0.000000000000000000, 0.000000000000000000 ) ) ;
#2848 = CC_DESIGN_APPROVAL ( #2651, ( #1919 ) ) ;
#2849 = CARTESIAN_POINT ( 'NONE',  ( 2.891205793294683257E-16, 52.49999999999998579, -89.00000000000000000 ) ) ;
#2850 = ORIENTED_EDGE ( 'NONE', *, *, #2965, .T. ) ;
#2851 = VECTOR ( 'NONE', #717, 1000.000000000000000 ) ;
#2852 = CARTESIAN_POINT ( 'NONE',  ( -12.00000000000000000, 4.999999999999824141, 1.469576158976823947E-15 ) ) ;
#2853 = ORIENTED_EDGE ( 'NONE', *, *, #2927, .F. ) ;
#2854 = AXIS2_PLACEMENT_3D ( 'NONE', #2135, #1888, #2942 ) ;
#2855 = CARTESIAN_POINT ( 'NONE',  ( -12.00000000000000000, 4.999999999999858780, 1.469576158976823947E-15 ) ) ;
#2856 = EDGE_LOOP ( 'NONE', ( #949, #2434, #3137, #2215 ) ) ;
#2857 = CARTESIAN_POINT ( 'NONE',  ( -12.00000000000000000, 54.00000000000000000, -51.36690286463257138 ) ) ;
#2858 = CARTESIAN_POINT ( 'NONE',  ( 10.00217401554115249, 28.99782598445885640, -12.14822292021588623 ) ) ;
#2859 = DIRECTION ( 'NONE',  ( -3.043374519257556522E-17, 1.000000000000000000, -0.000000000000000000 ) ) ;
#2860 = ORIENTED_EDGE ( 'NONE', *, *, #931, .F. ) ;
#2861 = DIRECTION ( 'NONE',  ( 0.000000000000000000, 0.000000000000000000, -1.000000000000000000 ) ) ;
#2862 = CYLINDRICAL_SURFACE ( 'NONE', #2142, 37.00000000000000000 ) ;
#2863 = EDGE_CURVE ( 'NONE', #2075, #1636, #1630, .T. ) ;
#2864 = VECTOR ( 'NONE', #444, 1000.000000000000000 ) ;
#2865 = ADVANCED_FACE ( 'NONE', ( #1744 ), #1055, .F. ) ;
#2866 = VERTEX_POINT ( 'NONE', #2249 ) ;
#2867 = ADVANCED_FACE ( 'NONE', ( #1155 ), #1486, .F. ) ;
#2868 = DIRECTION ( 'NONE',  ( 0.000000000000000000, 0.000000000000000000, 1.000000000000000000 ) ) ;
#2869 = ORIENTED_EDGE ( 'NONE', *, *, #2840, .T. ) ;
#2870 = LINE ( 'NONE', #2887, #1783 ) ;
#2871 = ORIENTED_EDGE ( 'NONE', *, *, #2394, .F. ) ;
#2872 = AXIS2_PLACEMENT_3D ( 'NONE', #2686, #858, #1378 ) ;
#2873 = CARTESIAN_POINT ( 'NONE',  ( 7.245492553200823416, 22.03792290447755420, -4.717973516206451311E-15 ) ) ;
#2874 = ORIENTED_EDGE ( 'NONE', *, *, #845, .T. ) ;
#2875 = FACE_OUTER_BOUND ( 'NONE', #1233, .T. ) ;
#2876 = PLANE ( 'NONE',  #2097 ) ;
#2877 = AXIS2_PLACEMENT_3D ( 'NONE', #2382, #914, #412 ) ;
#2878 = CARTESIAN_POINT ( 'NONE',  ( 0.000000000000000000, 62.00000000000000000, -89.00000000000000000 ) ) ;
#2879 = DIRECTION ( 'NONE',  ( 0.000000000000000000, 0.000000000000000000, 1.000000000000000000 ) ) ;
#2880 = EDGE_LOOP ( 'NONE', ( #1912, #3301, #141, #3175 ) ) ;
#2881 = CARTESIAN_POINT ( 'NONE',  ( -11.99999999999999822, 26.99999999999998224, -25.11729498526224447 ) ) ;
#2882 = CARTESIAN_POINT ( 'NONE',  ( 7.000000000000006217, 12.10381228719663049, 0.000000000000000000 ) ) ;
#2883 = CARTESIAN_POINT ( 'NONE',  ( 12.00000000000000355, 62.00000000000000000, -45.62950311559711736 ) ) ;
#2884 = ORIENTED_EDGE ( 'NONE', *, *, #2223, .T. ) ;
#2885 = EDGE_CURVE ( 'NONE', #1697, #1395, #3290, .T. ) ;
#2886 = EDGE_CURVE ( 'NONE', #1601, #2768, #2777, .T. ) ;
#2887 = CARTESIAN_POINT ( 'NONE',  ( 12.00000000000000000, 4.999999999999802824, -68.21539030917354296 ) ) ;
#2888 = ORIENTED_EDGE ( 'NONE', *, *, #3268, .F. ) ;
#2889 = LINE ( 'NONE', #832, #127 ) ;
#2890 = ORIENTED_EDGE ( 'NONE', *, *, #1704, .F. ) ;
#2891 = LINE ( 'NONE', #97, #1664 ) ;
#2892 = CARTESIAN_POINT ( 'NONE',  ( -12.00000000000000000, 0.000000000000000000, 1.469576158976823947E-15 ) ) ;
#2893 = LINE ( 'NONE', #541, #1400 ) ;
#2894 = ORIENTED_EDGE ( 'NONE', *, *, #1685, .T. ) ;
#2895 = DIRECTION ( 'NONE',  ( 0.000000000000000000, 0.000000000000000000, -1.000000000000000000 ) ) ;
#2896 = CARTESIAN_POINT ( 'NONE',  ( 0.000000000000000000, 4.999999999999831246, -39.00000000000000000 ) ) ;
#2897 = CARTESIAN_POINT ( 'NONE',  ( -8.732050807568885631, 62.00000000000000000, -67.87564434701789651 ) ) ;
#2898 = ORIENTED_EDGE ( 'NONE', *, *, #1031, .F. ) ;
#2899 = EDGE_CURVE ( 'NONE', #551, #742, #612, .T. ) ;
#2900 = AXIS2_PLACEMENT_3D ( 'NONE', #156, #2732, #940 ) ;
#2901 = CYLINDRICAL_SURFACE ( 'NONE', #1082, 61.00000000000000000 ) ;
#2902 = VERTEX_POINT ( 'NONE', #1455 ) ;
#2903 = AXIS2_PLACEMENT_3D ( 'NONE', #172, #1192, #2766 ) ;
#2904 = CIRCLE ( 'NONE', #1717, 33.99999999999999289 ) ;
#2905 = EDGE_CURVE ( 'NONE', #1921, #2669, #677, .T. ) ;
#2906 = DIRECTION ( 'NONE',  ( 1.000000000000000000, 0.000000000000000000, 0.000000000000000000 ) ) ;
#2907 = ORIENTED_EDGE ( 'NONE', *, *, #2755, .T. ) ;
#2908 = CARTESIAN_POINT ( 'NONE',  ( 2.643159102015705919, 8.383029669771977055, -84.00000000000002842 ) ) ;
#2909 = DIRECTION ( 'NONE',  ( 0.4939001359591775331, -0.1557261146950938979, 0.8554601293464683121 ) ) ;
#2910 = ADVANCED_FACE ( 'NONE', ( #173 ), #3240, .F. ) ;
#2911 = CIRCLE ( 'NONE', #1666, 49.99999999999998579 ) ;
#2912 = DIRECTION ( 'NONE',  ( -0.000000000000000000, -0.000000000000000000, 1.000000000000000000 ) ) ;
#2913 = ORIENTED_EDGE ( 'NONE', *, *, #221, .T. ) ;
#2914 = DIRECTION ( 'NONE',  ( 0.000000000000000000, 0.000000000000000000, -1.000000000000000000 ) ) ;
#2915 = LINE ( 'NONE', #2138, #1245 ) ;
#2916 = CARTESIAN_POINT ( 'NONE',  ( 12.00000000000000533, 12.99999999999983125, -2.779130445638557045 ) ) ;
#2917 = VERTEX_POINT ( 'NONE', #3276 ) ;
#2918 = AXIS2_PLACEMENT_3D ( 'NONE', #2697, #3232, #2447 ) ;
#2919 =( BOUNDED_CURVE ( )  B_SPLINE_CURVE ( 3, ( #3095, #1048, #2551, #736 ),
 .UNSPECIFIED., .F., .T. ) 
 B_SPLINE_CURVE_WITH_KNOTS ( ( 4, 4 ),
 ( 0.000000000000000000, 0.5235987755982993708 ),
 .UNSPECIFIED. ) 
 CURVE ( )  GEOMETRIC_REPRESENTATION_ITEM ( )  RATIONAL_B_SPLINE_CURVE ( ( 1.000000000000000000, 0.9772838841927120601, 0.9772838841927120601, 1.000000000000000000 ) ) 
 REPRESENTATION_ITEM ( '' )  );
#2920 = DIRECTION ( 'NONE',  ( 0.000000000000000000, -1.000000000000000000, 0.000000000000000000 ) ) ;
#2921 = ORIENTED_EDGE ( 'NONE', *, *, #2984, .F. ) ;
#2922 = LINE ( 'NONE', #880, #2212 ) ;
#2923 = ORIENTED_EDGE ( 'NONE', *, *, #2161, .T. ) ;
#2924 = CARTESIAN_POINT ( 'NONE',  ( 35.94005425705429957, 62.00000000000000000, -20.75000000000014211 ) ) ;
#2925 = DIRECTION ( 'NONE',  ( 5.329070518200749816E-15, 0.000000000000000000, -1.000000000000000000 ) ) ;
#2926 = ADVANCED_FACE ( 'NONE', ( #2751 ), #1210, .F. ) ;
#2927 = EDGE_CURVE ( 'NONE', #2532, #1010, #1709, .T. ) ;
#2928 = CARTESIAN_POINT ( 'NONE',  ( 0.000000000000000000, 0.000000000000000000, -89.00000000000000000 ) ) ;
#2929 = VERTEX_POINT ( 'NONE', #1437 ) ;
#2930 = AXIS2_PLACEMENT_3D ( 'NONE', #2022, #3055, #2788 ) ;
#2931 = CARTESIAN_POINT ( 'NONE',  ( -12.00000000000000000, 62.00000000000000000, -49.79540843217468193 ) ) ;
#2932 = DIRECTION ( 'NONE',  ( 0.000000000000000000, 0.000000000000000000, 1.000000000000000000 ) ) ;
#2933 = AXIS2_PLACEMENT_3D ( 'NONE', #989, #1762, #2307 ) ;
#2934 = CARTESIAN_POINT ( 'NONE',  ( -10.49999999999998401, 28.49999999999999645, -12.71926848803821208 ) ) ;
#2935 = EDGE_LOOP ( 'NONE', ( #32, #1568, #1623, #518 ) ) ;
#2936 = ORIENTED_EDGE ( 'NONE', *, *, #2223, .F. ) ;
#2937 = CARTESIAN_POINT ( 'NONE',  ( 12.00000000000000178, 54.99952823617876874, -50.31879973651136595 ) ) ;
#2938 = CARTESIAN_POINT ( 'NONE',  ( 12.00000000000000533, 38.00000000000000000, -26.64416627131027582 ) ) ;
#2939 = ORIENTED_EDGE ( 'NONE', *, *, #1545, .T. ) ;
#2940 = FACE_OUTER_BOUND ( 'NONE', #258, .T. ) ;
#2941 = CARTESIAN_POINT ( 'NONE',  ( 8.999999999999998224, 30.00000000000000000, -68.21539030917354296 ) ) ;
#2942 = DIRECTION ( 'NONE',  ( 0.000000000000000000, 0.000000000000000000, -1.000000000000000000 ) ) ;
#2943 = ORIENTED_EDGE ( 'NONE', *, *, #45, .F. ) ;
#2944 = EDGE_CURVE ( 'NONE', #1692, #323, #625, .T. ) ;
#2945 = CARTESIAN_POINT ( 'NONE',  ( 12.00000000000000711, 20.99999999999982592, -66.87564434701793914 ) ) ;
#2946 = CARTESIAN_POINT ( 'NONE',  ( -12.00000000000000000, 62.00000000000000000, -66.87564434701789651 ) ) ;
#2947 = DIRECTION ( 'NONE',  ( 0.000000000000000000, -1.000000000000000000, -0.000000000000000000 ) ) ;
#2948 = VERTEX_POINT ( 'NONE', #121 ) ;
#2949 = EDGE_CURVE ( 'NONE', #770, #901, #1763, .T. ) ;
#2950 = ORIENTED_EDGE ( 'NONE', *, *, #1093, .T. ) ;
#2951 = EDGE_CURVE ( 'NONE', #942, #3107, #2217, .T. ) ;
#2952 = CARTESIAN_POINT ( 'NONE',  ( 10.00980109055419831, 44.99019890944579458, -49.22720524537468378 ) ) ;
#2953 = CARTESIAN_POINT ( 'NONE',  ( -8.999999999999982236, 46.00000000000000000, -38.29250548488914774 ) ) ;
#2954 = ORIENTED_EDGE ( 'NONE', *, *, #1290, .T. ) ;
#2955 = CARTESIAN_POINT ( 'NONE',  ( -11.99999999999999822, 26.99999999999998224, -25.11729498526224447 ) ) ;
#2956 = CARTESIAN_POINT ( 'NONE',  ( -12.00000000000000000, 55.50000000000001421, -49.79540843217468193 ) ) ;
#2957 = VECTOR ( 'NONE', #276, 1000.000000000000000 ) ;
#2958 = DIRECTION ( 'NONE',  ( 0.000000000000000000, 0.000000000000000000, -1.000000000000000000 ) ) ;
#2959 = EDGE_LOOP ( 'NONE', ( #1431, #269, #2749, #2804, #2674, #1310 ) ) ;
#2960 = CARTESIAN_POINT ( 'NONE',  ( -12.00000000000000000, 59.00000000000000000, -68.21539030917351454 ) ) ;
#2961 = DIRECTION ( 'NONE',  ( 0.000000000000000000, 0.000000000000000000, -1.000000000000000000 ) ) ;
#2962 = AXIS2_PLACEMENT_3D ( 'NONE', #3260, #1710, #2234 ) ;
#2963 = ORIENTED_EDGE ( 'NONE', *, *, #1029, .T. ) ;
#2964 = ORIENTED_EDGE ( 'NONE', *, *, #983, .T. ) ;
#2965 = EDGE_CURVE ( 'NONE', #1472, #1702, #3147, .T. ) ;
#2966 = EDGE_CURVE ( 'NONE', #1880, #2220, #828, .T. ) ;
#2967 = VECTOR ( 'NONE', #1833, 1000.000000000000000 ) ;
#2968 = DIRECTION ( 'NONE',  ( -0.000000000000000000, -1.000000000000000000, -0.000000000000000000 ) ) ;
#2969 = VECTOR ( 'NONE', #755, 1000.000000000000000 ) ;
#2970 = LINE ( 'NONE', #635, #3199 ) ;
#2971 = CARTESIAN_POINT ( 'NONE',  ( -12.00000000000000000, 62.00000000000000000, -15.97945494588526216 ) ) ;
#2972 = ORIENTED_EDGE ( 'NONE', *, *, #2141, .F. ) ;
#2973 = LINE ( 'NONE', #2700, #631 ) ;
#2974 = LINE ( 'NONE', #1089, #1993 ) ;
#2975 = EDGE_LOOP ( 'NONE', ( #1514, #2719, #1411, #2510, #748 ) ) ;
#2976 = CARTESIAN_POINT ( 'NONE',  ( 12.00000000000000000, 0.000000000000000000, -68.21539030917354296 ) ) ;
#2977 = DIRECTION ( 'NONE',  ( -0.000000000000000000, 1.000000000000000000, -0.000000000000000000 ) ) ;
#2978 = VECTOR ( 'NONE', #1516, 1000.000000000000000 ) ;
#2979 = FACE_OUTER_BOUND ( 'NONE', #2485, .T. ) ;
#2980 = EDGE_LOOP ( 'NONE', ( #1385, #1052, #3058, #610 ) ) ;
#2981 = EDGE_LOOP ( 'NONE', ( #46, #2723, #1537, #1968, #2091, #2898 ) ) ;
#2982 = AXIS2_PLACEMENT_3D ( 'NONE', #2189, #63, #3229 ) ;
#2983 = CARTESIAN_POINT ( 'NONE',  ( -12.00000000000000000, 4.999999999999775291, -32.25495616355557615 ) ) ;
#2984 = EDGE_CURVE ( 'NONE', #2635, #2618, #2468, .T. ) ;
#2985 = ADVANCED_FACE ( 'NONE', ( #1523 ), #840, .T. ) ;
#2986 = DIRECTION ( 'NONE',  ( -0.6123724356957940262, -0.7071067811865477948, -0.3535533905932738974 ) ) ;
#2987 = LINE ( 'NONE', #2742, #1801 ) ;
#2988 = CARTESIAN_POINT ( 'NONE',  ( 0.000000000000000000, 0.000000000000000000, -89.00000000000000000 ) ) ;
#2989 = ORIENTED_EDGE ( 'NONE', *, *, #2286, .F. ) ;
#2990 = LINE ( 'NONE', #3007, #1792 ) ;
#2991 = EDGE_CURVE ( 'NONE', #1487, #1982, #3013, .T. ) ;
#2992 = UNCERTAINTY_MEASURE_WITH_UNIT (LENGTH_MEASURE( 1.000000000000000082E-05 ), #3105, 'distance_accuracy_value', 'NONE');
#2993 = CARTESIAN_POINT ( 'NONE',  ( 12.00000000000000533, 62.00000000000000000, -25.11729498526224447 ) ) ;
#2994 = ORIENTED_EDGE ( 'NONE', *, *, #1564, .F. ) ;
#2995 = CARTESIAN_POINT ( 'NONE',  ( 0.000000000000000000, 0.000000000000000000, -89.00000000000000000 ) ) ;
#2996 = CARTESIAN_POINT ( 'NONE',  ( -7.122679767086623315, 12.03298309064504856, 8.888199059855151844E-16 ) ) ;
#2997 = EDGE_LOOP ( 'NONE', ( #2057, #2661, #1649, #2888 ) ) ;
#2998 = VERTEX_POINT ( 'NONE', #500 ) ;
#2999 = DIRECTION ( 'NONE',  ( -0.000000000000000000, 1.000000000000000000, -0.000000000000000000 ) ) ;
#3000 = CIRCLE ( 'NONE', #3060, 2.000000000000000000 ) ;
#3001 = CARTESIAN_POINT ( 'NONE',  ( 6.000000000000007105, 0.000000000000000000, 0.000000000000000000 ) ) ;
#3002 = EDGE_CURVE ( 'NONE', #1066, #2410, #664, .T. ) ;
#3003 = DIRECTION ( 'NONE',  ( 7.105427357601001859E-15, 0.000000000000000000, -1.000000000000000000 ) ) ;
#3004 = LINE ( 'NONE', #3282, #1676 ) ;
#3005 = ORIENTED_EDGE ( 'NONE', *, *, #278, .F. ) ;
#3006 = DIRECTION ( 'NONE',  ( 0.000000000000000000, 0.000000000000000000, 1.000000000000000000 ) ) ;
#3007 = CARTESIAN_POINT ( 'NONE',  ( -12.00000000000000000, 42.99999999999998579, 1.469576158976823947E-15 ) ) ;
#3008 = EDGE_CURVE ( 'NONE', #923, #2095, #6, .T. ) ;
#3009 = CARTESIAN_POINT ( 'NONE',  ( 0.000000000000000000, 4.999999999999720224, -89.00000000000000000 ) ) ;
#3010 = ORIENTED_EDGE ( 'NONE', *, *, #1335, .F. ) ;
#3011 = EDGE_CURVE ( 'NONE', #1171, #1942, #1817, .T. ) ;
#3012 = LINE ( 'NONE', #386, #2038 ) ;
#3013 = CIRCLE ( 'NONE', #1830, 66.00000000000000000 ) ;
#3014 = CARTESIAN_POINT ( 'NONE',  ( -11.33012701892219454, 62.00000000000000000, -69.37564434701789651 ) ) ;
#3015 = CIRCLE ( 'NONE', #895, 65.00000000000000000 ) ;
#3016 = LINE ( 'NONE', #680, #1116 ) ;
#3017 = ORIENTED_EDGE ( 'NONE', *, *, #888, .F. ) ;
#3018 = VECTOR ( 'NONE', #2681, 1000.000000000000000 ) ;
#3019 = ORIENTED_EDGE ( 'NONE', *, *, #699, .F. ) ;
#3020 = AXIS2_PLACEMENT_3D ( 'NONE', #241, #1305, #2617 ) ;
#3021 = CARTESIAN_POINT ( 'NONE',  ( -12.00000000000000000, 0.000000000000000000, -54.00000000000000000 ) ) ;
#3022 = AXIS2_PLACEMENT_3D ( 'NONE', #979, #2246, #3045 ) ;
#3023 = CARTESIAN_POINT ( 'NONE',  ( 7.000000000000007105, 4.999999999999824141, -8.572527594031481078E-16 ) ) ;
#3024 = CARTESIAN_POINT ( 'NONE',  ( 12.00000000000000000, 4.999999999999997335, -66.87564434701793914 ) ) ;
#3025 = CARTESIAN_POINT ( 'NONE',  ( 6.000000000000007105, 20.16413690523414459, -78.60769515458676437 ) ) ;
#3026 = ORIENTED_EDGE ( 'NONE', *, *, #2657, .F. ) ;
#3027 = CARTESIAN_POINT ( 'NONE',  ( 0.000000000000000000, 0.000000000000000000, -89.00000000000000000 ) ) ;
#3028 = VECTOR ( 'NONE', #2099, 1000.000000000000000 ) ;
#3029 = DIRECTION ( 'NONE',  ( 0.000000000000000000, 0.000000000000000000, -1.000000000000000000 ) ) ;
#3030 = ORIENTED_EDGE ( 'NONE', *, *, #2770, .T. ) ;
#3031 = DIRECTION ( 'NONE',  ( 0.000000000000000000, 1.000000000000000000, 0.000000000000000000 ) ) ;
#3032 = DIRECTION ( 'NONE',  ( -1.000000000000000000, -5.337610695313252740E-17, 0.000000000000000000 ) ) ;
#3033 = EDGE_CURVE ( 'NONE', #3385, #2769, #1230, .T. ) ;
#3034 = EDGE_CURVE ( 'NONE', #2236, #323, #2093, .T. ) ;
#3035 = ORIENTED_EDGE ( 'NONE', *, *, #2630, .F. ) ;
#3036 = ORIENTED_EDGE ( 'NONE', *, *, #577, .T. ) ;
#3037 = AXIS2_PLACEMENT_3D ( 'NONE', #715, #212, #1267 ) ;
#3038 = FACE_OUTER_BOUND ( 'NONE', #363, .T. ) ;
#3039 = DIRECTION ( 'NONE',  ( 1.017203577148497449E-16, 3.095731447591375110E-33, 1.000000000000000000 ) ) ;
#3040 = CARTESIAN_POINT ( 'NONE',  ( 7.000000000000006217, 62.00000000000000000, -5.000000000000004441 ) ) ;
#3041 = PLANE ( 'NONE',  #1961 ) ;
#3042 = CARTESIAN_POINT ( 'NONE',  ( -8.999999999999998224, 62.00000000000000000, -49.00000000000000000 ) ) ;
#3043 = EDGE_LOOP ( 'NONE', ( #154, #1573, #2359, #1407 ) ) ;
#3044 = APPROVAL_ROLE ( '' ) ;
#3045 = DIRECTION ( 'NONE',  ( 0.9537169507482269326, -0.3007057995042730081, 0.000000000000000000 ) ) ;
#3046 = ORIENTED_EDGE ( 'NONE', *, *, #81, .T. ) ;
#3047 = CARTESIAN_POINT ( 'NONE',  ( -11.33012701892219454, 59.00000000000000000, -69.37564434701789651 ) ) ;
#3048 = CARTESIAN_POINT ( 'NONE',  ( -8.601411599008558895, 11.92842919326905715, -74.10191809370495264 ) ) ;
#3049 =( BOUNDED_CURVE ( )  B_SPLINE_CURVE ( 3, ( #1470, #155, #1209, #3257 ),
 .UNSPECIFIED., .F., .T. ) 
 B_SPLINE_CURVE_WITH_KNOTS ( ( 4, 4 ),
 ( 1.709704147740532365, 1.756476832504455077 ),
 .UNSPECIFIED. ) 
 CURVE ( )  GEOMETRIC_REPRESENTATION_ITEM ( )  RATIONAL_B_SPLINE_CURVE ( ( 1.000000000000000000, 0.9998177013054739826, 0.9998177013054739826, 1.000000000000000000 ) ) 
 REPRESENTATION_ITEM ( '' )  );
#3050 = ORIENTED_EDGE ( 'NONE', *, *, #319, .T. ) ;
#3051 = ORIENTED_EDGE ( 'NONE', *, *, #634, .T. ) ;
#3052 = ADVANCED_FACE ( 'NONE', ( #765 ), #1016, .F. ) ;
#3053 = EDGE_CURVE ( 'NONE', #2356, #1195, #2558, .T. ) ;
#3054 = EDGE_CURVE ( 'NONE', #837, #1880, #984, .T. ) ;
#3055 = DIRECTION ( 'NONE',  ( -0.000000000000000000, -0.000000000000000000, 1.000000000000000000 ) ) ;
#3056 = DIRECTION ( 'NONE',  ( 1.017203577148497449E-16, 0.000000000000000000, 1.000000000000000000 ) ) ;
#3057 = CARTESIAN_POINT ( 'NONE',  ( -11.33012701892219454, 21.21121013963640678, -69.37564434701789651 ) ) ;
#3058 = ORIENTED_EDGE ( 'NONE', *, *, #99, .F. ) ;
#3059 = PERSON_AND_ORGANIZATION ( #44, #3182 ) ;
#3060 = AXIS2_PLACEMENT_3D ( 'NONE', #2605, #2584, #3279 ) ;
#3061 = CARTESIAN_POINT ( 'NONE',  ( -12.00000000000000000, 4.999999999999997335, -66.87564434701789651 ) ) ;
#3062 = ORIENTED_EDGE ( 'NONE', *, *, #1453, .T. ) ;
#3063 = CARTESIAN_POINT ( 'NONE',  ( -8.999999999999998224, 62.00000000000000000, -66.87564434701789651 ) ) ;
#3064 = DIRECTION ( 'NONE',  ( -0.000000000000000000, -1.000000000000000000, -0.000000000000000000 ) ) ;
#3065 = ORIENTED_EDGE ( 'NONE', *, *, #60, .T. ) ;
#3066 = AXIS2_PLACEMENT_3D ( 'NONE', #573, #1125, #1054 ) ;
#3067 = ORIENTED_EDGE ( 'NONE', *, *, #1998, .T. ) ;
#3068 = VECTOR ( 'NONE', #578, 1000.000000000000114 ) ;
#3069 = LOCAL_TIME ( 19, 49, 24.00000000000000000, #2052 ) ;
#3070 = CC_DESIGN_PERSON_AND_ORGANIZATION_ASSIGNMENT ( #1334, #2027, ( #2365 ) ) ;
#3071 = VECTOR ( 'NONE', #2085, 1000.000000000000000 ) ;
#3072 = CARTESIAN_POINT ( 'NONE',  ( -12.00000000000000000, 59.00000000000000000, -66.87564434701789651 ) ) ;
#3073 = VECTOR ( 'NONE', #2456, 1000.000000000000000 ) ;
#3074 = ADVANCED_FACE ( 'NONE', ( #206 ), #1556, .T. ) ;
#3075 = EDGE_CURVE ( 'NONE', #2132, #1272, #143, .T. ) ;
#3076 = DIRECTION ( 'NONE',  ( 0.000000000000000000, 0.000000000000000000, 1.000000000000000000 ) ) ;
#3077 = EDGE_LOOP ( 'NONE', ( #841, #656, #1812, #2 ) ) ;
#3078 = CARTESIAN_POINT ( 'NONE',  ( 0.000000000000000000, 62.00000000000000000, -89.00000000000000000 ) ) ;
#3079 = CARTESIAN_POINT ( 'NONE',  ( 8.341183905509687690, 22.13949188217875985, -0.1812252077189377975 ) ) ;
#3080 = ORIENTED_EDGE ( 'NONE', *, *, #2833, .T. ) ;
#3081 = AXIS2_PLACEMENT_3D ( 'NONE', #2177, #2664, #568 ) ;
#3082 = DIRECTION ( 'NONE',  ( 0.000000000000000000, 0.000000000000000000, -1.000000000000000000 ) ) ;
#3083 = CARTESIAN_POINT ( 'NONE',  ( 0.000000000000000000, 4.999999999999720224, -19.99999999999998934 ) ) ;
#3084 = AXIS2_PLACEMENT_3D ( 'NONE', #734, #977, #2024 ) ;
#3085 = CALENDAR_DATE ( 2026, 14, 8 ) ;
#3086 = CARTESIAN_POINT ( 'NONE',  ( 9.738798461624178899E-16, 30.00000000000000000, -89.00000000000000000 ) ) ;
#3087 = ORIENTED_EDGE ( 'NONE', *, *, #509, .F. ) ;
#3088 = CARTESIAN_POINT ( 'NONE',  ( 12.00000000000000000, 62.00000000000000000, -68.21539030917354296 ) ) ;
#3089 = ORIENTED_EDGE ( 'NONE', *, *, #66, .T. ) ;
#3090 = FACE_OUTER_BOUND ( 'NONE', #2106, .T. ) ;
#3091 = VECTOR ( 'NONE', #152, 1000.000000000000227 ) ;
#3092 = EDGE_CURVE ( 'NONE', #580, #124, #1341, .T. ) ;
#3093 = CARTESIAN_POINT ( 'NONE',  ( -12.00000000000000000, 0.000000000000000000, 1.469576158976823947E-15 ) ) ;
#3094 = ORIENTED_EDGE ( 'NONE', *, *, #3247, .T. ) ;
#3095 = CARTESIAN_POINT ( 'NONE',  ( -12.00000000000000711, 20.99999999999982592, -66.87564434701789651 ) ) ;
#3096 = EDGE_CURVE ( 'NONE', #3221, #3124, #1205, .T. ) ;
#3097 = ORIENTED_EDGE ( 'NONE', *, *, #2610, .F. ) ;
#3098 = AXIS2_PLACEMENT_3D ( 'NONE', #428, #361, #3250 ) ;
#3099 = APPROVAL_DATE_TIME ( #2797, #1877 ) ;
#3100 = CARTESIAN_POINT ( 'NONE',  ( 0.000000000000000000, 4.999999999999824141, 0.000000000000000000 ) ) ;
#3101 = EDGE_LOOP ( 'NONE', ( #609, #3245, #1815, #1647 ) ) ;
#3102 = DIRECTION ( 'NONE',  ( -0.000000000000000000, 1.000000000000000000, -0.000000000000000000 ) ) ;
#3103 = DIRECTION ( 'NONE',  ( -1.017203577148497449E-16, -0.000000000000000000, -1.000000000000000000 ) ) ;
#3104 = ADVANCED_FACE ( 'NONE', ( #452 ), #744, .T. ) ;
#3105 =( LENGTH_UNIT ( ) NAMED_UNIT ( * ) SI_UNIT ( .MILLI., .METRE. ) );
#3106 = DIRECTION ( 'NONE',  ( 0.000000000000000000, 0.000000000000000000, 1.000000000000000000 ) ) ;
#3107 = VERTEX_POINT ( 'NONE', #3083 ) ;
#3108 = VERTEX_POINT ( 'NONE', #2819 ) ;
#3109 = CARTESIAN_POINT ( 'NONE',  ( 4.330127018922191873, 62.00000000000000000, -81.50000000000002842 ) ) ;
#3110 = VERTEX_POINT ( 'NONE', #1539 ) ;
#3111 = DIRECTION ( 'NONE',  ( 0.000000000000000000, 0.000000000000000000, -1.000000000000000000 ) ) ;
#3112 = DIRECTION ( 'NONE',  ( 0.000000000000000000, 0.000000000000000000, -1.000000000000000000 ) ) ;
#3113 = FACE_OUTER_BOUND ( 'NONE', #430, .T. ) ;
#3114 = ORIENTED_EDGE ( 'NONE', *, *, #1545, .F. ) ;
#3115 = DIRECTION ( 'NONE',  ( 0.000000000000000000, 0.000000000000000000, 1.000000000000000000 ) ) ;
#3116 = ADVANCED_FACE ( 'NONE', ( #484 ), #2149, .T. ) ;
#3117 = CARTESIAN_POINT ( 'NONE',  ( -4.330127018922182991, 4.999999999999997335, -81.50000000000002842 ) ) ;
#3118 = VERTEX_POINT ( 'NONE', #2370 ) ;
#3119 = CARTESIAN_POINT ( 'NONE',  ( -7.000000000000000000, 62.00000000000000000, -66.87564434701789651 ) ) ;
#3120 = CARTESIAN_POINT ( 'NONE',  ( -6.000000000000008882, 12.35792398650829149, -78.60769515458675016 ) ) ;
#3121 = EDGE_CURVE ( 'NONE', #1024, #1682, #1609, .T. ) ;
#3122 = EDGE_CURVE ( 'NONE', #1468, #837, #325, .T. ) ;
#3123 = CARTESIAN_POINT ( 'NONE',  ( 7.000000000000006217, 4.999999999999824141, -5.000000000000004441 ) ) ;
#3124 = VERTEX_POINT ( 'NONE', #1073 ) ;
#3125 = CARTESIAN_POINT ( 'NONE',  ( 7.000000000000007105, 62.00000000000000000, -8.572527594031481078E-16 ) ) ;
#3126 = CARTESIAN_POINT ( 'NONE',  ( 12.00000000000000533, -3.400058012914541905E-13, -15.97945494588526216 ) ) ;
#3127 = AXIS2_PLACEMENT_3D ( 'NONE', #1905, #1871, #2925 ) ;
#3128 = PLANE ( 'NONE',  #2257 ) ;
#3129 = ORIENTED_EDGE ( 'NONE', *, *, #2734, .F. ) ;
#3130 = AXIS2_PLACEMENT_3D ( 'NONE', #3186, #84, #1404 ) ;
#3131 = FACE_OUTER_BOUND ( 'NONE', #1577, .T. ) ;
#3132 = ORIENTED_EDGE ( 'NONE', *, *, #1174, .T. ) ;
#3133 = AXIS2_PLACEMENT_3D ( 'NONE', #3119, #2818, #3082 ) ;
#3134 = LINE ( 'NONE', #2852, #2213 ) ;
#3135 = ORIENTED_EDGE ( 'NONE', *, *, #3325, .T. ) ;
#3136 = CARTESIAN_POINT ( 'NONE',  ( -8.601411599008558895, 11.92842919326905715, -74.10191809370495264 ) ) ;
#3137 = ORIENTED_EDGE ( 'NONE', *, *, #2863, .F. ) ;
#3138 = DIRECTION ( 'NONE',  ( -0.000000000000000000, 1.000000000000000000, -0.000000000000000000 ) ) ;
#3139 = CARTESIAN_POINT ( 'NONE',  ( -8.601411599008553566, 22.07157080673059113, -84.00000000000002842 ) ) ;
#3140 = DIRECTION ( 'NONE',  ( -0.000000000000000000, 1.000000000000000000, -0.000000000000000000 ) ) ;
#3141 = ORIENTED_EDGE ( 'NONE', *, *, #30, .T. ) ;
#3142 = FACE_OUTER_BOUND ( 'NONE', #2178, .T. ) ;
#3143 = DIRECTION ( 'NONE',  ( 0.000000000000000000, 0.000000000000000000, 1.000000000000000000 ) ) ;
#3144 = EDGE_CURVE ( 'NONE', #3274, #1942, #2845, .T. ) ;
#3145 = AXIS2_PLACEMENT_3D ( 'NONE', #2714, #429, #1701 ) ;
#3146 = ORIENTED_EDGE ( 'NONE', *, *, #2693, .T. ) ;
#3147 = B_SPLINE_CURVE_WITH_KNOTS ( 'NONE', 3,
 ( #2704, #2996, #420, #644, #1694, #1471, #2721, #387 ),
 .UNSPECIFIED., .F., .F.,
 ( 4, 2, 2, 4 ),
 ( 1.326863693125085306E-20, 0.0004189701505385929389, 0.0008379403010771858777, 0.001675880602154369153 ),
 .UNSPECIFIED. ) ;
#3148 = CARTESIAN_POINT ( 'NONE',  ( 0.000000000000000000, 62.00000000000000000, -89.00000000000000000 ) ) ;
#3149 = AXIS2_PLACEMENT_3D ( 'NONE', #2211, #1933, #2762 ) ;
#3150 = DIRECTION ( 'NONE',  ( 0.000000000000000000, 0.000000000000000000, -1.000000000000000000 ) ) ;
#3151 = ORIENTED_EDGE ( 'NONE', *, *, #1031, .T. ) ;
#3152 = CARTESIAN_POINT ( 'NONE',  ( -35.94005425705425694, 62.00000000000000000, -20.75000000000008527 ) ) ;
#3153 = FACE_OUTER_BOUND ( 'NONE', #2310, .T. ) ;
#3154 = CIRCLE ( 'NONE', #3263, 41.99999999999999289 ) ;
#3155 = CARTESIAN_POINT ( 'NONE',  ( -8.999999999999998224, 62.00000000000000000, -49.00000000000000000 ) ) ;
#3156 = CARTESIAN_POINT ( 'NONE',  ( 35.94005425705429246, 62.00000000000000000, -20.75000000000013500 ) ) ;
#3157 = ORIENTED_EDGE ( 'NONE', *, *, #385, .F. ) ;
#3158 = ORIENTED_EDGE ( 'NONE', *, *, #377, .F. ) ;
#3159 = CYLINDRICAL_SURFACE ( 'NONE', #558, 69.00000000000000000 ) ;
#3160 = ADVANCED_FACE ( 'NONE', ( #2119 ), #602, .F. ) ;
#3161 = ORIENTED_EDGE ( 'NONE', *, *, #3122, .F. ) ;
#3162 = EDGE_CURVE ( 'NONE', #2424, #2902, #2387, .T. ) ;
#3163 = CARTESIAN_POINT ( 'NONE',  ( 0.000000000000000000, 4.999999999999942268, -55.00000000000000000 ) ) ;
#3164 = VERTEX_POINT ( 'NONE', #2420 ) ;
#3165 =( BOUNDED_CURVE ( )  B_SPLINE_CURVE ( 3, ( #1524, #1855, #3379, #261 ),
 .UNSPECIFIED., .F., .F. ) 
 B_SPLINE_CURVE_WITH_KNOTS ( ( 4, 4 ),
 ( 1.896823817875821883, 3.141592653589793116 ),
 .UNSPECIFIED. ) 
 CURVE ( )  GEOMETRIC_REPRESENTATION_ITEM ( )  RATIONAL_B_SPLINE_CURVE ( ( 1.000000000000000000, 0.8749938091547166952, 0.8749938091547166952, 1.000000000000000000 ) ) 
 REPRESENTATION_ITEM ( '' )  );
#3166 = CARTESIAN_POINT ( 'NONE',  ( 4.869399230812090436E-16, 46.00000000000000000, -89.00000000000000000 ) ) ;
#3167 = ORIENTED_EDGE ( 'NONE', *, *, #1199, .T. ) ;
#3168 = CYLINDRICAL_SURFACE ( 'NONE', #844, 41.99999999999999289 ) ;
#3169 = LINE ( 'NONE', #835, #504 ) ;
#3170 = DIRECTION ( 'NONE',  ( 0.000000000000000000, 0.000000000000000000, 1.000000000000000000 ) ) ;
#3171 = ORIENTED_EDGE ( 'NONE', *, *, #3002, .T. ) ;
#3172 = PLANE ( 'NONE',  #169 ) ;
#3173 = DIRECTION ( 'NONE',  ( -0.000000000000000000, 1.000000000000000000, 0.000000000000000000 ) ) ;
#3174 = CARTESIAN_POINT ( 'NONE',  ( -12.00000000000000000, 62.00000000000000000, -54.00000000000000000 ) ) ;
#3175 = ORIENTED_EDGE ( 'NONE', *, *, #2081, .F. ) ;
#3176 = VECTOR ( 'NONE', #314, 1000.000000000000114 ) ;
#3177 = LINE ( 'NONE', #1635, #369 ) ;
#3178 = EDGE_CURVE ( 'NONE', #675, #323, #53, .T. ) ;
#3179 = EDGE_LOOP ( 'NONE', ( #2715, #668, #584, #1441, #1771, #3288 ) ) ;
#3180 = VECTOR ( 'NONE', #1629, 1000.000000000000000 ) ;
#3181 = EDGE_CURVE ( 'NONE', #911, #759, #2677, .T. ) ;
#3182 = ORGANIZATION ( 'UNSPECIFIED', 'UNSPECIFIED', '' ) ;
#3183 = VECTOR ( 'NONE', #1728, 1000.000000000000000 ) ;
#3184 = CARTESIAN_POINT ( 'NONE',  ( 4.330127018922191873, 4.999999999999997335, -81.50000000000002842 ) ) ;
#3185 = ORIENTED_EDGE ( 'NONE', *, *, #3388, .F. ) ;
#3186 = CARTESIAN_POINT ( 'NONE',  ( 0.000000000000000000, 4.999999999999664269, -89.00000000000000000 ) ) ;
#3187 = CARTESIAN_POINT ( 'NONE',  ( 0.000000000000000000, 62.00000000000000000, -89.00000000000000000 ) ) ;
#3188 = AXIS2_PLACEMENT_3D ( 'NONE', #2405, #1406, #2183 ) ;
#3189 =( BOUNDED_CURVE ( )  B_SPLINE_CURVE ( 3, ( #2218, #1895, #2916, #1631 ),
 .UNSPECIFIED., .F., .T. ) 
 B_SPLINE_CURVE_WITH_KNOTS ( ( 4, 4 ),
 ( 1.896823817875818330, 3.141592653589793116 ),
 .UNSPECIFIED. ) 
 CURVE ( )  GEOMETRIC_REPRESENTATION_ITEM ( )  RATIONAL_B_SPLINE_CURVE ( ( 1.000000000000000000, 0.8749938091547160290, 0.8749938091547160290, 1.000000000000000000 ) ) 
 REPRESENTATION_ITEM ( '' )  );
#3190 = LINE ( 'NONE', #2423, #2104 ) ;
#3191 = EDGE_LOOP ( 'NONE', ( #408, #290, #1435, #368 ) ) ;
#3192 = VECTOR ( 'NONE', #2778, 1000.000000000000000 ) ;
#3193 = CARTESIAN_POINT ( 'NONE',  ( 0.000000000000000000, 0.000000000000000000, -89.00000000000000000 ) ) ;
#3194 = PLANE ( 'NONE',  #1796 ) ;
#3195 = CYLINDRICAL_SURFACE ( 'NONE', #2205, 2.000000000000000000 ) ;
#3196 = ORIENTED_EDGE ( 'NONE', *, *, #2065, .F. ) ;
#3197 = EDGE_LOOP ( 'NONE', ( #1948, #2665, #1531, #711 ) ) ;
#3198 = DIRECTION ( 'NONE',  ( -0.000000000000000000, 1.000000000000000000, -0.000000000000000000 ) ) ;
#3199 = VECTOR ( 'NONE', #916, 1000.000000000000000 ) ;
#3200 = CARTESIAN_POINT ( 'NONE',  ( 12.00000000000000533, 37.00010635013713767, -25.62614808957921397 ) ) ;
#3201 = ORIENTED_EDGE ( 'NONE', *, *, #1179, .F. ) ;
#3202 = ADVANCED_FACE ( 'NONE', ( #3153 ), #1655, .F. ) ;
#3203 = CARTESIAN_POINT ( 'NONE',  ( 8.601411599008557118, 11.92842919326905360, -74.10191809370498106 ) ) ;
#3204 = CARTESIAN_POINT ( 'NONE',  ( 12.00000000000000000, 4.999999999999747757, -68.21539030917354296 ) ) ;
#3205 = VECTOR ( 'NONE', #661, 1000.000000000000000 ) ;
#3206 = ADVANCED_FACE ( 'NONE', ( #819 ), #1374, .T. ) ;
#3207 = CARTESIAN_POINT ( 'NONE',  ( -12.00000000000000178, -1.734723475976807094E-13, -40.46135560195359915 ) ) ;
#3208 = ORIENTED_EDGE ( 'NONE', *, *, #2413, .F. ) ;
#3209 = VECTOR ( 'NONE', #2490, 1000.000000000000000 ) ;
#3210 = FACE_OUTER_BOUND ( 'NONE', #1123, .T. ) ;
#3211 = CARTESIAN_POINT ( 'NONE',  ( -12.00000000000000000, 4.999999999999720224, -24.10007704164818421 ) ) ;
#3212 = DIRECTION ( 'NONE',  ( 0.000000000000000000, 0.000000000000000000, 1.000000000000000000 ) ) ;
#3213 = VERTEX_POINT ( 'NONE', #2102 ) ;
#3214 = ORIENTED_EDGE ( 'NONE', *, *, #1118, .T. ) ;
#3215 = CARTESIAN_POINT ( 'NONE',  ( 4.869399230812090436E-16, 46.00000000000000000, -89.00000000000000000 ) ) ;
#3216 = FACE_OUTER_BOUND ( 'NONE', #2305, .T. ) ;
#3217 = ORIENTED_EDGE ( 'NONE', *, *, #2886, .T. ) ;
#3218 = DIRECTION ( 'NONE',  ( -0.5000000000000009992, 0.000000000000000000, 0.8660254037844381525 ) ) ;
#3219 = DIRECTION ( 'NONE',  ( 3.043374519257556522E-17, -1.000000000000000000, 0.000000000000000000 ) ) ;
#3220 = DIRECTION ( 'NONE',  ( -3.043374519257556522E-17, 1.000000000000000000, -0.000000000000000000 ) ) ;
#3221 = VERTEX_POINT ( 'NONE', #1595 ) ;
#3222 = CARTESIAN_POINT ( 'NONE',  ( 12.00000000000000000, 4.999999999999913847, -68.21539030917354296 ) ) ;
#3223 = CARTESIAN_POINT ( 'NONE',  ( -12.00000000000000000, 0.000000000000000000, 1.469576158976823947E-15 ) ) ;
#3224 = EDGE_CURVE ( 'NONE', #1301, #2461, #1551, .T. ) ;
#3225 = EDGE_CURVE ( 'NONE', #1249, #263, #62, .T. ) ;
#3226 = DIRECTION ( 'NONE',  ( -0.000000000000000000, 1.000000000000000000, -0.000000000000000000 ) ) ;
#3227 = ORIENTED_EDGE ( 'NONE', *, *, #1901, .F. ) ;
#3228 = EDGE_LOOP ( 'NONE', ( #2836, #2816, #1136, #2406, #2428 ) ) ;
#3229 = DIRECTION ( 'NONE',  ( 0.000000000000000000, 0.000000000000000000, -1.000000000000000000 ) ) ;
#3230 = VECTOR ( 'NONE', #3258, 1000.000000000000000 ) ;
#3231 = FACE_OUTER_BOUND ( 'NONE', #1194, .T. ) ;
#3232 = DIRECTION ( 'NONE',  ( -1.000000000000000000, 0.000000000000000000, -0.000000000000000000 ) ) ;
#3233 = ORIENTED_EDGE ( 'NONE', *, *, #293, .F. ) ;
#3234 = CIRCLE ( 'NONE', #613, 76.99999999999998579 ) ;
#3235 = DIRECTION ( 'NONE',  ( 0.000000000000000000, 0.000000000000000000, -1.000000000000000000 ) ) ;
#3236 = AXIS2_PLACEMENT_3D ( 'NONE', #483, #2296, #780 ) ;
#3237 = DIRECTION ( 'NONE',  ( -0.000000000000000000, 1.000000000000000000, -0.000000000000000000 ) ) ;
#3238 = ORIENTED_EDGE ( 'NONE', *, *, #1497, .T. ) ;
#3239 = LINE ( 'NONE', #3222, #3180 ) ;
#3240 = PLANE ( 'NONE',  #1490 ) ;
#3241 = EDGE_CURVE ( 'NONE', #2998, #125, #3169, .T. ) ;
#3242 = CIRCLE ( 'NONE', #1500, 37.00000000000000000 ) ;
#3243 = CARTESIAN_POINT ( 'NONE',  ( 6.000000000000007105, 13.83586309476550724, -78.60769515458676437 ) ) ;
#3244 = ORIENTED_EDGE ( 'NONE', *, *, #564, .T. ) ;
#3245 = ORIENTED_EDGE ( 'NONE', *, *, #3281, .T. ) ;
#3246 = EDGE_CURVE ( 'NONE', #1636, #3252, #1625, .T. ) ;
#3247 = EDGE_CURVE ( 'NONE', #2556, #384, #2165, .T. ) ;
#3248 = CARTESIAN_POINT ( 'NONE',  ( -8.999999999999984013, 30.00000000000000000, -0.4174243050441518443 ) ) ;
#3249 = AXIS2_PLACEMENT_3D ( 'NONE', #2594, #2094, #1813 ) ;
#3250 = DIRECTION ( 'NONE',  ( 0.000000000000000000, 0.000000000000000000, 1.000000000000000000 ) ) ;
#3251 = CARTESIAN_POINT ( 'NONE',  ( 12.00000000000000000, 27.00000000000001066, -68.21539030917354296 ) ) ;
#3252 = VERTEX_POINT ( 'NONE', #1918 ) ;
#3253 = CARTESIAN_POINT ( 'NONE',  ( 10.00360961889210643, 44.99639038110788647, -36.44374695543299225 ) ) ;
#3254 = DATE_AND_TIME ( #3085, #3069 ) ;
#3255 = DIRECTION ( 'NONE',  ( -0.000000000000000000, 1.000000000000000000, -0.000000000000000000 ) ) ;
#3256 = VERTEX_POINT ( 'NONE', #1322 ) ;
#3257 = CARTESIAN_POINT ( 'NONE',  ( 12.00000000000000711, 27.00000000000001066, -25.11729498526224447 ) ) ;
#3258 = DIRECTION ( 'NONE',  ( -0.000000000000000000, -0.000000000000000000, 1.000000000000000000 ) ) ;
#3259 = CIRCLE ( 'NONE', #1023, 49.99999999999999289 ) ;
#3260 = CARTESIAN_POINT ( 'NONE',  ( 0.000000000000000000, 4.999999999999664269, -89.00000000000000000 ) ) ;
#3261 = ORIENTED_EDGE ( 'NONE', *, *, #142, .F. ) ;
#3262 = ORIENTED_EDGE ( 'NONE', *, *, #1036, .F. ) ;
#3263 = AXIS2_PLACEMENT_3D ( 'NONE', #1736, #1719, #649 ) ;
#3264 = EDGE_CURVE ( 'NONE', #3221, #396, #2353, .T. ) ;
#3265 = ADVANCED_FACE ( 'NONE', ( #1853 ), #2876, .F. ) ;
#3266 = DIRECTION ( 'NONE',  ( 0.000000000000000000, 0.000000000000000000, 1.000000000000000000 ) ) ;
#3267 = CARTESIAN_POINT ( 'NONE',  ( -6.999999999999999112, 62.00000000000000000, 8.572527594031472204E-16 ) ) ;
#3268 = EDGE_CURVE ( 'NONE', #2465, #2034, #2190, .T. ) ;
#3269 = EDGE_CURVE ( 'NONE', #1066, #2163, #915, .T. ) ;
#3270 = CYLINDRICAL_SURFACE ( 'NONE', #2530, 77.00000000000000000 ) ;
#3271 = ORIENTED_EDGE ( 'NONE', *, *, #3121, .F. ) ;
#3272 = DIRECTION ( 'NONE',  ( -0.000000000000000000, 1.000000000000000000, -0.000000000000000000 ) ) ;
#3273 = PLANE ( 'NONE',  #3022 ) ;
#3274 = VERTEX_POINT ( 'NONE', #932 ) ;
#3275 = CARTESIAN_POINT ( 'NONE',  ( 0.000000000000000000, 62.00000000000000000, -22.99999999999999289 ) ) ;
#3276 = CARTESIAN_POINT ( 'NONE',  ( -12.00000000000000000, 0.000000000000000000, -12.94081252077432254 ) ) ;
#3277 = ORIENTED_EDGE ( 'NONE', *, *, #1416, .F. ) ;
#3278 = ORIENTED_EDGE ( 'NONE', *, *, #2303, .F. ) ;
#3279 = DIRECTION ( 'NONE',  ( 1.000000000000000000, 0.000000000000000000, 0.000000000000000000 ) ) ;
#3280 = LINE ( 'NONE', #945, #587 ) ;
#3281 = EDGE_CURVE ( 'NONE', #3108, #2204, #147, .T. ) ;
#3282 = CARTESIAN_POINT ( 'NONE',  ( 12.00000000000000178, 62.00000000000000000, -49.79540843217468193 ) ) ;
#3283 = ORIENTED_EDGE ( 'NONE', *, *, #271, .F. ) ;
#3284 = FACE_OUTER_BOUND ( 'NONE', #111, .T. ) ;
#3285 = EDGE_CURVE ( 'NONE', #498, #2635, #1061, .T. ) ;
#3286 = VECTOR ( 'NONE', #1779, 1000.000000000000000 ) ;
#3287 = CARTESIAN_POINT ( 'NONE',  ( -12.00000000000000000, 39.50000000000001421, -25.11729498526224447 ) ) ;
#3288 = ORIENTED_EDGE ( 'NONE', *, *, #2839, .T. ) ;
#3289 = CARTESIAN_POINT ( 'NONE',  ( -12.00000000000000000, 62.00000000000000000, -45.62950311559711736 ) ) ;
#3290 = LINE ( 'NONE', #2512, #2251 ) ;
#3291 = VECTOR ( 'NONE', #370, 1000.000000000000000 ) ;
#3292 = APPROVAL_PERSON_ORGANIZATION ( #22, #2651, #999 ) ;
#3293 = ORIENTED_EDGE ( 'NONE', *, *, #956, .T. ) ;
#3294 = AXIS2_PLACEMENT_3D ( 'NONE', #31, #511, #1567 ) ;
#3295 = ORIENTED_EDGE ( 'NONE', *, *, #2081, .T. ) ;
#3296 = AXIS2_PLACEMENT_3D ( 'NONE', #2053, #3140, #3106 ) ;
#3297 = FACE_OUTER_BOUND ( 'NONE', #1178, .T. ) ;
#3298 = CARTESIAN_POINT ( 'NONE',  ( 0.000000000000000000, 0.000000000000000000, -89.00000000000000000 ) ) ;
#3299 = LINE ( 'NONE', #458, #10 ) ;
#3300 = CARTESIAN_POINT ( 'NONE',  ( 8.601411599008555342, 22.07157080673059468, -0.2633893034617211804 ) ) ;
#3301 = ORIENTED_EDGE ( 'NONE', *, *, #1139, .F. ) ;
#3302 = LINE ( 'NONE', #495, #29 ) ;
#3303 = VECTOR ( 'NONE', #2401, 1000.000000000000000 ) ;
#3304 = EDGE_CURVE ( 'NONE', #2810, #2140, #2333, .T. ) ;
#3305 = DIRECTION ( 'NONE',  ( 0.000000000000000000, 0.000000000000000000, 1.000000000000000000 ) ) ;
#3306 = ORIENTED_EDGE ( 'NONE', *, *, #2454, .T. ) ;
#3307 = DIRECTION ( 'NONE',  ( 0.000000000000000000, 0.000000000000000000, 1.000000000000000000 ) ) ;
#3308 = CARTESIAN_POINT ( 'NONE',  ( 12.00000000000000000, 0.000000000000000000, -68.21539030917354296 ) ) ;
#3309 = ADVANCED_FACE ( 'NONE', ( #2258 ), #1291, .F. ) ;
#3310 = ADVANCED_FACE ( 'NONE', ( #1809 ), #716, .T. ) ;
#3311 = ORIENTED_EDGE ( 'NONE', *, *, #2728, .F. ) ;
#3312 = ORIENTED_EDGE ( 'NONE', *, *, #1998, .F. ) ;
#3313 = CIRCLE ( 'NONE', #1368, 73.99999999999998579 ) ;
#3314 = CARTESIAN_POINT ( 'NONE',  ( -11.77151880092952574, 12.92796015465127901, -68.61113135453784651 ) ) ;
#3315 = CARTESIAN_POINT ( 'NONE',  ( 7.000000000000006217, 12.10381228719663049, 0.000000000000000000 ) ) ;
#3316 = LINE ( 'NONE', #443, #286 ) ;
#3317 = CARTESIAN_POINT ( 'NONE',  ( -12.00000000000000000, 59.00000000000000000, -49.79540843217468193 ) ) ;
#3318 = ORIENTED_EDGE ( 'NONE', *, *, #3181, .T. ) ;
#3319 = CARTESIAN_POINT ( 'NONE',  ( 1.732050807568891848, 62.00000000000000000, -80.00000000000004263 ) ) ;
#3320 = ORIENTED_EDGE ( 'NONE', *, *, #1008, .F. ) ;
#3321 = CARTESIAN_POINT ( 'NONE',  ( -12.00000000000000000, 38.00000000000000000, -26.64416627131027582 ) ) ;
#3322 = CARTESIAN_POINT ( 'NONE',  ( -7.191876019289934696, 22.51599566789771245, -76.54330533285363458 ) ) ;
#3323 = CC_DESIGN_PERSON_AND_ORGANIZATION_ASSIGNMENT ( #2717, #639, ( #1919 ) ) ;
#3324 = ORIENTED_EDGE ( 'NONE', *, *, #1030, .F. ) ;
#3325 = EDGE_CURVE ( 'NONE', #1761, #2228, #1767, .T. ) ;
#3326 = VERTEX_POINT ( 'NONE', #2062 ) ;
#3327 = ADVANCED_FACE ( 'NONE', ( #250 ), #2825, .T. ) ;
#3328 = CYLINDRICAL_SURFACE ( 'NONE', #3037, 74.00000000000000000 ) ;
#3329 = DIRECTION ( 'NONE',  ( -0.000000000000000000, 1.000000000000000000, -0.000000000000000000 ) ) ;
#3330 = EDGE_LOOP ( 'NONE', ( #3005, #512, #1345, #2989, #2921, #331 ) ) ;
#3331 = PLANE ( 'NONE',  #971 ) ;
#3332 = DIRECTION ( 'NONE',  ( -1.000000000000000000, 0.000000000000000000, 0.000000000000000000 ) ) ;
#3333 = ORIENTED_EDGE ( 'NONE', *, *, #1362, .F. ) ;
#3334 = CARTESIAN_POINT ( 'NONE',  ( 0.000000000000000000, 0.000000000000000000, -11.99999999999999645 ) ) ;
#3335 = CARTESIAN_POINT ( 'NONE',  ( 5.325905408700725023E-16, 44.50000000000000000, -89.00000000000000000 ) ) ;
#3336 = CARTESIAN_POINT ( 'NONE',  ( -8.999999999999984013, 46.00000000000000000, -24.62609224227566074 ) ) ;
#3337 = EDGE_LOOP ( 'NONE', ( #478, #284, #2527, #1867 ) ) ;
#3338 = AXIS2_PLACEMENT_3D ( 'NONE', #1885, #2616, #39 ) ;
#3339 = EDGE_CURVE ( 'NONE', #2824, #2075, #3299, .T. ) ;
#3340 = EDGE_LOOP ( 'NONE', ( #3238, #851, #3318, #3030 ) ) ;
#3341 = B_SPLINE_CURVE_WITH_KNOTS ( 'NONE', 3,
 ( #2831, #219, #2318, #2857 ),
 .UNSPECIFIED., .F., .F.,
 ( 4, 4 ),
 ( 0.02909571311803983359, 0.03126803589879165873 ),
 .UNSPECIFIED. ) ;
#3342 = AXIS2_PLACEMENT_3D ( 'NONE', #806, #540, #1596 ) ;
#3343 = EDGE_CURVE ( 'NONE', #2776, #2768, #702, .T. ) ;
#3344 = VECTOR ( 'NONE', #1917, 1000.000000000000000 ) ;
#3345 = EDGE_CURVE ( 'NONE', #1528, #321, #2571, .T. ) ;
#3346 = ORIENTED_EDGE ( 'NONE', *, *, #3008, .T. ) ;
#3347 = EDGE_CURVE ( 'NONE', #1348, #2385, #2253, .T. ) ;
#3348 = DIRECTION ( 'NONE',  ( 0.000000000000000000, -1.000000000000000000, -0.000000000000000000 ) ) ;
#3349 = CIRCLE ( 'NONE', #72, 41.99999999999999289 ) ;
#3350 = DIRECTION ( 'NONE',  ( 0.000000000000000000, 0.000000000000000000, -1.000000000000000000 ) ) ;
#3351 = ADVANCED_FACE ( 'NONE', ( #1786 ), #1261, .F. ) ;
#3352 = ORIENTED_EDGE ( 'NONE', *, *, #2328, .T. ) ;
#3353 = DIRECTION ( 'NONE',  ( -1.000000000000000000, 0.000000000000000000, -0.000000000000000000 ) ) ;
#3354 = DIRECTION ( 'NONE',  ( -0.000000000000000000, 1.000000000000000000, -0.000000000000000000 ) ) ;
#3355 = LINE ( 'NONE', #3100, #1405 ) ;
#3356 = ORIENTED_EDGE ( 'NONE', *, *, #913, .F. ) ;
#3357 = AXIS2_PLACEMENT_3D ( 'NONE', #481, #217, #1032 ) ;
#3358 = FACE_OUTER_BOUND ( 'NONE', #3330, .T. ) ;
#3359 = CARTESIAN_POINT ( 'NONE',  ( -7.000000000000000000, 59.00000000000000000, -66.87564434701789651 ) ) ;
#3360 = AXIS2_PLACEMENT_3D ( 'NONE', #3148, #1315, #1574 ) ;
#3361 = DIRECTION ( 'NONE',  ( 0.000000000000000000, -1.000000000000000000, 0.000000000000000000 ) ) ;
#3362 = ORIENTED_EDGE ( 'NONE', *, *, #2110, .T. ) ;
#3363 = VERTEX_POINT ( 'NONE', #1280 ) ;
#3364 = DIRECTION ( 'NONE',  ( 0.000000000000000000, 0.000000000000000000, 1.000000000000000000 ) ) ;
#3365 = ORIENTED_EDGE ( 'NONE', *, *, #126, .T. ) ;
#3366 = CARTESIAN_POINT ( 'NONE',  ( 6.000000000000007105, 13.83586309476550724, 0.000000000000000000 ) ) ;
#3367 = EDGE_CURVE ( 'NONE', #2077, #8, #1057, .T. ) ;
#3368 = CARTESIAN_POINT ( 'NONE',  ( 7.654911859393886964, 11.86101890318628627, -0.04112244424285945582 ) ) ;
#3369 = VECTOR ( 'NONE', #2399, 1000.000000000000000 ) ;
#3370 = ORIENTED_EDGE ( 'NONE', *, *, #382, .F. ) ;
#3371 = CARTESIAN_POINT ( 'NONE',  ( 12.00000000000000178, 55.50000000000001421, -49.79540843217468193 ) ) ;
#3372 = ORIENTED_EDGE ( 'NONE', *, *, #142, .T. ) ;
#3373 = EDGE_CURVE ( 'NONE', #1607, #1472, #726, .T. ) ;
#3374 = DATE_AND_TIME ( #1501, #896 ) ;
#3375 = CARTESIAN_POINT ( 'NONE',  ( 7.000000000000006217, 21.89618771280301601, 0.000000000000000000 ) ) ;
#3376 = ORIENTED_EDGE ( 'NONE', *, *, #2469, .T. ) ;
#3377 = DIRECTION ( 'NONE',  ( 0.000000000000000000, -1.000000000000000000, -0.000000000000000000 ) ) ;
#3378 = CARTESIAN_POINT ( 'NONE',  ( 5.204170427930421283E-15, 62.00000000000000000, -79.00000000000002842 ) ) ;
#3379 = CARTESIAN_POINT ( 'NONE',  ( -11.99999999999999822, 12.99999999999981881, -2.779130445638559266 ) ) ;
#3380 = CARTESIAN_POINT ( 'NONE',  ( -12.00000000000000000, 42.99999999999998579, -49.79540843217468193 ) ) ;
#3381 = ORIENTED_EDGE ( 'NONE', *, *, #3347, .T. ) ;
#3382 = CARTESIAN_POINT ( 'NONE',  ( 0.000000000000000000, 62.00000000000000000, -47.00000000000000000 ) ) ;
#3383 = ORIENTED_EDGE ( 'NONE', *, *, #1288, .F. ) ;
#3384 = CARTESIAN_POINT ( 'NONE',  ( -8.601411599008553566, 22.07157080673059113, -0.2633893034617229012 ) ) ;
#3385 = VERTEX_POINT ( 'NONE', #2559 ) ;
#3386 = CARTESIAN_POINT ( 'NONE',  ( -8.999999999999984013, 30.00000000000000000, -14.03834313463983641 ) ) ;
#3387 = VERTEX_POINT ( 'NONE', #3155 ) ;
#3388 = EDGE_CURVE ( 'NONE', #1702, #576, #3165, .T. ) ;
#3389 = LINE ( 'NONE', #2067, #1621 ) ;
#3390 = EDGE_LOOP ( 'NONE', ( #1146, #1973, #3050, #157, #191, #3244, #597, #282, #3036 ) ) ;
#3391 = ADVANCED_FACE ( 'NONE', ( #1017 ), #746, .T. ) ;
#3392 = DIRECTION ( 'NONE',  ( 0.000000000000000000, -1.000000000000000000, 0.000000000000000000 ) ) ;
#3393 = DIRECTION ( 'NONE',  ( 0.000000000000000000, -1.000000000000000000, 0.000000000000000000 ) ) ;
ENDSEC;
END-ISO-10303-21;
